as_of_date,etf_ticker,constituent_ticker,constituent_name,isin,sedol,shares_held,market_value,weight_pct,currency,sector,country,asset_class,instrument_type,source
2026-06-16,4COP,1208 HK,MMG LTD,HK1208013172,6728793,25326024.0,27738249.51,2.198,USD,,HK,,equity,web_csv
2026-06-16,4COP,1258 HK,CHINA NONFERROUS MINING CORP,HK0000112026,B890GY2,8302709.0,15166459.12,1.202,USD,,HK,,equity,web_csv
2026-06-16,4COP,1515 JP,NITTETSU MINING CO LTD,JP3680800004,6641027,267971.0,4216569.33,0.334,USD,,JP,,equity,web_csv
2026-06-16,4COP,2099 HK,CHINA GOLD INTERNATIONAL RES,CA16890P1036,B60FNV8,1524878.0,30599363.22,2.425,USD,,CA,,equity,web_csv
2026-06-16,4COP,2899 HK,ZIJIN MINING GROUP CO LTD-H,CNE100000502,6725299,11956832.0,50886955.82,4.033,USD,,CN,,equity,web_csv
2026-06-16,4COP,358 HK,JIANGXI COPPER CO LTD-H,CNE1000003K3,6000305,6481619.0,30480905.81,2.416,USD,,CN,,equity,web_csv
2026-06-16,4COP,3939 HK,WANGUO GOLD GROUP LTD,KYG9430L1150,BV106D0,7599550.0,10156856.27,0.805,USD,,KY,,equity,web_csv
2026-06-16,4COP,5711 JP,MITSUBISHI MATERIALS CORP,JP3903000002,6597089,793363.0,24225504.03,1.92,USD,,JP,,equity,web_csv
2026-06-16,4COP,5713 JP,SUMITOMO METAL MINING CO LTD,JP3402600005,6858849,835089.0,46141914.57,3.657,USD,,JP,,equity,web_csv
2026-06-16,4COP,ALS CN,ALTIUS MINERALS CORPORATION,CA0209361009,2122355,296994.0,12923215.13,1.024,USD,,CA,,equity,web_csv
2026-06-16,4COP,AMAK AB,AL MASANE AL KOBRA MINING CO,SA15HG50KL10,BNNVLT6,337286.0,6934104.75,0.55,USD,,SA,,equity,web_csv
2026-06-16,4COP,ANTO LN,ANTOFAGASTA PLC,GB0000456144,0045614,1136784.0,64582714.83,5.118,USD,,GB,,equity,web_csv
2026-06-16,4COP,ARG CN,AMERIGO RESOURCES LTD,CA03074G1090,2855822,885565.0,4489082.94,0.356,USD,,CA,,equity,web_csv
2026-06-16,4COP,ASCU CN,ARIZONA SONORAN COPPER CO IN,CA04058Q1054,BMC50Y0,1086986.0,7624017.92,0.604,USD,,CA,,equity,web_csv
2026-06-16,4COP,ATYM LN,ATALAYA MINING COPPER SA,CY0106002112,BYZTVM8,761386.0,9052921.87,0.717,USD,,CY,,equity,web_csv
2026-06-16,4COP,BHP AU,BHP GROUP LTD,AU000000BHP4,6144690,1442640.0,66560764.94,5.275,USD,,AU,,equity,web_csv
2026-06-16,4COP,BOL SS,BOLIDEN AB,SE0020050417,BPYTZ57,971672.0,59766167.16,4.736,USD,,SE,,equity,web_csv
2026-06-16,4COP,BVR AU,BELLAVISTA RESOURCES LTD,AU0000216913,BNNFYB1,346617.0,93220.8,0.007,USD,,AU,,equity,web_csv
2026-06-16,4COP,CNL CN,COLLECTIVE MINING LTD,CA19425C1005,BN79Z49,300948.0,4585280.01,0.363,USD,,CA,,equity,web_csv
2026-06-16,4COP,CS CN,CAPSTONE COPPER CORP,CA14071L1085,BMY5XY9,4207273.0,46234430.35,3.664,USD,,CA,,equity,web_csv
2026-06-16,4COP,DVP AU,DEVELOP GLOBAL LTD,AU0000179707,BNVQGB0,1643248.0,8722555.26,0.691,USD,,AU,,equity,web_csv
2026-06-16,4COP,ERO CN,ERO COPPER CORP,CA2960061091,BF02Z72,628384.0,18941600.43,1.501,USD,,CA,,equity,web_csv
2026-06-16,4COP,FCX,FREEPORT-MCMORAN INC,US35671D8570,2352118,846234.0,59363315.1,4.705,USD,,US,,equity,web_csv
2026-06-16,4COP,FDY CN,FARADAY COPPER CORP,CA3073571034,BLNNJN8,1382640.0,6119144.6,0.485,USD,,CA,,equity,web_csv
2026-06-16,4COP,FFM AU,FIREFLY METALS LTD,AU0000313769,BPDXXB2,4726390.0,6790549.92,0.538,USD,,AU,,equity,web_csv
2026-06-16,4COP,FM CN,FIRST QUANTUM MINERALS LTD,CA3359341052,2347608,2028876.0,65450888.44,5.187,USD,,CA,,equity,web_csv
2026-06-16,4COP,GLEN LN,GLENCORE PLC,JE00B4T3BW64,B4T3BW6,7659334.0,60740696.89,4.814,USD,,JE,,equity,web_csv
2026-06-16,4COP,HBM CN,HUDBAY MINERALS INC,CA4436281022,B05BDX1,2319146.0,67535706.99,5.352,USD,,CA,,equity,web_csv
2026-06-16,4COP,IE,IVANHOE ELECTRIC INC / US,US46578C1080,BPF0KH6,776033.0,8947660.49,0.709,USD,,US,,equity,web_csv
2026-06-16,4COP,IVN CN,IVANHOE MINES LTD-CL A,CA46579R1047,BD73C40,5023628.0,44968950.46,3.564,USD,,CA,,equity,web_csv
2026-06-16,4COP,KGH PW,KGHM POLSKA MIEDZ SA,PLKGHM000017,5263251,648862.0,68271806.43,5.411,USD,,PL,,equity,web_csv
2026-06-16,4COP,LUN CN,LUNDIN MINING CORP,CA5503721063,2866857,1932338.0,56989913.49,4.516,USD,,CA,,equity,web_csv
2026-06-16,4COP,NDA GR,AURUBIS AG,DE0006766504,5485527,162475.0,38812497.82,3.076,USD,,DE,,equity,web_csv
2026-06-16,4COP,NDM CN,NORTHERN DYNASTY MINERALS,CA66510M2040,2637848,3479530.0,7363821.4,0.584,USD,,CA,,equity,web_csv
2026-06-16,4COP,NGEX CN,NGEX MINERALS LTD,CA62930A1021,BVBCQW5,890339.0,17703019.05,1.403,USD,,CA,,equity,web_csv
2026-06-16,4COP,OM CN,OSISKO METALS INC,CA6882741094,BYW9WY0,3797011.0,5185207.89,0.411,USD,,CA,,equity,web_csv
2026-06-16,4COP,SCCO,SOUTHERN COPPER CORP,US84265V1052,2823777,309969.0,60298269.57,4.779,USD,,US,,equity,web_csv
2026-06-16,4COP,SFR AU,SANDFIRE RESOURCES LTD,AU000000SFR8,6739739,2967261.0,43849596.0,3.475,USD,,AU,,equity,web_csv
2026-06-16,4COP,SLS CN,SOLARIS RESOURCES INC,CA83419D2014,BMQ5701,596280.0,6002661.42,0.476,USD,,CA,,equity,web_csv
2026-06-16,4COP,TECK/B CN,TECK RESOURCES LTD-CLS B,CA8787422044,2879327,999209.0,67033053.64,5.312,USD,,CA,,equity,web_csv
2026-06-16,4COP,TGB,TASEKO MINES LTD,CA8765111064,2592066,2297460.0,17943162.6,1.422,USD,,CA,,equity,web_csv
2026-06-16,4COP,,CANADIAN DOLLAR,,,1699390.24,1215021.8,0.096,USD,,,,fx,web_csv
2026-06-16,4COP,,OTHER PAYABLE & RECEIVABLES,,,909364.2,909364.2,0.072,USD,,,,cash,web_csv
2026-06-16,4COP,,BRITISH STERLING POUND,,,15420.54,20705.94,0.002,USD,,,,fx,web_csv
2026-06-16,4COP,,EURO,,,1005.77,1167.45,0.0,USD,,,,fx,web_csv
2026-06-16,4COP,,AUSTRALIAN DOLLAR,,,525.52,371.94,0.0,USD,,,,fx,web_csv
2026-06-16,4COP,,SAUDI RIYAL,,,176.53,47.04,0.0,USD,,,,fx,web_csv
2026-06-16,4COP,,SWEDISH KRONE,,,350.0,37.35,0.0,USD,,,,fx,web_csv
2026-06-16,4COP,,JAPANESE YEN,,,246.0,1.53,0.0,USD,,,,fx,web_csv
2026-06-16,4COP,,HONG KONG DOLLAR,,,0.12,0.02,0.0,USD,,,,fx,web_csv
2026-06-16,4COP,,CASH,CASH,,183931.52,183931.52,0.015,USD,,,,cash,web_csv
2026-06-17,4COP,1208 HK,MMG LTD,HK1208013172,6728793,25368069.0,27746780.77,2.212,USD,,HK,,equity,web_csv
2026-06-17,4COP,1258 HK,CHINA NONFERROUS MINING CORP,HK0000112026,B890GY2,8316494.0,15369268.96,1.225,USD,,HK,,equity,web_csv
2026-06-17,4COP,1515 JP,NITTETSU MINING CO LTD,JP3680800004,6641027,268415.0,4341182.57,0.346,USD,,JP,,equity,web_csv
2026-06-17,4COP,2099 HK,CHINA GOLD INTERNATIONAL RES,CA16890P1036,B60FNV8,1527410.0,30800451.8,2.456,USD,,CA,,equity,web_csv
2026-06-17,4COP,2899 HK,ZIJIN MINING GROUP CO LTD-H,CNE100000502,6725299,11976683.0,50595153.64,4.034,USD,,CN,,equity,web_csv
2026-06-17,4COP,358 HK,JIANGXI COPPER CO LTD-H,CNE1000003K3,6000305,6492380.0,31139029.83,2.483,USD,,CN,,equity,web_csv
2026-06-17,4COP,3939 HK,WANGUO GOLD GROUP LTD,KYG9430L1150,BV106D0,7612030.0,10113362.9,0.806,USD,,KY,,equity,web_csv
2026-06-17,4COP,5711 JP,MITSUBISHI MATERIALS CORP,JP3903000002,6597089,794680.0,24198520.26,1.929,USD,,JP,,equity,web_csv
2026-06-17,4COP,5713 JP,SUMITOMO METAL MINING CO LTD,JP3402600005,6858849,836475.0,47765031.19,3.809,USD,,JP,,equity,web_csv
2026-06-17,4COP,ALS CN,ALTIUS MINERALS CORPORATION,CA0209361009,2122355,297486.0,12760008.59,1.017,USD,,CA,,equity,web_csv
2026-06-17,4COP,AMAK AB,AL MASANE AL KOBRA MINING CO,SA15HG50KL10,BNNVLT6,337844.0,7021537.97,0.56,USD,,SA,,equity,web_csv
2026-06-17,4COP,ANTO LN,ANTOFAGASTA PLC,GB0000456144,0045614,1138665.0,64983346.03,5.182,USD,,GB,,equity,web_csv
2026-06-17,4COP,ARG CN,AMERIGO RESOURCES LTD,CA03074G1090,2855822,887035.0,4403226.3,0.351,USD,,CA,,equity,web_csv
2026-06-17,4COP,ASCU CN,ARIZONA SONORAN COPPER CO IN,CA04058Q1054,BMC50Y0,1088792.0,7462585.49,0.595,USD,,CA,,equity,web_csv
2026-06-17,4COP,ATYM LN,ATALAYA MINING COPPER SA,CY0106002112,BYZTVM8,762649.0,9080735.59,0.724,USD,,CY,,equity,web_csv
2026-06-17,4COP,BHP AU,BHP GROUP LTD,AU000000BHP4,6144690,1445034.0,66980756.63,5.341,USD,,AU,,equity,web_csv
2026-06-17,4COP,BOL SS,BOLIDEN AB,SE0020050417,BPYTZ57,973286.0,60451903.64,4.82,USD,,SE,,equity,web_csv
2026-06-17,4COP,BVR AU,BELLAVISTA RESOURCES LTD,AU0000216913,BNNFYB1,346617.0,94307.22,0.008,USD,,AU,,equity,web_csv
2026-06-17,4COP,CNL CN,COLLECTIVE MINING LTD,CA19425C1005,BN79Z49,301449.0,4401013.5,0.351,USD,,CA,,equity,web_csv
2026-06-17,4COP,CS CN,CAPSTONE COPPER CORP,CA14071L1085,BMY5XY9,4214257.0,45115182.63,3.597,USD,,CA,,equity,web_csv
2026-06-17,4COP,DVP AU,DEVELOP GLOBAL LTD,AU0000179707,BNVQGB0,1645975.0,8735696.24,0.697,USD,,AU,,equity,web_csv
2026-06-17,4COP,ERO CN,ERO COPPER CORP,CA2960061091,BF02Z72,629428.0,19298987.03,1.539,USD,,CA,,equity,web_csv
2026-06-17,4COP,FCX,FREEPORT-MCMORAN INC,US35671D8570,2352118,847638.0,58537880.28,4.668,USD,,US,,equity,web_csv
2026-06-17,4COP,FDY CN,FARADAY COPPER CORP,CA3073571034,BLNNJN8,1384935.0,5926545.9,0.473,USD,,CA,,equity,web_csv
2026-06-17,4COP,FFM AU,FIREFLY METALS LTD,AU0000313769,BPDXXB2,4734238.0,6925558.23,0.552,USD,,AU,,equity,web_csv
2026-06-17,4COP,FM CN,FIRST QUANTUM MINERALS LTD,CA3359341052,2347608,2032245.0,64325677.98,5.129,USD,,CA,,equity,web_csv
2026-06-17,4COP,GLEN LN,GLENCORE PLC,JE00B4T3BW64,B4T3BW6,7672051.0,59927141.2,4.778,USD,,JE,,equity,web_csv
2026-06-17,4COP,HBM CN,HUDBAY MINERALS INC,CA4436281022,B05BDX1,2322995.0,65907382.57,5.255,USD,,CA,,equity,web_csv
2026-06-17,4COP,IE,IVANHOE ELECTRIC INC / US,US46578C1080,BPF0KH6,777320.0,8900314.0,0.71,USD,,US,,equity,web_csv
2026-06-17,4COP,IVN CN,IVANHOE MINES LTD-CL A,CA46579R1047,BD73C40,5031968.0,43353664.82,3.457,USD,,CA,,equity,web_csv
2026-06-17,4COP,KGH PW,KGHM POLSKA MIEDZ SA,PLKGHM000017,5263251,649933.0,69606506.75,5.55,USD,,PL,,equity,web_csv
2026-06-17,4COP,LUN CN,LUNDIN MINING CORP,CA5503721063,2866857,1935545.0,53465271.98,4.263,USD,,CA,,equity,web_csv
2026-06-17,4COP,NDA GR,AURUBIS AG,DE0006766504,5485527,162745.0,38665729.85,3.083,USD,,DE,,equity,web_csv
2026-06-17,4COP,NDM CN,NORTHERN DYNASTY MINERALS,CA66510M2040,2637848,3485308.0,7482188.92,0.597,USD,,CA,,equity,web_csv
2026-06-17,4COP,NGEX CN,NGEX MINERALS LTD,CA62930A1021,BVBCQW5,891818.0,17160865.59,1.368,USD,,CA,,equity,web_csv
2026-06-17,4COP,OM CN,OSISKO METALS INC,CA6882741094,BYW9WY0,3803314.0,4991154.53,0.398,USD,,CA,,equity,web_csv
2026-06-17,4COP,SCCO,SOUTHERN COPPER CORP,US84265V1052,2823777,310482.0,59513189.76,4.745,USD,,US,,equity,web_csv
2026-06-17,4COP,SFR AU,SANDFIRE RESOURCES LTD,AU000000SFR8,6739739,2972187.0,45159481.07,3.601,USD,,AU,,equity,web_csv
2026-06-17,4COP,SLS CN,SOLARIS RESOURCES INC,CA83419D2014,BMQ5701,597270.0,5750763.14,0.459,USD,,CA,,equity,web_csv
2026-06-17,4COP,TECK/B CN,TECK RESOURCES LTD-CLS B,CA8787422044,2879327,1000868.0,66265299.51,5.284,USD,,CA,,equity,web_csv
2026-06-17,4COP,TGB,TASEKO MINES LTD,CA8765111064,2592066,2301273.0,17098458.39,1.363,USD,,CA,,equity,web_csv
2026-06-17,4COP,,OTHER PAYABLE & RECEIVABLES,,,5049983.37,5049983.37,0.403,USD,,,,cash,web_csv
2026-06-17,4COP,,BRITISH STERLING POUND,,,15420.54,20653.52,0.002,USD,,,,fx,web_csv
2026-06-17,4COP,,SAUDI RIYAL,,,71810.16,19134.07,0.002,USD,,,,fx,web_csv
2026-06-17,4COP,,EURO,,,1019.27,1181.28,0.0,USD,,,,fx,web_csv
2026-06-17,4COP,,AUSTRALIAN DOLLAR,,,525.52,371.38,0.0,USD,,,,fx,web_csv
2026-06-17,4COP,,SWEDISH KRONE,,,350.0,37.22,0.0,USD,,,,fx,web_csv
2026-06-17,4COP,,JAPANESE YEN,,,246.0,1.53,0.0,USD,,,,fx,web_csv
2026-06-17,4COP,,HONG KONG DOLLAR,,,0.12,0.02,0.0,USD,,,,fx,web_csv
2026-06-17,4COP,,CANADIAN DOLLAR,,,-994786.74,-709497.71,-0.057,USD,,,,fx,web_csv
2026-06-17,4COP,,CASH,CASH,,-2064450.73,-2064450.73,-0.165,USD,,,,cash,web_csv
2026-06-18,4COP,BHP AU,BHP GROUP LTD,AU000000BHP4,6144690,1445034.0,66127950.8,5.411,USD,,AU,,equity,web_csv
2026-06-18,4COP,KGH PW,KGHM POLSKA MIEDZ SA,PLKGHM000017,5263251,649933.0,65626243.46,5.369,USD,,PL,,equity,web_csv
2026-06-18,4COP,TECK/B CN,TECK RESOURCES LTD-CLS B,CA8787422044,2879327,1000868.0,64519993.88,5.279,USD,,CA,,equity,web_csv
2026-06-18,4COP,HBM CN,HUDBAY MINERALS INC,CA4436281022,B05BDX1,2322995.0,64164315.31,5.25,USD,,CA,,equity,web_csv
2026-06-18,4COP,ANTO LN,ANTOFAGASTA PLC,GB0000456144,0045614,1138665.0,62906250.55,5.147,USD,,GB,,equity,web_csv
2026-06-18,4COP,FM CN,FIRST QUANTUM MINERALS LTD,CA3359341052,2347608,2032245.0,62336861.04,5.1,USD,,CA,,equity,web_csv
2026-06-18,4COP,SCCO,SOUTHERN COPPER CORP,US84265V1052,2823777,310482.0,59901292.26,4.901,USD,,US,,equity,web_csv
2026-06-18,4COP,FCX,FREEPORT-MCMORAN INC,US35671D8570,2352118,847638.0,58215777.84,4.763,USD,,US,,equity,web_csv
2026-06-18,4COP,BOL SS,BOLIDEN AB,SE0020050417,BPYTZ57,973286.0,58040552.32,4.749,USD,,SE,,equity,web_csv
2026-06-18,4COP,GLEN LN,GLENCORE PLC,JE00B4T3BW64,B4T3BW6,7672051.0,57543178.33,4.708,USD,,JE,,equity,web_csv
2026-06-18,4COP,LUN CN,LUNDIN MINING CORP,CA5503721063,2866857,1935545.0,51392458.69,4.205,USD,,CA,,equity,web_csv
2026-06-18,4COP,2899 HK,ZIJIN MINING GROUP CO LTD-H,CNE100000502,6725299,11976683.0,49021325.35,4.011,USD,,CN,,equity,web_csv
2026-06-18,4COP,5713 JP,SUMITOMO METAL MINING CO LTD,JP3402600005,6858849,836475.0,48219772.94,3.945,USD,,JP,,equity,web_csv
2026-06-18,4COP,CS CN,CAPSTONE COPPER CORP,CA14071L1085,BMY5XY9,4214257.0,45457087.09,3.719,USD,,CA,,equity,web_csv
2026-06-18,4COP,SFR AU,SANDFIRE RESOURCES LTD,AU000000SFR8,6739739,2972187.0,44438718.99,3.636,USD,,AU,,equity,web_csv
2026-06-18,4COP,IVN CN,IVANHOE MINES LTD-CL A,CA46579R1047,BD73C40,5031968.0,41198024.07,3.371,USD,,CA,,equity,web_csv
2026-06-18,4COP,NDA GR,AURUBIS AG,DE0006766504,5485527,162745.0,36768709.44,3.008,USD,,DE,,equity,web_csv
2026-06-18,4COP,358 HK,JIANGXI COPPER CO LTD-H,CNE1000003K3,6000305,6492380.0,34012379.07,2.783,USD,,CN,,equity,web_csv
2026-06-18,4COP,2099 HK,CHINA GOLD INTERNATIONAL RES,CA16890P1036,B60FNV8,1527410.0,28628036.34,2.342,USD,,CA,,equity,web_csv
2026-06-18,4COP,1208 HK,MMG LTD,HK1208013172,6728793,25368069.0,26702719.47,2.185,USD,,HK,,equity,web_csv
2026-06-18,4COP,5711 JP,MITSUBISHI MATERIALS CORP,JP3903000002,6597089,794680.0,24211902.77,1.981,USD,,JP,,equity,web_csv
2026-06-18,4COP,ERO CN,ERO COPPER CORP,CA2960061091,BF02Z72,629428.0,18754230.65,1.534,USD,,CA,,equity,web_csv
2026-06-18,4COP,TGB,TASEKO MINES LTD,CA8765111064,2592066,2301273.0,16431089.22,1.344,USD,,CA,,equity,web_csv
2026-06-18,4COP,NGEX CN,NGEX MINERALS LTD,CA62930A1021,BVBCQW5,891818.0,16409526.99,1.343,USD,,CA,,equity,web_csv
2026-06-18,4COP,1258 HK,CHINA NONFERROUS MINING CORP,HK0000112026,B890GY2,8316494.0,14388453.0,1.177,USD,,HK,,equity,web_csv
2026-06-18,4COP,ALS CN,ALTIUS MINERALS CORPORATION,CA0209361009,2122355,297486.0,12590929.82,1.03,USD,,CA,,equity,web_csv
2026-06-18,4COP,3939 HK,WANGUO GOLD GROUP LTD,KYG9430L1150,BV106D0,7612030.0,9321862.69,0.763,USD,,KY,,equity,web_csv
2026-06-18,4COP,ATYM LN,ATALAYA MINING COPPER SA,CY0106002112,BYZTVM8,762649.0,8893512.32,0.728,USD,,CY,,equity,web_csv
2026-06-18,4COP,IE,IVANHOE ELECTRIC INC / US,US46578C1080,BPF0KH6,777320.0,8861448.0,0.725,USD,,US,,equity,web_csv
2026-06-18,4COP,DVP AU,DEVELOP GLOBAL LTD,AU0000179707,BNVQGB0,1645975.0,8106767.94,0.663,USD,,AU,,equity,web_csv
2026-06-18,4COP,NDM CN,NORTHERN DYNASTY MINERALS,CA66510M2040,2637848,3485308.0,7355938.84,0.602,USD,,CA,,equity,web_csv
2026-06-18,4COP,ASCU CN,ARIZONA SONORAN COPPER CO IN,CA04058Q1054,BMC50Y0,1088792.0,7225454.9,0.591,USD,,CA,,equity,web_csv
2026-06-18,4COP,AMAK AB,AL MASANE AL KOBRA MINING CO,SA15HG50KL10,BNNVLT6,337844.0,6872456.08,0.562,USD,,SA,,equity,web_csv
2026-06-18,4COP,FFM AU,FIREFLY METALS LTD,AU0000313769,BPDXXB2,4734238.0,6578754.1,0.538,USD,,AU,,equity,web_csv
2026-06-18,4COP,FDY CN,FARADAY COPPER CORP,CA3073571034,BLNNJN8,1384935.0,5620367.26,0.46,USD,,CA,,equity,web_csv
2026-06-18,4COP,SLS CN,SOLARIS RESOURCES INC,CA83419D2014,BMQ5701,597270.0,5334165.3,0.436,USD,,CA,,equity,web_csv
2026-06-18,4COP,OM CN,OSISKO METALS INC,CA6882741094,BYW9WY0,3803314.0,4767779.16,0.39,USD,,CA,,equity,web_csv
2026-06-18,4COP,ARG CN,AMERIGO RESOURCES LTD,CA03074G1090,2855822,887035.0,4309685.26,0.353,USD,,CA,,equity,web_csv
2026-06-18,4COP,1515 JP,NITTETSU MINING CO LTD,JP3680800004,6641027,268415.0,4308389.47,0.353,USD,,JP,,equity,web_csv
2026-06-18,4COP,CNL CN,COLLECTIVE MINING LTD,CA19425C1005,BN79Z49,301449.0,4150407.99,0.34,USD,,CA,,equity,web_csv
2026-06-18,4COP,,OTHER PAYABLE & RECEIVABLES,,,2060551.94,2060551.94,0.169,USD,,,,cash,web_csv
2026-06-18,4COP,,HONG KONG DOLLAR,,,3890891.04,496435.93,0.041,USD,,,,fx,web_csv
2026-06-18,4COP,BVR AU,BELLAVISTA RESOURCES LTD,AU0000216913,BNNFYB1,346617.0,92674.43,0.008,USD,,AU,,equity,web_csv
2026-06-18,4COP,,BRITISH STERLING POUND,,,15420.54,20434.57,0.002,USD,,,,fx,web_csv
2026-06-18,4COP,,CANADIAN DOLLAR,,,25721.71,18217.15,0.001,USD,,,,fx,web_csv
2026-06-18,4COP,,SAUDI RIYAL,,,28261.98,7529.9,0.001,USD,,,,fx,web_csv
2026-06-18,4COP,,EURO,,,1019.27,1170.73,0.0,USD,,,,fx,web_csv
2026-06-18,4COP,,AUSTRALIAN DOLLAR,,,525.52,369.76,0.0,USD,,,,fx,web_csv
2026-06-18,4COP,,SWEDISH KRONE,,,350.0,36.68,0.0,USD,,,,fx,web_csv
2026-06-18,4COP,,JAPANESE YEN,,,246.0,1.53,0.0,USD,,,,fx,web_csv
2026-06-18,4COP,,CASH,CASH,,-201342.52,-201342.52,-0.016,USD,,,,cash,web_csv
2026-06-22,4COP,HBM CN,HUDBAY MINERALS INC,CA4436281022,B05BDX1,2322995.0,64870521.76,5.41,USD,,CA,,equity,web_csv
2026-06-22,4COP,KGH PW,KGHM POLSKA MIEDZ SA,PLKGHM000017,5263251,649933.0,64020940.12,5.339,USD,,PL,,equity,web_csv
2026-06-22,4COP,TECK/B CN,TECK RESOURCES LTD-CLS B,CA8787422044,2879327,1000868.0,63636307.69,5.307,USD,,CA,,equity,web_csv
2026-06-22,4COP,BHP AU,BHP GROUP LTD,AU000000BHP4,6144690,1445034.0,61126975.43,5.098,USD,,AU,,equity,web_csv
2026-06-22,4COP,FM CN,FIRST QUANTUM MINERALS LTD,CA3359341052,2347608,2032245.0,60226367.51,5.023,USD,,CA,,equity,web_csv
2026-06-22,4COP,ANTO LN,ANTOFAGASTA PLC,GB0000456144,0045614,1138665.0,59741366.03,4.982,USD,,GB,,equity,web_csv
2026-06-22,4COP,SCCO,SOUTHERN COPPER CORP,US84265V1052,2823777,310482.0,58963636.62,4.918,USD,,US,,equity,web_csv
2026-06-22,4COP,FCX,FREEPORT-MCMORAN INC,US35671D8570,2352118,847638.0,58665025.98,4.893,USD,,US,,equity,web_csv
2026-06-22,4COP,BOL SS,BOLIDEN AB,SE0020050417,BPYTZ57,973286.0,57522765.32,4.797,USD,,SE,,equity,web_csv
2026-06-22,4COP,GLEN LN,GLENCORE PLC,JE00B4T3BW64,B4T3BW6,7672051.0,56868069.44,4.743,USD,,JE,,equity,web_csv
2026-06-22,4COP,LUN CN,LUNDIN MINING CORP,CA5503721063,2866857,1935545.0,51069283.71,4.259,USD,,CA,,equity,web_csv
2026-06-22,4COP,2899 HK,ZIJIN MINING GROUP CO LTD-H,CNE100000502,6725299,11976683.0,48301453.56,4.028,USD,,CN,,equity,web_csv
2026-06-22,4COP,5713 JP,SUMITOMO METAL MINING CO LTD,JP3402600005,6858849,836475.0,45807396.4,3.82,USD,,JP,,equity,web_csv
2026-06-22,4COP,CS CN,CAPSTONE COPPER CORP,CA14071L1085,BMY5XY9,4214257.0,43655319.12,3.641,USD,,CA,,equity,web_csv
2026-06-22,4COP,SFR AU,SANDFIRE RESOURCES LTD,AU000000SFR8,6739739,2972187.0,43152480.51,3.599,USD,,AU,,equity,web_csv
2026-06-22,4COP,IVN CN,IVANHOE MINES LTD-CL A,CA46579R1047,BD73C40,5031968.0,41423422.27,3.455,USD,,CA,,equity,web_csv
2026-06-22,4COP,NDA GR,AURUBIS AG,DE0006766504,5485527,162745.0,36471450.48,3.042,USD,,DE,,equity,web_csv
2026-06-22,4COP,358 HK,JIANGXI COPPER CO LTD-H,CNE1000003K3,6000305,6492380.0,33702345.03,2.811,USD,,CN,,equity,web_csv
2026-06-22,4COP,2099 HK,CHINA GOLD INTERNATIONAL RES,CA16890P1036,B60FNV8,1527410.0,27916669.18,2.328,USD,,CA,,equity,web_csv
2026-06-22,4COP,1208 HK,MMG LTD,HK1208013172,6728793,25368069.0,26758064.72,2.232,USD,,HK,,equity,web_csv
2026-06-22,4COP,5711 JP,MITSUBISHI MATERIALS CORP,JP3903000002,6597089,794680.0,24084496.3,2.009,USD,,JP,,equity,web_csv
2026-06-22,4COP,ERO CN,ERO COPPER CORP,CA2960061091,BF02Z72,629428.0,19160371.85,1.598,USD,,CA,,equity,web_csv
2026-06-22,4COP,NGEX CN,NGEX MINERALS LTD,CA62930A1021,BVBCQW5,891818.0,16094567.35,1.342,USD,,CA,,equity,web_csv
2026-06-22,4COP,TGB,TASEKO MINES LTD,CA8765111064,2592066,2301273.0,16016860.08,1.336,USD,,CA,,equity,web_csv
2026-06-22,4COP,1258 HK,CHINA NONFERROUS MINING CORP,HK0000112026,B890GY2,8316494.0,14988018.5,1.25,USD,,HK,,equity,web_csv
2026-06-22,4COP,ALS CN,ALTIUS MINERALS CORPORATION,CA0209361009,2122355,297486.0,12959307.45,1.081,USD,,CA,,equity,web_csv
2026-06-22,4COP,IE,IVANHOE ELECTRIC INC / US,US46578C1080,BPF0KH6,777320.0,8643798.4,0.721,USD,,US,,equity,web_csv
2026-06-22,4COP,3939 HK,WANGUO GOLD GROUP LTD,KYG9430L1150,BV106D0,7612030.0,8601931.76,0.717,USD,,KY,,equity,web_csv
2026-06-22,4COP,ATYM LN,ATALAYA MINING COPPER SA,CY0106002112,BYZTVM8,762649.0,8561986.96,0.714,USD,,CY,,equity,web_csv
2026-06-22,4COP,DVP AU,DEVELOP GLOBAL LTD,AU0000179707,BNVQGB0,1645975.0,7858142.18,0.655,USD,,AU,,equity,web_csv
2026-06-22,4COP,ASCU CN,ARIZONA SONORAN COPPER CO IN,CA04058Q1054,BMC50Y0,1088792.0,7316571.45,0.61,USD,,CA,,equity,web_csv
2026-06-22,4COP,NDM CN,NORTHERN DYNASTY MINERALS,CA66510M2040,2637848,3485308.0,7092769.25,0.592,USD,,CA,,equity,web_csv
2026-06-22,4COP,AMAK AB,AL MASANE AL KOBRA MINING CO,SA15HG50KL10,BNNVLT6,337844.0,6838947.37,0.57,USD,,SA,,equity,web_csv
2026-06-22,4COP,FFM AU,FIREFLY METALS LTD,AU0000313769,BPDXXB2,4734238.0,6106852.72,0.509,USD,,AU,,equity,web_csv
2026-06-22,4COP,FDY CN,FARADAY COPPER CORP,CA3073571034,BLNNJN8,1384935.0,5597673.97,0.467,USD,,CA,,equity,web_csv
2026-06-22,4COP,SLS CN,SOLARIS RESOURCES INC,CA83419D2014,BMQ5701,597270.0,5338796.99,0.445,USD,,CA,,equity,web_csv
2026-06-22,4COP,OM CN,OSISKO METALS INC,CA6882741094,BYW9WY0,3803314.0,4676205.74,0.39,USD,,CA,,equity,web_csv
2026-06-22,4COP,1515 JP,NITTETSU MINING CO LTD,JP3680800004,6641027,268415.0,4411047.73,0.368,USD,,JP,,equity,web_csv
2026-06-22,4COP,CNL CN,COLLECTIVE MINING LTD,CA19425C1005,BN79Z49,301449.0,4196258.69,0.35,USD,,CA,,equity,web_csv
2026-06-22,4COP,ARG CN,AMERIGO RESOURCES LTD,CA03074G1090,2855822,887035.0,4174429.83,0.348,USD,,CA,,equity,web_csv
2026-06-22,4COP,,OTHER PAYABLE & RECEIVABLES,CASH,,3015999.07,3015999.07,0.252,USD,,,,cash,web_csv
2026-06-22,4COP,BVR AU,BELLAVISTA RESOURCES LTD,AU0000216913,BNNFYB1,346617.0,85048.65,0.007,USD,,AU,,equity,web_csv
2026-06-22,4COP,,BRITISH STERLING POUND,,,15420.54,20451.37,0.002,USD,,,,fx,web_csv
2026-06-22,4COP,,SAUDI RIYAL,,,71810.16,19126.93,0.002,USD,,,,fx,web_csv
2026-06-22,4COP,,EURO,,,1019.27,1166.6,0.0,USD,,,,fx,web_csv
2026-06-22,4COP,,AUSTRALIAN DOLLAR,,,525.52,368.42,0.0,USD,,,,fx,web_csv
2026-06-22,4COP,,SWEDISH KRONE,,,350.0,36.44,0.0,USD,,,,fx,web_csv
2026-06-22,4COP,,CANADIAN DOLLAR,,,22.06,15.59,0.0,USD,,,,fx,web_csv
2026-06-22,4COP,,JAPANESE YEN,,,246.0,1.52,0.0,USD,,,,fx,web_csv
2026-06-22,4COP,,HONG KONG DOLLAR,,,0.12,0.02,0.0,USD,,,,fx,web_csv
2026-06-22,4COP,,CASH,CASH,,-727612.58,-727612.58,-0.061,USD,,,,cash,web_csv
2026-06-23,4COP,KGH PW,KGHM POLSKA MIEDZ SA,PLKGHM000017,5263251,651361.0,60261687.51,5.332,USD,,PL,,equity,web_csv
2026-06-23,4COP,BHP AU,BHP GROUP LTD,AU000000BHP4,6144690,1448226.0,60145760.59,5.322,USD,,AU,,equity,web_csv
2026-06-23,4COP,TECK/B CN,TECK RESOURCES LTD-CLS B,CA8787422044,2879327,1003080.0,59863333.97,5.297,USD,,CA,,equity,web_csv
2026-06-23,4COP,HBM CN,HUDBAY MINERALS INC,CA4436281022,B05BDX1,2328127.0,59098923.81,5.229,USD,,CA,,equity,web_csv
2026-06-23,4COP,ANTO LN,ANTOFAGASTA PLC,GB0000456144,0045614,1141173.0,56343806.78,4.985,USD,,GB,,equity,web_csv
2026-06-23,4COP,FM CN,FIRST QUANTUM MINERALS LTD,CA3359341052,2347608,2036737.0,55991438.71,4.954,USD,,CA,,equity,web_csv
2026-06-23,4COP,SCCO,SOUTHERN COPPER CORP,US84265V1052,2823777,311166.0,55564912.62,4.916,USD,,US,,equity,web_csv
2026-06-23,4COP,BOL SS,BOLIDEN AB,SE0020050417,BPYTZ57,975438.0,55215555.3,4.886,USD,,SE,,equity,web_csv
2026-06-23,4COP,FCX,FREEPORT-MCMORAN INC,US35671D8570,2352118,849510.0,54708444.0,4.841,USD,,US,,equity,web_csv
2026-06-23,4COP,GLEN LN,GLENCORE PLC,JE00B4T3BW64,B4T3BW6,7689007.0,54336366.78,4.808,USD,,JE,,equity,web_csv
2026-06-23,4COP,LUN CN,LUNDIN MINING CORP,CA5503721063,2866857,1939821.0,47438341.34,4.197,USD,,CA,,equity,web_csv
2026-06-23,4COP,2899 HK,ZIJIN MINING GROUP CO LTD-H,CNE100000502,6725299,12003151.0,45251583.82,4.004,USD,,CN,,equity,web_csv
2026-06-23,4COP,5713 JP,SUMITOMO METAL MINING CO LTD,JP3402600005,6858849,838323.0,42815159.38,3.788,USD,,JP,,equity,web_csv
2026-06-23,4COP,SFR AU,SANDFIRE RESOURCES LTD,AU000000SFR8,6739739,2978755.0,41147074.18,3.641,USD,,AU,,equity,web_csv
2026-06-23,4COP,CS CN,CAPSTONE COPPER CORP,CA14071L1085,BMY5XY9,4223569.0,40904436.52,3.619,USD,,CA,,equity,web_csv
2026-06-23,4COP,IVN CN,IVANHOE MINES LTD-CL A,CA46579R1047,BD73C40,5043088.0,39179616.58,3.467,USD,,CA,,equity,web_csv
2026-06-23,4COP,NDA GR,AURUBIS AG,DE0006766504,5485527,163105.0,36443999.7,3.225,USD,,DE,,equity,web_csv
2026-06-23,4COP,358 HK,JIANGXI COPPER CO LTD-H,CNE1000003K3,6000305,6506728.0,30189744.12,2.671,USD,,CN,,equity,web_csv
2026-06-23,4COP,2099 HK,CHINA GOLD INTERNATIONAL RES,CA16890P1036,B60FNV8,1530786.0,25516679.23,2.258,USD,,CA,,equity,web_csv
2026-06-23,4COP,1208 HK,MMG LTD,HK1208013172,6728793,25424129.0,24805135.49,2.195,USD,,HK,,equity,web_csv
2026-06-23,4COP,5711 JP,MITSUBISHI MATERIALS CORP,JP3903000002,6597089,796436.0,22825035.93,2.02,USD,,JP,,equity,web_csv
2026-06-23,4COP,ERO CN,ERO COPPER CORP,CA2960061091,BF02Z72,630820.0,17506115.87,1.549,USD,,CA,,equity,web_csv
2026-06-23,4COP,NGEX CN,NGEX MINERALS LTD,CA62930A1021,BVBCQW5,893790.0,15625193.03,1.383,USD,,CA,,equity,web_csv
2026-06-23,4COP,TGB,TASEKO MINES LTD,CA8765111064,2592066,2306357.0,15429528.33,1.365,USD,,CA,,equity,web_csv
2026-06-23,4COP,1258 HK,CHINA NONFERROUS MINING CORP,HK0000112026,B890GY2,8334874.0,13999705.46,1.239,USD,,HK,,equity,web_csv
2026-06-23,4COP,ALS CN,ALTIUS MINERALS CORPORATION,CA0209361009,2122355,298142.0,12486369.66,1.105,USD,,CA,,equity,web_csv
2026-06-23,4COP,ATYM LN,ATALAYA MINING COPPER SA,CY0106002112,BYZTVM8,764333.0,8163083.3,0.722,USD,,CY,,equity,web_csv
2026-06-23,4COP,3939 HK,WANGUO GOLD GROUP LTD,KYG9430L1150,BV106D0,7628670.0,8085072.85,0.715,USD,,KY,,equity,web_csv
2026-06-23,4COP,IE,IVANHOE ELECTRIC INC / US,US46578C1080,BPF0KH6,779036.0,7844892.52,0.694,USD,,US,,equity,web_csv
2026-06-23,4COP,DVP AU,DEVELOP GLOBAL LTD,AU0000179707,BNVQGB0,1649611.0,7477495.64,0.662,USD,,AU,,equity,web_csv
2026-06-23,4COP,NDM CN,NORTHERN DYNASTY MINERALS,CA66510M2040,2637848,3493012.0,6839636.1,0.605,USD,,CA,,equity,web_csv
2026-06-23,4COP,AMAK AB,AL MASANE AL KOBRA MINING CO,SA15HG50KL10,BNNVLT6,338588.0,6674172.77,0.591,USD,,SA,,equity,web_csv
2026-06-23,4COP,ASCU CN,ARIZONA SONORAN COPPER CO IN,CA04058Q1054,BMC50Y0,1091200.0,6671326.64,0.59,USD,,CA,,equity,web_csv
2026-06-23,4COP,FFM AU,FIREFLY METALS LTD,AU0000313769,BPDXXB2,4744702.0,5672766.62,0.502,USD,,AU,,equity,web_csv
2026-06-23,4COP,FDY CN,FARADAY COPPER CORP,CA3073571034,BLNNJN8,1387995.0,5455194.29,0.483,USD,,CA,,equity,web_csv
2026-06-23,4COP,SLS CN,SOLARIS RESOURCES INC,CA83419D2014,BMQ5701,598590.0,5093127.1,0.451,USD,,CA,,equity,web_csv
2026-06-23,4COP,OM CN,OSISKO METALS INC,CA6882741094,BYW9WY0,3811718.0,4483584.48,0.397,USD,,CA,,equity,web_csv
2026-06-23,4COP,1515 JP,NITTETSU MINING CO LTD,JP3680800004,6641027,269007.0,4136135.61,0.366,USD,,JP,,equity,web_csv
2026-06-23,4COP,CNL CN,COLLECTIVE MINING LTD,CA19425C1005,BN79Z49,302117.0,3928212.59,0.348,USD,,CA,,equity,web_csv
2026-06-23,4COP,ARG CN,AMERIGO RESOURCES LTD,CA03074G1090,2855822,888995.0,3913519.11,0.346,USD,,CA,,equity,web_csv
2026-06-23,4COP,,CASH,CASH,,2518993.91,2518993.91,0.223,USD,,,,cash,web_csv
2026-06-23,4COP,,OTHER PAYABLE & RECEIVABLES,CASH,,882165.85,882165.85,0.078,USD,,,,cash,web_csv
2026-06-23,4COP,BVR AU,BELLAVISTA RESOURCES LTD,AU0000216913,BNNFYB1,346617.0,81681.87,0.007,USD,,AU,,equity,web_csv
2026-06-23,4COP,,BRITISH STERLING POUND,,,15420.54,20357.42,0.002,USD,,,,fx,web_csv
2026-06-23,4COP,,EURO,,,1019.27,1160.19,0.0,USD,,,,fx,web_csv
2026-06-23,4COP,,AUSTRALIAN DOLLAR,,,525.52,364.24,0.0,USD,,,,fx,web_csv
2026-06-23,4COP,,SWEDISH KRONE,,,350.0,36.02,0.0,USD,,,,fx,web_csv
2026-06-23,4COP,,SAUDI RIYAL,,,103.71,27.63,0.0,USD,,,,fx,web_csv
2026-06-23,4COP,,JAPANESE YEN,,,246.0,1.52,0.0,USD,,,,fx,web_csv
2026-06-23,4COP,,HONG KONG DOLLAR,,,0.14,0.02,0.0,USD,,,,fx,web_csv
2026-06-23,4COP,,CANADIAN DOLLAR,,,-1203622.66,-847770.85,-0.075,USD,,,,fx,web_csv
2026-06-24,4COP,BHP AU,BHP GROUP LTD,AU000000BHP4,6144690,1448226.0,59392388.6,5.486,USD,,AU,,equity,web_csv
2026-06-24,4COP,TECK/B CN,TECK RESOURCES LTD-CLS B,CA8787422044,2879327,1003080.0,57847109.08,5.343,USD,,CA,,equity,web_csv
2026-06-24,4COP,KGH PW,KGHM POLSKA MIEDZ SA,PLKGHM000017,5263251,651361.0,55831434.89,5.157,USD,,PL,,equity,web_csv
2026-06-24,4COP,ANTO LN,ANTOFAGASTA PLC,GB0000456144,0045614,1141173.0,54758781.19,5.058,USD,,GB,,equity,web_csv
2026-06-24,4COP,SCCO,SOUTHERN COPPER CORP,US84265V1052,2823777,311166.0,53470765.44,4.939,USD,,US,,equity,web_csv
2026-06-24,4COP,HBM CN,HUDBAY MINERALS INC,CA4436281022,B05BDX1,2328127.0,53374536.78,4.93,USD,,CA,,equity,web_csv
2026-06-24,4COP,BOL SS,BOLIDEN AB,SE0020050417,BPYTZ57,975438.0,52944092.1,4.89,USD,,SE,,equity,web_csv
2026-06-24,4COP,GLEN LN,GLENCORE PLC,JE00B4T3BW64,B4T3BW6,7689007.0,52735189.86,4.871,USD,,JE,,equity,web_csv
2026-06-24,4COP,FM CN,FIRST QUANTUM MINERALS LTD,CA3359341052,2347608,2036737.0,52557725.49,4.854,USD,,CA,,equity,web_csv
2026-06-24,4COP,FCX,FREEPORT-MCMORAN INC,US35671D8570,2352118,849510.0,52533698.4,4.852,USD,,US,,equity,web_csv
2026-06-24,4COP,2899 HK,ZIJIN MINING GROUP CO LTD-H,CNE100000502,6725299,12003151.0,45071907.02,4.163,USD,,CN,,equity,web_csv
2026-06-24,4COP,LUN CN,LUNDIN MINING CORP,CA5503721063,2866857,1939821.0,44731047.74,4.131,USD,,CA,,equity,web_csv
2026-06-24,4COP,5713 JP,SUMITOMO METAL MINING CO LTD,JP3402600005,6858849,838323.0,41215410.31,3.807,USD,,JP,,equity,web_csv
2026-06-24,4COP,SFR AU,SANDFIRE RESOURCES LTD,AU000000SFR8,6739739,2978755.0,40384678.53,3.73,USD,,AU,,equity,web_csv
2026-06-24,4COP,CS CN,CAPSTONE COPPER CORP,CA14071L1085,BMY5XY9,4223569.0,38286890.98,3.536,USD,,CA,,equity,web_csv
2026-06-24,4COP,IVN CN,IVANHOE MINES LTD-CL A,CA46579R1047,BD73C40,5043088.0,36367316.48,3.359,USD,,CA,,equity,web_csv
2026-06-24,4COP,NDA GR,AURUBIS AG,DE0006766504,5485527,163105.0,34535138.25,3.19,USD,,DE,,equity,web_csv
2026-06-24,4COP,358 HK,JIANGXI COPPER CO LTD-H,CNE1000003K3,6000305,6506728.0,28897766.51,2.669,USD,,CN,,equity,web_csv
2026-06-24,4COP,2099 HK,CHINA GOLD INTERNATIONAL RES,CA16890P1036,B60FNV8,1530786.0,25167510.45,2.324,USD,,CA,,equity,web_csv
2026-06-24,4COP,1208 HK,MMG LTD,HK1208013172,6728793,25424129.0,24256075.73,2.24,USD,,HK,,equity,web_csv
2026-06-24,4COP,5711 JP,MITSUBISHI MATERIALS CORP,JP3903000002,6597089,796436.0,22440293.71,2.073,USD,,JP,,equity,web_csv
2026-06-24,4COP,ERO CN,ERO COPPER CORP,CA2960061091,BF02Z72,630820.0,16641440.44,1.537,USD,,CA,,equity,web_csv
2026-06-24,4COP,NGEX CN,NGEX MINERALS LTD,CA62930A1021,BVBCQW5,893790.0,14830079.49,1.37,USD,,CA,,equity,web_csv
2026-06-24,4COP,TGB,TASEKO MINES LTD,CA8765111064,2592066,2306357.0,14691494.09,1.357,USD,,CA,,equity,web_csv
2026-06-24,4COP,1258 HK,CHINA NONFERROUS MINING CORP,HK0000112026,B890GY2,8334874.0,13660765.15,1.262,USD,,HK,,equity,web_csv
2026-06-24,4COP,ALS CN,ALTIUS MINERALS CORPORATION,CA0209361009,2122355,298142.0,12175640.71,1.125,USD,,CA,,equity,web_csv
2026-06-24,4COP,3939 HK,WANGUO GOLD GROUP LTD,KYG9430L1150,BV106D0,7628670.0,7969032.33,0.736,USD,,KY,,equity,web_csv
2026-06-24,4COP,ATYM LN,ATALAYA MINING COPPER SA,CY0106002112,BYZTVM8,764333.0,7877857.02,0.728,USD,,CY,,equity,web_csv
2026-06-24,4COP,DVP AU,DEVELOP GLOBAL LTD,AU0000179707,BNVQGB0,1649611.0,7424585.47,0.686,USD,,AU,,equity,web_csv
2026-06-24,4COP,IE,IVANHOE ELECTRIC INC / US,US46578C1080,BPF0KH6,779036.0,7315148.04,0.676,USD,,US,,equity,web_csv
2026-06-24,4COP,AMAK AB,AL MASANE AL KOBRA MINING CO,SA15HG50KL10,BNNVLT6,338588.0,6578945.93,0.608,USD,,SA,,equity,web_csv
2026-06-24,4COP,NDM CN,NORTHERN DYNASTY MINERALS,CA66510M2040,2637848,3493012.0,6352491.72,0.587,USD,,CA,,equity,web_csv
2026-06-24,4COP,ASCU CN,ARIZONA SONORAN COPPER CO IN,CA04058Q1054,BMC50Y0,1091200.0,6030083.91,0.557,USD,,CA,,equity,web_csv
2026-06-24,4COP,FFM AU,FIREFLY METALS LTD,AU0000313769,BPDXXB2,4744702.0,5935578.54,0.548,USD,,AU,,equity,web_csv
2026-06-24,4COP,FDY CN,FARADAY COPPER CORP,CA3073571034,BLNNJN8,1387995.0,5370117.23,0.496,USD,,CA,,equity,web_csv
2026-06-24,4COP,SLS CN,SOLARIS RESOURCES INC,CA83419D2014,BMQ5701,598590.0,4715921.64,0.436,USD,,CA,,equity,web_csv
2026-06-24,4COP,OM CN,OSISKO METALS INC,CA6882741094,BYW9WY0,3811718.0,4228848.39,0.391,USD,,CA,,equity,web_csv
2026-06-24,4COP,1515 JP,NITTETSU MINING CO LTD,JP3680800004,6641027,269007.0,4061580.92,0.375,USD,,JP,,equity,web_csv
2026-06-24,4COP,CNL CN,COLLECTIVE MINING LTD,CA19425C1005,BN79Z49,302117.0,3737879.82,0.345,USD,,CA,,equity,web_csv
2026-06-24,4COP,ARG CN,AMERIGO RESOURCES LTD,CA03074G1090,2855822,888995.0,3676705.79,0.34,USD,,CA,,equity,web_csv
2026-06-24,4COP,,OTHER PAYABLE & RECEIVABLES,CASH,,2206556.36,2206556.36,0.204,USD,,,,cash,web_csv
2026-06-24,4COP,,CASH,CASH,,342751.44,342751.44,0.032,USD,,,,cash,web_csv
2026-06-24,4COP,BVR AU,BELLAVISTA RESOURCES LTD,AU0000216913,BNNFYB1,346617.0,78839.03,0.007,USD,,AU,,equity,web_csv
2026-06-24,4COP,,BRITISH STERLING POUND,,,15420.54,20272.58,0.002,USD,,,,fx,web_csv
2026-06-24,4COP,,EURO,,,1019.27,1155.95,0.0,USD,,,,fx,web_csv
2026-06-24,4COP,,AUSTRALIAN DOLLAR,,,525.52,362.22,0.0,USD,,,,fx,web_csv
2026-06-24,4COP,,SWEDISH KRONE,,,350.0,35.82,0.0,USD,,,,fx,web_csv
2026-06-24,4COP,,CANADIAN DOLLAR,,,22.05,15.48,0.0,USD,,,,fx,web_csv
2026-06-24,4COP,,JAPANESE YEN,,,248.0,1.53,0.0,USD,,,,fx,web_csv
2026-06-24,4COP,,HONG KONG DOLLAR,,,0.14,0.02,0.0,USD,,,,fx,web_csv
2026-06-24,4COP,,SAUDI RIYAL,,,-55035.35,-14658.89,-0.001,USD,,,,fx,web_csv
2026-06-25,4COP,HBM CN,HUDBAY MINERALS INC,CA4436281022,B05BDX1,2592197.4,60905916.03,5.623,USD,,CA,,equity,web_csv
2026-06-25,4COP,TECK/B CN,TECK RESOURCES LTD-CLS B,CA8787422044,2879327,1003080.0,59178365.22,5.463,USD,,CA,,equity,web_csv
2026-06-25,4COP,BHP AU,BHP GROUP LTD,AU000000BHP4,6144690,1448226.0,58541262.36,5.405,USD,,AU,,equity,web_csv
2026-06-25,4COP,ANTO LN,ANTOFAGASTA PLC,GB0000456144,0045614,1141173.0,57159617.42,5.277,USD,,GB,,equity,web_csv
2026-06-25,4COP,KGH PW,KGHM POLSKA MIEDZ SA,PLKGHM000017,5263251,651361.0,57032166.64,5.265,USD,,PL,,equity,web_csv
2026-06-25,4COP,BOL SS,BOLIDEN AB,SE0020050417,BPYTZ57,975438.0,54388216.42,5.021,USD,,SE,,equity,web_csv
2026-06-25,4COP,SCCO,SOUTHERN COPPER CORP,US84265V1052,2823777,311166.0,54370035.18,5.02,USD,,US,,equity,web_csv
2026-06-25,4COP,FM CN,FIRST QUANTUM MINERALS LTD,CA3359341052,2347608,2036737.0,53691556.61,4.957,USD,,CA,,equity,web_csv
2026-06-25,4COP,FCX,FREEPORT-MCMORAN INC,US35671D8570,2352118,849510.0,53349228.0,4.925,USD,,US,,equity,web_csv
2026-06-25,4COP,GLEN LN,GLENCORE PLC,JE00B4T3BW64,B4T3BW6,7689007.0,52921195.47,4.886,USD,,JE,,equity,web_csv
2026-06-25,4COP,LUN CN,LUNDIN MINING CORP,CA5503721063,2866857,1939821.0,45823618.76,4.23,USD,,CA,,equity,web_csv
2026-06-25,4COP,2899 HK,ZIJIN MINING GROUP CO LTD-H,CNE100000502,6725299,12003151.0,42925530.6,3.963,USD,,CN,,equity,web_csv
2026-06-25,4COP,5713 JP,SUMITOMO METAL MINING CO LTD,JP3402600005,6858849,838323.0,39683836.95,3.664,USD,,JP,,equity,web_csv
2026-06-25,4COP,SFR AU,SANDFIRE RESOURCES LTD,AU000000SFR8,6739739,2978755.0,39032245.87,3.604,USD,,AU,,equity,web_csv
2026-06-25,4COP,CS CN,CAPSTONE COPPER CORP,CA14071L1085,BMY5XY9,4223569.0,38838099.73,3.586,USD,,CA,,equity,web_csv
2026-06-25,4COP,IVN CN,IVANHOE MINES LTD-CL A,CA46579R1047,BD73C40,5043088.0,37177350.02,3.432,USD,,CA,,equity,web_csv
2026-06-25,4COP,NDA GR,AURUBIS AG,DE0006766504,5485527,163105.0,34903356.66,3.222,USD,,DE,,equity,web_csv
2026-06-25,4COP,358 HK,JIANGXI COPPER CO LTD-H,CNE1000003K3,6000305,6506728.0,26987060.49,2.491,USD,,CN,,equity,web_csv
2026-06-25,4COP,2099 HK,CHINA GOLD INTERNATIONAL RES,CA16890P1036,B60FNV8,1530786.0,23076734.39,2.13,USD,,CA,,equity,web_csv
2026-06-25,4COP,1208 HK,MMG LTD,HK1208013172,6728793,25424129.0,22730369.45,2.098,USD,,HK,,equity,web_csv
2026-06-25,4COP,5711 JP,MITSUBISHI MATERIALS CORP,JP3903000002,6597089,796436.0,21793980.73,2.012,USD,,JP,,equity,web_csv
2026-06-25,4COP,ERO CN,ERO COPPER CORP,CA2960061091,BF02Z72,630820.0,16598305.51,1.532,USD,,CA,,equity,web_csv
2026-06-25,4COP,NGEX CN,NGEX MINERALS LTD,CA62930A1021,BVBCQW5,893790.0,15298739.59,1.412,USD,,CA,,equity,web_csv
2026-06-25,4COP,TGB,TASEKO MINES LTD,CA8765111064,2592066,2306357.0,15152765.49,1.399,USD,,CA,,equity,web_csv
2026-06-25,4COP,ALS CN,ALTIUS MINERALS CORPORATION,CA0209361009,2122355,298142.0,12549148.92,1.159,USD,,CA,,equity,web_csv
2026-06-25,4COP,1258 HK,CHINA NONFERROUS MINING CORP,HK0000112026,B890GY2,8334874.0,12277880.9,1.134,USD,,HK,,equity,web_csv
2026-06-25,4COP,ATYM LN,ATALAYA MINING COPPER SA,CY0106002112,BYZTVM8,764333.0,7938461.09,0.733,USD,,CY,,equity,web_csv
2026-06-25,4COP,3939 HK,WANGUO GOLD GROUP LTD,KYG9430L1150,BV106D0,7628670.0,7316595.78,0.675,USD,,KY,,equity,web_csv
2026-06-25,4COP,IE,IVANHOE ELECTRIC INC / US,US46578C1080,BPF0KH6,779036.0,7283986.6,0.672,USD,,US,,equity,web_csv
2026-06-25,4COP,DVP AU,DEVELOP GLOBAL LTD,AU0000179707,BNVQGB0,1649611.0,6973557.59,0.644,USD,,AU,,equity,web_csv
2026-06-25,4COP,AMAK AB,AL MASANE AL KOBRA MINING CO,SA15HG50KL10,BNNVLT6,338588.0,6487897.57,0.599,USD,,SA,,equity,web_csv
2026-06-25,4COP,NDM CN,NORTHERN DYNASTY MINERALS,CA66510M2040,2637848,3493012.0,6296152.59,0.581,USD,,CA,,equity,web_csv
2026-06-25,4COP,FFM AU,FIREFLY METALS LTD,AU0000313769,BPDXXB2,4744702.0,5702688.04,0.526,USD,,AU,,equity,web_csv
2026-06-25,4COP,FDY CN,FARADAY COPPER CORP,CA3073571034,BLNNJN8,1387995.0,5316453.3,0.491,USD,,CA,,equity,web_csv
2026-06-25,4COP,SLS CN,SOLARIS RESOURCES INC,CA83419D2014,BMQ5701,598590.0,4855311.95,0.448,USD,,CA,,equity,web_csv
2026-06-25,4COP,OM CN,OSISKO METALS INC,CA6882741094,BYW9WY0,3811718.0,4455167.67,0.411,USD,,CA,,equity,web_csv
2026-06-25,4COP,1515 JP,NITTETSU MINING CO LTD,JP3680800004,6641027,269007.0,3988431.86,0.368,USD,,JP,,equity,web_csv
2026-06-25,4COP,CNL CN,COLLECTIVE MINING LTD,CA19425C1005,BN79Z49,302117.0,3790688.22,0.35,USD,,CA,,equity,web_csv
2026-06-25,4COP,ARG CN,AMERIGO RESOURCES LTD,CA03074G1090,2855822,888995.0,3761915.12,0.347,USD,,CA,,equity,web_csv
2026-06-25,4COP,,OTHER PAYABLE & RECEIVABLES,CASH,,2166460.77,2166460.77,0.2,USD,,,,cash,web_csv
2026-06-25,4COP,,CASH,CASH,,328064.92,328064.92,0.03,USD,,,,cash,web_csv
2026-06-25,4COP,BVR AU,BELLAVISTA RESOURCES LTD,AU0000216913,BNNFYB1,346617.0,77813.45,0.007,USD,,AU,,equity,web_csv
2026-06-25,4COP,,CANADIAN DOLLAR,,,39325.32,27689.01,0.003,USD,,,,fx,web_csv
2026-06-25,4COP,,BRITISH STERLING POUND,,,15420.54,20363.6,0.002,USD,,,,fx,web_csv
2026-06-25,4COP,,EURO,,,1019.27,1159.58,0.0,USD,,,,fx,web_csv
2026-06-25,4COP,,AUSTRALIAN DOLLAR,,,525.52,363.0,0.0,USD,,,,fx,web_csv
2026-06-25,4COP,,SWEDISH KRONE,,,350.0,36.03,0.0,USD,,,,fx,web_csv
2026-06-25,4COP,,SAUDI RIYAL,,,103.71,27.62,0.0,USD,,,,fx,web_csv
2026-06-25,4COP,,JAPANESE YEN,,,248.0,1.53,0.0,USD,,,,fx,web_csv
2026-06-25,4COP,,HONG KONG DOLLAR,,,0.14,0.02,0.0,USD,,,,fx,web_csv
2026-06-26,4COP,HBM CN,HUDBAY MINERALS INC,CA4436281022,B05BDX1,2592197.4,60316350.64,5.604,USD,,CA,,equity,web_csv
2026-06-26,4COP,BHP AU,BHP GROUP LTD,AU000000BHP4,6144690,1448226.0,58951573.48,5.477,USD,,AU,,equity,web_csv
2026-06-26,4COP,TECK/B CN,TECK RESOURCES LTD-CLS B,CA8787422044,2879327,1003080.0,58392614.39,5.425,USD,,CA,,equity,web_csv
2026-06-26,4COP,ANTO LN,ANTOFAGASTA PLC,GB0000456144,0045614,1141173.0,57615981.06,5.353,USD,,GB,,equity,web_csv
2026-06-26,4COP,KGH PW,KGHM POLSKA MIEDZ SA,PLKGHM000017,5263251,651361.0,56731525.69,5.271,USD,,PL,,equity,web_csv
2026-06-26,4COP,BOL SS,BOLIDEN AB,SE0020050417,BPYTZ57,975438.0,53853094.95,5.003,USD,,SE,,equity,web_csv
2026-06-26,4COP,FM CN,FIRST QUANTUM MINERALS LTD,CA3359341052,2347608,2036737.0,53502088.17,4.971,USD,,CA,,equity,web_csv
2026-06-26,4COP,SCCO,SOUTHERN COPPER CORP,US84265V1052,2823777,311166.0,53290289.16,4.951,USD,,US,,equity,web_csv
2026-06-26,4COP,FCX,FREEPORT-MCMORAN INC,US35671D8570,2352118,849510.0,53051899.5,4.929,USD,,US,,equity,web_csv
2026-06-26,4COP,GLEN LN,GLENCORE PLC,JE00B4T3BW64,B4T3BW6,7689007.0,52237749.51,4.853,USD,,JE,,equity,web_csv
2026-06-26,4COP,LUN CN,LUNDIN MINING CORP,CA5503721063,2866857,1939821.0,46079201.61,4.281,USD,,CA,,equity,web_csv
2026-06-26,4COP,2899 HK,ZIJIN MINING GROUP CO LTD-H,CNE100000502,6725299,12003151.0,42032266.58,3.905,USD,,CN,,equity,web_csv
2026-06-26,4COP,5713 JP,SUMITOMO METAL MINING CO LTD,JP3402600005,6858849,838323.0,39574588.71,3.677,USD,,JP,,equity,web_csv
2026-06-26,4COP,SFR AU,SANDFIRE RESOURCES LTD,AU000000SFR8,6739739,2978755.0,38828213.36,3.608,USD,,AU,,equity,web_csv
2026-06-26,4COP,CS CN,CAPSTONE COPPER CORP,CA14071L1085,BMY5XY9,4223569.0,37894481.54,3.521,USD,,CA,,equity,web_csv
2026-06-26,4COP,IVN CN,IVANHOE MINES LTD-CL A,CA46579R1047,BD73C40,5043088.0,37860007.8,3.518,USD,,CA,,equity,web_csv
2026-06-26,4COP,NDA GR,AURUBIS AG,DE0006766504,5485527,163105.0,34309331.34,3.188,USD,,DE,,equity,web_csv
2026-06-26,4COP,358 HK,JIANGXI COPPER CO LTD-H,CNE1000003K3,6000305,6506728.0,25938128.26,2.41,USD,,CN,,equity,web_csv
2026-06-26,4COP,2099 HK,CHINA GOLD INTERNATIONAL RES,CA16890P1036,B60FNV8,1530786.0,22663851.13,2.106,USD,,CA,,equity,web_csv
2026-06-26,4COP,1208 HK,MMG LTD,HK1208013172,6728793,25424129.0,21949354.84,2.039,USD,,HK,,equity,web_csv
2026-06-26,4COP,5711 JP,MITSUBISHI MATERIALS CORP,JP3903000002,6597089,796436.0,21484837.96,1.996,USD,,JP,,equity,web_csv
2026-06-26,4COP,ERO CN,ERO COPPER CORP,CA2960061091,BF02Z72,630820.0,16708433.54,1.552,USD,,CA,,equity,web_csv
2026-06-26,4COP,NGEX CN,NGEX MINERALS LTD,CA62930A1021,BVBCQW5,893790.0,15534868.97,1.443,USD,,CA,,equity,web_csv
2026-06-26,4COP,TGB,TREKOR METALS LTD,CA89472Y1079,BRSCTS7,2306357.0,14876002.65,1.382,USD,,CA,,equity,web_csv
2026-06-26,4COP,ALS CN,ALTIUS MINERALS CORPORATION,CA0209361009,2122355,298142.0,12854152.08,1.194,USD,,CA,,equity,web_csv
2026-06-26,4COP,1258 HK,CHINA NONFERROUS MINING CORP,HK0000112026,B890GY2,8334874.0,12212542.13,1.135,USD,,HK,,equity,web_csv
2026-06-26,4COP,ATYM LN,ATALAYA MINING COPPER SA,CY0106002112,BYZTVM8,764333.0,8156853.62,0.758,USD,,CY,,equity,web_csv
2026-06-26,4COP,3939 HK,WANGUO GOLD GROUP LTD,KYG9430L1150,BV106D0,7628670.0,7442130.33,0.691,USD,,KY,,equity,web_csv
2026-06-26,4COP,IE,IVANHOE ELECTRIC INC / US,US46578C1080,BPF0KH6,779036.0,7151550.48,0.664,USD,,US,,equity,web_csv
2026-06-26,4COP,DVP AU,DEVELOP GLOBAL LTD,AU0000179707,BNVQGB0,1649611.0,7080315.23,0.658,USD,,AU,,equity,web_csv
2026-06-26,4COP,NDM CN,NORTHERN DYNASTY MINERALS,CA66510M2040,2637848,3493012.0,6568077.78,0.61,USD,,CA,,equity,web_csv
2026-06-26,4COP,AMAK AB,AL MASANE AL KOBRA MINING CO,SA15HG50KL10,BNNVLT6,338588.0,6487206.51,0.603,USD,,SA,,equity,web_csv
2026-06-26,4COP,FDY CN,FARADAY COPPER CORP,CA3073571034,BLNNJN8,1387995.0,5513075.67,0.512,USD,,CA,,equity,web_csv
2026-06-26,4COP,FFM AU,FIREFLY METALS LTD,AU0000313769,BPDXXB2,4744702.0,5467717.62,0.508,USD,,AU,,equity,web_csv
2026-06-26,4COP,SLS CN,SOLARIS RESOURCES INC,CA83419D2014,BMQ5701,598590.0,4982804.89,0.463,USD,,CA,,equity,web_csv
2026-06-26,4COP,OM CN,OSISKO METALS INC,CA6882741094,BYW9WY0,3811718.0,4617173.11,0.429,USD,,CA,,equity,web_csv
2026-06-26,4COP,CNL CN,COLLECTIVE MINING LTD,CA19425C1005,BN79Z49,302117.0,3908510.36,0.363,USD,,CA,,equity,web_csv
2026-06-26,4COP,1515 JP,NITTETSU MINING CO LTD,JP3680800004,6641027,269007.0,3800544.07,0.353,USD,,JP,,equity,web_csv
2026-06-26,4COP,ARG CN,AMERIGO RESOURCES LTD,CA03074G1090,2855822,888995.0,3787752.91,0.352,USD,,CA,,equity,web_csv
2026-06-26,4COP,,OTHER PAYABLE & RECEIVABLES,CASH,,1313273.29,1313273.29,0.122,USD,,,,cash,web_csv
2026-06-26,4COP,,JAPANESE YEN,,,142387710.0,880376.6,0.082,USD,,,,fx,web_csv
2026-06-26,4COP,,CASH,CASH,,300463.4,300463.4,0.028,USD,,,,cash,web_csv
2026-06-26,4COP,BVR AU,BELLAVISTA RESOURCES LTD,AU0000216913,BNNFYB1,346617.0,81322.26,0.008,USD,,AU,,equity,web_csv
2026-06-26,4COP,,BRITISH STERLING POUND,,,15420.54,20354.46,0.002,USD,,,,fx,web_csv
2026-06-26,4COP,,CANADIAN DOLLAR,,,17175.08,12095.55,0.001,USD,,,,fx,web_csv
2026-06-26,4COP,,EURO,,,1019.27,1161.46,0.0,USD,,,,fx,web_csv
2026-06-26,4COP,,AUSTRALIAN DOLLAR,,,525.52,362.64,0.0,USD,,,,fx,web_csv
2026-06-26,4COP,,SWEDISH KRONE,,,350.0,35.98,0.0,USD,,,,fx,web_csv
2026-06-26,4COP,,SAUDI RIYAL,,,103.71,27.62,0.0,USD,,,,fx,web_csv
2026-06-26,4COP,,HONG KONG DOLLAR,,,0.14,0.02,0.0,USD,,,,fx,web_csv
2026-06-29,4COP,HBM CN,HUDBAY MINERALS INC,CA4436281022,B05BDX1,2592197.0,61382378.56,5.7,USD,,CA,,equity,web_csv
2026-06-29,4COP,BHP AU,BHP GROUP LTD,AU000000BHP4,6144690,1448226.0,59607865.33,5.536,USD,,AU,,equity,web_csv
2026-06-29,4COP,TECK/B CN,TECK RESOURCES LTD-CLS B,CA8787422044,2879327,1003080.0,58333296.65,5.417,USD,,CA,,equity,web_csv
2026-06-29,4COP,ANTO LN,ANTOFAGASTA PLC,GB0000456144,0045614,1141173.0,56641435.26,5.26,USD,,GB,,equity,web_csv
2026-06-29,4COP,KGH PW,KGHM POLSKA MIEDZ SA,PLKGHM000017,5263251,651361.0,55674103.93,5.17,USD,,PL,,equity,web_csv
2026-06-29,4COP,BOL SS,BOLIDEN AB,SE0020050417,BPYTZ57,975438.0,53533283.41,4.972,USD,,SE,,equity,web_csv
2026-06-29,4COP,FM CN,FIRST QUANTUM MINERALS LTD,CA3359341052,2347608,2036737.0,53217018.97,4.942,USD,,CA,,equity,web_csv
2026-06-29,4COP,SCCO,SOUTHERN COPPER CORP,US84265V1052,2823777,311166.0,52415912.7,4.868,USD,,US,,equity,web_csv
2026-06-29,4COP,FCX,FREEPORT-MCMORAN INC,US35671D8570,2352118,849510.0,52346806.2,4.861,USD,,US,,equity,web_csv
2026-06-29,4COP,GLEN LN,GLENCORE PLC,JE00B4T3BW64,B4T3BW6,7689007.0,52046343.68,4.833,USD,,JE,,equity,web_csv
2026-06-29,4COP,LUN CN,LUNDIN MINING CORP,CA5503721063,2866857,1939821.0,46302894.56,4.3,USD,,CA,,equity,web_csv
2026-06-29,4COP,2899 HK,ZIJIN MINING GROUP CO LTD-H,CNE100000502,6725299,12003151.0,42362261.85,3.934,USD,,CN,,equity,web_csv
2026-06-29,4COP,SFR AU,SANDFIRE RESOURCES LTD,AU000000SFR8,6739739,2978755.0,38961684.18,3.618,USD,,AU,,equity,web_csv
2026-06-29,4COP,5713 JP,SUMITOMO METAL MINING CO LTD,JP3402600005,6858849,838323.0,38785413.38,3.602,USD,,JP,,equity,web_csv
2026-06-29,4COP,IVN CN,IVANHOE MINES LTD-CL A,CA46579R1047,BD73C40,5043088.0,38504982.09,3.576,USD,,CA,,equity,web_csv
2026-06-29,4COP,CS CN,CAPSTONE COPPER CORP,CA14071L1085,BMY5XY9,4223569.0,38489299.14,3.574,USD,,CA,,equity,web_csv
2026-06-29,4COP,NDA GR,AURUBIS AG,DE0006766504,5485527,163105.0,33348709.84,3.097,USD,,DE,,equity,web_csv
2026-06-29,4COP,358 HK,JIANGXI COPPER CO LTD-H,CNE1000003K3,6000305,6506728.0,26299028.13,2.442,USD,,CN,,equity,web_csv
2026-06-29,4COP,2099 HK,CHINA GOLD INTERNATIONAL RES,CA16890P1036,B60FNV8,1530786.0,24026489.43,2.231,USD,,CA,,equity,web_csv
2026-06-29,4COP,1208 HK,MMG LTD,HK1208013172,6728793,25424129.0,22302436.25,2.071,USD,,HK,,equity,web_csv
2026-06-29,4COP,5711 JP,MITSUBISHI MATERIALS CORP,JP3903000002,6597089,796436.0,21256654.78,1.974,USD,,JP,,equity,web_csv
2026-06-29,4COP,ERO CN,ERO COPPER CORP,CA2960061091,BF02Z72,630820.0,16358127.44,1.519,USD,,CA,,equity,web_csv
2026-06-29,4COP,NGEX CN,NGEX MINERALS LTD,CA62930A1021,BVBCQW5,893790.0,15353023.4,1.426,USD,,CA,,equity,web_csv
2026-06-29,4COP,TGB,TREKOR METALS LTD,CA89472Y1079,BRSCTS7,2306357.0,14668430.52,1.362,USD,,CA,,equity,web_csv
2026-06-29,4COP,ALS CN,ALTIUS MINERALS CORPORATION,CA0209361009,2122355,298142.0,13272202.19,1.233,USD,,CA,,equity,web_csv
2026-06-29,4COP,1258 HK,CHINA NONFERROUS MINING CORP,HK0000112026,B890GY2,8334874.0,12269030.17,1.139,USD,,HK,,equity,web_csv
2026-06-29,4COP,ATYM LN,ATALAYA MINING COPPER SA,CY0106002112,BYZTVM8,764333.0,7942818.29,0.738,USD,,CY,,equity,web_csv
2026-06-29,4COP,3939 HK,WANGUO GOLD GROUP LTD,KYG9430L1150,BV106D0,7628670.0,7616025.26,0.707,USD,,KY,,equity,web_csv
2026-06-29,4COP,IE,IVANHOE ELECTRIC INC / US,US46578C1080,BPF0KH6,779036.0,7299567.32,0.678,USD,,US,,equity,web_csv
2026-06-29,4COP,DVP AU,DEVELOP GLOBAL LTD,AU0000179707,BNVQGB0,1649611.0,7241408.43,0.672,USD,,AU,,equity,web_csv
2026-06-29,4COP,NDM CN,NORTHERN DYNASTY MINERALS,CA66510M2040,2637848,3493012.0,6956281.59,0.646,USD,,CA,,equity,web_csv
2026-06-29,4COP,AMAK AB,AL MASANE AL KOBRA MINING CO,SA15HG50KL10,BNNVLT6,338588.0,6482698.37,0.602,USD,,SA,,equity,web_csv
2026-06-29,4COP,FFM AU,FIREFLY METALS LTD,AU0000313769,BPDXXB2,4744702.0,5745693.16,0.534,USD,,AU,,equity,web_csv
2026-06-29,4COP,FDY CN,FARADAY COPPER CORP,CA3073571034,BLNNJN8,1387995.0,5655318.99,0.525,USD,,CA,,equity,web_csv
2026-06-29,4COP,SLS CN,SOLARIS RESOURCES INC,CA83419D2014,BMQ5701,598590.0,5054769.36,0.469,USD,,CA,,equity,web_csv
2026-06-29,4COP,OM CN,OSISKO METALS INC,CA6882741094,BYW9WY0,3811718.0,4667245.57,0.433,USD,,CA,,equity,web_csv
2026-06-29,4COP,1515 JP,NITTETSU MINING CO LTD,JP3680800004,6641027,269007.0,3917118.02,0.364,USD,,JP,,equity,web_csv
2026-06-29,4COP,CNL CN,COLLECTIVE MINING LTD,CA19425C1005,BN79Z49,302117.0,3797058.25,0.353,USD,,CA,,equity,web_csv
2026-06-29,4COP,ARG CN,AMERIGO RESOURCES LTD,CA03074G1090,2855822,888995.0,3747285.49,0.348,USD,,CA,,equity,web_csv
2026-06-29,4COP,,OTHER PAYABLE & RECEIVABLES,CASH,,3269830.79,3269830.79,0.304,USD,,,,cash,web_csv
2026-06-29,4COP,BVR AU,BELLAVISTA RESOURCES LTD,AU0000216913,BNNFYB1,346617.0,79894.24,0.007,USD,,AU,,equity,web_csv
2026-06-29,4COP,,JAPANESE YEN,,,12581822.0,77696.74,0.007,USD,,,,fx,web_csv
2026-06-29,4COP,,BRITISH STERLING POUND,,,15420.54,20426.72,0.002,USD,,,,fx,web_csv
2026-06-29,4COP,,EURO,,,1019.27,1164.25,0.0,USD,,,,fx,web_csv
2026-06-29,4COP,,AUSTRALIAN DOLLAR,,,525.52,361.58,0.0,USD,,,,fx,web_csv
2026-06-29,4COP,,SWEDISH KRONE,,,350.0,35.98,0.0,USD,,,,fx,web_csv
2026-06-29,4COP,,SAUDI RIYAL,,,103.71,27.62,0.0,USD,,,,fx,web_csv
2026-06-29,4COP,,CANADIAN DOLLAR,,,22.05,15.52,0.0,USD,,,,fx,web_csv
2026-06-29,4COP,,HONG KONG DOLLAR,,,0.14,0.02,0.0,USD,,,,fx,web_csv
2026-06-29,4COP,,CASH,CASH,,-539541.83,-539541.83,-0.05,USD,,,,cash,web_csv
2026-06-30,4COP,HBM CN,HUDBAY MINERALS INC,CA4436281022,B05BDX1,2605049.0,61492927.58,5.6,USD,,CA,,equity,web_csv
2026-06-30,4COP,TECK/B CN,TECK RESOURCES LTD-CLS B,CA8787422044,2879327,1008057.0,60018026.28,5.466,USD,,CA,,equity,web_csv
2026-06-30,4COP,BHP AU,BHP GROUP LTD,AU000000BHP4,6144690,1455408.0,59893333.33,5.454,USD,,AU,,equity,web_csv
2026-06-30,4COP,ANTO LN,ANTOFAGASTA PLC,GB0000456144,0045614,1146816.0,58144472.29,5.295,USD,,GB,,equity,web_csv
2026-06-30,4COP,KGH PW,KGHM POLSKA MIEDZ SA,PLKGHM000017,5263251,654574.0,57684567.75,5.253,USD,,PL,,equity,web_csv
2026-06-30,4COP,FM CN,FIRST QUANTUM MINERALS LTD,CA3359341052,2347608,2046844.0,55890563.21,5.09,USD,,CA,,equity,web_csv
2026-06-30,4COP,BOL SS,BOLIDEN AB,SE0020050417,BPYTZ57,980280.0,55384252.57,5.044,USD,,SE,,equity,web_csv
2026-06-30,4COP,SCCO,SOUTHERN COPPER CORP,US84265V1052,2823777,312705.0,54491973.3,4.962,USD,,US,,equity,web_csv
2026-06-30,4COP,FCX,FREEPORT-MCMORAN INC,US35671D8570,2352118,853722.0,53690576.58,4.889,USD,,US,,equity,web_csv
2026-06-30,4COP,GLEN LN,GLENCORE PLC,JE00B4T3BW64,B4T3BW6,7727158.0,52694491.67,4.799,USD,,JE,,equity,web_csv
2026-06-30,4COP,LUN CN,LUNDIN MINING CORP,CA5503721063,2866857,1949442.0,47487376.58,4.325,USD,,CA,,equity,web_csv
2026-06-30,4COP,2899 HK,ZIJIN MINING GROUP CO LTD-H,CNE100000502,6725299,12062704.0,42146899.04,3.838,USD,,CN,,equity,web_csv
2026-06-30,4COP,SFR AU,SANDFIRE RESOURCES LTD,AU000000SFR8,6739739,2993533.0,39798463.56,3.624,USD,,AU,,equity,web_csv
2026-06-30,4COP,IVN CN,IVANHOE MINES LTD-CL A,CA46579R1047,BD73C40,5068108.0,39687527.67,3.614,USD,,CA,,equity,web_csv
2026-06-30,4COP,CS CN,CAPSTONE COPPER CORP,CA14071L1085,BMY5XY9,4244521.0,38982279.21,3.55,USD,,CA,,equity,web_csv
2026-06-30,4COP,5713 JP,SUMITOMO METAL MINING CO LTD,JP3402600005,6858849,842481.0,38717062.54,3.526,USD,,JP,,equity,web_csv
2026-06-30,4COP,NDA GR,AURUBIS AG,DE0006766504,5485527,163915.0,33957649.83,3.092,USD,,DE,,equity,web_csv
2026-06-30,4COP,358 HK,JIANGXI COPPER CO LTD-H,CNE1000003K3,6000305,6539011.0,25782317.14,2.348,USD,,CN,,equity,web_csv
2026-06-30,4COP,2099 HK,CHINA GOLD INTERNATIONAL RES,CA16890P1036,B60FNV8,1538382.0,24030935.15,2.188,USD,,CA,,equity,web_csv
2026-06-30,4COP,1208 HK,MMG LTD,HK1208013172,6728793,25550264.0,22611285.59,2.059,USD,,HK,,equity,web_csv
2026-06-30,4COP,5711 JP,MITSUBISHI MATERIALS CORP,JP3903000002,6597089,800387.0,21250084.02,1.935,USD,,JP,,equity,web_csv
2026-06-30,4COP,ERO CN,ERO COPPER CORP,CA2960061091,BF02Z72,633952.0,16921770.74,1.541,USD,,CA,,equity,web_csv
2026-06-30,4COP,NGEX CN,NGEX MINERALS LTD,CA62930A1021,BVBCQW5,898227.0,16068370.93,1.463,USD,,CA,,equity,web_csv
2026-06-30,4COP,TGB,TREKOR METALS LTD,CA89472Y1079,BRSCTS7,2317796.0,15946436.48,1.452,USD,,CA,,equity,web_csv
2026-06-30,4COP,ALS CN,ALTIUS MINERALS CORPORATION,CA0209361009,2122355,299618.0,13414439.02,1.222,USD,,CA,,equity,web_csv
2026-06-30,4COP,1258 HK,CHINA NONFERROUS MINING CORP,HK0000112026,B890GY2,8376229.0,12016319.23,1.094,USD,,HK,,equity,web_csv
2026-06-30,4COP,ATYM LN,ATALAYA MINING COPPER SA,CY0106002112,BYZTVM8,768122.0,8324108.26,0.758,USD,,CY,,equity,web_csv
2026-06-30,4COP,3939 HK,WANGUO GOLD GROUP LTD,KYG9430L1150,BV106D0,7666110.0,7605452.12,0.693,USD,,KY,,equity,web_csv
2026-06-30,4COP,IE,IVANHOE ELECTRIC INC / US,US46578C1080,BPF0KH6,782897.0,7523640.17,0.685,USD,,US,,equity,web_csv
2026-06-30,4COP,DVP AU,DEVELOP GLOBAL LTD,AU0000179707,BNVQGB0,1657792.0,7339021.82,0.668,USD,,AU,,equity,web_csv
2026-06-30,4COP,NDM CN,NORTHERN DYNASTY MINERALS,CA66510M2040,2637848,3510346.0,6705224.78,0.611,USD,,CA,,equity,web_csv
2026-06-30,4COP,AMAK AB,AL MASANE AL KOBRA MINING CO,SA15HG50KL10,BNNVLT6,340262.0,6448060.9,0.587,USD,,SA,,equity,web_csv
2026-06-30,4COP,,CASH,CASH,,5945127.88,5945127.88,0.541,USD,,,,cash,web_csv
2026-06-30,4COP,FDY CN,FARADAY COPPER CORP,CA3073571034,BLNNJN8,1394880.0,5889220.23,0.536,USD,,CA,,equity,web_csv
2026-06-30,4COP,FFM AU,FIREFLY METALS LTD,AU0000313769,BPDXXB2,4768246.0,5814047.86,0.529,USD,,AU,,equity,web_csv
2026-06-30,4COP,SLS CN,SOLARIS RESOURCES INC,CA83419D2014,BMQ5701,601560.0,5058404.09,0.461,USD,,CA,,equity,web_csv
2026-06-30,4COP,OM CN,OSISKO METALS INC,CA6882741094,BYW9WY0,3830627.0,4833002.52,0.44,USD,,CA,,equity,web_csv
2026-06-30,4COP,ARG CN,AMERIGO RESOURCES LTD,CA03074G1090,2855822,893405.0,3866436.44,0.352,USD,,CA,,equity,web_csv
2026-06-30,4COP,1515 JP,NITTETSU MINING CO LTD,JP3680800004,6641027,270339.0,3827411.41,0.349,USD,,JP,,equity,web_csv
2026-06-30,4COP,CNL CN,COLLECTIVE MINING LTD,CA19425C1005,BN79Z49,303620.0,3734392.25,0.34,USD,,CA,,equity,web_csv
2026-06-30,4COP,BVR AU,BELLAVISTA RESOURCES LTD,AU0000216913,BNNFYB1,346617.0,81646.22,0.007,USD,,AU,,equity,web_csv
2026-06-30,4COP,,CANADIAN DOLLAR,,,93970.24,66234.53,0.006,USD,,,,fx,web_csv
2026-06-30,4COP,,BRITISH STERLING POUND,,,15420.54,20466.85,0.002,USD,,,,fx,web_csv
2026-06-30,4COP,,EURO,,,1019.27,1165.33,0.0,USD,,,,fx,web_csv
2026-06-30,4COP,,AUSTRALIAN DOLLAR,,,525.52,364.08,0.0,USD,,,,fx,web_csv
2026-06-30,4COP,,SWEDISH KRONE,,,350.0,36.16,0.0,USD,,,,fx,web_csv
2026-06-30,4COP,,SAUDI RIYAL,,,103.71,27.6,0.0,USD,,,,fx,web_csv
2026-06-30,4COP,,JAPANESE YEN,,,246.0,1.51,0.0,USD,,,,fx,web_csv
2026-06-30,4COP,,HONG KONG DOLLAR,,,0.14,0.02,0.0,USD,,,,fx,web_csv
2026-06-30,4COP,,OTHER PAYABLE & RECEIVABLES,CASH,,-3202244.88,-3202244.88,-0.292,USD,,,,cash,web_csv
2026-07-01,4COP,,CURRENCY CONTRACT - HKD,,,-127449.65,,,USD,,,,residual,web_csv
2026-07-01,4COP,,CURRENCY CONTRACT - HKD,,,-37187.17,,,USD,,,,residual,web_csv
2026-07-01,4COP,,CURRENCY CONTRACT - HKD,,,-111742.91,,,USD,,,,residual,web_csv
2026-07-01,4COP,,CURRENCY CONTRACT - HKD,,,-208283.24,,,USD,,,,residual,web_csv
2026-07-01,4COP,,CURRENCY CONTRACT - HKD,,,-118802.52,,,USD,,,,residual,web_csv
2026-07-01,4COP,,CURRENCY CONTRACT - HKD,,,-59400.25,,,USD,,,,residual,web_csv
2026-07-01,4COP,,CURRENCY CONTRACT - USD,,,65972.95,,,USD,,,,residual,web_csv
2026-07-01,4COP,HBM CN,HUDBAY MINERALS INC,CA4436281022,B05BDX1,2605049.0,61415008.98,5.628,USD,,CA,,equity,web_csv
2026-07-01,4COP,BHP AU,BHP GROUP LTD,AU000000BHP4,6144690,1455408.0,60199528.78,5.516,USD,,AU,,equity,web_csv
2026-07-01,4COP,TECK/B CN,TECK RESOURCES LTD-CLS B,CA8787422044,2879327,1008057.0,59941976.55,5.493,USD,,CA,,equity,web_csv
2026-07-01,4COP,ANTO LN,ANTOFAGASTA PLC,GB0000456144,0045614,1146816.0,57522747.28,5.271,USD,,GB,,equity,web_csv
2026-07-01,4COP,KGH PW,KGHM POLSKA MIEDZ SA,PLKGHM000017,5263251,654574.0,57126932.24,5.235,USD,,PL,,equity,web_csv
2026-07-01,4COP,FM CN,FIRST QUANTUM MINERALS LTD,CA3359341052,2347608,2046844.0,55819743.45,5.115,USD,,CA,,equity,web_csv
2026-07-01,4COP,BOL SS,BOLIDEN AB,SE0020050417,BPYTZ57,984280.0,54775877.84,5.019,USD,,SE,,equity,web_csv
2026-07-01,4COP,SCCO,SOUTHERN COPPER CORP,US84265V1052,2823777,314205.0,53037804.0,4.86,USD,,US,,equity,web_csv
2026-07-01,4COP,GLEN LN,GLENCORE PLC,JE00B4T3BW64,B4T3BW6,7727158.0,52556697.91,4.816,USD,,JE,,equity,web_csv
2026-07-01,4COP,FCX,FREEPORT-MCMORAN INC,US35671D8570,2352118,853722.0,51675792.66,4.735,USD,,US,,equity,web_csv
2026-07-01,4COP,LUN CN,LUNDIN MINING CORP,CA5503721063,2866857,1949442.0,47427204.62,4.346,USD,,CA,,equity,web_csv
2026-07-01,4COP,2899 HK,ZIJIN MINING GROUP CO LTD-H,CNE100000502,6725299,12062704.0,42137764.41,3.861,USD,,CN,,equity,web_csv
2026-07-01,4COP,SFR AU,SANDFIRE RESOURCES LTD,AU000000SFR8,6739739,2993533.0,40088731.03,3.673,USD,,AU,,equity,web_csv
2026-07-01,4COP,IVN CN,IVANHOE MINES LTD-CL A,CA46579R1047,BD73C40,5068108.0,39637239.01,3.632,USD,,CA,,equity,web_csv
2026-07-01,4COP,CS CN,CAPSTONE COPPER CORP,CA14071L1085,BMY5XY9,4244521.0,38932884.19,3.568,USD,,CA,,equity,web_csv
2026-07-01,4COP,5713 JP,SUMITOMO METAL MINING CO LTD,JP3402600005,6858849,842481.0,38055728.68,3.487,USD,,JP,,equity,web_csv
2026-07-01,4COP,NDA GR,AURUBIS AG,DE0006766504,5485527,163915.0,32869281.86,3.012,USD,,DE,,equity,web_csv
2026-07-01,4COP,358 HK,JIANGXI COPPER CO LTD-H,CNE1000003K3,6000305,6539011.0,25776729.26,2.362,USD,,CN,,equity,web_csv
2026-07-01,4COP,2099 HK,CHINA GOLD INTERNATIONAL RES,CA16890P1036,B60FNV8,1538382.0,24025726.85,2.202,USD,,CA,,equity,web_csv
2026-07-01,4COP,1208 HK,MMG LTD,HK1208013172,6728793,25550264.0,22606384.98,2.072,USD,,HK,,equity,web_csv
2026-07-01,4COP,5711 JP,MITSUBISHI MATERIALS CORP,JP3903000002,6597089,800387.0,21620626.02,1.981,USD,,JP,,equity,web_csv
2026-07-01,4COP,ERO CN,ERO COPPER CORP,CA2960061091,BF02Z72,633952.0,16900328.91,1.549,USD,,CA,,equity,web_csv
2026-07-01,4COP,TGB,TREKOR METALS LTD,CA89472Y1079,BRSCTS7,2317796.0,16224572.0,1.487,USD,,CA,,equity,web_csv
2026-07-01,4COP,NGEX CN,NGEX MINERALS LTD,CA62930A1021,BVBCQW5,898227.0,16048010.46,1.471,USD,,CA,,equity,web_csv
2026-07-01,4COP,ALS CN,ALTIUS MINERALS CORPORATION,CA0209361009,2122355,299618.0,13397441.39,1.228,USD,,CA,,equity,web_csv
2026-07-01,4COP,1258 HK,CHINA NONFERROUS MINING CORP,HK0000112026,B890GY2,8376229.0,12013714.9,1.101,USD,,HK,,equity,web_csv
2026-07-01,4COP,ATYM LN,ATALAYA MINING COPPER SA,CY0106002112,BYZTVM8,768122.0,8214156.2,0.753,USD,,CY,,equity,web_csv
2026-07-01,4COP,3939 HK,WANGUO GOLD GROUP LTD,KYG9430L1150,BV106D0,7666110.0,7603803.77,0.697,USD,,KY,,equity,web_csv
2026-07-01,4COP,DVP AU,DEVELOP GLOBAL LTD,AU0000179707,BNVQGB0,1657792.0,7484181.6,0.686,USD,,AU,,equity,web_csv
2026-07-01,4COP,IE,IVANHOE ELECTRIC INC / US,US46578C1080,BPF0KH6,782897.0,7374889.74,0.676,USD,,US,,equity,web_csv
2026-07-01,4COP,NDM CN,NORTHERN DYNASTY MINERALS,CA66510M2040,2637848,3510346.0,6696728.49,0.614,USD,,CA,,equity,web_csv
2026-07-01,4COP,AMAK AB,AL MASANE AL KOBRA MINING CO,SA15HG50KL10,BNNVLT6,340262.0,6410720.2,0.587,USD,,SA,,equity,web_csv
2026-07-01,4COP,FDY CN,FARADAY COPPER CORP,CA3073571034,BLNNJN8,1394880.0,5881757.91,0.539,USD,,CA,,equity,web_csv
2026-07-01,4COP,FFM AU,FIREFLY METALS LTD,AU0000313769,BPDXXB2,4768246.0,5842430.3,0.535,USD,,AU,,equity,web_csv
2026-07-01,4COP,SLS CN,SOLARIS RESOURCES INC,CA83419D2014,BMQ5701,601560.0,5051994.51,0.463,USD,,CA,,equity,web_csv
2026-07-01,4COP,OM CN,OSISKO METALS INC,CA6882741094,BYW9WY0,3830627.0,4826878.55,0.442,USD,,CA,,equity,web_csv
2026-07-01,4COP,1515 JP,NITTETSU MINING CO LTD,JP3680800004,6641027,270339.0,3983382.45,0.365,USD,,JP,,equity,web_csv
2026-07-01,4COP,ARG CN,AMERIGO RESOURCES LTD,CA03074G1090,2855822,893405.0,3861537.22,0.354,USD,,CA,,equity,web_csv
2026-07-01,4COP,CNL CN,COLLECTIVE MINING LTD,CA19425C1005,BN79Z49,303620.0,3729660.34,0.342,USD,,CA,,equity,web_csv
2026-07-01,4COP,,CASH,CASH,,1789759.22,1789759.22,0.164,USD,,,,cash,web_csv
2026-07-01,4COP,,OTHER PAYABLE & RECEIVABLES,CASH,,569291.06,569291.06,0.052,USD,,,,cash,web_csv
2026-07-01,4COP,BVR AU,BELLAVISTA RESOURCES LTD,AU0000216913,BNNFYB1,346617.0,87333.18,0.008,USD,,AU,,equity,web_csv
2026-07-01,4COP,,CANADIAN DOLLAR,,,93975.1,66154.02,0.006,USD,,,,fx,web_csv
2026-07-01,4COP,,BRITISH STERLING POUND,,,15458.38,20523.33,0.002,USD,,,,fx,web_csv
2026-07-01,4COP,,EURO,,,1022.47,1164.96,0.0,USD,,,,fx,web_csv
2026-07-01,4COP,,AUSTRALIAN DOLLAR,,,553.54,382.11,0.0,USD,,,,fx,web_csv
2026-07-01,4COP,,HONG KONG DOLLAR,,,632.33,80.62,0.0,USD,,,,fx,web_csv
2026-07-01,4COP,,JAPANESE YEN,,,5957.0,36.68,0.0,USD,,,,fx,web_csv
2026-07-01,4COP,,SWEDISH KRONE,,,350.27,36.03,0.0,USD,,,,fx,web_csv
2026-07-01,4COP,,CURRENCY CONTRACT - HKD,,,291607.26,-10.15,0.0,USD,,,,residual,web_csv
2026-07-01,4COP,,CURRENCY CONTRACT - HKD,,,465793.57,-16.21,0.0,USD,,,,residual,web_csv
2026-07-01,4COP,,CURRENCY CONTRACT - HKD,,,876244.3,-30.49,0.0,USD,,,,residual,web_csv
2026-07-01,4COP,,CURRENCY CONTRACT - HKD,,,931602.99,-32.42,0.0,USD,,,,residual,web_csv
2026-07-01,4COP,,CURRENCY CONTRACT - HKD,,,999410.43,-34.77,0.0,USD,,,,residual,web_csv
2026-07-01,4COP,,CURRENCY CONTRACT - HKD,,,1633275.94,-56.83,0.0,USD,,,,residual,web_csv
2026-07-01,4COP,,CURRENCY CONTRACT - USD,,,-93935.06,-152.89,0.0,USD,,,,residual,web_csv
2026-07-01,4COP,,SAUDI RIYAL,,,-119204.68,-31743.9,-0.003,USD,,,,fx,web_csv
2026-07-02,4COP,TECK/B CN,TECK RESOURCES LTD-CLS B,CA8787422044,2879327,1011057.0,60678391.76,5.539,USD,,CA,,equity,web_csv
2026-07-02,4COP,BHP AU,BHP GROUP LTD,AU000000BHP4,6144690,1460408.0,60323335.36,5.506,USD,,AU,,equity,web_csv
2026-07-02,4COP,ANTO LN,ANTOFAGASTA PLC,GB0000456144,0045614,1146816.0,59077702.87,5.393,USD,,GB,,equity,web_csv
2026-07-02,4COP,HBM CN,HUDBAY MINERALS INC,CA4436281022,B05BDX1,2613049.0,58962428.52,5.382,USD,,CA,,equity,web_csv
2026-07-02,4COP,KGH PW,KGHM POLSKA MIEDZ SA,PLKGHM000017,5263251,654574.0,58070292.21,5.301,USD,,PL,,equity,web_csv
2026-07-02,4COP,FM CN,FIRST QUANTUM MINERALS LTD,CA3359341052,2347608,2046844.0,56794634.84,5.184,USD,,CA,,equity,web_csv
2026-07-02,4COP,SCCO,SOUTHERN COPPER CORP,US84265V1052,2823777,314205.0,54046402.05,4.933,USD,,US,,equity,web_csv
2026-07-02,4COP,BOL SS,BOLIDEN AB,SE0020050417,BPYTZ57,984280.0,53535470.43,4.887,USD,,SE,,equity,web_csv
2026-07-02,4COP,GLEN LN,GLENCORE PLC,JE00B4T3BW64,B4T3BW6,7727158.0,52785453.78,4.818,USD,,JE,,equity,web_csv
2026-07-02,4COP,FCX,FREEPORT-MCMORAN INC,US35671D8570,2352118,853722.0,52051430.34,4.751,USD,,US,,equity,web_csv
2026-07-02,4COP,LUN CN,LUNDIN MINING CORP,CA5503721063,2866857,1949442.0,47287525.86,4.316,USD,,CA,,equity,web_csv
2026-07-02,4COP,2899 HK,ZIJIN MINING GROUP CO LTD-H,CNE100000502,6725299,12062704.0,43341727.12,3.956,USD,,CN,,equity,web_csv
2026-07-02,4COP,5713 JP,SUMITOMO METAL MINING CO LTD,JP3402600005,6858849,842481.0,39344901.12,3.591,USD,,JP,,equity,web_csv
2026-07-02,4COP,SFR AU,SANDFIRE RESOURCES LTD,AU000000SFR8,6739739,2993533.0,38629044.52,3.526,USD,,AU,,equity,web_csv
2026-07-02,4COP,CS CN,CAPSTONE COPPER CORP,CA14071L1085,BMY5XY9,4244521.0,38609682.26,3.524,USD,,CA,,equity,web_csv
2026-07-02,4COP,IVN CN,IVANHOE MINES LTD-CL A,CA46579R1047,BD73C40,5068108.0,38239083.03,3.49,USD,,CA,,equity,web_csv
2026-07-02,4COP,NDA GR,AURUBIS AG,DE0006766504,5485527,163915.0,32561670.67,2.972,USD,,DE,,equity,web_csv
2026-07-02,4COP,2099 HK,CHINA GOLD INTERNATIONAL RES,CA16890P1036,B60FNV8,1538382.0,26774254.97,2.444,USD,,CA,,equity,web_csv
2026-07-02,4COP,358 HK,JIANGXI COPPER CO LTD-H,CNE1000003K3,6000305,6539011.0,25495885.65,2.327,USD,,CN,,equity,web_csv
2026-07-02,4COP,1208 HK,MMG LTD,HK1208013172,6728793,25550264.0,22478381.43,2.052,USD,,HK,,equity,web_csv
2026-07-02,4COP,5711 JP,MITSUBISHI MATERIALS CORP,JP3903000002,6597089,800387.0,22126256.16,2.02,USD,,JP,,equity,web_csv
2026-07-02,4COP,ERO CN,ERO COPPER CORP,CA2960061091,BF02Z72,633952.0,16540016.22,1.51,USD,,CA,,equity,web_csv
2026-07-02,4COP,NGEX CN,NGEX MINERALS LTD,CA62930A1021,BVBCQW5,898227.0,16214512.71,1.48,USD,,CA,,equity,web_csv
2026-07-02,4COP,TGB,TREKOR METALS LTD,CA89472Y1079,BRSCTS7,2317796.0,16062326.28,1.466,USD,,CA,,equity,web_csv
2026-07-02,4COP,ALS CN,ALTIUS MINERALS CORPORATION,CA0209361009,2122355,299618.0,13565893.44,1.238,USD,,CA,,equity,web_csv
2026-07-02,4COP,1258 HK,CHINA NONFERROUS MINING CORP,HK0000112026,B890GY2,8376229.0,12153779.64,1.109,USD,,HK,,equity,web_csv
2026-07-02,4COP,ATYM LN,ATALAYA MINING COPPER SA,CY0106002112,BYZTVM8,768122.0,8212818.98,0.75,USD,,CY,,equity,web_csv
2026-07-02,4COP,3939 HK,WANGUO GOLD GROUP LTD,KYG9430L1150,BV106D0,7666110.0,8093305.55,0.739,USD,,KY,,equity,web_csv
2026-07-02,4COP,IE,IVANHOE ELECTRIC INC / US,US46578C1080,BPF0KH6,782897.0,7445350.47,0.68,USD,,US,,equity,web_csv
2026-07-02,4COP,DVP AU,DEVELOP GLOBAL LTD,AU0000179707,BNVQGB0,1657792.0,7172956.09,0.655,USD,,AU,,equity,web_csv
2026-07-02,4COP,NDM CN,NORTHERN DYNASTY MINERALS,CA66510M2040,2637848,3510346.0,6510037.71,0.594,USD,,CA,,equity,web_csv
2026-07-02,4COP,AMAK AB,AL MASANE AL KOBRA MINING CO,SA15HG50KL10,BNNVLT6,340262.0,6339075.53,0.579,USD,,SA,,equity,web_csv
2026-07-02,4COP,FDY CN,FARADAY COPPER CORP,CA3073571034,BLNNJN8,1394880.0,6127773.79,0.559,USD,,CA,,equity,web_csv
2026-07-02,4COP,FFM AU,FIREFLY METALS LTD,AU0000313769,BPDXXB2,4768246.0,6033996.65,0.551,USD,,AU,,equity,web_csv
2026-07-02,4COP,SLS CN,SOLARIS RESOURCES INC,CA83419D2014,BMQ5701,601560.0,5119930.33,0.467,USD,,CA,,equity,web_csv
2026-07-02,4COP,OM CN,OSISKO METALS INC,CA6882741094,BYW9WY0,3830627.0,4889070.18,0.446,USD,,CA,,equity,web_csv
2026-07-02,4COP,CNL CN,COLLECTIVE MINING LTD,CA19425C1005,BN79Z49,303620.0,4027142.54,0.368,USD,,CA,,equity,web_csv
2026-07-02,4COP,1515 JP,NITTETSU MINING CO LTD,JP3680800004,6641027,270339.0,3985127.05,0.364,USD,,JP,,equity,web_csv
2026-07-02,4COP,ARG CN,AMERIGO RESOURCES LTD,CA03074G1090,2855822,893405.0,3931070.2,0.359,USD,,CA,,equity,web_csv
2026-07-02,4COP,,CASH,CASH,,1758006.19,1758006.19,0.16,USD,,,,cash,web_csv
2026-07-02,4COP,,OTHER PAYABLE & RECEIVABLES,CASH,,621396.43,621396.43,0.057,USD,,,,cash,web_csv
2026-07-02,4COP,BVR AU,BELLAVISTA RESOURCES LTD,AU0000216913,BNNFYB1,346617.0,91330.74,0.008,USD,,AU,,equity,web_csv
2026-07-02,4COP,,BRITISH STERLING POUND,,,15458.38,20673.19,0.002,USD,,,,fx,web_csv
2026-07-02,4COP,,EURO,,,1022.47,1170.01,0.0,USD,,,,fx,web_csv
2026-07-02,4COP,,HONG KONG DOLLAR,,,632.33,80.62,0.0,USD,,,,fx,web_csv
2026-07-02,4COP,,JAPANESE YEN,,,5957.0,36.99,0.0,USD,,,,fx,web_csv
2026-07-02,4COP,,SWEDISH KRONE,,,350.27,36.27,0.0,USD,,,,fx,web_csv
2026-07-02,4COP,,SAUDI RIYAL,,,103.71,27.62,0.0,USD,,,,fx,web_csv
2026-07-02,4COP,,AUSTRALIAN DOLLAR,,,-295386.43,-204820.81,-0.019,USD,,,,fx,web_csv
2026-07-02,4COP,,CANADIAN DOLLAR,,,-529436.3,-373328.84,-0.034,USD,,,,fx,web_csv
2026-07-06,4COP,TECK/B CN,TECK RESOURCES LTD-CLS B,CA8787422044,2879327,1016034.0,62387802.0,5.555,USD,,CA,,equity,web_csv
2026-07-06,4COP,HBM CN,HUDBAY MINERALS INC,CA4436281022,B05BDX1,2625901.0,61216870.89,5.451,USD,,CA,,equity,web_csv
2026-07-06,4COP,BHP AU,BHP GROUP LTD,AU000000BHP4,6144690,1467590.0,61108857.67,5.441,USD,,AU,,equity,web_csv
2026-07-06,4COP,ANTO LN,ANTOFAGASTA PLC,GB0000456144,0045614,1152459.0,60108887.34,5.352,USD,,GB,,equity,web_csv
2026-07-06,4COP,KGH PW,KGHM POLSKA MIEDZ SA,PLKGHM000017,5263251,657787.0,57497517.45,5.12,USD,,PL,,equity,web_csv
2026-07-06,4COP,FM CN,FIRST QUANTUM MINERALS LTD,CA3359341052,2347608,2056951.0,56094719.69,4.995,USD,,CA,,equity,web_csv
2026-07-06,4COP,SCCO,SOUTHERN COPPER CORP,US84265V1052,2823777,315744.0,54898409.28,4.888,USD,,US,,equity,web_csv
2026-07-06,4COP,BOL SS,BOLIDEN AB,SE0020050417,BPYTZ57,989122.0,54491325.81,4.852,USD,,SE,,equity,web_csv
2026-07-06,4COP,GLEN LN,GLENCORE PLC,JE00B4T3BW64,B4T3BW6,7765309.0,53518090.61,4.765,USD,,JE,,equity,web_csv
2026-07-06,4COP,FCX,FREEPORT-MCMORAN INC,US35671D8570,2352118,857934.0,52333974.0,4.66,USD,,US,,equity,web_csv
2026-07-06,4COP,2899 HK,ZIJIN MINING GROUP CO LTD-H,CNE100000502,6725299,12122257.0,48224412.0,4.294,USD,,CN,,equity,web_csv
2026-07-06,4COP,LUN CN,LUNDIN MINING CORP,CA5503721063,2866857,1959063.0,47929831.55,4.268,USD,,CA,,equity,web_csv
2026-07-06,4COP,5713 JP,SUMITOMO METAL MINING CO LTD,JP3402600005,6858849,846639.0,41316504.61,3.679,USD,,JP,,equity,web_csv
2026-07-06,4COP,SFR AU,SANDFIRE RESOURCES LTD,AU000000SFR8,6739739,3008311.0,40237704.02,3.583,USD,,AU,,equity,web_csv
2026-07-06,4COP,CS CN,CAPSTONE COPPER CORP,CA14071L1085,BMY5XY9,4265473.0,39314082.56,3.501,USD,,CA,,equity,web_csv
2026-07-06,4COP,IVN CN,IVANHOE MINES LTD-CL A,CA46579R1047,BD73C40,5093128.0,37847555.51,3.37,USD,,CA,,equity,web_csv
2026-07-06,4COP,NDA GR,AURUBIS AG,DE0006766504,5485527,164725.0,33815784.67,3.011,USD,,DE,,equity,web_csv
2026-07-06,4COP,2099 HK,CHINA GOLD INTERNATIONAL RES,CA16890P1036,B60FNV8,1545978.0,28819042.13,2.566,USD,,CA,,equity,web_csv
2026-07-06,4COP,358 HK,JIANGXI COPPER CO LTD-H,CNE1000003K3,6000305,6571294.0,26208761.71,2.334,USD,,CN,,equity,web_csv
2026-07-06,4COP,1208 HK,MMG LTD,HK1208013172,6728793,25676399.0,23702903.14,2.111,USD,,HK,,equity,web_csv
2026-07-06,4COP,5711 JP,MITSUBISHI MATERIALS CORP,JP3903000002,6597089,804338.0,22915273.83,2.04,USD,,JP,,equity,web_csv
2026-07-06,4COP,ERO CN,ERO COPPER CORP,CA2960061091,BF02Z72,637084.0,16778098.03,1.494,USD,,CA,,equity,web_csv
2026-07-06,4COP,NGEX CN,NGEX MINERALS LTD,CA62930A1021,BVBCQW5,902664.0,16677453.54,1.485,USD,,CA,,equity,web_csv
2026-07-06,4COP,TGB,TREKOR METALS LTD,CA89472Y1079,BRSCTS7,2329235.0,16234767.95,1.446,USD,,CA,,equity,web_csv
2026-07-06,4COP,1258 HK,CHINA NONFERROUS MINING CORP,HK0000112026,B890GY2,8417584.0,13491231.56,1.201,USD,,HK,,equity,web_csv
2026-07-06,4COP,ALS CN,ALTIUS MINERALS CORPORATION,CA0209361009,2122355,301094.0,13488266.09,1.201,USD,,CA,,equity,web_csv
2026-07-06,4COP,3939 HK,WANGUO GOLD GROUP LTD,KYG9430L1150,BV106D0,7703550.0,9331326.18,0.831,USD,,KY,,equity,web_csv
2026-07-06,4COP,ATYM LN,ATALAYA MINING COPPER SA,CY0106002112,BYZTVM8,771911.0,8454214.24,0.753,USD,,CY,,equity,web_csv
2026-07-06,4COP,IE,IVANHOE ELECTRIC INC / US,US46578C1080,BPF0KH6,786758.0,7482068.58,0.666,USD,,US,,equity,web_csv
2026-07-06,4COP,DVP AU,DEVELOP GLOBAL LTD,AU0000179707,BNVQGB0,1665973.0,7304465.92,0.65,USD,,AU,,equity,web_csv
2026-07-06,4COP,NDM CN,NORTHERN DYNASTY MINERALS,CA66510M2040,2637848,3527680.0,6572238.47,0.585,USD,,CA,,equity,web_csv
2026-07-06,4COP,FFM AU,FIREFLY METALS LTD,AU0000313769,BPDXXB2,4791790.0,6449156.82,0.574,USD,,AU,,equity,web_csv
2026-07-06,4COP,AMAK AB,AL MASANE AL KOBRA MINING CO,SA15HG50KL10,BNNVLT6,341936.0,6328438.43,0.564,USD,,SA,,equity,web_csv
2026-07-06,4COP,FDY CN,FARADAY COPPER CORP,CA3073571034,BLNNJN8,1401765.0,6031216.11,0.537,USD,,CA,,equity,web_csv
2026-07-06,4COP,,CASH,CASH,,5239575.43,5239575.43,0.467,USD,,,,cash,web_csv
2026-07-06,4COP,SLS CN,SOLARIS RESOURCES INC,CA83419D2014,BMQ5701,604530.0,5057583.66,0.45,USD,,CA,,equity,web_csv
2026-07-06,4COP,OM CN,OSISKO METALS INC,CA6882741094,BYW9WY0,3849536.0,4952651.07,0.441,USD,,CA,,equity,web_csv
2026-07-06,4COP,1515 JP,NITTETSU MINING CO LTD,JP3680800004,6641027,271671.0,4301562.07,0.383,USD,,JP,,equity,web_csv
2026-07-06,4COP,CNL CN,COLLECTIVE MINING LTD,CA19425C1005,BN79Z49,305123.0,4122935.93,0.367,USD,,CA,,equity,web_csv
2026-07-06,4COP,ARG CN,AMERIGO RESOURCES LTD,CA03074G1090,2855822,897815.0,4121718.19,0.367,USD,,CA,,equity,web_csv
2026-07-06,4COP,BVR AU,BELLAVISTA RESOURCES LTD,AU0000216913,BNNFYB1,346617.0,94983.98,0.008,USD,,AU,,equity,web_csv
2026-07-06,4COP,,BRITISH STERLING POUND,,,15458.38,20646.96,0.002,USD,,,,fx,web_csv
2026-07-06,4COP,,EURO,,,1022.47,1167.4,0.0,USD,,,,fx,web_csv
2026-07-06,4COP,,AUSTRALIAN DOLLAR,,,553.54,384.02,0.0,USD,,,,fx,web_csv
2026-07-06,4COP,,HONG KONG DOLLAR,,,632.33,80.63,0.0,USD,,,,fx,web_csv
2026-07-06,4COP,,JAPANESE YEN,,,5956.0,36.68,0.0,USD,,,,fx,web_csv
2026-07-06,4COP,,SWEDISH KRONE,,,350.27,36.26,0.0,USD,,,,fx,web_csv
2026-07-06,4COP,,SAUDI RIYAL,,,103.71,27.62,0.0,USD,,,,fx,web_csv
2026-07-06,4COP,,OTHER PAYABLE & RECEIVABLES,CASH,,-1608566.12,-1608566.12,-0.143,USD,,,,cash,web_csv
2026-07-06,4COP,,CANADIAN DOLLAR,,,-2670720.4,-1877615.58,-0.167,USD,,,,fx,web_csv
2026-07-07,4COP,BHP AU,BHP GROUP LTD,AU000000BHP4,6144690,1467590.0,59972527.82,5.561,USD,,AU,,equity,web_csv
2026-07-07,4COP,TECK/B CN,TECK RESOURCES LTD-CLS B,CA8787422044,2879327,1016034.0,59342311.96,5.502,USD,,CA,,equity,web_csv
2026-07-07,4COP,ANTO LN,ANTOFAGASTA PLC,GB0000456144,0045614,1152459.0,58100179.45,5.387,USD,,GB,,equity,web_csv
2026-07-07,4COP,HBM CN,HUDBAY MINERALS INC,CA4436281022,B05BDX1,2625901.0,56567259.05,5.245,USD,,CA,,equity,web_csv
2026-07-07,4COP,KGH PW,KGHM POLSKA MIEDZ SA,PLKGHM000017,5263251,657787.0,55815676.16,5.175,USD,,PL,,equity,web_csv
2026-07-07,4COP,BOL SS,BOLIDEN AB,SE0020050417,BPYTZ57,989122.0,53937785.7,5.001,USD,,SE,,equity,web_csv
2026-07-07,4COP,SCCO,SOUTHERN COPPER CORP,US84265V1052,2823777,315744.0,53597544.0,4.97,USD,,US,,equity,web_csv
2026-07-07,4COP,FM CN,FIRST QUANTUM MINERALS LTD,CA3359341052,2347608,2056951.0,53091954.94,4.923,USD,,CA,,equity,web_csv
2026-07-07,4COP,GLEN LN,GLENCORE PLC,JE00B4T3BW64,B4T3BW6,7765309.0,52831238.9,4.899,USD,,JE,,equity,web_csv
2026-07-07,4COP,FCX,FREEPORT-MCMORAN INC,US35671D8570,2352118,857934.0,50901224.22,4.72,USD,,US,,equity,web_csv
2026-07-07,4COP,2899 HK,ZIJIN MINING GROUP CO LTD-H,CNE100000502,6725299,12122257.0,46680543.37,4.328,USD,,CN,,equity,web_csv
2026-07-07,4COP,LUN CN,LUNDIN MINING CORP,CA5503721063,2866857,1959063.0,45900768.12,4.256,USD,,CA,,equity,web_csv
2026-07-07,4COP,5713 JP,SUMITOMO METAL MINING CO LTD,JP3402600005,6858849,846639.0,39015718.5,3.618,USD,,JP,,equity,web_csv
2026-07-07,4COP,SFR AU,SANDFIRE RESOURCES LTD,AU000000SFR8,6739739,3008311.0,38652957.16,3.584,USD,,AU,,equity,web_csv
2026-07-07,4COP,CS CN,CAPSTONE COPPER CORP,CA14071L1085,BMY5XY9,4265473.0,37049263.56,3.435,USD,,CA,,equity,web_csv
2026-07-07,4COP,IVN CN,IVANHOE MINES LTD-CL A,CA46579R1047,BD73C40,5093128.0,36021982.4,3.34,USD,,CA,,equity,web_csv
2026-07-07,4COP,NDA GR,AURUBIS AG,DE0006766504,5485527,164725.0,32356629.16,3.0,USD,,DE,,equity,web_csv
2026-07-07,4COP,2099 HK,CHINA GOLD INTERNATIONAL RES,CA16890P1036,B60FNV8,1545978.0,27558523.99,2.555,USD,,CA,,equity,web_csv
2026-07-07,4COP,358 HK,JIANGXI COPPER CO LTD-H,CNE1000003K3,6000305,6571294.0,25556195.98,2.37,USD,,CN,,equity,web_csv
2026-07-07,4COP,1208 HK,MMG LTD,HK1208013172,6728793,25676399.0,22983528.34,2.131,USD,,HK,,equity,web_csv
2026-07-07,4COP,5711 JP,MITSUBISHI MATERIALS CORP,JP3903000002,6597089,804338.0,21652674.65,2.008,USD,,JP,,equity,web_csv
2026-07-07,4COP,ERO CN,ERO COPPER CORP,CA2960061091,BF02Z72,637084.0,15864829.98,1.471,USD,,CA,,equity,web_csv
2026-07-07,4COP,NGEX CN,NGEX MINERALS LTD,CA62930A1021,BVBCQW5,902664.0,15610863.44,1.447,USD,,CA,,equity,web_csv
2026-07-07,4COP,TGB,TREKOR METALS LTD,CA89472Y1079,BRSCTS7,2329235.0,15209904.55,1.41,USD,,CA,,equity,web_csv
2026-07-07,4COP,ALS CN,ALTIUS MINERALS CORPORATION,CA0209361009,2122355,301094.0,13004172.55,1.206,USD,,CA,,equity,web_csv
2026-07-07,4COP,1258 HK,CHINA NONFERROUS MINING CORP,HK0000112026,B890GY2,8417584.0,12869216.72,1.193,USD,,HK,,equity,web_csv
2026-07-07,4COP,3939 HK,WANGUO GOLD GROUP LTD,KYG9430L1150,BV106D0,7703550.0,8909301.69,0.826,USD,,KY,,equity,web_csv
2026-07-07,4COP,ATYM LN,ATALAYA MINING COPPER SA,CY0106002112,BYZTVM8,771911.0,8143479.8,0.755,USD,,CY,,equity,web_csv
2026-07-07,4COP,IE,IVANHOE ELECTRIC INC / US,US46578C1080,BPF0KH6,786758.0,7190968.12,0.667,USD,,US,,equity,web_csv
2026-07-07,4COP,DVP AU,DEVELOP GLOBAL LTD,AU0000179707,BNVQGB0,1665973.0,6961743.61,0.645,USD,,AU,,equity,web_csv
2026-07-07,4COP,AMAK AB,AL MASANE AL KOBRA MINING CO,SA15HG50KL10,BNNVLT6,341936.0,6302631.97,0.584,USD,,SA,,equity,web_csv
2026-07-07,4COP,FFM AU,FIREFLY METALS LTD,AU0000313769,BPDXXB2,4791790.0,6037094.6,0.56,USD,,AU,,equity,web_csv
2026-07-07,4COP,NDM CN,NORTHERN DYNASTY MINERALS,CA66510M2040,2637848,3527680.0,5864763.34,0.544,USD,,CA,,equity,web_csv
2026-07-07,4COP,FDY CN,FARADAY COPPER CORP,CA3073571034,BLNNJN8,1401765.0,5677960.45,0.526,USD,,CA,,equity,web_csv
2026-07-07,4COP,SLS CN,SOLARIS RESOURCES INC,CA83419D2014,BMQ5701,604530.0,4842031.7,0.449,USD,,CA,,equity,web_csv
2026-07-07,4COP,OM CN,OSISKO METALS INC,CA6882741094,BYW9WY0,3849536.0,4637178.37,0.43,USD,,CA,,equity,web_csv
2026-07-07,4COP,1515 JP,NITTETSU MINING CO LTD,JP3680800004,6641027,271671.0,4105474.37,0.381,USD,,JP,,equity,web_csv
2026-07-07,4COP,ARG CN,AMERIGO RESOURCES LTD,CA03074G1090,2855822,897815.0,3997175.72,0.371,USD,,CA,,equity,web_csv
2026-07-07,4COP,CNL CN,COLLECTIVE MINING LTD,CA19425C1005,BN79Z49,305123.0,3834591.47,0.356,USD,,CA,,equity,web_csv
2026-07-07,4COP,,OTHER PAYABLE & RECEIVABLES,CASH,,1890318.6,1890318.6,0.175,USD,,,,cash,web_csv
2026-07-07,4COP,BVR AU,BELLAVISTA RESOURCES LTD,AU0000216913,BNNFYB1,346617.0,95038.71,0.009,USD,,AU,,equity,web_csv
2026-07-07,4COP,,BRITISH STERLING POUND,,,15458.38,20682.6,0.002,USD,,,,fx,web_csv
2026-07-07,4COP,,EURO,,,1022.47,1169.04,0.0,USD,,,,fx,web_csv
2026-07-07,4COP,,AUSTRALIAN DOLLAR,,,553.54,384.24,0.0,USD,,,,fx,web_csv
2026-07-07,4COP,,HONG KONG DOLLAR,,,632.33,80.63,0.0,USD,,,,fx,web_csv
2026-07-07,4COP,,JAPANESE YEN,,,5956.0,36.78,0.0,USD,,,,fx,web_csv
2026-07-07,4COP,,SWEDISH KRONE,,,350.27,36.23,0.0,USD,,,,fx,web_csv
2026-07-07,4COP,,CANADIAN DOLLAR,,,40.04,28.21,0.0,USD,,,,fx,web_csv
2026-07-07,4COP,,SAUDI RIYAL,,,-116355.63,-30992.63,-0.003,USD,,,,fx,web_csv
2026-07-07,4COP,,CASH,CASH,,-119143.28,-119143.28,-0.011,USD,,,,cash,web_csv
2026-07-08,4COP,BHP AU,BHP GROUP LTD,AU000000BHP4,6144690,1470782.0,58515858.06,5.573,USD,,AU,,equity,web_csv
2026-07-08,4COP,TECK/B CN,TECK RESOURCES LTD-CLS B,CA8787422044,2879327,1018246.0,57139862.66,5.442,USD,,CA,,equity,web_csv
2026-07-08,4COP,ANTO LN,ANTOFAGASTA PLC,GB0000456144,0045614,1154967.0,54469668.24,5.188,USD,,GB,,equity,web_csv
2026-07-08,4COP,HBM CN,HUDBAY MINERALS INC,CA4436281022,B05BDX1,2631613.0,54169347.73,5.159,USD,,CA,,equity,web_csv
2026-07-08,4COP,FM CN,FIRST QUANTUM MINERALS LTD,CA3359341052,2347608,2061443.0,53950010.79,5.138,USD,,CA,,equity,web_csv
2026-07-08,4COP,SCCO,SOUTHERN COPPER CORP,US84265V1052,2823777,316428.0,52909925.88,5.039,USD,,US,,equity,web_csv
2026-07-08,4COP,KGH PW,KGHM POLSKA MIEDZ SA,PLKGHM000017,5263251,659215.0,51930592.48,4.946,USD,,PL,,equity,web_csv
2026-07-08,4COP,GLEN LN,GLENCORE PLC,JE00B4T3BW64,B4T3BW6,7782265.0,51057261.01,4.863,USD,,JE,,equity,web_csv
2026-07-08,4COP,BOL SS,BOLIDEN AB,SE0020050417,BPYTZ57,991274.0,50993066.56,4.857,USD,,SE,,equity,web_csv
2026-07-08,4COP,FCX,FREEPORT-MCMORAN INC,US35671D8570,2352118,859806.0,49438845.0,4.709,USD,,US,,equity,web_csv
2026-07-08,4COP,2899 HK,ZIJIN MINING GROUP CO LTD-H,CNE100000502,6725299,12148725.0,46086340.23,4.389,USD,,CN,,equity,web_csv
2026-07-08,4COP,LUN CN,LUNDIN MINING CORP,CA5503721063,2866857,1963339.0,44651558.52,4.253,USD,,CA,,equity,web_csv
2026-07-08,4COP,SFR AU,SANDFIRE RESOURCES LTD,AU000000SFR8,6739739,3014879.0,38126591.57,3.631,USD,,AU,,equity,web_csv
2026-07-08,4COP,5713 JP,SUMITOMO METAL MINING CO LTD,JP3402600005,6858849,848487.0,38113436.03,3.63,USD,,JP,,equity,web_csv
2026-07-08,4COP,IVN CN,IVANHOE MINES LTD-CL A,CA46579R1047,BD73C40,5104248.0,36546358.07,3.481,USD,,CA,,equity,web_csv
2026-07-08,4COP,CS CN,CAPSTONE COPPER CORP,CA14071L1085,BMY5XY9,4274785.0,36125793.1,3.441,USD,,CA,,equity,web_csv
2026-07-08,4COP,NDA GR,AURUBIS AG,DE0006766504,5485527,165085.0,30732757.66,2.927,USD,,DE,,equity,web_csv
2026-07-08,4COP,2099 HK,CHINA GOLD INTERNATIONAL RES,CA16890P1036,B60FNV8,1549354.0,27944775.39,2.662,USD,,CA,,equity,web_csv
2026-07-08,4COP,358 HK,JIANGXI COPPER CO LTD-H,CNE1000003K3,6000305,6585642.0,24831508.54,2.365,USD,,CN,,equity,web_csv
2026-07-08,4COP,1208 HK,MMG LTD,HK1208013172,6728793,25732459.0,23074758.83,2.198,USD,,HK,,equity,web_csv
2026-07-08,4COP,5711 JP,MITSUBISHI MATERIALS CORP,JP3903000002,6597089,806094.0,21086080.71,2.008,USD,,JP,,equity,web_csv
2026-07-08,4COP,NGEX CN,NGEX MINERALS LTD,CA62930A1021,BVBCQW5,904636.0,15423992.75,1.469,USD,,CA,,equity,web_csv
2026-07-08,4COP,ERO CN,ERO COPPER CORP,CA2960061091,BF02Z72,638476.0,15214248.93,1.449,USD,,CA,,equity,web_csv
2026-07-08,4COP,TGB,TREKOR METALS LTD,CA89472Y1079,BRSCTS7,2334319.0,15103043.93,1.438,USD,,CA,,equity,web_csv
2026-07-08,4COP,ALS CN,ALTIUS MINERALS CORPORATION,CA0209361009,2122355,301750.0,12929102.0,1.231,USD,,CA,,equity,web_csv
2026-07-08,4COP,1258 HK,CHINA NONFERROUS MINING CORP,HK0000112026,B890GY2,8435964.0,12805078.2,1.22,USD,,HK,,equity,web_csv
2026-07-08,4COP,3939 HK,WANGUO GOLD GROUP LTD,KYG9430L1150,BV106D0,7720190.0,9030210.63,0.86,USD,,KY,,equity,web_csv
2026-07-08,4COP,ATYM LN,ATALAYA MINING COPPER SA,CY0106002112,BYZTVM8,773595.0,7654645.25,0.729,USD,,CY,,equity,web_csv
2026-07-08,4COP,IE,IVANHOE ELECTRIC INC / US,US46578C1080,BPF0KH6,788474.0,6993764.38,0.666,USD,,US,,equity,web_csv
2026-07-08,4COP,DVP AU,DEVELOP GLOBAL LTD,AU0000179707,BNVQGB0,1669609.0,6780079.44,0.646,USD,,AU,,equity,web_csv
2026-07-08,4COP,AMAK AB,AL MASANE AL KOBRA MINING CO,SA15HG50KL10,BNNVLT6,342680.0,6287622.7,0.599,USD,,SA,,equity,web_csv
2026-07-08,4COP,FFM AU,FIREFLY METALS LTD,AU0000313769,BPDXXB2,4802254.0,5813866.83,0.554,USD,,AU,,equity,web_csv
2026-07-08,4COP,NDM CN,NORTHERN DYNASTY MINERALS,CA66510M2040,2637848,3535384.0,5711081.66,0.544,USD,,CA,,equity,web_csv
2026-07-08,4COP,FDY CN,FARADAY COPPER CORP,CA3073571034,BLNNJN8,1404825.0,5490075.13,0.523,USD,,CA,,equity,web_csv
2026-07-08,4COP,SLS CN,SOLARIS RESOURCES INC,CA83419D2014,BMQ5701,605850.0,4701149.83,0.448,USD,,CA,,equity,web_csv
2026-07-08,4COP,OM CN,OSISKO METALS INC,CA6882741094,BYW9WY0,3857940.0,4544836.2,0.433,USD,,CA,,equity,web_csv
2026-07-08,4COP,ARG CN,AMERIGO RESOURCES LTD,CA03074G1090,2855822,899775.0,4125661.33,0.393,USD,,CA,,equity,web_csv
2026-07-08,4COP,1515 JP,NITTETSU MINING CO LTD,JP3680800004,6641027,272263.0,3976169.87,0.379,USD,,JP,,equity,web_csv
2026-07-08,4COP,CNL CN,COLLECTIVE MINING LTD,CA19425C1005,BN79Z49,305791.0,3630405.28,0.346,USD,,CA,,equity,web_csv
2026-07-08,4COP,,CASH,CASH,,1867180.93,1867180.93,0.178,USD,,,,cash,web_csv
2026-07-08,4COP,,OTHER PAYABLE & RECEIVABLES,CASH,,634580.93,634580.93,0.06,USD,,,,cash,web_csv
2026-07-08,4COP,BVR AU,BELLAVISTA RESOURCES LTD,AU0000216913,BNNFYB1,346617.0,92319.3,0.009,USD,,AU,,equity,web_csv
2026-07-08,4COP,,BRITISH STERLING POUND,,,15458.38,20670.15,0.002,USD,,,,fx,web_csv
2026-07-08,4COP,,EURO,,,1022.47,1166.34,0.0,USD,,,,fx,web_csv
2026-07-08,4COP,,AUSTRALIAN DOLLAR,,,553.54,382.94,0.0,USD,,,,fx,web_csv
2026-07-08,4COP,,HONG KONG DOLLAR,,,632.33,80.66,0.0,USD,,,,fx,web_csv
2026-07-08,4COP,,JAPANESE YEN,,,5956.0,36.62,0.0,USD,,,,fx,web_csv
2026-07-08,4COP,,SWEDISH KRONE,,,350.27,36.04,0.0,USD,,,,fx,web_csv
2026-07-08,4COP,,SAUDI RIYAL,,,103.71,27.62,0.0,USD,,,,fx,web_csv
2026-07-08,4COP,,CANADIAN DOLLAR,,,-1093254.69,-771201.11,-0.073,USD,,,,fx,web_csv
2026-07-09,4COP,TECK/B CN,TECK RESOURCES LTD-CLS B,CA8787422044,2879327,1018246.0,60351147.65,5.58,USD,,CA,,equity,web_csv
2026-07-09,4COP,BHP AU,BHP GROUP LTD,AU000000BHP4,6144690,1470782.0,58036102.73,5.366,USD,,AU,,equity,web_csv
2026-07-09,4COP,ANTO LN,ANTOFAGASTA PLC,GB0000456144,0045614,1154967.0,57474587.84,5.314,USD,,GB,,equity,web_csv
2026-07-09,4COP,FM CN,FIRST QUANTUM MINERALS LTD,CA3359341052,2347608,2061443.0,56886954.12,5.26,USD,,CA,,equity,web_csv
2026-07-09,4COP,HBM CN,HUDBAY MINERALS INC,CA4436281022,B05BDX1,2631613.0,56726602.33,5.245,USD,,CA,,equity,web_csv
2026-07-09,4COP,SCCO,SOUTHERN COPPER CORP,US84265V1052,2823777,316428.0,55194536.04,5.103,USD,,US,,equity,web_csv
2026-07-09,4COP,BOL SS,BOLIDEN AB,SE0020050417,BPYTZ57,991274.0,53540242.53,4.95,USD,,SE,,equity,web_csv
2026-07-09,4COP,GLEN LN,GLENCORE PLC,JE00B4T3BW64,B4T3BW6,7782265.0,53296332.34,4.928,USD,,JE,,equity,web_csv
2026-07-09,4COP,KGH PW,KGHM POLSKA MIEDZ SA,PLKGHM000017,5263251,659215.0,53068223.06,4.907,USD,,PL,,equity,web_csv
2026-07-09,4COP,FCX,FREEPORT-MCMORAN INC,US35671D8570,2352118,859806.0,52044057.18,4.812,USD,,US,,equity,web_csv
2026-07-09,4COP,LUN CN,LUNDIN MINING CORP,CA5503721063,2866857,1963339.0,47779546.38,4.418,USD,,CA,,equity,web_csv
2026-07-09,4COP,2899 HK,ZIJIN MINING GROUP CO LTD-H,CNE100000502,6725299,12148725.0,45606161.73,4.217,USD,,CN,,equity,web_csv
2026-07-09,4COP,IVN CN,IVANHOE MINES LTD-CL A,CA46579R1047,BD73C40,5104248.0,38320126.1,3.543,USD,,CA,,equity,web_csv
2026-07-09,4COP,SFR AU,SANDFIRE RESOURCES LTD,AU000000SFR8,6739739,3014879.0,37967606.73,3.51,USD,,AU,,equity,web_csv
2026-07-09,4COP,CS CN,CAPSTONE COPPER CORP,CA14071L1085,BMY5XY9,4274785.0,37884141.54,3.503,USD,,CA,,equity,web_csv
2026-07-09,4COP,5713 JP,SUMITOMO METAL MINING CO LTD,JP3402600005,6858849,848487.0,37571187.25,3.474,USD,,JP,,equity,web_csv
2026-07-09,4COP,NDA GR,AURUBIS AG,DE0006766504,5485527,165085.0,31877050.99,2.947,USD,,DE,,equity,web_csv
2026-07-09,4COP,2099 HK,CHINA GOLD INTERNATIONAL RES,CA16890P1036,B60FNV8,1549354.0,27084534.64,2.504,USD,,CA,,equity,web_csv
2026-07-09,4COP,358 HK,JIANGXI COPPER CO LTD-H,CNE1000003K3,6000305,6585642.0,25310646.55,2.34,USD,,CN,,equity,web_csv
2026-07-09,4COP,1208 HK,MMG LTD,HK1208013172,6728793,25732459.0,22820031.91,2.11,USD,,HK,,equity,web_csv
2026-07-09,4COP,5711 JP,MITSUBISHI MATERIALS CORP,JP3903000002,6597089,806094.0,19659013.03,1.818,USD,,JP,,equity,web_csv
2026-07-09,4COP,NGEX CN,NGEX MINERALS LTD,CA62930A1021,BVBCQW5,904636.0,16385257.45,1.515,USD,,CA,,equity,web_csv
2026-07-09,4COP,TGB,TREKOR METALS LTD,CA89472Y1079,BRSCTS7,2334319.0,16340233.0,1.511,USD,,CA,,equity,web_csv
2026-07-09,4COP,ERO CN,ERO COPPER CORP,CA2960061091,BF02Z72,638476.0,15974851.97,1.477,USD,,CA,,equity,web_csv
2026-07-09,4COP,ALS CN,ALTIUS MINERALS CORPORATION,CA0209361009,2122355,301750.0,13249534.31,1.225,USD,,CA,,equity,web_csv
2026-07-09,4COP,1258 HK,CHINA NONFERROUS MINING CORP,HK0000112026,B890GY2,8435964.0,12766432.7,1.18,USD,,HK,,equity,web_csv
2026-07-09,4COP,3939 HK,WANGUO GOLD GROUP LTD,KYG9430L1150,BV106D0,7720190.0,8846153.66,0.818,USD,,KY,,equity,web_csv
2026-07-09,4COP,ATYM LN,ATALAYA MINING COPPER SA,CY0106002112,BYZTVM8,773595.0,8007993.88,0.74,USD,,CY,,equity,web_csv
2026-07-09,4COP,IE,IVANHOE ELECTRIC INC / US,US46578C1080,BPF0KH6,788474.0,7135689.7,0.66,USD,,US,,equity,web_csv
2026-07-09,4COP,DVP AU,DEVELOP GLOBAL LTD,AU0000179707,BNVQGB0,1669609.0,6672736.37,0.617,USD,,AU,,equity,web_csv
2026-07-09,4COP,AMAK AB,AL MASANE AL KOBRA MINING CO,SA15HG50KL10,BNNVLT6,342680.0,6206978.85,0.574,USD,,SA,,equity,web_csv
2026-07-09,4COP,NDM CN,NORTHERN DYNASTY MINERALS,CA66510M2040,2637848,3535384.0,6161508.89,0.57,USD,,CA,,equity,web_csv
2026-07-09,4COP,FFM AU,FIREFLY METALS LTD,AU0000313769,BPDXXB2,4802254.0,5797771.32,0.536,USD,,AU,,equity,web_csv
2026-07-09,4COP,FDY CN,FARADAY COPPER CORP,CA3073571034,BLNNJN8,1404825.0,5739239.2,0.531,USD,,CA,,equity,web_csv
2026-07-09,4COP,SLS CN,SOLARIS RESOURCES INC,CA83419D2014,BMQ5701,605850.0,4958800.49,0.458,USD,,CA,,equity,web_csv
2026-07-09,4COP,OM CN,OSISKO METALS INC,CA6882741094,BYW9WY0,3857940.0,4790950.36,0.443,USD,,CA,,equity,web_csv
2026-07-09,4COP,ARG CN,AMERIGO RESOURCES LTD,CA03074G1090,2855822,899775.0,4361583.52,0.403,USD,,CA,,equity,web_csv
2026-07-09,4COP,1515 JP,NITTETSU MINING CO LTD,JP3680800004,6641027,272263.0,3930312.38,0.363,USD,,JP,,equity,web_csv
2026-07-09,4COP,CNL CN,COLLECTIVE MINING LTD,CA19425C1005,BN79Z49,305791.0,3903164.01,0.361,USD,,CA,,equity,web_csv
2026-07-09,4COP,,OTHER PAYABLE & RECEIVABLES,CASH,,1636716.87,1636716.87,0.151,USD,,,,cash,web_csv
2026-07-09,4COP,,POLISH ZLOTY,,,791403.61,209158.54,0.019,USD,,,,fx,web_csv
2026-07-09,4COP,BVR AU,BELLAVISTA RESOURCES LTD,AU0000216913,BNNFYB1,346617.0,88985.3,0.008,USD,,AU,,equity,web_csv
2026-07-09,4COP,,BRITISH STERLING POUND,,,15458.38,20701.15,0.002,USD,,,,fx,web_csv
2026-07-09,4COP,,EURO,,,1022.47,1168.94,0.0,USD,,,,fx,web_csv
2026-07-09,4COP,,AUSTRALIAN DOLLAR,,,553.54,384.07,0.0,USD,,,,fx,web_csv
2026-07-09,4COP,,HONG KONG DOLLAR,,,632.33,80.69,0.0,USD,,,,fx,web_csv
2026-07-09,4COP,,JAPANESE YEN,,,5958.0,36.69,0.0,USD,,,,fx,web_csv
2026-07-09,4COP,,SWEDISH KRONE,,,350.27,36.24,0.0,USD,,,,fx,web_csv
2026-07-09,4COP,,CANADIAN DOLLAR,,,40.04,28.25,0.0,USD,,,,fx,web_csv
2026-07-09,4COP,,SAUDI RIYAL,,,103.71,27.63,0.0,USD,,,,fx,web_csv
2026-07-09,4COP,,CASH,CASH,,-128771.89,-128771.89,-0.012,USD,,,,cash,web_csv
2026-07-10,4COP,TECK/B CN,TECK RESOURCES LTD-CLS B,CA8787422044,2879327,1009398.0,60440473.86,5.556,USD,,CA,,equity,web_csv
2026-07-10,4COP,BHP AU,BHP GROUP LTD,AU000000BHP4,6144690,1458014.0,59018083.26,5.425,USD,,AU,,equity,web_csv
2026-07-10,4COP,ANTO LN,ANTOFAGASTA PLC,GB0000456144,0045614,1144935.0,58005986.64,5.332,USD,,GB,,equity,web_csv
2026-07-10,4COP,FM CN,FIRST QUANTUM MINERALS LTD,CA3359341052,2347608,2043475.0,56695401.93,5.212,USD,,CA,,equity,web_csv
2026-07-10,4COP,HBM CN,HUDBAY MINERALS INC,CA4436281022,B05BDX1,2608765.0,56469009.54,5.191,USD,,CA,,equity,web_csv
2026-07-10,4COP,SCCO,SOUTHERN COPPER CORP,US84265V1052,2823777,313692.0,55156464.36,5.07,USD,,US,,equity,web_csv
2026-07-10,4COP,KGH PW,KGHM POLSKA MIEDZ SA,PLKGHM000017,5263251,653503.0,53209227.12,4.891,USD,,PL,,equity,web_csv
2026-07-10,4COP,BOL SS,BOLIDEN AB,SE0020050417,BPYTZ57,982666.0,52928913.84,4.865,USD,,SE,,equity,web_csv
2026-07-10,4COP,GLEN LN,GLENCORE PLC,JE00B4T3BW64,B4T3BW6,7714441.0,52811711.4,4.855,USD,,JE,,equity,web_csv
2026-07-10,4COP,FCX,FREEPORT-MCMORAN INC,US35671D8570,2352118,852318.0,52434603.36,4.82,USD,,US,,equity,web_csv
2026-07-10,4COP,LUN CN,LUNDIN MINING CORP,CA5503721063,2866857,1946235.0,47945833.79,4.407,USD,,CA,,equity,web_csv
2026-07-10,4COP,2899 HK,ZIJIN MINING GROUP CO LTD-H,CNE100000502,6725299,12042853.0,46081757.89,4.236,USD,,CN,,equity,web_csv
2026-07-10,4COP,SFR AU,SANDFIRE RESOURCES LTD,AU000000SFR8,6739739,2988607.0,39086158.86,3.593,USD,,AU,,equity,web_csv
2026-07-10,4COP,IVN CN,IVANHOE MINES LTD-CL A,CA46579R1047,BD73C40,5059768.0,38474332.13,3.537,USD,,CA,,equity,web_csv
2026-07-10,4COP,CS CN,CAPSTONE COPPER CORP,CA14071L1085,BMY5XY9,4237537.0,38450920.52,3.535,USD,,CA,,equity,web_csv
2026-07-10,4COP,5713 JP,SUMITOMO METAL MINING CO LTD,JP3402600005,6858849,841095.0,37812242.39,3.476,USD,,JP,,equity,web_csv
2026-07-10,4COP,NDA GR,AURUBIS AG,DE0006766504,5485527,163645.0,31853041.36,2.928,USD,,DE,,equity,web_csv
2026-07-10,4COP,2099 HK,CHINA GOLD INTERNATIONAL RES,CA16890P1036,B60FNV8,1535850.0,27210056.63,2.501,USD,,CA,,equity,web_csv
2026-07-10,4COP,358 HK,JIANGXI COPPER CO LTD-H,CNE1000003K3,6000305,6528250.0,25996092.52,2.39,USD,,CN,,equity,web_csv
2026-07-10,4COP,1208 HK,MMG LTD,HK1208013172,6728793,25508219.0,23295474.3,2.141,USD,,HK,,equity,web_csv
2026-07-10,4COP,5711 JP,MITSUBISHI MATERIALS CORP,JP3903000002,6597089,799070.0,20181054.16,1.855,USD,,JP,,equity,web_csv
2026-07-10,4COP,TGB,TREKOR METALS LTD,CA89472Y1079,BRSCTS7,2313983.0,16892075.9,1.553,USD,,CA,,equity,web_csv
2026-07-10,4COP,ERO CN,ERO COPPER CORP,CA2960061091,BF02Z72,632908.0,16204555.91,1.49,USD,,CA,,equity,web_csv
2026-07-10,4COP,NGEX CN,NGEX MINERALS LTD,CA62930A1021,BVBCQW5,896748.0,16115544.78,1.481,USD,,CA,,equity,web_csv
2026-07-10,4COP,ALS CN,ALTIUS MINERALS CORPORATION,CA0209361009,2122355,299126.0,13262545.66,1.219,USD,,CA,,equity,web_csv
2026-07-10,4COP,1258 HK,CHINA NONFERROUS MINING CORP,HK0000112026,B890GY2,8362444.0,12799495.92,1.177,USD,,HK,,equity,web_csv
2026-07-10,4COP,3939 HK,WANGUO GOLD GROUP LTD,KYG9430L1150,BV106D0,7653630.0,9176429.13,0.844,USD,,KY,,equity,web_csv
2026-07-10,4COP,ATYM LN,ATALAYA MINING COPPER SA,CY0106002112,BYZTVM8,766859.0,8226887.13,0.756,USD,,CY,,equity,web_csv
2026-07-10,4COP,IE,IVANHOE ELECTRIC INC / US,US46578C1080,BPF0KH6,781610.0,7136099.3,0.656,USD,,US,,equity,web_csv
2026-07-10,4COP,DVP AU,DEVELOP GLOBAL LTD,AU0000179707,BNVQGB0,1655065.0,6931643.69,0.637,USD,,AU,,equity,web_csv
2026-07-10,4COP,AMAK AB,AL MASANE AL KOBRA MINING CO,SA15HG50KL10,BNNVLT6,342680.0,6206482.89,0.571,USD,,SA,,equity,web_csv
2026-07-10,4COP,FFM AU,FIREFLY METALS LTD,AU0000313769,BPDXXB2,4760398.0,5951406.74,0.547,USD,,AU,,equity,web_csv
2026-07-10,4COP,NDM CN,NORTHERN DYNASTY MINERALS,CA66510M2040,2637848,3504568.0,5943933.57,0.546,USD,,CA,,equity,web_csv
2026-07-10,4COP,FDY CN,FARADAY COPPER CORP,CA3073571034,BLNNJN8,1392585.0,5855539.2,0.538,USD,,CA,,equity,web_csv
2026-07-10,4COP,SLS CN,SOLARIS RESOURCES INC,CA83419D2014,BMQ5701,600570.0,4817122.72,0.443,USD,,CA,,equity,web_csv
2026-07-10,4COP,OM CN,OSISKO METALS INC,CA6882741094,BYW9WY0,3824324.0,4810640.42,0.442,USD,,CA,,equity,web_csv
2026-07-10,4COP,ARG CN,AMERIGO RESOURCES LTD,CA03074G1090,2855822,891935.0,4292482.49,0.395,USD,,CA,,equity,web_csv
2026-07-10,4COP,1515 JP,NITTETSU MINING CO LTD,JP3680800004,6641027,269895.0,4031121.37,0.371,USD,,JP,,equity,web_csv
2026-07-10,4COP,CNL CN,COLLECTIVE MINING LTD,CA19425C1005,BN79Z49,303119.0,3840799.74,0.353,USD,,CA,,equity,web_csv
2026-07-10,4COP,,CANADIAN DOLLAR,,,4644042.99,3281893.21,0.302,USD,,,,fx,web_csv
2026-07-10,4COP,,CASH,CASH,,823799.63,823799.63,0.076,USD,,,,cash,web_csv
2026-07-10,4COP,,HONG KONG DOLLAR,,,4635374.08,591239.15,0.054,USD,,,,fx,web_csv
2026-07-10,4COP,BVR AU,BELLAVISTA RESOURCES LTD,AU0000216913,BNNFYB1,346617.0,96297.21,0.009,USD,,AU,,equity,web_csv
2026-07-10,4COP,,SAUDI RIYAL,,,103.71,27.62,0.0,USD,,,,fx,web_csv
2026-07-10,4COP,,JAPANESE YEN,,,2.0,0.01,0.0,USD,,,,fx,web_csv
2026-07-10,4COP,,OTHER PAYABLE & RECEIVABLES,CASH,,-2976653.29,-2976653.29,-0.274,USD,,,,cash,web_csv
2026-07-13,4COP,TECK/B CN,TECK RESOURCES LTD-CLS B,CA8787422044,2879327,1009398.0,59069479.96,5.537,USD,,CA,,equity,web_csv
2026-07-13,4COP,BHP AU,BHP GROUP LTD,AU000000BHP4,6144690,1458014.0,58989525.9,5.53,USD,,AU,,equity,web_csv
2026-07-13,4COP,ANTO LN,ANTOFAGASTA PLC,GB0000456144,0045614,1144935.0,57814944.55,5.42,USD,,GB,,equity,web_csv
2026-07-13,4COP,SCCO,SOUTHERN COPPER CORP,US84265V1052,2823777,313692.0,54748664.76,5.132,USD,,US,,equity,web_csv
2026-07-13,4COP,HBM CN,HUDBAY MINERALS INC,CA4436281022,B05BDX1,2608765.0,54595195.14,5.118,USD,,CA,,equity,web_csv
2026-07-13,4COP,GLEN LN,GLENCORE PLC,JE00B4T3BW64,B4T3BW6,7714441.0,53092376.66,4.977,USD,,JE,,equity,web_csv
2026-07-13,4COP,KGH PW,KGHM POLSKA MIEDZ SA,PLKGHM000017,5263251,653503.0,52607129.28,4.932,USD,,PL,,equity,web_csv
2026-07-13,4COP,BOL SS,BOLIDEN AB,SE0020050417,BPYTZ57,982666.0,52194119.55,4.893,USD,,SE,,equity,web_csv
2026-07-13,4COP,FM CN,FIRST QUANTUM MINERALS LTD,CA3359341052,2347608,2043475.0,51968181.38,4.872,USD,,CA,,equity,web_csv
2026-07-13,4COP,FCX,FREEPORT-MCMORAN INC,US35671D8570,2352118,852318.0,51113510.46,4.792,USD,,US,,equity,web_csv
2026-07-13,4COP,LUN CN,LUNDIN MINING CORP,CA5503721063,2866857,1946235.0,46605613.3,4.369,USD,,CA,,equity,web_csv
2026-07-13,4COP,2899 HK,ZIJIN MINING GROUP CO LTD-H,CNE100000502,6725299,12042853.0,45387617.63,4.255,USD,,CN,,equity,web_csv
2026-07-13,4COP,SFR AU,SANDFIRE RESOURCES LTD,AU000000SFR8,6739739,2988607.0,38488191.07,3.608,USD,,AU,,equity,web_csv
2026-07-13,4COP,CS CN,CAPSTONE COPPER CORP,CA14071L1085,BMY5XY9,4237537.0,37809471.82,3.544,USD,,CA,,equity,web_csv
2026-07-13,4COP,5713 JP,SUMITOMO METAL MINING CO LTD,JP3402600005,6858849,841095.0,37068890.93,3.475,USD,,JP,,equity,web_csv
2026-07-13,4COP,IVN CN,IVANHOE MINES LTD-CL A,CA46579R1047,BD73C40,5059768.0,36774897.51,3.447,USD,,CA,,equity,web_csv
2026-07-13,4COP,NDA GR,AURUBIS AG,DE0006766504,5485527,163645.0,32493464.38,3.046,USD,,DE,,equity,web_csv
2026-07-13,4COP,2099 HK,CHINA GOLD INTERNATIONAL RES,CA16890P1036,B60FNV8,1535850.0,27354685.86,2.564,USD,,CA,,equity,web_csv
2026-07-13,4COP,358 HK,JIANGXI COPPER CO LTD-H,CNE1000003K3,6000305,6528250.0,25170320.68,2.36,USD,,CN,,equity,web_csv
2026-07-13,4COP,1208 HK,MMG LTD,HK1208013172,6728793,25508219.0,23008963.87,2.157,USD,,HK,,equity,web_csv
2026-07-13,4COP,5711 JP,MITSUBISHI MATERIALS CORP,JP3903000002,6597089,799070.0,19916464.19,1.867,USD,,JP,,equity,web_csv
2026-07-13,4COP,TGB,TREKOR METALS LTD,CA89472Y1079,BRSCTS7,2313983.0,16244160.66,1.523,USD,,CA,,equity,web_csv
2026-07-13,4COP,NGEX CN,NGEX MINERALS LTD,CA62930A1021,BVBCQW5,896748.0,15641100.93,1.466,USD,,CA,,equity,web_csv
2026-07-13,4COP,ERO CN,ERO COPPER CORP,CA2960061091,BF02Z72,632908.0,15639235.44,1.466,USD,,CA,,equity,web_csv
2026-07-13,4COP,ALS CN,ALTIUS MINERALS CORPORATION,CA0209361009,2122355,299126.0,13082532.78,1.226,USD,,CA,,equity,web_csv
2026-07-13,4COP,1258 HK,CHINA NONFERROUS MINING CORP,HK0000112026,B890GY2,8362444.0,12568285.12,1.178,USD,,HK,,equity,web_csv
2026-07-13,4COP,,OTHER PAYABLE & RECEIVABLES,CASH,,12404009.66,12404009.66,1.163,USD,,,,cash,web_csv
2026-07-13,4COP,3939 HK,WANGUO GOLD GROUP LTD,KYG9430L1150,BV106D0,7653630.0,9266829.81,0.869,USD,,KY,,equity,web_csv
2026-07-13,4COP,ATYM LN,ATALAYA MINING COPPER SA,CY0106002112,BYZTVM8,766859.0,8155018.93,0.764,USD,,CY,,equity,web_csv
2026-07-13,4COP,IE,IVANHOE ELECTRIC INC / US,US46578C1080,BPF0KH6,781610.0,6901616.3,0.647,USD,,US,,equity,web_csv
2026-07-13,4COP,DVP AU,DEVELOP GLOBAL LTD,AU0000179707,BNVQGB0,1655065.0,6622739.22,0.621,USD,,AU,,equity,web_csv
2026-07-13,4COP,AMAK AB,AL MASANE AL KOBRA MINING CO,SA15HG50KL10,BNNVLT6,339704.0,6170021.25,0.578,USD,,SA,,equity,web_csv
2026-07-13,4COP,NDM CN,NORTHERN DYNASTY MINERALS,CA66510M2040,2637848,3504568.0,5748442.99,0.539,USD,,CA,,equity,web_csv
2026-07-13,4COP,FFM AU,FIREFLY METALS LTD,AU0000313769,BPDXXB2,4760398.0,5678302.14,0.532,USD,,AU,,equity,web_csv
2026-07-13,4COP,FDY CN,FARADAY COPPER CORP,CA3073571034,BLNNJN8,1392585.0,5444708.04,0.51,USD,,CA,,equity,web_csv
2026-07-13,4COP,OM CN,OSISKO METALS INC,CA6882741094,BYW9WY0,3824324.0,4731735.72,0.444,USD,,CA,,equity,web_csv
2026-07-13,4COP,ARG CN,AMERIGO RESOURCES LTD,CA03074G1090,2855822,891935.0,4559311.4,0.427,USD,,CA,,equity,web_csv
2026-07-13,4COP,SLS CN,SOLARIS RESOURCES INC,CA83419D2014,BMQ5701,600570.0,4517862.56,0.424,USD,,CA,,equity,web_csv
2026-07-13,4COP,1515 JP,NITTETSU MINING CO LTD,JP3680800004,6641027,269895.0,3936141.9,0.369,USD,,JP,,equity,web_csv
2026-07-13,4COP,CNL CN,COLLECTIVE MINING LTD,CA19425C1005,BN79Z49,303119.0,3746125.65,0.351,USD,,CA,,equity,web_csv
2026-07-13,4COP,BVR AU,BELLAVISTA RESOURCES LTD,AU0000216913,BNNFYB1,346617.0,92545.94,0.009,USD,,AU,,equity,web_csv
2026-07-13,4COP,,EURO,,,170.88,194.89,0.0,USD,,,,fx,web_csv
2026-07-13,4COP,,HONG KONG DOLLAR,,,632.33,80.68,0.0,USD,,,,fx,web_csv
2026-07-13,4COP,,SAUDI RIYAL,,,103.71,27.62,0.0,USD,,,,fx,web_csv
2026-07-13,4COP,,CASH,CASH,,-10675125.94,-10675125.94,-1.001,USD,,,,cash,web_csv
2026-07-14,4COP,TECK/B CN,TECK RESOURCES LTD-CLS B,CA8787422044,2879327,1009398.0,60682358.16,5.442,USD,,CA,,equity,web_csv
2026-07-14,4COP,BHP AU,BHP GROUP LTD,AU000000BHP4,6144690,1458014.0,59812876.5,5.364,USD,,AU,,equity,web_csv
2026-07-14,4COP,ANTO LN,ANTOFAGASTA PLC,GB0000456144,0045614,1144935.0,58988151.45,5.29,USD,,GB,,equity,web_csv
2026-07-14,4COP,HBM CN,HUDBAY MINERALS INC,CA4436281022,B05BDX1,2608765.0,58624141.1,5.257,USD,,CA,,equity,web_csv
2026-07-14,4COP,SCCO,SOUTHERN COPPER CORP,US84265V1052,2823777,313692.0,57211146.96,5.131,USD,,US,,equity,web_csv
2026-07-14,4COP,FM CN,FIRST QUANTUM MINERALS LTD,CA3359341052,2347608,2043475.0,56605311.4,5.076,USD,,CA,,equity,web_csv
2026-07-14,4COP,KGH PW,KGHM POLSKA MIEDZ SA,PLKGHM000017,5263251,653503.0,55212701.72,4.951,USD,,PL,,equity,web_csv
2026-07-14,4COP,GLEN LN,GLENCORE PLC,JE00B4T3BW64,B4T3BW6,7714441.0,54834988.38,4.917,USD,,JE,,equity,web_csv
2026-07-14,4COP,BOL SS,BOLIDEN AB,SE0020050417,BPYTZ57,982666.0,54250682.37,4.865,USD,,SE,,equity,web_csv
2026-07-14,4COP,FCX,FREEPORT-MCMORAN INC,US35671D8570,2352118,852318.0,52673252.4,4.724,USD,,US,,equity,web_csv
2026-07-14,4COP,LUN CN,LUNDIN MINING CORP,CA5503721063,2866857,1946235.0,48969113.96,4.391,USD,,CA,,equity,web_csv
2026-07-14,4COP,2899 HK,ZIJIN MINING GROUP CO LTD-H,CNE100000502,6725299,12042853.0,46862339.44,4.202,USD,,CN,,equity,web_csv
2026-07-14,4COP,CS CN,CAPSTONE COPPER CORP,CA14071L1085,BMY5XY9,4237537.0,40242659.75,3.609,USD,,CA,,equity,web_csv
2026-07-14,4COP,SFR AU,SANDFIRE RESOURCES LTD,AU000000SFR8,6739739,2988607.0,39364168.14,3.53,USD,,AU,,equity,web_csv
2026-07-14,4COP,IVN CN,IVANHOE MINES LTD-CL A,CA46579R1047,BD73C40,5059768.0,38800852.95,3.48,USD,,CA,,equity,web_csv
2026-07-14,4COP,5713 JP,SUMITOMO METAL MINING CO LTD,JP3402600005,6858849,841095.0,38059983.67,3.413,USD,,JP,,equity,web_csv
2026-07-14,4COP,NDA GR,AURUBIS AG,DE0006766504,5485527,163645.0,33636203.62,3.016,USD,,DE,,equity,web_csv
2026-07-14,4COP,2099 HK,CHINA GOLD INTERNATIONAL RES,CA16890P1036,B60FNV8,1535850.0,29137649.27,2.613,USD,,CA,,equity,web_csv
2026-07-14,4COP,358 HK,JIANGXI COPPER CO LTD-H,CNE1000003K3,6000305,6528250.0,26802639.07,2.404,USD,,CN,,equity,web_csv
2026-07-14,4COP,1208 HK,MMG LTD,HK1208013172,6728793,25508219.0,24636031.87,2.209,USD,,HK,,equity,web_csv
2026-07-14,4COP,5711 JP,MITSUBISHI MATERIALS CORP,JP3903000002,6597089,799070.0,20523762.54,1.841,USD,,JP,,equity,web_csv
2026-07-14,4COP,TGB,TREKOR METALS LTD,CA89472Y1079,BRSCTS7,2313983.0,18442444.51,1.654,USD,,CA,,equity,web_csv
2026-07-14,4COP,ERO CN,ERO COPPER CORP,CA2960061091,BF02Z72,632908.0,16374792.08,1.468,USD,,CA,,equity,web_csv
2026-07-14,4COP,NGEX CN,NGEX MINERALS LTD,CA62930A1021,BVBCQW5,896748.0,16343363.87,1.466,USD,,CA,,equity,web_csv
2026-07-14,4COP,ALS CN,ALTIUS MINERALS CORPORATION,CA0209361009,2122355,299126.0,14052485.18,1.26,USD,,CA,,equity,web_csv
2026-07-14,4COP,1258 HK,CHINA NONFERROUS MINING CORP,HK0000112026,B890GY2,8362444.0,13432402.39,1.205,USD,,HK,,equity,web_csv
2026-07-14,4COP,3939 HK,WANGUO GOLD GROUP LTD,KYG9430L1150,BV106D0,7653630.0,9647596.89,0.865,USD,,KY,,equity,web_csv
2026-07-14,4COP,ATYM LN,ATALAYA MINING COPPER SA,CY0106002112,BYZTVM8,766859.0,8707881.29,0.781,USD,,CY,,equity,web_csv
2026-07-14,4COP,IE,IVANHOE ELECTRIC INC / US,US46578C1080,BPF0KH6,781610.0,7167363.7,0.643,USD,,US,,equity,web_csv
2026-07-14,4COP,DVP AU,DEVELOP GLOBAL LTD,AU0000179707,BNVQGB0,1655065.0,6776939.13,0.608,USD,,AU,,equity,web_csv
2026-07-14,4COP,NDM CN,NORTHERN DYNASTY MINERALS,CA66510M2040,2637848,3504568.0,6132838.19,0.55,USD,,CA,,equity,web_csv
2026-07-14,4COP,AMAK AB,AL MASANE AL KOBRA MINING CO,SA15HG50KL10,BNNVLT6,339704.0,6118470.61,0.549,USD,,SA,,equity,web_csv
2026-07-14,4COP,FFM AU,FIREFLY METALS LTD,AU0000313769,BPDXXB2,4760398.0,5804430.42,0.521,USD,,AU,,equity,web_csv
2026-07-14,4COP,FDY CN,FARADAY COPPER CORP,CA3073571034,BLNNJN8,1392585.0,5656525.24,0.507,USD,,CA,,equity,web_csv
2026-07-14,4COP,OM CN,OSISKO METALS INC,CA6882741094,BYW9WY0,3824324.0,4951285.56,0.444,USD,,CA,,equity,web_csv
2026-07-14,4COP,ARG CN,AMERIGO RESOURCES LTD,CA03074G1090,2855822,891935.0,4784058.26,0.429,USD,,CA,,equity,web_csv
2026-07-14,4COP,SLS CN,SOLARIS RESOURCES INC,CA83419D2014,BMQ5701,600570.0,4703735.16,0.422,USD,,CA,,equity,web_csv
2026-07-14,4COP,1515 JP,NITTETSU MINING CO LTD,JP3680800004,6641027,269895.0,4234267.87,0.38,USD,,JP,,equity,web_csv
2026-07-14,4COP,CNL CN,COLLECTIVE MINING LTD,CA19425C1005,BN79Z49,303119.0,3930897.65,0.353,USD,,CA,,equity,web_csv
2026-07-14,4COP,,CASH,CASH,,959733.35,959733.35,0.086,USD,,,,cash,web_csv
2026-07-14,4COP,,OTHER PAYABLE & RECEIVABLES,CASH,,810212.51,810212.51,0.073,USD,,,,cash,web_csv
2026-07-14,4COP,BVR AU,BELLAVISTA RESOURCES LTD,AU0000216913,BNNFYB1,346617.0,89613.31,0.008,USD,,AU,,equity,web_csv
2026-07-14,4COP,,SAUDI RIYAL,,,203056.76,54061.97,0.005,USD,,,,fx,web_csv
2026-07-14,4COP,,EURO,,,170.88,195.56,0.0,USD,,,,fx,web_csv
2026-07-14,4COP,,HONG KONG DOLLAR,,,632.33,80.67,0.0,USD,,,,fx,web_csv
2026-07-15,4COP,BHP AU,BHP GROUP LTD,AU000000BHP4,6144690,1458014.0,61803865.02,5.627,USD,,AU,,equity,web_csv
2026-07-15,4COP,TECK/B CN,TECK RESOURCES LTD-CLS B,CA8787422044,2879327,1009398.0,58452631.58,5.322,USD,,CA,,equity,web_csv
2026-07-15,4COP,ANTO LN,ANTOFAGASTA PLC,GB0000456144,0045614,1144935.0,57750640.54,5.258,USD,,GB,,equity,web_csv
2026-07-15,4COP,HBM CN,HUDBAY MINERALS INC,CA4436281022,B05BDX1,2608765.0,57293874.6,5.216,USD,,CA,,equity,web_csv
2026-07-15,4COP,SCCO,SOUTHERN COPPER CORP,US84265V1052,2823777,313692.0,56947645.68,5.185,USD,,US,,equity,web_csv
2026-07-15,4COP,FM CN,FIRST QUANTUM MINERALS LTD,CA3359341052,2347608,2043475.0,55887801.48,5.088,USD,,CA,,equity,web_csv
2026-07-15,4COP,KGH PW,KGHM POLSKA MIEDZ SA,PLKGHM000017,5263251,653503.0,54194154.82,4.934,USD,,PL,,equity,web_csv
2026-07-15,4COP,GLEN LN,GLENCORE PLC,JE00B4T3BW64,B4T3BW6,7714441.0,53812975.56,4.9,USD,,JE,,equity,web_csv
2026-07-15,4COP,BOL SS,BOLIDEN AB,SE0020050417,BPYTZ57,982666.0,52851080.83,4.812,USD,,SE,,equity,web_csv
2026-07-15,4COP,FCX,FREEPORT-MCMORAN INC,US35671D8570,2352118,852318.0,51965828.46,4.731,USD,,US,,equity,web_csv
2026-07-15,4COP,LUN CN,LUNDIN MINING CORP,CA5503721063,2866857,1946235.0,47743458.31,4.347,USD,,CA,,equity,web_csv
2026-07-15,4COP,2899 HK,ZIJIN MINING GROUP CO LTD-H,CNE100000502,6725299,12042853.0,46395775.02,4.224,USD,,CN,,equity,web_csv
2026-07-15,4COP,SFR AU,SANDFIRE RESOURCES LTD,AU000000SFR8,6739739,2988607.0,39787568.26,3.623,USD,,AU,,equity,web_csv
2026-07-15,4COP,CS CN,CAPSTONE COPPER CORP,CA14071L1085,BMY5XY9,4237537.0,39505913.75,3.597,USD,,CA,,equity,web_csv
2026-07-15,4COP,5713 JP,SUMITOMO METAL MINING CO LTD,JP3402600005,6858849,841095.0,38409149.04,3.497,USD,,JP,,equity,web_csv
2026-07-15,4COP,IVN CN,IVANHOE MINES LTD-CL A,CA46579R1047,BD73C40,5059768.0,37773167.51,3.439,USD,,CA,,equity,web_csv
2026-07-15,4COP,NDA GR,AURUBIS AG,DE0006766504,5485527,163645.0,33313292.7,3.033,USD,,DE,,equity,web_csv
2026-07-15,4COP,2099 HK,CHINA GOLD INTERNATIONAL RES,CA16890P1036,B60FNV8,1535850.0,27919380.15,2.542,USD,,CA,,equity,web_csv
2026-07-15,4COP,358 HK,JIANGXI COPPER CO LTD-H,CNE1000003K3,6000305,6528250.0,26532895.99,2.416,USD,,CN,,equity,web_csv
2026-07-15,4COP,1208 HK,MMG LTD,HK1208013172,6728793,25508219.0,24698126.94,2.249,USD,,HK,,equity,web_csv
2026-07-15,4COP,5711 JP,MITSUBISHI MATERIALS CORP,JP3903000002,6597089,799070.0,20906373.95,1.903,USD,,JP,,equity,web_csv
2026-07-15,4COP,TGB,TREKOR METALS LTD,CA89472Y1079,BRSCTS7,2313983.0,17216033.52,1.567,USD,,CA,,equity,web_csv
2026-07-15,4COP,ERO CN,ERO COPPER CORP,CA2960061091,BF02Z72,632908.0,16016943.73,1.458,USD,,CA,,equity,web_csv
2026-07-15,4COP,NGEX CN,NGEX MINERALS LTD,CA62930A1021,BVBCQW5,896748.0,15871702.49,1.445,USD,,CA,,equity,web_csv
2026-07-15,4COP,1258 HK,CHINA NONFERROUS MINING CORP,HK0000112026,B890GY2,8362444.0,13793480.11,1.256,USD,,HK,,equity,web_csv
2026-07-15,4COP,ALS CN,ALTIUS MINERALS CORPORATION,CA0209361009,2122355,299126.0,11931830.98,1.086,USD,,CA,,equity,web_csv
2026-07-15,4COP,3939 HK,WANGUO GOLD GROUP LTD,KYG9430L1150,BV106D0,7653630.0,9675718.47,0.881,USD,,KY,,equity,web_csv
2026-07-15,4COP,ATYM LN,ATALAYA MINING COPPER SA,CY0106002112,BYZTVM8,766859.0,8636428.14,0.786,USD,,CY,,equity,web_csv
2026-07-15,4COP,DVP AU,DEVELOP GLOBAL LTD,AU0000179707,BNVQGB0,1655065.0,6962378.05,0.634,USD,,AU,,equity,web_csv
2026-07-15,4COP,IE,IVANHOE ELECTRIC INC / US,US46578C1080,BPF0KH6,781610.0,6760926.5,0.616,USD,,US,,equity,web_csv
2026-07-15,4COP,AMAK AB,AL MASANE AL KOBRA MINING CO,SA15HG50KL10,BNNVLT6,339704.0,6210567.14,0.565,USD,,SA,,equity,web_csv
2026-07-15,4COP,FFM AU,FIREFLY METALS LTD,AU0000313769,BPDXXB2,4760398.0,6130969.59,0.558,USD,,AU,,equity,web_csv
2026-07-15,4COP,NDM CN,NORTHERN DYNASTY MINERALS,CA66510M2040,2637848,3504568.0,5935929.86,0.54,USD,,CA,,equity,web_csv
2026-07-15,4COP,FDY CN,FARADAY COPPER CORP,CA3073571034,BLNNJN8,1392585.0,5411176.1,0.493,USD,,CA,,equity,web_csv
2026-07-15,4COP,ARG CN,AMERIGO RESOURCES LTD,CA03074G1090,2855822,891935.0,4786101.06,0.436,USD,,CA,,equity,web_csv
2026-07-15,4COP,1515 JP,NITTETSU MINING CO LTD,JP3680800004,6641027,269895.0,4522803.31,0.412,USD,,JP,,equity,web_csv
2026-07-15,4COP,SLS CN,SOLARIS RESOURCES INC,CA83419D2014,BMQ5701,600570.0,4492040.49,0.409,USD,,CA,,equity,web_csv
2026-07-15,4COP,OM CN,OSISKO METALS INC,CA6882741094,BYW9WY0,3824324.0,4381853.64,0.399,USD,,CA,,equity,web_csv
2026-07-15,4COP,CNL CN,COLLECTIVE MINING LTD,CA19425C1005,BN79Z49,303119.0,3742742.52,0.341,USD,,CA,,equity,web_csv
2026-07-15,4COP,,OTHER PAYABLE & RECEIVABLES,CASH,,1485669.61,1485669.61,0.135,USD,,,,cash,web_csv
2026-07-15,4COP,,CASH,CASH,,268741.89,268741.89,0.024,USD,,,,cash,web_csv
2026-07-15,4COP,BVR AU,BELLAVISTA RESOURCES LTD,AU0000216913,BNNFYB1,346617.0,90980.68,0.008,USD,,AU,,equity,web_csv
2026-07-15,4COP,,SAUDI RIYAL,,,203191.54,54112.26,0.005,USD,,,,fx,web_csv
2026-07-15,4COP,,EURO,,,170.88,195.43,0.0,USD,,,,fx,web_csv
2026-07-15,4COP,,HONG KONG DOLLAR,,,632.33,80.67,0.0,USD,,,,fx,web_csv
2026-07-16,4COP,BHP AU,BHP GROUP LTD,AU000000BHP4,6144690,1462802.0,60596161.72,5.633,USD,,AU,,equity,web_csv
2026-07-16,4COP,TECK/B CN,TECK RESOURCES LTD-CLS B,CA8787422044,2879327,1012716.0,56595181.7,5.261,USD,,CA,,equity,web_csv
2026-07-16,4COP,ANTO LN,ANTOFAGASTA PLC,GB0000456144,0045614,1148697.0,55593358.73,5.168,USD,,GB,,equity,web_csv
2026-07-16,4COP,SCCO,SOUTHERN COPPER CORP,US84265V1052,2823777,314718.0,55283363.88,5.139,USD,,US,,equity,web_csv
2026-07-16,4COP,FM CN,FIRST QUANTUM MINERALS LTD,CA3359341052,2347608,2050213.0,54628515.28,5.078,USD,,CA,,equity,web_csv
2026-07-16,4COP,HBM CN,HUDBAY MINERALS INC,CA4436281022,B05BDX1,2617333.0,54538262.55,5.07,USD,,CA,,equity,web_csv
2026-07-16,4COP,GLEN LN,GLENCORE PLC,JE00B4T3BW64,B4T3BW6,7739875.0,53943286.25,5.014,USD,,JE,,equity,web_csv
2026-07-16,4COP,BOL SS,BOLIDEN AB,SE0020050417,BPYTZ57,985894.0,52489679.52,4.879,USD,,SE,,equity,web_csv
2026-07-16,4COP,KGH PW,KGHM POLSKA MIEDZ SA,PLKGHM000017,5263251,655645.0,52452292.44,4.876,USD,,PL,,equity,web_csv
2026-07-16,4COP,FCX,FREEPORT-MCMORAN INC,US35671D8570,2352118,855126.0,50076178.56,4.655,USD,,US,,equity,web_csv
2026-07-16,4COP,2899 HK,ZIJIN MINING GROUP CO LTD-H,CNE100000502,6725299,12082555.0,47562985.58,4.421,USD,,CN,,equity,web_csv
2026-07-16,4COP,LUN CN,LUNDIN MINING CORP,CA5503721063,2866857,1952649.0,46741122.33,4.345,USD,,CA,,equity,web_csv
2026-07-16,4COP,SFR AU,SANDFIRE RESOURCES LTD,AU000000SFR8,6739739,2998459.0,39170146.99,3.641,USD,,AU,,equity,web_csv
2026-07-16,4COP,CS CN,CAPSTONE COPPER CORP,CA14071L1085,BMY5XY9,4251505.0,37811353.93,3.515,USD,,CA,,equity,web_csv
2026-07-16,4COP,5713 JP,SUMITOMO METAL MINING CO LTD,JP3402600005,6858849,843867.0,37796099.06,3.513,USD,,JP,,equity,web_csv
2026-07-16,4COP,IVN CN,IVANHOE MINES LTD-CL A,CA46579R1047,BD73C40,5076448.0,36104009.29,3.356,USD,,CA,,equity,web_csv
2026-07-16,4COP,NDA GR,AURUBIS AG,DE0006766504,5485527,164185.0,32558943.24,3.027,USD,,DE,,equity,web_csv
2026-07-16,4COP,2099 HK,CHINA GOLD INTERNATIONAL RES,CA16890P1036,B60FNV8,1540914.0,28343799.48,2.635,USD,,CA,,equity,web_csv
2026-07-16,4COP,358 HK,JIANGXI COPPER CO LTD-H,CNE1000003K3,6000305,6549772.0,27002995.24,2.51,USD,,CN,,equity,web_csv
2026-07-16,4COP,1208 HK,MMG LTD,HK1208013172,6728793,25592309.0,24908548.13,2.315,USD,,HK,,equity,web_csv
2026-07-16,4COP,5711 JP,MITSUBISHI MATERIALS CORP,JP3903000002,6597089,801704.0,20692797.0,1.924,USD,,JP,,equity,web_csv
2026-07-16,4COP,TGB,TREKOR METALS LTD,CA89472Y1079,BRSCTS7,2321609.0,16042318.19,1.491,USD,,CA,,equity,web_csv
2026-07-16,4COP,ERO CN,ERO COPPER CORP,CA2960061091,BF02Z72,634996.0,15602823.5,1.45,USD,,CA,,equity,web_csv
2026-07-16,4COP,NGEX CN,NGEX MINERALS LTD,CA62930A1021,BVBCQW5,899706.0,15490395.13,1.44,USD,,CA,,equity,web_csv
2026-07-16,4COP,1258 HK,CHINA NONFERROUS MINING CORP,HK0000112026,B890GY2,8390014.0,13955798.25,1.297,USD,,HK,,equity,web_csv
2026-07-16,4COP,ALS CN,ALTIUS MINERALS CORPORATION,CA0209361009,2122355,300110.0,12288844.18,1.142,USD,,CA,,equity,web_csv
2026-07-16,4COP,3939 HK,WANGUO GOLD GROUP LTD,KYG9430L1150,BV106D0,7678590.0,9785012.23,0.91,USD,,KY,,equity,web_csv
2026-07-16,4COP,ATYM LN,ATALAYA MINING COPPER SA,CY0106002112,BYZTVM8,769385.0,8374950.36,0.779,USD,,CY,,equity,web_csv
2026-07-16,4COP,DVP AU,DEVELOP GLOBAL LTD,AU0000179707,BNVQGB0,1660519.0,6780951.75,0.63,USD,,AU,,equity,web_csv
2026-07-16,4COP,IE,IVANHOE ELECTRIC INC / US,US46578C1080,BPF0KH6,784184.0,6477359.84,0.602,USD,,US,,equity,web_csv
2026-07-16,4COP,AMAK AB,AL MASANE AL KOBRA MINING CO,SA15HG50KL10,BNNVLT6,340820.0,6171398.14,0.574,USD,,SA,,equity,web_csv
2026-07-16,4COP,FFM AU,FIREFLY METALS LTD,AU0000313769,BPDXXB2,4776094.0,5871218.41,0.546,USD,,AU,,equity,web_csv
2026-07-16,4COP,NDM CN,NORTHERN DYNASTY MINERALS,CA66510M2040,2637848,3516124.0,5637825.76,0.524,USD,,CA,,equity,web_csv
2026-07-16,4COP,FDY CN,FARADAY COPPER CORP,CA3073571034,BLNNJN8,1397175.0,5227271.51,0.486,USD,,CA,,equity,web_csv
2026-07-16,4COP,ARG CN,AMERIGO RESOURCES LTD,CA03074G1090,2855822,894875.0,4610686.8,0.429,USD,,CA,,equity,web_csv
2026-07-16,4COP,1515 JP,NITTETSU MINING CO LTD,JP3680800004,6641027,270783.0,4465544.21,0.415,USD,,JP,,equity,web_csv
2026-07-16,4COP,SLS CN,SOLARIS RESOURCES INC,CA83419D2014,BMQ5701,602550.0,4366957.78,0.406,USD,,CA,,equity,web_csv
2026-07-16,4COP,OM CN,OSISKO METALS INC,CA6882741094,BYW9WY0,3836930.0,4265534.15,0.397,USD,,CA,,equity,web_csv
2026-07-16,4COP,,CASH,CASH,,4076657.7,4076657.7,0.379,USD,,,,cash,web_csv
2026-07-16,4COP,CNL CN,COLLECTIVE MINING LTD,CA19425C1005,BN79Z49,304121.0,3562978.26,0.331,USD,,CA,,equity,web_csv
2026-07-16,4COP,BVR AU,BELLAVISTA RESOURCES LTD,AU0000216913,BNNFYB1,346617.0,88617.8,0.008,USD,,AU,,equity,web_csv
2026-07-16,4COP,,SAUDI RIYAL,,,203191.54,54107.22,0.005,USD,,,,fx,web_csv
2026-07-16,4COP,,EURO,,,170.88,195.54,0.0,USD,,,,fx,web_csv
2026-07-16,4COP,,HONG KONG DOLLAR,,,632.33,80.66,0.0,USD,,,,fx,web_csv
2026-07-16,4COP,,OTHER PAYABLE & RECEIVABLES,CASH,,-1153276.62,-1153276.62,-0.107,USD,,,,cash,web_csv
2026-07-16,4COP,,CANADIAN DOLLAR,,,-1646605.02,-1173422.43,-0.109,USD,,,,fx,web_csv
2026-07-17,4COP,,CURRENCY CONTRACT - JPY,,,-124188.07,,,USD,,,,residual,web_csv
2026-07-17,4COP,,CURRENCY CONTRACT - JPY,,,-68004.02,,,USD,,,,residual,web_csv
2026-07-17,4COP,,CURRENCY CONTRACT - JPY,,,-14648.04,,,USD,,,,residual,web_csv
2026-07-17,4COP,BHP AU,BHP GROUP LTD,AU000000BHP4,6144690,1462802.0,58754695.85,5.61,USD,,AU,,equity,web_csv
2026-07-17,4COP,TECK/B CN,TECK RESOURCES LTD-CLS B,CA8787422044,2879327,1012716.0,55801464.66,5.328,USD,,CA,,equity,web_csv
2026-07-17,4COP,SCCO,SOUTHERN COPPER CORP,US84265V1052,2823777,314718.0,54282560.64,5.183,USD,,US,,equity,web_csv
2026-07-17,4COP,ANTO LN,ANTOFAGASTA PLC,GB0000456144,0045614,1148697.0,53913702.97,5.148,USD,,GB,,equity,web_csv
2026-07-17,4COP,FM CN,FIRST QUANTUM MINERALS LTD,CA3359341052,2347608,2050213.0,53828607.51,5.14,USD,,CA,,equity,web_csv
2026-07-17,4COP,GLEN LN,GLENCORE PLC,JE00B4T3BW64,B4T3BW6,7739875.0,53767053.14,5.134,USD,,JE,,equity,web_csv
2026-07-17,4COP,HBM CN,HUDBAY MINERALS INC,CA4436281022,B05BDX1,2617333.0,53383319.99,5.097,USD,,CA,,equity,web_csv
2026-07-17,4COP,BOL SS,BOLIDEN AB,SE0020050417,BPYTZ57,985894.0,51543868.41,4.922,USD,,SE,,equity,web_csv
2026-07-17,4COP,KGH PW,KGHM POLSKA MIEDZ SA,PLKGHM000017,5263251,655645.0,50758609.41,4.847,USD,,PL,,equity,web_csv
2026-07-17,4COP,FCX,FREEPORT-MCMORAN INC,US35671D8570,2352118,855126.0,49922255.88,4.767,USD,,US,,equity,web_csv
2026-07-17,4COP,LUN CN,LUNDIN MINING CORP,CA5503721063,2866857,1952649.0,46208628.61,4.412,USD,,CA,,equity,web_csv
2026-07-17,4COP,2899 HK,ZIJIN MINING GROUP CO LTD-H,CNE100000502,6725299,12082555.0,45276448.38,4.323,USD,,CN,,equity,web_csv
2026-07-17,4COP,CS CN,CAPSTONE COPPER CORP,CA14071L1085,BMY5XY9,4251505.0,37046120.29,3.537,USD,,CA,,equity,web_csv
2026-07-17,4COP,SFR AU,SANDFIRE RESOURCES LTD,AU000000SFR8,6739739,2998459.0,36921885.83,3.526,USD,,AU,,equity,web_csv
2026-07-17,4COP,IVN CN,IVANHOE MINES LTD-CL A,CA46579R1047,BD73C40,5076448.0,35539664.5,3.394,USD,,CA,,equity,web_csv
2026-07-17,4COP,5713 JP,SUMITOMO METAL MINING CO LTD,JP3402600005,6858849,843867.0,35299894.7,3.371,USD,,JP,,equity,web_csv
2026-07-17,4COP,NDA GR,AURUBIS AG,DE0006766504,5485527,164185.0,32137157.52,3.069,USD,,DE,,equity,web_csv
2026-07-17,4COP,2099 HK,CHINA GOLD INTERNATIONAL RES,CA16890P1036,B60FNV8,1540914.0,26984272.77,2.577,USD,,CA,,equity,web_csv
2026-07-17,4COP,358 HK,JIANGXI COPPER CO LTD-H,CNE1000003K3,6000305,6549772.0,25546149.15,2.439,USD,,CN,,equity,web_csv
2026-07-17,4COP,1208 HK,MMG LTD,HK1208013172,6728793,25592309.0,23371375.5,2.232,USD,,HK,,equity,web_csv
2026-07-17,4COP,5711 JP,MITSUBISHI MATERIALS CORP,JP3903000002,6597089,801704.0,19596495.89,1.871,USD,,JP,,equity,web_csv
2026-07-17,4COP,TGB,TREKOR METALS LTD,CA89472Y1079,BRSCTS7,2321609.0,15740509.02,1.503,USD,,CA,,equity,web_csv
2026-07-17,4COP,NGEX CN,NGEX MINERALS LTD,CA62930A1021,BVBCQW5,899706.0,15551028.95,1.485,USD,,CA,,equity,web_csv
2026-07-17,4COP,ERO CN,ERO COPPER CORP,CA2960061091,BF02Z72,634996.0,15357726.63,1.466,USD,,CA,,equity,web_csv
2026-07-17,4COP,1258 HK,CHINA NONFERROUS MINING CORP,HK0000112026,B890GY2,8390014.0,13044522.05,1.246,USD,,HK,,equity,web_csv
2026-07-17,4COP,ALS CN,ALTIUS MINERALS CORPORATION,CA0209361009,2122355,300110.0,11912305.58,1.137,USD,,CA,,equity,web_csv
2026-07-17,4COP,3939 HK,WANGUO GOLD GROUP LTD,KYG9430L1150,BV106D0,7678590.0,9108066.81,0.87,USD,,KY,,equity,web_csv
2026-07-17,4COP,ATYM LN,ATALAYA MINING COPPER SA,CY0106002112,BYZTVM8,769385.0,8244149.57,0.787,USD,,CY,,equity,web_csv
2026-07-17,4COP,DVP AU,DEVELOP GLOBAL LTD,AU0000179707,BNVQGB0,1660519.0,6421563.68,0.613,USD,,AU,,equity,web_csv
2026-07-17,4COP,IE,IVANHOE ELECTRIC INC / US,US46578C1080,BPF0KH6,784184.0,6375415.92,0.609,USD,,US,,equity,web_csv
2026-07-17,4COP,AMAK AB,AL MASANE AL KOBRA MINING CO,SA15HG50KL10,BNNVLT6,340820.0,6170987.33,0.589,USD,,SA,,equity,web_csv
2026-07-17,4COP,NDM CN,NORTHERN DYNASTY MINERALS,CA66510M2040,2637848,3516124.0,5796429.22,0.553,USD,,CA,,equity,web_csv
2026-07-17,4COP,FFM AU,FIREFLY METALS LTD,AU0000313769,BPDXXB2,4776094.0,5517699.48,0.527,USD,,AU,,equity,web_csv
2026-07-17,4COP,FDY CN,FARADAY COPPER CORP,CA3073571034,BLNNJN8,1397175.0,5184877.79,0.495,USD,,CA,,equity,web_csv
2026-07-17,4COP,ARG CN,AMERIGO RESOURCES LTD,CA03074G1090,2855822,894875.0,4515087.42,0.431,USD,,CA,,equity,web_csv
2026-07-17,4COP,1515 JP,NITTETSU MINING CO LTD,JP3680800004,6641027,270783.0,4396482.9,0.42,USD,,JP,,equity,web_csv
2026-07-17,4COP,SLS CN,SOLARIS RESOURCES INC,CA83419D2014,BMQ5701,602550.0,4274288.67,0.408,USD,,CA,,equity,web_csv
2026-07-17,4COP,OM CN,OSISKO METALS INC,CA6882741094,BYW9WY0,3836930.0,4216857.95,0.403,USD,,CA,,equity,web_csv
2026-07-17,4COP,CNL CN,COLLECTIVE MINING LTD,CA19425C1005,BN79Z49,304121.0,3676581.44,0.351,USD,,CA,,equity,web_csv
2026-07-17,4COP,,CASH,CASH,,1254020.84,1254020.84,0.12,USD,,,,cash,web_csv
2026-07-17,4COP,,HONG KONG DOLLAR,,,3989990.81,508901.43,0.049,USD,,,,fx,web_csv
2026-07-17,4COP,BVR AU,BELLAVISTA RESOURCES LTD,AU0000216913,BNNFYB1,346617.0,81055.38,0.008,USD,,AU,,equity,web_csv
2026-07-17,4COP,,OTHER PAYABLE & RECEIVABLES,CASH,,47428.6,47428.6,0.005,USD,,,,cash,web_csv
2026-07-17,4COP,,EURO,,,170.88,195.49,0.0,USD,,,,fx,web_csv
2026-07-17,4COP,,CURRENCY CONTRACT - JPY,,,20170080.0,0.46,0.0,USD,,,,residual,web_csv
2026-07-17,4COP,,CURRENCY CONTRACT - JPY,,,11044914.0,0.25,0.0,USD,,,,residual,web_csv
2026-07-17,4COP,,CURRENCY CONTRACT - JPY,,,2379071.0,0.06,0.0,USD,,,,residual,web_csv
2026-07-17,4COP,,SAUDI RIYAL,,,-75763.4,-20173.45,-0.002,USD,,,,fx,web_csv
2026-07-20,4COP,BHP AU,BHP GROUP LTD,AU000000BHP4,6144690,1462802.0,58918797.87,5.575,USD,,AU,,equity,web_csv
2026-07-20,4COP,TECK/B CN,TECK RESOURCES LTD-CLS B,CA8787422044,2879327,1012716.0,55206962.42,5.224,USD,,CA,,equity,web_csv
2026-07-20,4COP,SCCO,SOUTHERN COPPER CORP,US84265V1052,2823777,314718.0,55097680.26,5.213,USD,,US,,equity,web_csv
2026-07-20,4COP,FM CN,FIRST QUANTUM MINERALS LTD,CA3359341052,2347608,2050213.0,54825002.97,5.187,USD,,CA,,equity,web_csv
2026-07-20,4COP,HBM CN,HUDBAY MINERALS INC,CA4436281022,B05BDX1,2617333.0,54610782.45,5.167,USD,,CA,,equity,web_csv
2026-07-20,4COP,ANTO LN,ANTOFAGASTA PLC,GB0000456144,0045614,1148697.0,53464727.52,5.059,USD,,GB,,equity,web_csv
2026-07-20,4COP,GLEN LN,GLENCORE PLC,JE00B4T3BW64,B4T3BW6,7739875.0,53220347.8,5.036,USD,,JE,,equity,web_csv
2026-07-20,4COP,BOL SS,BOLIDEN AB,SE0020050417,BPYTZ57,985894.0,51496644.81,4.872,USD,,SE,,equity,web_csv
2026-07-20,4COP,KGH PW,KGHM POLSKA MIEDZ SA,PLKGHM000017,5263251,655645.0,50667990.06,4.794,USD,,PL,,equity,web_csv
2026-07-20,4COP,FCX,FREEPORT-MCMORAN INC,US35671D8570,2352118,855126.0,50272857.54,4.757,USD,,US,,equity,web_csv
2026-07-20,4COP,LUN CN,LUNDIN MINING CORP,CA5503721063,2866857,1952649.0,47437549.51,4.488,USD,,CA,,equity,web_csv
2026-07-20,4COP,2899 HK,ZIJIN MINING GROUP CO LTD-H,CNE100000502,6725299,12082555.0,46414763.46,4.392,USD,,CN,,equity,web_csv
2026-07-20,4COP,SFR AU,SANDFIRE RESOURCES LTD,AU000000SFR8,6739739,2998459.0,37486771.9,3.547,USD,,AU,,equity,web_csv
2026-07-20,4COP,CS CN,CAPSTONE COPPER CORP,CA14071L1085,BMY5XY9,4251505.0,37322025.82,3.531,USD,,CA,,equity,web_csv
2026-07-20,4COP,IVN CN,IVANHOE MINES LTD-CL A,CA46579R1047,BD73C40,5076448.0,35643837.06,3.373,USD,,CA,,equity,web_csv
2026-07-20,4COP,5713 JP,SUMITOMO METAL MINING CO LTD,JP3402600005,6858849,843867.0,35272747.62,3.337,USD,,JP,,equity,web_csv
2026-07-20,4COP,NDA GR,AURUBIS AG,DE0006766504,5485527,164185.0,31932404.61,3.021,USD,,DE,,equity,web_csv
2026-07-20,4COP,2099 HK,CHINA GOLD INTERNATIONAL RES,CA16890P1036,B60FNV8,1540914.0,28005005.26,2.65,USD,,CA,,equity,web_csv
2026-07-20,4COP,358 HK,JIANGXI COPPER CO LTD-H,CNE1000003K3,6000305,6549772.0,25996097.9,2.46,USD,,CN,,equity,web_csv
2026-07-20,4COP,1208 HK,MMG LTD,HK1208013172,6728793,25592309.0,24186335.45,2.288,USD,,HK,,equity,web_csv
2026-07-20,4COP,5711 JP,MITSUBISHI MATERIALS CORP,JP3903000002,6597089,801704.0,19581425.37,1.853,USD,,JP,,equity,web_csv
2026-07-20,4COP,TGB,TREKOR METALS LTD,CA89472Y1079,BRSCTS7,2321609.0,16297695.18,1.542,USD,,CA,,equity,web_csv
2026-07-20,4COP,ERO CN,ERO COPPER CORP,CA2960061091,BF02Z72,634996.0,15950564.67,1.509,USD,,CA,,equity,web_csv
2026-07-20,4COP,NGEX CN,NGEX MINERALS LTD,CA62930A1021,BVBCQW5,899706.0,15533801.39,1.47,USD,,CA,,equity,web_csv
2026-07-20,4COP,1258 HK,CHINA NONFERROUS MINING CORP,HK0000112026,B890GY2,8390014.0,13878580.69,1.313,USD,,HK,,equity,web_csv
2026-07-20,4COP,ALS CN,ALTIUS MINERALS CORPORATION,CA0209361009,2122355,300110.0,12152138.58,1.15,USD,,CA,,equity,web_csv
2026-07-20,4COP,3939 HK,WANGUO GOLD GROUP LTD,KYG9430L1150,BV106D0,7678590.0,9078280.69,0.859,USD,,KY,,equity,web_csv
2026-07-20,4COP,ATYM LN,ATALAYA MINING COPPER SA,CY0106002112,BYZTVM8,769385.0,8448704.26,0.799,USD,,CY,,equity,web_csv
2026-07-20,4COP,DVP AU,DEVELOP GLOBAL LTD,AU0000179707,BNVQGB0,1660519.0,6427875.48,0.608,USD,,AU,,equity,web_csv
2026-07-20,4COP,AMAK AB,AL MASANE AL KOBRA MINING CO,SA15HG50KL10,BNNVLT6,340820.0,6371485.18,0.603,USD,,SA,,equity,web_csv
2026-07-20,4COP,IE,IVANHOE ELECTRIC INC / US,US46578C1080,BPF0KH6,784184.0,6336206.72,0.6,USD,,US,,equity,web_csv
2026-07-20,4COP,NDM CN,NORTHERN DYNASTY MINERALS,CA66510M2040,2637848,3516124.0,5678026.24,0.537,USD,,CA,,equity,web_csv
2026-07-20,4COP,FFM AU,FIREFLY METALS LTD,AU0000313769,BPDXXB2,4776094.0,5482961.39,0.519,USD,,AU,,equity,web_csv
2026-07-20,4COP,FDY CN,FARADAY COPPER CORP,CA3073571034,BLNNJN8,1397175.0,5178403.46,0.49,USD,,CA,,equity,web_csv
2026-07-20,4COP,ARG CN,AMERIGO RESOURCES LTD,CA03074G1090,2855822,894875.0,4513526.18,0.427,USD,,CA,,equity,web_csv
2026-07-20,4COP,1515 JP,NITTETSU MINING CO LTD,JP3680800004,6641027,270783.0,4393101.83,0.416,USD,,JP,,equity,web_csv
2026-07-20,4COP,SLS CN,SOLARIS RESOURCES INC,CA83419D2014,BMQ5701,602550.0,4307908.87,0.408,USD,,CA,,equity,web_csv
2026-07-20,4COP,OM CN,OSISKO METALS INC,CA6882741094,BYW9WY0,3836930.0,4258099.74,0.403,USD,,CA,,equity,web_csv
2026-07-20,4COP,CNL CN,COLLECTIVE MINING LTD,CA19425C1005,BN79Z49,304121.0,3716866.17,0.352,USD,,CA,,equity,web_csv
2026-07-20,4COP,,OTHER PAYABLE & RECEIVABLES,CASH,,1227279.45,1227279.45,0.116,USD,,,,cash,web_csv
2026-07-20,4COP,,CASH,CASH,,538401.55,538401.55,0.051,USD,,,,cash,web_csv
2026-07-20,4COP,BVR AU,BELLAVISTA RESOURCES LTD,AU0000216913,BNNFYB1,346617.0,76429.12,0.007,USD,,AU,,equity,web_csv
2026-07-20,4COP,,EURO,,,170.88,194.92,0.0,USD,,,,fx,web_csv
2026-07-20,4COP,,HONG KONG DOLLAR,,,632.33,80.65,0.0,USD,,,,fx,web_csv
2026-07-20,4COP,,JAPANESE YEN,,,1.0,0.01,0.0,USD,,,,fx,web_csv
2026-07-20,4COP,,SAUDI RIYAL,,,-75763.4,-20176.13,-0.002,USD,,,,fx,web_csv
2026-07-21,4COP,HBM CN,HUDBAY MINERALS INC,CA4436281022,B05BDX1,2617333.0,60174979.03,5.415,USD,,CA,,equity,web_csv
2026-07-21,4COP,BHP AU,BHP GROUP LTD,AU000000BHP4,6144690,1462802.0,59725232.78,5.374,USD,,AU,,equity,web_csv
2026-07-21,4COP,SCCO,SOUTHERN COPPER CORP,US84265V1052,2823777,314718.0,59170131.18,5.324,USD,,US,,equity,web_csv
2026-07-21,4COP,TECK/B CN,TECK RESOURCES LTD-CLS B,CA8787422044,2879327,1012716.0,57640553.74,5.187,USD,,CA,,equity,web_csv
2026-07-21,4COP,FM CN,FIRST QUANTUM MINERALS LTD,CA3359341052,2347608,2050213.0,57581997.9,5.181,USD,,CA,,equity,web_csv
2026-07-21,4COP,ANTO LN,ANTOFAGASTA PLC,GB0000456144,0045614,1148697.0,56319818.95,5.068,USD,,GB,,equity,web_csv
2026-07-21,4COP,GLEN LN,GLENCORE PLC,JE00B4T3BW64,B4T3BW6,7739875.0,54629907.11,4.916,USD,,JE,,equity,web_csv
2026-07-21,4COP,FCX,FREEPORT-MCMORAN INC,US35671D8570,2352118,855126.0,53496682.56,4.814,USD,,US,,equity,web_csv
2026-07-21,4COP,KGH PW,KGHM POLSKA MIEDZ SA,PLKGHM000017,5263251,655645.0,52948864.92,4.765,USD,,PL,,equity,web_csv
2026-07-21,4COP,LUN CN,LUNDIN MINING CORP,CA5503721063,2866857,1952649.0,50144663.69,4.512,USD,,CA,,equity,web_csv
2026-07-21,4COP,2899 HK,ZIJIN MINING GROUP CO LTD-H,CNE100000502,6725299,12082555.0,48567510.5,4.37,USD,,CN,,equity,web_csv
2026-07-21,4COP,BOL SS,BOLIDEN AB,SE0020050417,BPYTZ57,985894.0,48449526.06,4.36,USD,,SE,,equity,web_csv
2026-07-21,4COP,CS CN,CAPSTONE COPPER CORP,CA14071L1085,BMY5XY9,4251505.0,40395708.32,3.635,USD,,CA,,equity,web_csv
2026-07-21,4COP,IVN CN,IVANHOE MINES LTD-CL A,CA46579R1047,BD73C40,5076448.0,38796058.16,3.491,USD,,CA,,equity,web_csv
2026-07-21,4COP,SFR AU,SANDFIRE RESOURCES LTD,AU000000SFR8,6739739,2998459.0,38414047.64,3.457,USD,,AU,,equity,web_csv
2026-07-21,4COP,5713 JP,SUMITOMO METAL MINING CO LTD,JP3402600005,6858849,843867.0,37877341.59,3.408,USD,,JP,,equity,web_csv
2026-07-21,4COP,NDA GR,AURUBIS AG,DE0006766504,5485527,164185.0,32826887.9,2.954,USD,,DE,,equity,web_csv
2026-07-21,4COP,2099 HK,CHINA GOLD INTERNATIONAL RES,CA16890P1036,B60FNV8,1540914.0,30989241.57,2.789,USD,,CA,,equity,web_csv
2026-07-21,4COP,358 HK,JIANGXI COPPER CO LTD-H,CNE1000003K3,6000305,6549772.0,27981554.8,2.518,USD,,CN,,equity,web_csv
2026-07-21,4COP,1208 HK,MMG LTD,HK1208013172,6728793,25592309.0,25228406.37,2.27,USD,,HK,,equity,web_csv
2026-07-21,4COP,5711 JP,MITSUBISHI MATERIALS CORP,JP3903000002,6597089,801704.0,20281736.63,1.825,USD,,JP,,equity,web_csv
2026-07-21,4COP,TGB,TREKOR METALS LTD,CA89472Y1079,BRSCTS7,2321609.0,17922821.48,1.613,USD,,CA,,equity,web_csv
2026-07-21,4COP,ERO CN,ERO COPPER CORP,CA2960061091,BF02Z72,634996.0,17090933.67,1.538,USD,,CA,,equity,web_csv
2026-07-21,4COP,NGEX CN,NGEX MINERALS LTD,CA62930A1021,BVBCQW5,899706.0,16624689.9,1.496,USD,,CA,,equity,web_csv
2026-07-21,4COP,1258 HK,CHINA NONFERROUS MINING CORP,HK0000112026,B890GY2,8390014.0,14818809.4,1.333,USD,,HK,,equity,web_csv
2026-07-21,4COP,ALS CN,ALTIUS MINERALS CORPORATION,CA0209361009,2122355,300110.0,12468646.8,1.122,USD,,CA,,equity,web_csv
2026-07-21,4COP,3939 HK,WANGUO GOLD GROUP LTD,KYG9430L1150,BV106D0,7678590.0,9899961.09,0.891,USD,,KY,,equity,web_csv
2026-07-21,4COP,ATYM LN,ATALAYA MINING COPPER SA,CY0106002112,BYZTVM8,769385.0,9062843.42,0.816,USD,,CY,,equity,web_csv
2026-07-21,4COP,IE,IVANHOE ELECTRIC INC / US,US46578C1080,BPF0KH6,784184.0,7363487.76,0.663,USD,,US,,equity,web_csv
2026-07-21,4COP,DVP AU,DEVELOP GLOBAL LTD,AU0000179707,BNVQGB0,1660519.0,6583222.46,0.592,USD,,AU,,equity,web_csv
2026-07-21,4COP,AMAK AB,AL MASANE AL KOBRA MINING CO,SA15HG50KL10,BNNVLT6,340820.0,6418917.39,0.578,USD,,SA,,equity,web_csv
2026-07-21,4COP,NDM CN,NORTHERN DYNASTY MINERALS,CA66510M2040,2637848,3516124.0,6087878.35,0.548,USD,,CA,,equity,web_csv
2026-07-21,4COP,FFM AU,FIREFLY METALS LTD,AU0000313769,BPDXXB2,4776094.0,5570130.29,0.501,USD,,AU,,equity,web_csv
2026-07-21,4COP,FDY CN,FARADAY COPPER CORP,CA3073571034,BLNNJN8,1397175.0,5482616.82,0.493,USD,,CA,,equity,web_csv
2026-07-21,4COP,ARG CN,AMERIGO RESOURCES LTD,CA03074G1090,2855822,894875.0,4826006.74,0.434,USD,,CA,,equity,web_csv
2026-07-21,4COP,SLS CN,SOLARIS RESOURCES INC,CA83419D2014,BMQ5701,602550.0,4703246.41,0.423,USD,,CA,,equity,web_csv
2026-07-21,4COP,1515 JP,NITTETSU MINING CO LTD,JP3680800004,6641027,270783.0,4612853.98,0.415,USD,,JP,,equity,web_csv
2026-07-21,4COP,OM CN,OSISKO METALS INC,CA6882741094,BYW9WY0,3836930.0,4383507.04,0.394,USD,,CA,,equity,web_csv
2026-07-21,4COP,CNL CN,COLLECTIVE MINING LTD,CA19425C1005,BN79Z49,304121.0,3938412.81,0.354,USD,,CA,,equity,web_csv
2026-07-21,4COP,,CASH,CASH,,1535725.61,1535725.61,0.138,USD,,,,cash,web_csv
2026-07-21,4COP,,OTHER PAYABLE & RECEIVABLES,CASH,,194214.93,194214.93,0.017,USD,,,,cash,web_csv
2026-07-21,4COP,BVR AU,BELLAVISTA RESOURCES LTD,AU0000216913,BNNFYB1,346617.0,78906.26,0.007,USD,,AU,,equity,web_csv
2026-07-21,4COP,,EURO,,,170.88,194.9,0.0,USD,,,,fx,web_csv
2026-07-21,4COP,,HONG KONG DOLLAR,,,632.33,80.64,0.0,USD,,,,fx,web_csv
2026-07-21,4COP,,SAUDI RIYAL,,,238.49,63.53,0.0,USD,,,,fx,web_csv
2026-07-21,4COP,,JAPANESE YEN,,,1.0,0.01,0.0,USD,,,,fx,web_csv
2026-07-22,4COP,HBM CN,HUDBAY MINERALS INC,CA4436281022,B05BDX1,2617333.0,61528556.66,5.389,USD,,CA,,equity,web_csv
2026-07-22,4COP,SCCO,SOUTHERN COPPER CORP,US84265V1052,2823777,314718.0,61521074.64,5.388,USD,,US,,equity,web_csv
2026-07-22,4COP,BHP AU,BHP GROUP LTD,AU000000BHP4,6144690,1462802.0,61161169.2,5.357,USD,,AU,,equity,web_csv
2026-07-22,4COP,ANTO LN,ANTOFAGASTA PLC,GB0000456144,0045614,1148697.0,58319006.7,5.108,USD,,GB,,equity,web_csv
2026-07-22,4COP,TECK/B CN,TECK RESOURCES LTD-CLS B,CA8787422044,2879327,1012716.0,57996856.52,5.08,USD,,CA,,equity,web_csv
2026-07-22,4COP,FM CN,FIRST QUANTUM MINERALS LTD,CA3359341052,2347608,2050213.0,57061556.75,4.998,USD,,CA,,equity,web_csv
2026-07-22,4COP,GLEN LN,GLENCORE PLC,JE00B4T3BW64,B4T3BW6,7739875.0,55702587.14,4.879,USD,,JE,,equity,web_csv
2026-07-22,4COP,FCX,FREEPORT-MCMORAN INC,US35671D8570,2352118,855126.0,55583190.0,4.868,USD,,US,,equity,web_csv
2026-07-22,4COP,KGH PW,KGHM POLSKA MIEDZ SA,PLKGHM000017,5263251,655645.0,54364110.39,4.762,USD,,PL,,equity,web_csv
2026-07-22,4COP,LUN CN,LUNDIN MINING CORP,CA5503721063,2866857,1952649.0,51919986.55,4.547,USD,,CA,,equity,web_csv
2026-07-22,4COP,2899 HK,ZIJIN MINING GROUP CO LTD-H,CNE100000502,6725299,12082555.0,50757158.59,4.446,USD,,CN,,equity,web_csv
2026-07-22,4COP,BOL SS,BOLIDEN AB,SE0020050417,BPYTZ57,985894.0,50483029.63,4.422,USD,,SE,,equity,web_csv
2026-07-22,4COP,CS CN,CAPSTONE COPPER CORP,CA14071L1085,BMY5XY9,4251505.0,40629953.0,3.559,USD,,CA,,equity,web_csv
2026-07-22,4COP,SFR AU,SANDFIRE RESOURCES LTD,AU000000SFR8,6739739,2998459.0,39209116.91,3.434,USD,,AU,,equity,web_csv
2026-07-22,4COP,5713 JP,SUMITOMO METAL MINING CO LTD,JP3402600005,6858849,843867.0,38911889.32,3.408,USD,,JP,,equity,web_csv
2026-07-22,4COP,IVN CN,IVANHOE MINES LTD-CL A,CA46579R1047,BD73C40,5076448.0,38349537.95,3.359,USD,,CA,,equity,web_csv
2026-07-22,4COP,2099 HK,CHINA GOLD INTERNATIONAL RES,CA16890P1036,B60FNV8,1540914.0,33883087.84,2.968,USD,,CA,,equity,web_csv
2026-07-22,4COP,NDA GR,AURUBIS AG,DE0006766504,5485527,164185.0,33551874.1,2.939,USD,,DE,,equity,web_csv
2026-07-22,4COP,358 HK,JIANGXI COPPER CO LTD-H,CNE1000003K3,6000305,6549772.0,29172102.88,2.555,USD,,CN,,equity,web_csv
2026-07-22,4COP,1208 HK,MMG LTD,HK1208013172,6728793,25592309.0,27647775.88,2.422,USD,,HK,,equity,web_csv
2026-07-22,4COP,5711 JP,MITSUBISHI MATERIALS CORP,JP3903000002,6597089,801704.0,20663766.38,1.81,USD,,JP,,equity,web_csv
2026-07-22,4COP,TGB,TREKOR METALS LTD,CA89472Y1079,BRSCTS7,2321609.0,17597796.22,1.541,USD,,CA,,equity,web_csv
2026-07-22,4COP,ERO CN,ERO COPPER CORP,CA2960061091,BF02Z72,634996.0,17172776.91,1.504,USD,,CA,,equity,web_csv
2026-07-22,4COP,NGEX CN,NGEX MINERALS LTD,CA62930A1021,BVBCQW5,899706.0,16991856.01,1.488,USD,,CA,,equity,web_csv
2026-07-22,4COP,1258 HK,CHINA NONFERROUS MINING CORP,HK0000112026,B890GY2,8390014.0,15709272.03,1.376,USD,,HK,,equity,web_csv
2026-07-22,4COP,ALS CN,ALTIUS MINERALS CORPORATION,CA0209361009,2122355,300110.0,12458682.74,1.091,USD,,CA,,equity,web_csv
2026-07-22,4COP,3939 HK,WANGUO GOLD GROUP LTD,KYG9430L1150,BV106D0,7678590.0,10596832.24,0.928,USD,,KY,,equity,web_csv
2026-07-22,4COP,ATYM LN,ATALAYA MINING COPPER SA,CY0106002112,BYZTVM8,769385.0,9538978.65,0.835,USD,,CY,,equity,web_csv
2026-07-22,4COP,IE,IVANHOE ELECTRIC INC / US,US46578C1080,BPF0KH6,784184.0,7167441.76,0.628,USD,,US,,equity,web_csv
2026-07-22,4COP,DVP AU,DEVELOP GLOBAL LTD,AU0000179707,BNVQGB0,1660519.0,6726699.98,0.589,USD,,AU,,equity,web_csv
2026-07-22,4COP,AMAK AB,AL MASANE AL KOBRA MINING CO,SA15HG50KL10,BNNVLT6,340820.0,6582341.03,0.577,USD,,SA,,equity,web_csv
2026-07-22,4COP,NDM CN,NORTHERN DYNASTY MINERALS,CA66510M2040,2637848,3516124.0,6041407.28,0.529,USD,,CA,,equity,web_csv
2026-07-22,4COP,FFM AU,FIREFLY METALS LTD,AU0000313769,BPDXXB2,4776094.0,5948021.27,0.521,USD,,AU,,equity,web_csv
2026-07-22,4COP,FDY CN,FARADAY COPPER CORP,CA3073571034,BLNNJN8,1397175.0,5545250.63,0.486,USD,,CA,,equity,web_csv
2026-07-22,4COP,ARG CN,AMERIGO RESOURCES LTD,CA03074G1090,2855822,894875.0,4987588.31,0.437,USD,,CA,,equity,web_csv
2026-07-22,4COP,1515 JP,NITTETSU MINING CO LTD,JP3680800004,6641027,270783.0,4673395.33,0.409,USD,,JP,,equity,web_csv
2026-07-22,4COP,SLS CN,SOLARIS RESOURCES INC,CA83419D2014,BMQ5701,602550.0,4671693.0,0.409,USD,,CA,,equity,web_csv
2026-07-22,4COP,OM CN,OSISKO METALS INC,CA6882741094,BYW9WY0,3836930.0,4440481.31,0.389,USD,,CA,,equity,web_csv
2026-07-22,4COP,CNL CN,COLLECTIVE MINING LTD,CA19425C1005,BN79Z49,304121.0,4016223.93,0.352,USD,,CA,,equity,web_csv
2026-07-22,4COP,,CASH,CASH,,1535725.61,1535725.61,0.135,USD,,,,cash,web_csv
2026-07-22,4COP,,OTHER PAYABLE & RECEIVABLES,CASH,,783521.24,783521.24,0.069,USD,,,,cash,web_csv
2026-07-22,4COP,BVR AU,BELLAVISTA RESOURCES LTD,AU0000216913,BNNFYB1,346617.0,77603.17,0.007,USD,,AU,,equity,web_csv
2026-07-22,4COP,,BRITISH STERLING POUND,,,34946.23,46738.93,0.004,USD,,,,fx,web_csv
2026-07-22,4COP,,EURO,,,170.88,194.98,0.0,USD,,,,fx,web_csv
2026-07-22,4COP,,HONG KONG DOLLAR,,,632.33,80.65,0.0,USD,,,,fx,web_csv
2026-07-22,4COP,,SAUDI RIYAL,,,238.49,63.53,0.0,USD,,,,fx,web_csv
2026-07-23,4COP,BHP AU,BHP GROUP LTD,AU000000BHP4,6144690,1461206.0,61771232.79,5.473,USD,,AU,,equity,web_csv
2026-07-23,4COP,TECK/B CN,TECK RESOURCES LTD-CLS B,CA8787422044,2879327,1011610.0,60448858.78,5.356,USD,,CA,,equity,web_csv
2026-07-23,4COP,HBM CN,HUDBAY MINERALS INC,CA4436281022,B05BDX1,2614477.0,59072797.1,5.234,USD,,CA,,equity,web_csv
2026-07-23,4COP,SCCO,SOUTHERN COPPER CORP,US84265V1052,2823777,314376.0,57285594.72,5.076,USD,,US,,equity,web_csv
2026-07-23,4COP,FM CN,FIRST QUANTUM MINERALS LTD,CA3359341052,2347608,2047967.0,56768845.68,5.03,USD,,CA,,equity,web_csv
2026-07-23,4COP,GLEN LN,GLENCORE PLC,JE00B4T3BW64,B4T3BW6,7731397.0,55358841.03,4.905,USD,,JE,,equity,web_csv
2026-07-23,4COP,ANTO LN,ANTOFAGASTA PLC,GB0000456144,0045614,1147443.0,55328465.32,4.902,USD,,GB,,equity,web_csv
2026-07-23,4COP,FCX,FREEPORT-MCMORAN INC,US35671D8570,2352118,854190.0,54241065.0,4.806,USD,,US,,equity,web_csv
2026-07-23,4COP,KGH PW,KGHM POLSKA MIEDZ SA,PLKGHM000017,5263251,654931.0,51917253.85,4.6,USD,,PL,,equity,web_csv
2026-07-23,4COP,2899 HK,ZIJIN MINING GROUP CO LTD-H,CNE100000502,6725299,12069321.0,51594278.96,4.572,USD,,CN,,equity,web_csv
2026-07-23,4COP,LUN CN,LUNDIN MINING CORP,CA5503721063,2866857,1950511.0,50176765.67,4.446,USD,,CA,,equity,web_csv
2026-07-23,4COP,BOL SS,BOLIDEN AB,SE0020050417,BPYTZ57,984818.0,47959197.02,4.25,USD,,SE,,equity,web_csv
2026-07-23,4COP,5713 JP,SUMITOMO METAL MINING CO LTD,JP3402600005,6858849,842943.0,40631564.86,3.6,USD,,JP,,equity,web_csv
2026-07-23,4COP,SFR AU,SANDFIRE RESOURCES LTD,AU000000SFR8,6739739,2995175.0,40431030.32,3.582,USD,,AU,,equity,web_csv
2026-07-23,4COP,CS CN,CAPSTONE COPPER CORP,CA14071L1085,BMY5XY9,4246849.0,39099649.71,3.464,USD,,CA,,equity,web_csv
2026-07-23,4COP,IVN CN,IVANHOE MINES LTD-CL A,CA46579R1047,BD73C40,5070888.0,38263382.03,3.39,USD,,CA,,equity,web_csv
2026-07-23,4COP,2099 HK,CHINA GOLD INTERNATIONAL RES,CA16890P1036,B60FNV8,1539226.0,34391505.84,3.047,USD,,CA,,equity,web_csv
2026-07-23,4COP,NDA GR,AURUBIS AG,DE0006766504,5485527,164005.0,32952802.95,2.92,USD,,DE,,equity,web_csv
2026-07-23,4COP,358 HK,JIANGXI COPPER CO LTD-H,CNE1000003K3,6000305,6542598.0,30187941.42,2.675,USD,,CN,,equity,web_csv
2026-07-23,4COP,1208 HK,MMG LTD,HK1208013172,6728793,25564279.0,28494410.77,2.525,USD,,HK,,equity,web_csv
2026-07-23,4COP,5711 JP,MITSUBISHI MATERIALS CORP,JP3903000002,6597089,800826.0,20976282.33,1.859,USD,,JP,,equity,web_csv
2026-07-23,4COP,NGEX CN,NGEX MINERALS LTD,CA62930A1021,BVBCQW5,898720.0,17033415.44,1.509,USD,,CA,,equity,web_csv
2026-07-23,4COP,TGB,TREKOR METALS LTD,CA89472Y1079,BRSCTS7,2319067.0,16836426.42,1.492,USD,,CA,,equity,web_csv
2026-07-23,4COP,ERO CN,ERO COPPER CORP,CA2960061091,BF02Z72,634300.0,16745069.74,1.484,USD,,CA,,equity,web_csv
2026-07-23,4COP,1258 HK,CHINA NONFERROUS MINING CORP,HK0000112026,B890GY2,8380824.0,15829109.32,1.403,USD,,HK,,equity,web_csv
2026-07-23,4COP,ALS CN,ALTIUS MINERALS CORPORATION,CA0209361009,2122355,299782.0,12438160.0,1.102,USD,,CA,,equity,web_csv
2026-07-23,4COP,3939 HK,WANGUO GOLD GROUP LTD,KYG9430L1150,BV106D0,7670270.0,10848180.37,0.961,USD,,KY,,equity,web_csv
2026-07-23,4COP,ATYM LN,ATALAYA MINING COPPER SA,CY0106002112,BYZTVM8,768543.0,9226200.34,0.818,USD,,CY,,equity,web_csv
2026-07-23,4COP,IE,IVANHOE ELECTRIC INC / US,US46578C1080,BPF0KH6,783326.0,7096933.56,0.629,USD,,US,,equity,web_csv
2026-07-23,4COP,DVP AU,DEVELOP GLOBAL LTD,AU0000179707,BNVQGB0,1658701.0,6603762.85,0.585,USD,,AU,,equity,web_csv
2026-07-23,4COP,AMAK AB,AL MASANE AL KOBRA MINING CO,SA15HG50KL10,BNNVLT6,340448.0,6439633.42,0.571,USD,,SA,,equity,web_csv
2026-07-23,4COP,NDM CN,NORTHERN DYNASTY MINERALS,CA66510M2040,2637848,3512272.0,6058435.46,0.537,USD,,CA,,equity,web_csv
2026-07-23,4COP,FFM AU,FIREFLY METALS LTD,AU0000313769,BPDXXB2,4770862.0,5921123.38,0.525,USD,,AU,,equity,web_csv
2026-07-23,4COP,FDY CN,FARADAY COPPER CORP,CA3073571034,BLNNJN8,1395645.0,5349766.1,0.474,USD,,CA,,equity,web_csv
2026-07-23,4COP,ARG CN,AMERIGO RESOURCES LTD,CA03074G1090,2855822,893895.0,4873195.1,0.432,USD,,CA,,equity,web_csv
2026-07-23,4COP,1515 JP,NITTETSU MINING CO LTD,JP3680800004,6641027,270487.0,4707349.93,0.417,USD,,JP,,equity,web_csv
2026-07-23,4COP,SLS CN,SOLARIS RESOURCES INC,CA83419D2014,BMQ5701,601890.0,4614311.98,0.409,USD,,CA,,equity,web_csv
2026-07-23,4COP,OM CN,OSISKO METALS INC,CA6882741094,BYW9WY0,3832728.0,4325847.4,0.383,USD,,CA,,equity,web_csv
2026-07-23,4COP,CNL CN,COLLECTIVE MINING LTD,CA19425C1005,BN79Z49,303787.0,3853539.44,0.341,USD,,CA,,equity,web_csv
2026-07-23,4COP,,CASH,CASH,,1683701.03,1683701.03,0.149,USD,,,,cash,web_csv
2026-07-23,4COP,,CANADIAN DOLLAR,,,584952.8,415228.25,0.037,USD,,,,fx,web_csv
2026-07-23,4COP,,OTHER PAYABLE & RECEIVABLES,CASH,,198258.4,198258.4,0.018,USD,,,,cash,web_csv
2026-07-23,4COP,BVR AU,BELLAVISTA RESOURCES LTD,AU0000216913,BNNFYB1,346617.0,84587.3,0.007,USD,,AU,,equity,web_csv
2026-07-23,4COP,,BRITISH STERLING POUND,,,34946.23,46536.03,0.004,USD,,,,fx,web_csv
2026-07-23,4COP,,EURO,,,170.88,194.31,0.0,USD,,,,fx,web_csv
2026-07-23,4COP,,HONG KONG DOLLAR,,,632.33,80.64,0.0,USD,,,,fx,web_csv
2026-07-23,4COP,,SAUDI RIYAL,,,238.49,63.54,0.0,USD,,,,fx,web_csv
2026-07-24,4COP,TECK/B CN,TECK RESOURCES LTD-CLS B,CA8787422044,2879327,1013822.0,61204422.98,5.489,USD,,CA,,equity,web_csv
2026-07-24,4COP,BHP AU,BHP GROUP LTD,AU000000BHP4,6144690,1464398.0,60226862.65,5.401,USD,,AU,,equity,web_csv
2026-07-24,4COP,HBM CN,HUDBAY MINERALS INC,CA4436281022,B05BDX1,2620189.0,58687470.13,5.263,USD,,CA,,equity,web_csv
2026-07-24,4COP,SCCO,SOUTHERN COPPER CORP,US84265V1052,2823777,315060.0,56487107.4,5.066,USD,,US,,equity,web_csv
2026-07-24,4COP,FM CN,FIRST QUANTUM MINERALS LTD,CA3359341052,2347608,2052459.0,56145098.66,5.035,USD,,CA,,equity,web_csv
2026-07-24,4COP,ANTO LN,ANTOFAGASTA PLC,GB0000456144,0045614,1149951.0,55650700.8,4.991,USD,,GB,,equity,web_csv
2026-07-24,4COP,GLEN LN,GLENCORE PLC,JE00B4T3BW64,B4T3BW6,7748353.0,55487006.09,4.976,USD,,JE,,equity,web_csv
2026-07-24,4COP,FCX,FREEPORT-MCMORAN INC,US35671D8570,2352118,856062.0,53589481.2,4.806,USD,,US,,equity,web_csv
2026-07-24,4COP,KGH PW,KGHM POLSKA MIEDZ SA,PLKGHM000017,5263251,656359.0,52544037.9,4.712,USD,,PL,,equity,web_csv
2026-07-24,4COP,2899 HK,ZIJIN MINING GROUP CO LTD-H,CNE100000502,6725299,12095789.0,49944101.99,4.479,USD,,CN,,equity,web_csv
2026-07-24,4COP,LUN CN,LUNDIN MINING CORP,CA5503721063,2866857,1954787.0,49891733.68,4.474,USD,,CA,,equity,web_csv
2026-07-24,4COP,BOL SS,BOLIDEN AB,SE0020050417,BPYTZ57,986970.0,48942845.75,4.389,USD,,SE,,equity,web_csv
2026-07-24,4COP,CS CN,CAPSTONE COPPER CORP,CA14071L1085,BMY5XY9,4256161.0,39141629.05,3.51,USD,,CA,,equity,web_csv
2026-07-24,4COP,SFR AU,SANDFIRE RESOURCES LTD,AU000000SFR8,6739739,3001743.0,38850725.66,3.484,USD,,AU,,equity,web_csv
2026-07-24,4COP,5713 JP,SUMITOMO METAL MINING CO LTD,JP3402600005,6858849,844791.0,38487531.59,3.452,USD,,JP,,equity,web_csv
2026-07-24,4COP,IVN CN,IVANHOE MINES LTD-CL A,CA46579R1047,BD73C40,5082008.0,38291449.69,3.434,USD,,CA,,equity,web_csv
2026-07-24,4COP,NDA GR,AURUBIS AG,DE0006766504,5485527,164365.0,33459904.3,3.001,USD,,DE,,equity,web_csv
2026-07-24,4COP,2099 HK,CHINA GOLD INTERNATIONAL RES,CA16890P1036,B60FNV8,1542602.0,32948971.56,2.955,USD,,CA,,equity,web_csv
2026-07-24,4COP,358 HK,JIANGXI COPPER CO LTD-H,CNE1000003K3,6000305,6556946.0,28946884.79,2.596,USD,,CN,,equity,web_csv
2026-07-24,4COP,1208 HK,MMG LTD,HK1208013172,6728793,25620339.0,27116655.66,2.432,USD,,HK,,equity,web_csv
2026-07-24,4COP,5711 JP,MITSUBISHI MATERIALS CORP,JP3903000002,6597089,802582.0,20419289.82,1.831,USD,,JP,,equity,web_csv
2026-07-24,4COP,NGEX CN,NGEX MINERALS LTD,CA62930A1021,BVBCQW5,900692.0,16943742.56,1.52,USD,,CA,,equity,web_csv
2026-07-24,4COP,ERO CN,ERO COPPER CORP,CA2960061091,BF02Z72,635692.0,16563249.28,1.485,USD,,CA,,equity,web_csv
2026-07-24,4COP,TGB,TREKOR METALS LTD,CA89472Y1079,BRSCTS7,2324151.0,16269057.0,1.459,USD,,CA,,equity,web_csv
2026-07-24,4COP,1258 HK,CHINA NONFERROUS MINING CORP,HK0000112026,B890GY2,8399204.0,15466017.06,1.387,USD,,HK,,equity,web_csv
2026-07-24,4COP,ALS CN,ALTIUS MINERALS CORPORATION,CA0209361009,2122355,300438.0,12451487.19,1.117,USD,,CA,,equity,web_csv
2026-07-24,4COP,3939 HK,WANGUO GOLD GROUP LTD,KYG9430L1150,BV106D0,7686910.0,10645223.49,0.955,USD,,KY,,equity,web_csv
2026-07-24,4COP,ATYM LN,ATALAYA MINING COPPER SA,CY0106002112,BYZTVM8,770227.0,9290356.32,0.833,USD,,CY,,equity,web_csv
2026-07-24,4COP,IE,IVANHOE ELECTRIC INC / US,US46578C1080,BPF0KH6,785042.0,7112480.52,0.638,USD,,US,,equity,web_csv
2026-07-24,4COP,AMAK AB,AL MASANE AL KOBRA MINING CO,SA15HG50KL10,BNNVLT6,340448.0,6439118.78,0.577,USD,,SA,,equity,web_csv
2026-07-24,4COP,DVP AU,DEVELOP GLOBAL LTD,AU0000179707,BNVQGB0,1662337.0,6238468.74,0.559,USD,,AU,,equity,web_csv
2026-07-24,4COP,NDM CN,NORTHERN DYNASTY MINERALS,CA66510M2040,2637848,3519976.0,5549370.96,0.498,USD,,CA,,equity,web_csv
2026-07-24,4COP,FFM AU,FIREFLY METALS LTD,AU0000313769,BPDXXB2,4781326.0,5513367.55,0.494,USD,,AU,,equity,web_csv
2026-07-24,4COP,FDY CN,FARADAY COPPER CORP,CA3073571034,BLNNJN8,1398705.0,5194920.39,0.466,USD,,CA,,equity,web_csv
2026-07-24,4COP,ARG CN,AMERIGO RESOURCES LTD,CA03074G1090,2855822,895855.0,4835065.87,0.434,USD,,CA,,equity,web_csv
2026-07-24,4COP,SLS CN,SOLARIS RESOURCES INC,CA83419D2014,BMQ5701,603210.0,4622118.31,0.415,USD,,CA,,equity,web_csv
2026-07-24,4COP,1515 JP,NITTETSU MINING CO LTD,JP3680800004,6641027,271079.0,4602275.61,0.413,USD,,JP,,equity,web_csv
2026-07-24,4COP,OM CN,OSISKO METALS INC,CA6882741094,BYW9WY0,3841132.0,4555402.79,0.409,USD,,CA,,equity,web_csv
2026-07-24,4COP,CNL CN,COLLECTIVE MINING LTD,CA19425C1005,BN79Z49,304455.0,3876631.15,0.348,USD,,CA,,equity,web_csv
2026-07-24,4COP,,CASH,CASH,,2302952.07,2302952.07,0.207,USD,,,,cash,web_csv
2026-07-24,4COP,,OTHER PAYABLE & RECEIVABLES,CASH,,866512.74,866512.74,0.078,USD,,,,cash,web_csv
2026-07-24,4COP,BVR AU,BELLAVISTA RESOURCES LTD,AU0000216913,BNNFYB1,346617.0,79937.11,0.007,USD,,AU,,equity,web_csv
2026-07-24,4COP,,SAUDI RIYAL,,,26611.08,7088.92,0.001,USD,,,,fx,web_csv
2026-07-24,4COP,,EURO,,,170.88,194.44,0.0,USD,,,,fx,web_csv
2026-07-24,4COP,,HONG KONG DOLLAR,,,632.33,80.63,0.0,USD,,,,fx,web_csv
2026-07-24,4COP,,CANADIAN DOLLAR,,,-1163423.05,-826206.76,-0.074,USD,,,,fx,web_csv
2026-07-27,4COP,BHP AU,BHP GROUP LTD,AU000000BHP4,6144690,1464398.0,61541374.59,5.514,USD,,AU,,equity,web_csv
2026-07-27,4COP,TECK/B CN,TECK RESOURCES LTD-CLS B,CA8787422044,2879327,1013822.0,60570001.09,5.427,USD,,CA,,equity,web_csv
2026-07-27,4COP,HBM CN,HUDBAY MINERALS INC,CA4436281022,B05BDX1,2620189.0,58610101.48,5.251,USD,,CA,,equity,web_csv
2026-07-27,4COP,SCCO,SOUTHERN COPPER CORP,US84265V1052,2823777,315060.0,56496559.2,5.062,USD,,US,,equity,web_csv
2026-07-27,4COP,FM CN,FIRST QUANTUM MINERALS LTD,CA3359341052,2347608,2052459.0,55843288.77,5.003,USD,,CA,,equity,web_csv
2026-07-27,4COP,ANTO LN,ANTOFAGASTA PLC,GB0000456144,0045614,1149951.0,54316710.8,4.866,USD,,GB,,equity,web_csv
2026-07-27,4COP,FCX,FREEPORT-MCMORAN INC,US35671D8570,2352118,856062.0,53692208.64,4.81,USD,,US,,equity,web_csv
2026-07-27,4COP,GLEN LN,GLENCORE PLC,JE00B4T3BW64,B4T3BW6,7748353.0,53501244.26,4.793,USD,,JE,,equity,web_csv
2026-07-27,4COP,KGH PW,KGHM POLSKA MIEDZ SA,PLKGHM000017,5263251,656359.0,52246193.67,4.681,USD,,PL,,equity,web_csv
2026-07-27,4COP,2899 HK,ZIJIN MINING GROUP CO LTD-H,CNE100000502,6725299,12095789.0,50405226.12,4.516,USD,,CN,,equity,web_csv
2026-07-27,4COP,LUN CN,LUNDIN MINING CORP,CA5503721063,2866857,1954787.0,49432350.61,4.429,USD,,CA,,equity,web_csv
2026-07-27,4COP,BOL SS,BOLIDEN AB,SE0020050417,BPYTZ57,986970.0,48068186.26,4.307,USD,,SE,,equity,web_csv
2026-07-27,4COP,SFR AU,SANDFIRE RESOURCES LTD,AU000000SFR8,6739739,3001743.0,40384263.56,3.618,USD,,AU,,equity,web_csv
2026-07-27,4COP,5713 JP,SUMITOMO METAL MINING CO LTD,JP3402600005,6858849,844791.0,40169173.52,3.599,USD,,JP,,equity,web_csv
2026-07-27,4COP,CS CN,CAPSTONE COPPER CORP,CA14071L1085,BMY5XY9,4256161.0,39595701.94,3.548,USD,,CA,,equity,web_csv
2026-07-27,4COP,IVN CN,IVANHOE MINES LTD-CL A,CA46579R1047,BD73C40,5082008.0,38708744.11,3.468,USD,,CA,,equity,web_csv
2026-07-27,4COP,2099 HK,CHINA GOLD INTERNATIONAL RES,CA16890P1036,B60FNV8,1542602.0,33479022.02,3.0,USD,,CA,,equity,web_csv
2026-07-27,4COP,NDA GR,AURUBIS AG,DE0006766504,5485527,164365.0,32914493.57,2.949,USD,,DE,,equity,web_csv
2026-07-27,4COP,358 HK,JIANGXI COPPER CO LTD-H,CNE1000003K3,6000305,6556946.0,29347292.5,2.629,USD,,CN,,equity,web_csv
2026-07-27,4COP,1208 HK,MMG LTD,HK1208013172,6728793,25620339.0,27246469.73,2.441,USD,,HK,,equity,web_csv
2026-07-27,4COP,5711 JP,MITSUBISHI MATERIALS CORP,JP3903000002,6597089,802582.0,20706100.89,1.855,USD,,JP,,equity,web_csv
2026-07-27,4COP,NGEX CN,NGEX MINERALS LTD,CA62930A1021,BVBCQW5,900692.0,16681963.28,1.495,USD,,CA,,equity,web_csv
2026-07-27,4COP,ERO CN,ERO COPPER CORP,CA2960061091,BF02Z72,635692.0,16633794.28,1.49,USD,,CA,,equity,web_csv
2026-07-27,4COP,TGB,TREKOR METALS LTD,CA89472Y1079,BRSCTS7,2324151.0,16524713.61,1.481,USD,,CA,,equity,web_csv
2026-07-27,4COP,1258 HK,CHINA NONFERROUS MINING CORP,HK0000112026,B890GY2,8399204.0,15626176.97,1.4,USD,,HK,,equity,web_csv
2026-07-27,4COP,ALS CN,ALTIUS MINERALS CORPORATION,CA0209361009,2122355,300438.0,12553107.92,1.125,USD,,CA,,equity,web_csv
2026-07-27,4COP,3939 HK,WANGUO GOLD GROUP LTD,KYG9430L1150,BV106D0,7686910.0,9576474.95,0.858,USD,,KY,,equity,web_csv
2026-07-27,4COP,ATYM LN,ATALAYA MINING COPPER SA,CY0106002112,BYZTVM8,770227.0,9277066.05,0.831,USD,,CY,,equity,web_csv
2026-07-27,4COP,IE,IVANHOE ELECTRIC INC / US,US46578C1080,BPF0KH6,785042.0,7269488.92,0.651,USD,,US,,equity,web_csv
2026-07-27,4COP,AMAK AB,AL MASANE AL KOBRA MINING CO,SA15HG50KL10,BNNVLT6,341192.0,6571347.56,0.589,USD,,SA,,equity,web_csv
2026-07-27,4COP,DVP AU,DEVELOP GLOBAL LTD,AU0000179707,BNVQGB0,1662337.0,6532643.83,0.585,USD,,AU,,equity,web_csv
2026-07-27,4COP,FFM AU,FIREFLY METALS LTD,AU0000313769,BPDXXB2,4781326.0,5867580.68,0.526,USD,,AU,,equity,web_csv
2026-07-27,4COP,NDM CN,NORTHERN DYNASTY MINERALS,CA66510M2040,2637848,3519976.0,5437026.73,0.487,USD,,CA,,equity,web_csv
2026-07-27,4COP,FDY CN,FARADAY COPPER CORP,CA3073571034,BLNNJN8,1398705.0,5292156.23,0.474,USD,,CA,,equity,web_csv
2026-07-27,4COP,1515 JP,NITTETSU MINING CO LTD,JP3680800004,6641027,271079.0,4816422.73,0.432,USD,,JP,,equity,web_csv
2026-07-27,4COP,SLS CN,SOLARIS RESOURCES INC,CA83419D2014,BMQ5701,603210.0,4718488.26,0.423,USD,,CA,,equity,web_csv
2026-07-27,4COP,ARG CN,AMERIGO RESOURCES LTD,CA03074G1090,2855822,895855.0,4716195.59,0.423,USD,,CA,,equity,web_csv
2026-07-27,4COP,OM CN,OSISKO METALS INC,CA6882741094,BYW9WY0,3841132.0,4490642.15,0.402,USD,,CA,,equity,web_csv
2026-07-27,4COP,CNL CN,COLLECTIVE MINING LTD,CA19425C1005,BN79Z49,304455.0,3917456.9,0.351,USD,,CA,,equity,web_csv
2026-07-27,4COP,,CASH,CASH,,1593694.38,1593694.38,0.143,USD,,,,cash,web_csv
2026-07-27,4COP,,OTHER PAYABLE & RECEIVABLES,CASH,,689062.19,689062.19,0.062,USD,,,,cash,web_csv
2026-07-27,4COP,BVR AU,BELLAVISTA RESOURCES LTD,AU0000216913,BNNFYB1,346617.0,84830.4,0.008,USD,,AU,,equity,web_csv
2026-07-27,4COP,,SAUDI RIYAL,,,26611.08,7088.92,0.001,USD,,,,fx,web_csv
2026-07-27,4COP,,EURO,,,170.88,194.32,0.0,USD,,,,fx,web_csv
2026-07-27,4COP,,HONG KONG DOLLAR,,,632.33,80.63,0.0,USD,,,,fx,web_csv
2026-07-28,4COP,BHP AU,BHP GROUP LTD,AU000000BHP4,6144690,1464398.0,60576147.03,5.533,USD,,AU,,equity,web_csv
2026-07-28,4COP,TECK/B CN,TECK RESOURCES LTD-CLS B,CA8787422044,2879327,1013822.0,59494520.86,5.435,USD,,CA,,equity,web_csv
2026-07-28,4COP,HBM CN,HUDBAY MINERALS INC,CA4436281022,B05BDX1,2620189.0,57142765.53,5.22,USD,,CA,,equity,web_csv
2026-07-28,4COP,SCCO,SOUTHERN COPPER CORP,US84265V1052,2823777,315060.0,56383137.6,5.15,USD,,US,,equity,web_csv
2026-07-28,4COP,FM CN,FIRST QUANTUM MINERALS LTD,CA3359341052,2347608,2052459.0,54583811.61,4.986,USD,,CA,,equity,web_csv
2026-07-28,4COP,ANTO LN,ANTOFAGASTA PLC,GB0000456144,0045614,1149951.0,54428405.43,4.972,USD,,GB,,equity,web_csv
2026-07-28,4COP,FCX,FREEPORT-MCMORAN INC,US35671D8570,2352118,856062.0,52767661.68,4.82,USD,,US,,equity,web_csv
2026-07-28,4COP,GLEN LN,GLENCORE PLC,JE00B4T3BW64,B4T3BW6,7748353.0,52163070.8,4.765,USD,,JE,,equity,web_csv
2026-07-28,4COP,KGH PW,KGHM POLSKA MIEDZ SA,PLKGHM000017,5263251,656359.0,50515719.05,4.614,USD,,PL,,equity,web_csv
2026-07-28,4COP,2899 HK,ZIJIN MINING GROUP CO LTD-H,CNE100000502,6725299,12095789.0,50039519.63,4.571,USD,,CN,,equity,web_csv
2026-07-28,4COP,LUN CN,LUNDIN MINING CORP,CA5503721063,2866857,1954787.0,48119539.61,4.396,USD,,CA,,equity,web_csv
2026-07-28,4COP,BOL SS,BOLIDEN AB,SE0020050417,BPYTZ57,986970.0,47250642.53,4.316,USD,,SE,,equity,web_csv
2026-07-28,4COP,CS CN,CAPSTONE COPPER CORP,CA14071L1085,BMY5XY9,4256161.0,39560615.91,3.614,USD,,CA,,equity,web_csv
2026-07-28,4COP,SFR AU,SANDFIRE RESOURCES LTD,AU000000SFR8,6739739,3001743.0,38545555.79,3.521,USD,,AU,,equity,web_csv
2026-07-28,4COP,IVN CN,IVANHOE MINES LTD-CL A,CA46579R1047,BD73C40,5082008.0,38481226.16,3.515,USD,,CA,,equity,web_csv
2026-07-28,4COP,5713 JP,SUMITOMO METAL MINING CO LTD,JP3402600005,6858849,844791.0,37962110.9,3.468,USD,,JP,,equity,web_csv
2026-07-28,4COP,2099 HK,CHINA GOLD INTERNATIONAL RES,CA16890P1036,B60FNV8,1542602.0,33796765.13,3.087,USD,,CA,,equity,web_csv
2026-07-28,4COP,NDA GR,AURUBIS AG,DE0006766504,5485527,164365.0,32713177.04,2.988,USD,,DE,,equity,web_csv
2026-07-28,4COP,358 HK,JIANGXI COPPER CO LTD-H,CNE1000003K3,6000305,6556946.0,28630797.62,2.615,USD,,CN,,equity,web_csv
2026-07-28,4COP,1208 HK,MMG LTD,HK1208013172,6728793,25620339.0,26595451.09,2.429,USD,,HK,,equity,web_csv
2026-07-28,4COP,5711 JP,MITSUBISHI MATERIALS CORP,JP3903000002,6597089,802582.0,19756618.08,1.805,USD,,JP,,equity,web_csv
2026-07-28,4COP,NGEX CN,NGEX MINERALS LTD,CA62930A1021,BVBCQW5,900692.0,16303071.19,1.489,USD,,CA,,equity,web_csv
2026-07-28,4COP,ERO CN,ERO COPPER CORP,CA2960061091,BF02Z72,635692.0,16301875.03,1.489,USD,,CA,,equity,web_csv
2026-07-28,4COP,TGB,TREKOR METALS LTD,CA89472Y1079,BRSCTS7,2324151.0,15990158.88,1.461,USD,,CA,,equity,web_csv
2026-07-28,4COP,1258 HK,CHINA NONFERROUS MINING CORP,HK0000112026,B890GY2,8399204.0,15188414.63,1.387,USD,,HK,,equity,web_csv
2026-07-28,4COP,ALS CN,ALTIUS MINERALS CORPORATION,CA0209361009,2122355,300438.0,12152141.44,1.11,USD,,CA,,equity,web_csv
2026-07-28,4COP,3939 HK,WANGUO GOLD GROUP LTD,KYG9430L1150,BV106D0,7686910.0,9498907.47,0.868,USD,,KY,,equity,web_csv
2026-07-28,4COP,ATYM LN,ATALAYA MINING COPPER SA,CY0106002112,BYZTVM8,770227.0,9116475.4,0.833,USD,,CY,,equity,web_csv
2026-07-28,4COP,IE,IVANHOE ELECTRIC INC / US,US46578C1080,BPF0KH6,785042.0,7128181.36,0.651,USD,,US,,equity,web_csv
2026-07-28,4COP,AMAK AB,AL MASANE AL KOBRA MINING CO,SA15HG50KL10,BNNVLT6,341192.0,6666604.48,0.609,USD,,SA,,equity,web_csv
2026-07-28,4COP,DVP AU,DEVELOP GLOBAL LTD,AU0000179707,BNVQGB0,1662337.0,6462919.41,0.59,USD,,AU,,equity,web_csv
2026-07-28,4COP,FFM AU,FIREFLY METALS LTD,AU0000313769,BPDXXB2,4781326.0,5846567.22,0.534,USD,,AU,,equity,web_csv
2026-07-28,4COP,NDM CN,NORTHERN DYNASTY MINERALS,CA66510M2040,2637848,3519976.0,5141019.22,0.47,USD,,CA,,equity,web_csv
2026-07-28,4COP,FDY CN,FARADAY COPPER CORP,CA3073571034,BLNNJN8,1398705.0,5067448.37,0.463,USD,,CA,,equity,web_csv
2026-07-28,4COP,1515 JP,NITTETSU MINING CO LTD,JP3680800004,6641027,271079.0,4712763.21,0.43,USD,,JP,,equity,web_csv
2026-07-28,4COP,ARG CN,AMERIGO RESOURCES LTD,CA03074G1090,2855822,895855.0,4541361.44,0.415,USD,,CA,,equity,web_csv
2026-07-28,4COP,SLS CN,SOLARIS RESOURCES INC,CA83419D2014,BMQ5701,603210.0,4511939.81,0.412,USD,,CA,,equity,web_csv
2026-07-28,4COP,OM CN,OSISKO METALS INC,CA6882741094,BYW9WY0,3841132.0,4357340.71,0.398,USD,,CA,,equity,web_csv
2026-07-28,4COP,CNL CN,COLLECTIVE MINING LTD,CA19425C1005,BN79Z49,304455.0,3874626.71,0.354,USD,,CA,,equity,web_csv
2026-07-28,4COP,,CASH,CASH,,1593715.7,1593715.7,0.146,USD,,,,cash,web_csv
2026-07-28,4COP,,OTHER PAYABLE & RECEIVABLES,CASH,,687738.29,687738.29,0.063,USD,,,,cash,web_csv
2026-07-28,4COP,BVR AU,BELLAVISTA RESOURCES LTD,AU0000216913,BNNFYB1,346617.0,79696.5,0.007,USD,,AU,,equity,web_csv
2026-07-28,4COP,,EURO,,,170.88,194.56,0.0,USD,,,,fx,web_csv
2026-07-28,4COP,,HONG KONG DOLLAR,,,632.33,80.64,0.0,USD,,,,fx,web_csv
2026-07-28,4COP,,SAUDI RIYAL,,,-27260.91,-7261.83,-0.001,USD,,,,fx,web_csv
2026-07-29,4COP,BHP AU,BHP GROUP LTD,AU000000BHP4,6144690,1464398.0,61023765.98,5.597,USD,,AU,,equity,web_csv
2026-07-29,4COP,TECK/B CN,TECK RESOURCES LTD-CLS B,CA8787422044,2879327,1013822.0,58186569.06,5.337,USD,,CA,,equity,web_csv
2026-07-29,4COP,HBM CN,HUDBAY MINERALS INC,CA4436281022,B05BDX1,2620189.0,57459877.29,5.27,USD,,CA,,equity,web_csv
2026-07-29,4COP,FM CN,FIRST QUANTUM MINERALS LTD,CA3359341052,2347608,2052459.0,55308092.85,5.073,USD,,CA,,equity,web_csv
2026-07-29,4COP,SCCO,SOUTHERN COPPER CORP,US84265V1052,2823777,315060.0,55283578.2,5.071,USD,,US,,equity,web_csv
2026-07-29,4COP,ANTO LN,ANTOFAGASTA PLC,GB0000456144,0045614,1149951.0,54232736.22,4.974,USD,,GB,,equity,web_csv
2026-07-29,4COP,GLEN LN,GLENCORE PLC,JE00B4T3BW64,B4T3BW6,7748353.0,53613376.31,4.918,USD,,JE,,equity,web_csv
2026-07-29,4COP,FCX,FREEPORT-MCMORAN INC,US35671D8570,2352118,856062.0,51355159.38,4.71,USD,,US,,equity,web_csv
2026-07-29,4COP,KGH PW,KGHM POLSKA MIEDZ SA,PLKGHM000017,5263251,656359.0,50799803.23,4.659,USD,,PL,,equity,web_csv
2026-07-29,4COP,2899 HK,ZIJIN MINING GROUP CO LTD-H,CNE100000502,6725299,12095789.0,50431572.34,4.626,USD,,CN,,equity,web_csv
2026-07-29,4COP,LUN CN,LUNDIN MINING CORP,CA5503721063,2866857,1954787.0,47917634.56,4.395,USD,,CA,,equity,web_csv
2026-07-29,4COP,BOL SS,BOLIDEN AB,SE0020050417,BPYTZ57,986970.0,47007511.71,4.312,USD,,SE,,equity,web_csv
2026-07-29,4COP,SFR AU,SANDFIRE RESOURCES LTD,AU000000SFR8,6739739,3001743.0,38702665.69,3.55,USD,,AU,,equity,web_csv
2026-07-29,4COP,CS CN,CAPSTONE COPPER CORP,CA14071L1085,BMY5XY9,4256161.0,38663539.83,3.546,USD,,CA,,equity,web_csv
2026-07-29,4COP,IVN CN,IVANHOE MINES LTD-CL A,CA46579R1047,BD73C40,5082008.0,38194858.04,3.503,USD,,CA,,equity,web_csv
2026-07-29,4COP,5713 JP,SUMITOMO METAL MINING CO LTD,JP3402600005,6858849,844791.0,37707210.33,3.459,USD,,JP,,equity,web_csv
2026-07-29,4COP,2099 HK,CHINA GOLD INTERNATIONAL RES,CA16890P1036,B60FNV8,1542602.0,34616815.36,3.175,USD,,CA,,equity,web_csv
2026-07-29,4COP,NDA GR,AURUBIS AG,DE0006766504,5485527,164365.0,32831095.92,3.011,USD,,DE,,equity,web_csv
2026-07-29,4COP,358 HK,JIANGXI COPPER CO LTD-H,CNE1000003K3,6000305,6556946.0,28826334.23,2.644,USD,,CN,,equity,web_csv
2026-07-29,4COP,1208 HK,MMG LTD,HK1208013172,6728793,25620339.0,26296703.27,2.412,USD,,HK,,equity,web_csv
2026-07-29,4COP,5711 JP,MITSUBISHI MATERIALS CORP,JP3903000002,6597089,802582.0,19314662.16,1.772,USD,,JP,,equity,web_csv
2026-07-29,4COP,NGEX CN,NGEX MINERALS LTD,CA62930A1021,BVBCQW5,900692.0,16121111.56,1.479,USD,,CA,,equity,web_csv
2026-07-29,4COP,ERO CN,ERO COPPER CORP,CA2960061091,BF02Z72,635692.0,16006779.15,1.468,USD,,CA,,equity,web_csv
2026-07-29,4COP,TGB,TREKOR METALS LTD,CA89472Y1079,BRSCTS7,2324151.0,15595053.21,1.43,USD,,CA,,equity,web_csv
2026-07-29,4COP,1258 HK,CHINA NONFERROUS MINING CORP,HK0000112026,B890GY2,8399204.0,15421306.73,1.414,USD,,HK,,equity,web_csv
2026-07-29,4COP,ALS CN,ALTIUS MINERALS CORPORATION,CA0209361009,2122355,300438.0,12586391.64,1.154,USD,,CA,,equity,web_csv
2026-07-29,4COP,3939 HK,WANGUO GOLD GROUP LTD,KYG9430L1150,BV106D0,7686910.0,10153881.84,0.931,USD,,KY,,equity,web_csv
2026-07-29,4COP,ATYM LN,ATALAYA MINING COPPER SA,CY0106002112,BYZTVM8,770227.0,9042769.78,0.829,USD,,CY,,equity,web_csv
2026-07-29,4COP,IE,IVANHOE ELECTRIC INC / US,US46578C1080,BPF0KH6,785042.0,6853416.66,0.629,USD,,US,,equity,web_csv
2026-07-29,4COP,AMAK AB,AL MASANE AL KOBRA MINING CO,SA15HG50KL10,BNNVLT6,341192.0,6643174.73,0.609,USD,,SA,,equity,web_csv
2026-07-29,4COP,FFM AU,FIREFLY METALS LTD,AU0000313769,BPDXXB2,4781326.0,5562183.76,0.51,USD,,AU,,equity,web_csv
2026-07-29,4COP,DVP AU,DEVELOP GLOBAL LTD,AU0000179707,BNVQGB0,1662337.0,5294983.35,0.486,USD,,AU,,equity,web_csv
2026-07-29,4COP,FDY CN,FARADAY COPPER CORP,CA3073571034,BLNNJN8,1398705.0,5141969.34,0.472,USD,,CA,,equity,web_csv
2026-07-29,4COP,NDM CN,NORTHERN DYNASTY MINERALS,CA66510M2040,2637848,3519976.0,4821371.62,0.442,USD,,CA,,equity,web_csv
2026-07-29,4COP,1515 JP,NITTETSU MINING CO LTD,JP3680800004,6641027,271079.0,4466017.63,0.41,USD,,JP,,equity,web_csv
2026-07-29,4COP,SLS CN,SOLARIS RESOURCES INC,CA83419D2014,BMQ5701,603210.0,4417960.47,0.405,USD,,CA,,equity,web_csv
2026-07-29,4COP,ARG CN,AMERIGO RESOURCES LTD,CA03074G1090,2855822,895855.0,4278843.3,0.392,USD,,CA,,equity,web_csv
2026-07-29,4COP,OM CN,OSISKO METALS INC,CA6882741094,BYW9WY0,3841132.0,3980023.93,0.365,USD,,CA,,equity,web_csv
2026-07-29,4COP,CNL CN,COLLECTIVE MINING LTD,CA19425C1005,BN79Z49,304455.0,3750994.5,0.344,USD,,CA,,equity,web_csv
2026-07-29,4COP,,CASH,CASH,,1586390.28,1586390.28,0.146,USD,,,,cash,web_csv
2026-07-29,4COP,,OTHER PAYABLE & RECEIVABLES,CASH,,672104.5,672104.5,0.062,USD,,,,cash,web_csv
2026-07-29,4COP,BVR AU,BELLAVISTA RESOURCES LTD,AU0000216913,BNNFYB1,346617.0,81604.94,0.007,USD,,AU,,equity,web_csv
2026-07-29,4COP,,EURO,,,170.88,194.49,0.0,USD,,,,fx,web_csv
2026-07-29,4COP,,HONG KONG DOLLAR,,,632.33,80.62,0.0,USD,,,,fx,web_csv
2026-07-29,4COP,,SAUDI RIYAL,,,238.7,63.58,0.0,USD,,,,fx,web_csv
2026-07-30,4COP,TECK/B CN,TECK RESOURCES LTD-CLS B,CA8787422044,2879327,1013822.0,63310983.24,5.62,USD,,CA,,equity,web_csv
2026-07-30,4COP,BHP AU,BHP GROUP LTD,AU000000BHP4,6144690,1464398.0,60672532.97,5.386,USD,,AU,,equity,web_csv
2026-07-30,4COP,HBM CN,HUDBAY MINERALS INC,CA4436281022,B05BDX1,2620189.0,59520435.03,5.284,USD,,CA,,equity,web_csv
2026-07-30,4COP,SCCO,SOUTHERN COPPER CORP,US84265V1052,2823777,315060.0,58286100.0,5.174,USD,,US,,equity,web_csv
2026-07-30,4COP,ANTO LN,ANTOFAGASTA PLC,GB0000456144,0045614,1149951.0,57193362.84,5.077,USD,,GB,,equity,web_csv
2026-07-30,4COP,FM CN,FIRST QUANTUM MINERALS LTD,CA3359341052,2347608,2052459.0,57049764.66,5.064,USD,,CA,,equity,web_csv
2026-07-30,4COP,GLEN LN,GLENCORE PLC,JE00B4T3BW64,B4T3BW6,7748353.0,56078124.81,4.978,USD,,JE,,equity,web_csv
2026-07-30,4COP,FCX,FREEPORT-MCMORAN INC,US35671D8570,2352118,856062.0,54308573.28,4.821,USD,,US,,equity,web_csv
2026-07-30,4COP,KGH PW,KGHM POLSKA MIEDZ SA,PLKGHM000017,5263251,656359.0,54216654.18,4.813,USD,,PL,,equity,web_csv
2026-07-30,4COP,2899 HK,ZIJIN MINING GROUP CO LTD-H,CNE100000502,6725299,12095789.0,50148852.05,4.452,USD,,CN,,equity,web_csv
2026-07-30,4COP,LUN CN,LUNDIN MINING CORP,CA5503721063,2866857,1954787.0,49662872.38,4.408,USD,,CA,,equity,web_csv
2026-07-30,4COP,BOL SS,BOLIDEN AB,SE0020050417,BPYTZ57,986970.0,48900154.0,4.341,USD,,SE,,equity,web_csv
2026-07-30,4COP,CS CN,CAPSTONE COPPER CORP,CA14071L1085,BMY5XY9,4256161.0,40234104.98,3.572,USD,,CA,,equity,web_csv
2026-07-30,4COP,5713 JP,SUMITOMO METAL MINING CO LTD,JP3402600005,6858849,844791.0,39396184.72,3.497,USD,,JP,,equity,web_csv
2026-07-30,4COP,SFR AU,SANDFIRE RESOURCES LTD,AU000000SFR8,6739739,3001743.0,38918686.6,3.455,USD,,AU,,equity,web_csv
2026-07-30,4COP,IVN CN,IVANHOE MINES LTD-CL A,CA46579R1047,BD73C40,5082008.0,38323992.84,3.402,USD,,CA,,equity,web_csv
2026-07-30,4COP,2099 HK,CHINA GOLD INTERNATIONAL RES,CA16890P1036,B60FNV8,1542602.0,34475618.24,3.06,USD,,CA,,equity,web_csv
2026-07-30,4COP,NDA GR,AURUBIS AG,DE0006766504,5485527,164365.0,34298643.74,3.045,USD,,DE,,equity,web_csv
2026-07-30,4COP,358 HK,JIANGXI COPPER CO LTD-H,CNE1000003K3,6000305,6556946.0,28271670.28,2.51,USD,,CN,,equity,web_csv
2026-07-30,4COP,1208 HK,MMG LTD,HK1208013172,6728793,25620339.0,26294021.22,2.334,USD,,HK,,equity,web_csv
2026-07-30,4COP,5711 JP,MITSUBISHI MATERIALS CORP,JP3903000002,6597089,802582.0,20003471.66,1.776,USD,,JP,,equity,web_csv
2026-07-30,4COP,ERO CN,ERO COPPER CORP,CA2960061091,BF02Z72,635692.0,17175226.37,1.525,USD,,CA,,equity,web_csv
2026-07-30,4COP,NGEX CN,NGEX MINERALS LTD,CA62930A1021,BVBCQW5,900692.0,16636760.87,1.477,USD,,CA,,equity,web_csv
2026-07-30,4COP,TGB,TREKOR METALS LTD,CA89472Y1079,BRSCTS7,2324151.0,16454989.08,1.461,USD,,CA,,equity,web_csv
2026-07-30,4COP,1258 HK,CHINA NONFERROUS MINING CORP,HK0000112026,B890GY2,8399204.0,15505399.07,1.376,USD,,HK,,equity,web_csv
2026-07-30,4COP,ALS CN,ALTIUS MINERALS CORPORATION,CA0209361009,2122355,300438.0,12661415.23,1.124,USD,,CA,,equity,web_csv
2026-07-30,4COP,3939 HK,WANGUO GOLD GROUP LTD,KYG9430L1150,BV106D0,7686910.0,9829444.76,0.873,USD,,KY,,equity,web_csv
2026-07-30,4COP,ATYM LN,ATALAYA MINING COPPER SA,CY0106002112,BYZTVM8,770227.0,9158041.85,0.813,USD,,CY,,equity,web_csv
2026-07-30,4COP,IE,IVANHOE ELECTRIC INC / US,US46578C1080,BPF0KH6,785042.0,7340142.7,0.652,USD,,US,,equity,web_csv
2026-07-30,4COP,AMAK AB,AL MASANE AL KOBRA MINING CO,SA15HG50KL10,BNNVLT6,341192.0,6669549.87,0.592,USD,,SA,,equity,web_csv
2026-07-30,4COP,FDY CN,FARADAY COPPER CORP,CA3073571034,BLNNJN8,1398705.0,5548317.91,0.493,USD,,CA,,equity,web_csv
2026-07-30,4COP,FFM AU,FIREFLY METALS LTD,AU0000313769,BPDXXB2,4781326.0,5408777.7,0.48,USD,,AU,,equity,web_csv
2026-07-30,4COP,DVP AU,DEVELOP GLOBAL LTD,AU0000179707,BNVQGB0,1662337.0,5402755.35,0.48,USD,,AU,,equity,web_csv
2026-07-30,4COP,NDM CN,NORTHERN DYNASTY MINERALS,CA66510M2040,2637848,3519976.0,4922165.28,0.437,USD,,CA,,equity,web_csv
2026-07-30,4COP,1515 JP,NITTETSU MINING CO LTD,JP3680800004,6641027,271079.0,4656790.98,0.413,USD,,JP,,equity,web_csv
2026-07-30,4COP,SLS CN,SOLARIS RESOURCES INC,CA83419D2014,BMQ5701,603210.0,4652160.03,0.413,USD,,CA,,equity,web_csv
2026-07-30,4COP,OM CN,OSISKO METALS INC,CA6882741094,BYW9WY0,3841132.0,4412101.82,0.392,USD,,CA,,equity,web_csv
2026-07-30,4COP,ARG CN,AMERIGO RESOURCES LTD,CA03074G1090,2855822,895855.0,4218344.81,0.374,USD,,CA,,equity,web_csv
2026-07-30,4COP,CNL CN,COLLECTIVE MINING LTD,CA19425C1005,BN79Z49,304455.0,3981493.35,0.353,USD,,CA,,equity,web_csv
2026-07-30,4COP,,CASH,CASH,,1586362.52,1586362.52,0.141,USD,,,,cash,web_csv
2026-07-30,4COP,,OTHER PAYABLE & RECEIVABLES,CASH,,659374.15,659374.15,0.059,USD,,,,cash,web_csv
2026-07-30,4COP,BVR AU,BELLAVISTA RESOURCES LTD,AU0000216913,BNNFYB1,346617.0,84975.97,0.008,USD,,AU,,equity,web_csv
2026-07-30,4COP,,EURO,,,170.88,196.57,0.0,USD,,,,fx,web_csv
2026-07-30,4COP,,HONG KONG DOLLAR,,,632.33,80.62,0.0,USD,,,,fx,web_csv
2026-07-30,4COP,,SAUDI RIYAL,,,238.7,63.57,0.0,USD,,,,fx,web_csv
2026-07-31,4COP,BHP AU,BHP GROUP LTD,AU000000BHP4,6144690,1458812.0,61793489.01,5.487,USD,,AU,,equity,web_csv
2026-07-31,4COP,TECK/B CN,TECK RESOURCES LTD-CLS B,CA8787422044,2879327,1009951.0,60733126.39,5.393,USD,,CA,,equity,web_csv
2026-07-31,4COP,HBM CN,HUDBAY MINERALS INC,CA4436281022,B05BDX1,2610193.0,59186826.34,5.256,USD,,CA,,equity,web_csv
2026-07-31,4COP,SCCO,SOUTHERN COPPER CORP,US84265V1052,2823777,313863.0,57345908.73,5.092,USD,,US,,equity,web_csv
2026-07-31,4COP,FM CN,FIRST QUANTUM MINERALS LTD,CA3359341052,2347608,2044598.0,56636902.22,5.029,USD,,CA,,equity,web_csv
2026-07-31,4COP,GLEN LN,GLENCORE PLC,JE00B4T3BW64,B4T3BW6,7718680.0,56403660.98,5.009,USD,,JE,,equity,web_csv
2026-07-31,4COP,ANTO LN,ANTOFAGASTA PLC,GB0000456144,0045614,1145562.0,56346949.32,5.004,USD,,GB,,equity,web_csv
2026-07-31,4COP,KGH PW,KGHM POLSKA MIEDZ SA,PLKGHM000017,5263251,653860.0,53789652.99,4.777,USD,,PL,,equity,web_csv
2026-07-31,4COP,FCX,FREEPORT-MCMORAN INC,US35671D8570,2352118,852786.0,53409987.18,4.743,USD,,US,,equity,web_csv
2026-07-31,4COP,2899 HK,ZIJIN MINING GROUP CO LTD-H,CNE100000502,6725299,12049470.0,51076869.87,4.536,USD,,CN,,equity,web_csv
2026-07-31,4COP,BOL SS,BOLIDEN AB,SE0020050417,BPYTZ57,983204.0,49139587.76,4.364,USD,,SE,,equity,web_csv
2026-07-31,4COP,LUN CN,LUNDIN MINING CORP,CA5503721063,2866857,1947304.0,48181146.84,4.279,USD,,CA,,equity,web_csv
2026-07-31,4COP,5713 JP,SUMITOMO METAL MINING CO LTD,JP3402600005,6858849,841557.0,43260443.05,3.842,USD,,JP,,equity,web_csv
2026-07-31,4COP,CS CN,CAPSTONE COPPER CORP,CA14071L1085,BMY5XY9,4239865.0,40227111.34,3.572,USD,,CA,,equity,web_csv
2026-07-31,4COP,SFR AU,SANDFIRE RESOURCES LTD,AU000000SFR8,6739739,2990249.0,39798859.77,3.534,USD,,AU,,equity,web_csv
2026-07-31,4COP,IVN CN,IVANHOE MINES LTD-CL A,CA46579R1047,BD73C40,5062548.0,36340206.27,3.227,USD,,CA,,equity,web_csv
2026-07-31,4COP,2099 HK,CHINA GOLD INTERNATIONAL RES,CA16890P1036,B60FNV8,1536694.0,34470576.74,3.061,USD,,CA,,equity,web_csv
2026-07-31,4COP,NDA GR,AURUBIS AG,DE0006766504,5485527,163735.0,34210753.03,3.038,USD,,DE,,equity,web_csv
2026-07-31,4COP,358 HK,JIANGXI COPPER CO LTD-H,CNE1000003K3,6000305,6531837.0,29303971.85,2.602,USD,,CN,,equity,web_csv
2026-07-31,4COP,1208 HK,MMG LTD,HK1208013172,6728793,25522234.0,27307123.96,2.425,USD,,HK,,equity,web_csv
2026-07-31,4COP,5711 JP,MITSUBISHI MATERIALS CORP,JP3903000002,6597089,799509.0,21054113.59,1.87,USD,,JP,,equity,web_csv
2026-07-31,4COP,ERO CN,ERO COPPER CORP,CA2960061091,BF02Z72,633256.0,16990951.16,1.509,USD,,CA,,equity,web_csv
2026-07-31,4COP,NGEX CN,NGEX MINERALS LTD,CA62930A1021,BVBCQW5,897241.0,16021589.66,1.423,USD,,CA,,equity,web_csv
2026-07-31,4COP,1258 HK,CHINA NONFERROUS MINING CORP,HK0000112026,B890GY2,8367039.0,15738347.44,1.398,USD,,HK,,equity,web_csv
2026-07-31,4COP,TGB,TREKOR METALS LTD,CA89472Y1079,BRSCTS7,2315254.0,15674269.58,1.392,USD,,CA,,equity,web_csv
2026-07-31,4COP,ALS CN,ALTIUS MINERALS CORPORATION,CA0209361009,2122355,299290.0,12371833.84,1.099,USD,,CA,,equity,web_csv
2026-07-31,4COP,3939 HK,WANGUO GOLD GROUP LTD,KYG9430L1150,BV106D0,7657790.0,10283172.91,0.913,USD,,KY,,equity,web_csv
2026-07-31,4COP,ATYM LN,ATALAYA MINING COPPER SA,CY0106002112,BYZTVM8,767280.0,9143382.14,0.812,USD,,CY,,equity,web_csv
2026-07-31,4COP,IE,IVANHOE ELECTRIC INC / US,US46578C1080,BPF0KH6,782039.0,7155656.85,0.635,USD,,US,,equity,web_csv
2026-07-31,4COP,AMAK AB,AL MASANE AL KOBRA MINING CO,SA15HG50KL10,BNNVLT6,341192.0,6668484.3,0.592,USD,,SA,,equity,web_csv
2026-07-31,4COP,FFM AU,FIREFLY METALS LTD,AU0000313769,BPDXXB2,4763014.0,5854286.45,0.52,USD,,AU,,equity,web_csv
2026-07-31,4COP,DVP AU,DEVELOP GLOBAL LTD,AU0000179707,BNVQGB0,1655974.0,5629281.12,0.5,USD,,AU,,equity,web_csv
2026-07-31,4COP,FDY CN,FARADAY COPPER CORP,CA3073571034,BLNNJN8,1393350.0,5452822.11,0.484,USD,,CA,,equity,web_csv
2026-07-31,4COP,1515 JP,NITTETSU MINING CO LTD,JP3680800004,6641027,270043.0,5130350.6,0.456,USD,,JP,,equity,web_csv
2026-07-31,4COP,NDM CN,NORTHERN DYNASTY MINERALS,CA66510M2040,2637848,3506494.0,4899118.39,0.435,USD,,CA,,equity,web_csv
2026-07-31,4COP,SLS CN,SOLARIS RESOURCES INC,CA83419D2014,BMQ5701,600900.0,4514727.88,0.401,USD,,CA,,equity,web_csv
2026-07-31,4COP,OM CN,OSISKO METALS INC,CA6882741094,BYW9WY0,3826425.0,4336896.85,0.385,USD,,CA,,equity,web_csv
2026-07-31,4COP,ARG CN,AMERIGO RESOURCES LTD,CA03074G1090,2855822,892425.0,4217683.82,0.375,USD,,CA,,equity,web_csv
2026-07-31,4COP,CNL CN,COLLECTIVE MINING LTD,CA19425C1005,BN79Z49,303286.0,3740134.58,0.332,USD,,CA,,equity,web_csv
2026-07-31,4COP,,CASH,CASH,,2097979.48,2097979.48,0.186,USD,,,,cash,web_csv
2026-07-31,4COP,,CHINESE YUAN RENMINBI,,,735245.98,108870.49,0.01,USD,,,,fx,web_csv
2026-07-31,4COP,BVR AU,BELLAVISTA RESOURCES LTD,AU0000216913,BNNFYB1,346617.0,86423.58,0.008,USD,,AU,,equity,web_csv
2026-07-31,4COP,,EURO,,,170.88,196.61,0.0,USD,,,,fx,web_csv
2026-07-31,4COP,,HONG KONG DOLLAR,,,632.33,80.64,0.0,USD,,,,fx,web_csv
2026-07-31,4COP,,SAUDI RIYAL,,,238.7,63.56,0.0,USD,,,,fx,web_csv
2026-07-31,4COP,,OTHER PAYABLE & RECEIVABLES,CASH,,-19912.51,-19912.51,-0.002,USD,,,,cash,web_csv
2026-08-03,4COP,BHP AU,BHP GROUP LTD,AU000000BHP4,6144690,1458812.0,61996293.79,5.489,USD,,AU,,equity,web_csv
2026-08-03,4COP,TECK/B CN,TECK RESOURCES LTD-CLS B,CA8787422044,2879327,1009951.0,60698511.99,5.374,USD,,CA,,equity,web_csv
2026-08-03,4COP,HBM CN,HUDBAY MINERALS INC,CA4436281022,B05BDX1,2610193.0,59153093.24,5.237,USD,,CA,,equity,web_csv
2026-08-03,4COP,SCCO,SOUTHERN COPPER CORP,US84265V1052,2823777,313863.0,58350270.33,5.166,USD,,US,,equity,web_csv
2026-08-03,4COP,ANTO LN,ANTOFAGASTA PLC,GB0000456144,0045614,1145562.0,56632346.55,5.014,USD,,GB,,equity,web_csv
2026-08-03,4COP,FM CN,FIRST QUANTUM MINERALS LTD,CA3359341052,2347608,2044598.0,56604622.43,5.011,USD,,CA,,equity,web_csv
2026-08-03,4COP,GLEN LN,GLENCORE PLC,JE00B4T3BW64,B4T3BW6,7718680.0,55904654.99,4.949,USD,,JE,,equity,web_csv
2026-08-03,4COP,KGH PW,KGHM POLSKA MIEDZ SA,PLKGHM000017,5263251,653860.0,54676209.07,4.841,USD,,PL,,equity,web_csv
2026-08-03,4COP,FCX,FREEPORT-MCMORAN INC,US35671D8570,2352118,852786.0,54271301.04,4.805,USD,,US,,equity,web_csv
2026-08-03,4COP,2899 HK,ZIJIN MINING GROUP CO LTD-H,CNE100000502,6725299,12049470.0,50581284.89,4.478,USD,,CN,,equity,web_csv
2026-08-03,4COP,BOL SS,BOLIDEN AB,SE0020050417,BPYTZ57,983204.0,48995953.37,4.338,USD,,SE,,equity,web_csv
2026-08-03,4COP,LUN CN,LUNDIN MINING CORP,CA5503721063,2866857,1947304.0,48153686.35,4.263,USD,,CA,,equity,web_csv
2026-08-03,4COP,5713 JP,SUMITOMO METAL MINING CO LTD,JP3402600005,6858849,841557.0,42788665.35,3.788,USD,,JP,,equity,web_csv
2026-08-03,4COP,CS CN,CAPSTONE COPPER CORP,CA14071L1085,BMY5XY9,4239865.0,40204184.2,3.559,USD,,CA,,equity,web_csv
2026-08-03,4COP,SFR AU,SANDFIRE RESOURCES LTD,AU000000SFR8,6739739,2990249.0,40078436.39,3.548,USD,,AU,,equity,web_csv
2026-08-03,4COP,IVN CN,IVANHOE MINES LTD-CL A,CA46579R1047,BD73C40,5062548.0,36319494.43,3.215,USD,,CA,,equity,web_csv
2026-08-03,4COP,2099 HK,CHINA GOLD INTERNATIONAL RES,CA16890P1036,B60FNV8,1536694.0,34879438.42,3.088,USD,,CA,,equity,web_csv
2026-08-03,4COP,NDA GR,AURUBIS AG,DE0006766504,5485527,163735.0,34047438.72,3.014,USD,,DE,,equity,web_csv
2026-08-03,4COP,358 HK,JIANGXI COPPER CO LTD-H,CNE1000003K3,6000305,6531837.0,28985224.5,2.566,USD,,CN,,equity,web_csv
2026-08-03,4COP,1208 HK,MMG LTD,HK1208013172,6728793,25522234.0,27565392.62,2.44,USD,,HK,,equity,web_csv
2026-08-03,4COP,5711 JP,MITSUBISHI MATERIALS CORP,JP3903000002,6597089,799509.0,21195988.24,1.877,USD,,JP,,equity,web_csv
2026-08-03,4COP,ERO CN,ERO COPPER CORP,CA2960061091,BF02Z72,633256.0,16981267.3,1.503,USD,,CA,,equity,web_csv
2026-08-03,4COP,TGB,TREKOR METALS LTD,CA89472Y1079,BRSCTS7,2315254.0,16137320.38,1.429,USD,,CA,,equity,web_csv
2026-08-03,4COP,NGEX CN,NGEX MINERALS LTD,CA62930A1021,BVBCQW5,897241.0,16012458.27,1.418,USD,,CA,,equity,web_csv
2026-08-03,4COP,1258 HK,CHINA NONFERROUS MINING CORP,HK0000112026,B890GY2,8367039.0,15865174.3,1.405,USD,,HK,,equity,web_csv
2026-08-03,4COP,ALS CN,ALTIUS MINERALS CORPORATION,CA0209361009,2122355,299290.0,12364782.6,1.095,USD,,CA,,equity,web_csv
2026-08-03,4COP,3939 HK,WANGUO GOLD GROUP LTD,KYG9430L1150,BV106D0,7657790.0,10214032.21,0.904,USD,,KY,,equity,web_csv
2026-08-03,4COP,ATYM LN,ATALAYA MINING COPPER SA,CY0106002112,BYZTVM8,767280.0,9062727.53,0.802,USD,,CY,,equity,web_csv
2026-08-03,4COP,,OTHER PAYABLE & RECEIVABLES,CASH,,8164112.17,8164112.17,0.723,USD,,,,cash,web_csv
2026-08-03,4COP,IE,IVANHOE ELECTRIC INC / US,US46578C1080,BPF0KH6,782039.0,7585778.3,0.672,USD,,US,,equity,web_csv
2026-08-03,4COP,AMAK AB,AL MASANE AL KOBRA MINING CO,SA15HG50KL10,BNNVLT6,339890.0,6701686.68,0.593,USD,,SA,,equity,web_csv
2026-08-03,4COP,FFM AU,FIREFLY METALS LTD,AU0000313769,BPDXXB2,4763014.0,6200538.95,0.549,USD,,AU,,equity,web_csv
2026-08-03,4COP,DVP AU,DEVELOP GLOBAL LTD,AU0000179707,BNVQGB0,1655974.0,5516899.9,0.488,USD,,AU,,equity,web_csv
2026-08-03,4COP,FDY CN,FARADAY COPPER CORP,CA3073571034,BLNNJN8,1393350.0,5449714.32,0.482,USD,,CA,,equity,web_csv
2026-08-03,4COP,1515 JP,NITTETSU MINING CO LTD,JP3680800004,6641027,270043.0,5398272.97,0.478,USD,,JP,,equity,web_csv
2026-08-03,4COP,NDM CN,NORTHERN DYNASTY MINERALS,CA66510M2040,2637848,3506494.0,4896326.18,0.433,USD,,CA,,equity,web_csv
2026-08-03,4COP,SLS CN,SOLARIS RESOURCES INC,CA83419D2014,BMQ5701,600900.0,4512154.74,0.399,USD,,CA,,equity,web_csv
2026-08-03,4COP,OM CN,OSISKO METALS INC,CA6882741094,BYW9WY0,3826425.0,4334425.07,0.384,USD,,CA,,equity,web_csv
2026-08-03,4COP,ARG CN,AMERIGO RESOURCES LTD,CA03074G1090,2855822,892425.0,4215279.98,0.373,USD,,CA,,equity,web_csv
2026-08-03,4COP,CNL CN,COLLECTIVE MINING LTD,CA19425C1005,BN79Z49,303286.0,3738002.92,0.331,USD,,CA,,equity,web_csv
2026-08-03,4COP,BVR AU,BELLAVISTA RESOURCES LTD,AU0000216913,BNNFYB1,346617.0,89760.7,0.008,USD,,AU,,equity,web_csv
2026-08-03,4COP,,HONG KONG DOLLAR,,,2118.09,270.09,0.0,USD,,,,fx,web_csv
2026-08-03,4COP,,EURO,,,179.24,206.38,0.0,USD,,,,fx,web_csv
2026-08-03,4COP,,SAUDI RIYAL,,,238.7,63.56,0.0,USD,,,,fx,web_csv
2026-08-03,4COP,,BRITISH STERLING POUND,,,11.15,14.98,0.0,USD,,,,fx,web_csv
2026-08-03,4COP,,CANADIAN DOLLAR,,,6.73,4.79,0.0,USD,,,,fx,web_csv
2026-08-03,4COP,,AUSTRALIAN DOLLAR,,,0.45,0.31,0.0,USD,,,,fx,web_csv
2026-08-03,4COP,,SWEDISH KRONE,,,0.08,0.01,0.0,USD,,,,fx,web_csv
2026-08-03,4COP,,CASH,CASH,,-6001164.32,-6001164.32,-0.531,USD,,,,cash,web_csv
2026-08-04,4COP,TECK/B CN,TECK RESOURCES LTD-CLS B,CA8787422044,2879327,1009951.0,65392665.85,5.512,USD,,CA,,equity,web_csv
2026-08-04,4COP,HBM CN,HUDBAY MINERALS INC,CA4436281022,B05BDX1,2610193.0,64597982.91,5.445,USD,,CA,,equity,web_csv
2026-08-04,4COP,BHP AU,BHP GROUP LTD,AU000000BHP4,6144690,1458812.0,62140898.0,5.238,USD,,AU,,equity,web_csv
2026-08-04,4COP,FM CN,FIRST QUANTUM MINERALS LTD,CA3359341052,2347608,2044598.0,61261581.19,5.164,USD,,CA,,equity,web_csv
2026-08-04,4COP,SCCO,SOUTHERN COPPER CORP,US84265V1052,2823777,313863.0,61253503.08,5.163,USD,,US,,equity,web_csv
2026-08-04,4COP,ANTO LN,ANTOFAGASTA PLC,GB0000456144,0045614,1145562.0,60552168.54,5.104,USD,,GB,,equity,web_csv
2026-08-04,4COP,KGH PW,KGHM POLSKA MIEDZ SA,PLKGHM000017,5263251,653860.0,59424291.48,5.009,USD,,PL,,equity,web_csv
2026-08-04,4COP,FCX,FREEPORT-MCMORAN INC,US35671D8570,2352118,852786.0,57392497.8,4.838,USD,,US,,equity,web_csv
2026-08-04,4COP,GLEN LN,GLENCORE PLC,JE00B4T3BW64,B4T3BW6,7718680.0,57146192.74,4.817,USD,,JE,,equity,web_csv
2026-08-04,4COP,LUN CN,LUNDIN MINING CORP,CA5503721063,2866857,1947304.0,52223624.97,4.402,USD,,CA,,equity,web_csv
2026-08-04,4COP,BOL SS,BOLIDEN AB,SE0020050417,BPYTZ57,983204.0,51513505.55,4.342,USD,,SE,,equity,web_csv
2026-08-04,4COP,2899 HK,ZIJIN MINING GROUP CO LTD-H,CNE100000502,6725299,12049470.0,50819023.21,4.284,USD,,CN,,equity,web_csv
2026-08-04,4COP,CS CN,CAPSTONE COPPER CORP,CA14071L1085,BMY5XY9,4239865.0,43552303.47,3.671,USD,,CA,,equity,web_csv
2026-08-04,4COP,5713 JP,SUMITOMO METAL MINING CO LTD,JP3402600005,6858849,841557.0,43031069.9,3.627,USD,,JP,,equity,web_csv
2026-08-04,4COP,SFR AU,SANDFIRE RESOURCES LTD,AU000000SFR8,6739739,2990249.0,41883185.83,3.53,USD,,AU,,equity,web_csv
2026-08-04,4COP,IVN CN,IVANHOE MINES LTD-CL A,CA46579R1047,BD73C40,5062548.0,39002237.13,3.288,USD,,CA,,equity,web_csv
2026-08-04,4COP,NDA GR,AURUBIS AG,DE0006766504,5485527,163735.0,35603999.24,3.001,USD,,DE,,equity,web_csv
2026-08-04,4COP,2099 HK,CHINA GOLD INTERNATIONAL RES,CA16890P1036,B60FNV8,1536694.0,35579194.16,2.999,USD,,CA,,equity,web_csv
2026-08-04,4COP,358 HK,JIANGXI COPPER CO LTD-H,CNE1000003K3,6000305,6531837.0,29546892.85,2.491,USD,,CN,,equity,web_csv
2026-08-04,4COP,1208 HK,MMG LTD,HK1208013172,6728793,25522234.0,27723697.31,2.337,USD,,HK,,equity,web_csv
2026-08-04,4COP,5711 JP,MITSUBISHI MATERIALS CORP,JP3903000002,6597089,799509.0,21023956.44,1.772,USD,,JP,,equity,web_csv
2026-08-04,4COP,ERO CN,ERO COPPER CORP,CA2960061091,BF02Z72,633256.0,18388411.82,1.55,USD,,CA,,equity,web_csv
2026-08-04,4COP,TGB,TREKOR METALS LTD,CA89472Y1079,BRSCTS7,2315254.0,18128438.82,1.528,USD,,CA,,equity,web_csv
2026-08-04,4COP,NGEX CN,NGEX MINERALS LTD,CA62930A1021,BVBCQW5,897241.0,17233154.54,1.453,USD,,CA,,equity,web_csv
2026-08-04,4COP,1258 HK,CHINA NONFERROUS MINING CORP,HK0000112026,B890GY2,8367039.0,16172004.82,1.363,USD,,HK,,equity,web_csv
2026-08-04,4COP,ALS CN,ALTIUS MINERALS CORPORATION,CA0209361009,2122355,299290.0,12833861.78,1.082,USD,,CA,,equity,web_csv
2026-08-04,4COP,3939 HK,WANGUO GOLD GROUP LTD,KYG9430L1150,BV106D0,7657790.0,10095244.9,0.851,USD,,KY,,equity,web_csv
2026-08-04,4COP,ATYM LN,ATALAYA MINING COPPER SA,CY0106002112,BYZTVM8,767280.0,9460874.29,0.797,USD,,CY,,equity,web_csv
2026-08-04,4COP,IE,IVANHOE ELECTRIC INC / US,US46578C1080,BPF0KH6,782039.0,8219229.89,0.693,USD,,US,,equity,web_csv
2026-08-04,4COP,AMAK AB,AL MASANE AL KOBRA MINING CO,SA15HG50KL10,BNNVLT6,339890.0,6669833.32,0.562,USD,,SA,,equity,web_csv
2026-08-04,4COP,FDY CN,FARADAY COPPER CORP,CA3073571034,BLNNJN8,1393350.0,5828133.03,0.491,USD,,CA,,equity,web_csv
2026-08-04,4COP,FFM AU,FIREFLY METALS LTD,AU0000313769,BPDXXB2,4763014.0,5682387.41,0.479,USD,,AU,,equity,web_csv
2026-08-04,4COP,DVP AU,DEVELOP GLOBAL LTD,AU0000179707,BNVQGB0,1655974.0,5664597.57,0.477,USD,,AU,,equity,web_csv
2026-08-04,4COP,NDM CN,NORTHERN DYNASTY MINERALS,CA66510M2040,2637848,3506494.0,5612385.91,0.473,USD,,CA,,equity,web_csv
2026-08-04,4COP,1515 JP,NITTETSU MINING CO LTD,JP3680800004,6641027,270043.0,5492022.43,0.463,USD,,JP,,equity,web_csv
2026-08-04,4COP,SLS CN,SOLARIS RESOURCES INC,CA83419D2014,BMQ5701,600900.0,4826008.18,0.407,USD,,CA,,equity,web_csv
2026-08-04,4COP,OM CN,OSISKO METALS INC,CA6882741094,BYW9WY0,3826425.0,4627367.95,0.39,USD,,CA,,equity,web_csv
2026-08-04,4COP,ARG CN,AMERIGO RESOURCES LTD,CA03074G1090,2855822,892425.0,4551796.02,0.384,USD,,CA,,equity,web_csv
2026-08-04,4COP,CNL CN,COLLECTIVE MINING LTD,CA19425C1005,BN79Z49,303286.0,3935220.8,0.332,USD,,CA,,equity,web_csv
2026-08-04,4COP,,CASH,CASH,,1765921.45,1765921.45,0.149,USD,,,,cash,web_csv
2026-08-04,4COP,,OTHER PAYABLE & RECEIVABLES,CASH,,357223.6,357223.6,0.03,USD,,,,cash,web_csv
2026-08-04,4COP,BVR AU,BELLAVISTA RESOURCES LTD,AU0000216913,BNNFYB1,346617.0,92707.04,0.008,USD,,AU,,equity,web_csv
2026-08-04,4COP,,SAUDI RIYAL,,,96507.39,25696.25,0.002,USD,,,,fx,web_csv
2026-08-04,4COP,,HONG KONG DOLLAR,,,2118.09,270.05,0.0,USD,,,,fx,web_csv
2026-08-04,4COP,,EURO,,,179.24,206.55,0.0,USD,,,,fx,web_csv
2026-08-04,4COP,,BRITISH STERLING POUND,,,11.15,14.99,0.0,USD,,,,fx,web_csv
2026-08-04,4COP,,CANADIAN DOLLAR,,,6.73,4.79,0.0,USD,,,,fx,web_csv
2026-08-04,4COP,,AUSTRALIAN DOLLAR,,,0.45,0.32,0.0,USD,,,,fx,web_csv
2026-08-04,4COP,,SWEDISH KRONE,,,0.08,0.01,0.0,USD,,,,fx,web_csv
2026-08-06,4COP,HBM CN,HUDBAY MINERALS INC,CA4436281022,B05BDX1,2644465.0,69650246.02,5.576,USD,,CA,,equity,web_csv
2026-08-06,4COP,TECK/B CN,TECK RESOURCES LTD-CLS B,CA8787422044,2879327,1023223.0,67691877.1,5.419,USD,,CA,,equity,web_csv
2026-08-06,4COP,BHP AU,BHP GROUP LTD,AU000000BHP4,6144690,1477964.0,65377388.64,5.234,USD,,AU,,equity,web_csv
2026-08-06,4COP,KGH PW,KGHM POLSKA MIEDZ SA,PLKGHM000017,5263251,662428.0,62353378.08,4.992,USD,,PL,,equity,web_csv
2026-08-06,4COP,ANTO LN,ANTOFAGASTA PLC,GB0000456144,0045614,1160610.0,62106325.27,4.972,USD,,GB,,equity,web_csv
2026-08-06,4COP,FM CN,FIRST QUANTUM MINERALS LTD,CA3359341052,2347608,2071550.0,62051207.07,4.968,USD,,CA,,equity,web_csv
2026-08-06,4COP,SCCO,SOUTHERN COPPER CORP,US84265V1052,2823777,317967.0,61377170.01,4.914,USD,,US,,equity,web_csv
2026-08-06,4COP,GLEN LN,GLENCORE PLC,JE00B4T3BW64,B4T3BW6,7820416.0,59602976.62,4.772,USD,,JE,,equity,web_csv
2026-08-06,4COP,FCX,FREEPORT-MCMORAN INC,US35671D8570,2352118,864018.0,58908747.24,4.716,USD,,US,,equity,web_csv
2026-08-06,4COP,2899 HK,ZIJIN MINING GROUP CO LTD-H,CNE100000502,6725299,12208278.0,54933710.65,4.398,USD,,CN,,equity,web_csv
2026-08-06,4COP,BOL SS,BOLIDEN AB,SE0020050417,BPYTZ57,996116.0,53341427.69,4.27,USD,,SE,,equity,web_csv
2026-08-06,4COP,LUN CN,LUNDIN MINING CORP,CA5503721063,2866857,1972960.0,52892747.85,4.234,USD,,CA,,equity,web_csv
2026-08-06,4COP,5713 JP,SUMITOMO METAL MINING CO LTD,JP3402600005,6858849,852645.0,48971988.62,3.92,USD,,JP,,equity,web_csv
2026-08-06,4COP,CS CN,CAPSTONE COPPER CORP,CA14071L1085,BMY5XY9,4295737.0,45893905.97,3.674,USD,,CA,,equity,web_csv
2026-08-06,4COP,SFR AU,SANDFIRE RESOURCES LTD,AU000000SFR8,6739739,3029657.0,44501387.19,3.563,USD,,AU,,equity,web_csv
2026-08-06,4COP,IVN CN,IVANHOE MINES LTD-CL A,CA46579R1047,BD73C40,5129268.0,41666271.45,3.336,USD,,CA,,equity,web_csv
2026-08-06,4COP,2099 HK,CHINA GOLD INTERNATIONAL RES,CA16890P1036,B60FNV8,1556950.0,40804456.37,3.267,USD,,CA,,equity,web_csv
2026-08-06,4COP,NDA GR,AURUBIS AG,DE0006766504,5485527,165895.0,34674280.51,2.776,USD,,DE,,equity,web_csv
2026-08-06,4COP,358 HK,JIANGXI COPPER CO LTD-H,CNE1000003K3,6000305,6617925.0,32309514.72,2.587,USD,,CN,,equity,web_csv
2026-08-06,4COP,1208 HK,MMG LTD,HK1208013172,6728793,25858594.0,30341602.91,2.429,USD,,HK,,equity,web_csv
2026-08-06,4COP,5711 JP,MITSUBISHI MATERIALS CORP,JP3903000002,6597089,810045.0,22817231.66,1.827,USD,,JP,,equity,web_csv
2026-08-06,4COP,ERO CN,ERO COPPER CORP,CA2960061091,BF02Z72,641608.0,19960019.23,1.598,USD,,CA,,equity,web_csv
2026-08-06,4COP,TGB,TREKOR METALS LTD,CA89472Y1079,BRSCTS7,2345758.0,19329045.92,1.547,USD,,CA,,equity,web_csv
2026-08-06,4COP,NGEX CN,NGEX MINERALS LTD,CA62930A1021,BVBCQW5,909073.0,17453371.72,1.397,USD,,CA,,equity,web_csv
2026-08-06,4COP,1258 HK,CHINA NONFERROUS MINING CORP,HK0000112026,B890GY2,8477319.0,17246510.33,1.381,USD,,HK,,equity,web_csv
2026-08-06,4COP,ALS CN,ALTIUS MINERALS CORPORATION,CA0209361009,2122355,303226.0,13462053.63,1.078,USD,,CA,,equity,web_csv
2026-08-06,4COP,3939 HK,WANGUO GOLD GROUP LTD,KYG9430L1150,BV106D0,7757630.0,11876319.96,0.951,USD,,KY,,equity,web_csv
2026-08-06,4COP,ATYM LN,ATALAYA MINING COPPER SA,CY0106002112,BYZTVM8,777384.0,9986323.6,0.799,USD,,CY,,equity,web_csv
2026-08-06,4COP,IE,IVANHOE ELECTRIC INC / US,US46578C1080,BPF0KH6,792335.0,8477984.5,0.679,USD,,US,,equity,web_csv
2026-08-06,4COP,AMAK AB,AL MASANE AL KOBRA MINING CO,SA15HG50KL10,BNNVLT6,344354.0,7181493.73,0.575,USD,,SA,,equity,web_csv
2026-08-06,4COP,FFM AU,FIREFLY METALS LTD,AU0000313769,BPDXXB2,4825798.0,6354428.94,0.509,USD,,AU,,equity,web_csv
2026-08-06,4COP,DVP AU,DEVELOP GLOBAL LTD,AU0000179707,BNVQGB0,1677790.0,6273326.69,0.502,USD,,AU,,equity,web_csv
2026-08-06,4COP,1515 JP,NITTETSU MINING CO LTD,JP3680800004,6641027,273595.0,6051839.09,0.484,USD,,JP,,equity,web_csv
2026-08-06,4COP,FDY CN,FARADAY COPPER CORP,CA3073571034,BLNNJN8,1411710.0,6030840.42,0.483,USD,,CA,,equity,web_csv
2026-08-06,4COP,NDM CN,NORTHERN DYNASTY MINERALS,CA66510M2040,2637848,3552718.0,5776983.23,0.462,USD,,CA,,equity,web_csv
2026-08-06,4COP,ARG CN,AMERIGO RESOURCES LTD,CA03074G1090,2855822,904185.0,5158848.91,0.413,USD,,CA,,equity,web_csv
2026-08-06,4COP,OM CN,OSISKO METALS INC,CA6882741094,BYW9WY0,3876849.0,5087474.35,0.407,USD,,CA,,equity,web_csv
2026-08-06,4COP,SLS CN,SOLARIS RESOURCES INC,CA83419D2014,BMQ5701,608820.0,4802303.03,0.384,USD,,CA,,equity,web_csv
2026-08-06,4COP,CNL CN,COLLECTIVE MINING LTD,CA19425C1005,BN79Z49,307294.0,4091701.3,0.328,USD,,CA,,equity,web_csv
2026-08-06,4COP,,CASH,CASH,,1660549.08,1660549.08,0.133,USD,,,,cash,web_csv
2026-08-06,4COP,,CANADIAN DOLLAR,,,1080691.38,770738.78,0.062,USD,,,,fx,web_csv
2026-08-06,4COP,BVR AU,BELLAVISTA RESOURCES LTD,AU0000216913,BNNFYB1,346617.0,98848.63,0.008,USD,,AU,,equity,web_csv
2026-08-06,4COP,,SAUDI RIYAL,,,96507.39,25704.46,0.002,USD,,,,fx,web_csv
2026-08-06,4COP,,HONG KONG DOLLAR,,,2118.09,269.99,0.0,USD,,,,fx,web_csv
2026-08-06,4COP,,EURO,,,204.57,235.97,0.0,USD,,,,fx,web_csv
2026-08-06,4COP,,BRITISH STERLING POUND,,,11.15,15.01,0.0,USD,,,,fx,web_csv
2026-08-06,4COP,,AUSTRALIAN DOLLAR,,,0.45,0.32,0.0,USD,,,,fx,web_csv
2026-08-06,4COP,,SWEDISH KRONE,,,0.08,0.01,0.0,USD,,,,fx,web_csv
2026-08-06,4COP,,OTHER PAYABLE & RECEIVABLES,CASH,,-285680.47,-285680.47,-0.023,USD,,,,cash,web_csv
2026-08-07,4COP,HBM CN,HUDBAY MINERALS INC,CA4436281022,B05BDX1,2655889.0,73204815.69,5.71,USD,,CA,,equity,web_csv
2026-08-07,4COP,TECK/B CN,TECK RESOURCES LTD-CLS B,CA8787422044,2879327,1027647.0,68362387.84,5.332,USD,,CA,,equity,web_csv
2026-08-07,4COP,BHP AU,BHP GROUP LTD,AU000000BHP4,6144690,1484348.0,65994078.75,5.148,USD,,AU,,equity,web_csv
2026-08-07,4COP,FM CN,FIRST QUANTUM MINERALS LTD,CA3359341052,2347608,2080534.0,65165443.63,5.083,USD,,CA,,equity,web_csv
2026-08-07,4COP,SCCO,SOUTHERN COPPER CORP,US84265V1052,2823777,319335.0,63566825.1,4.958,USD,,US,,equity,web_csv
2026-08-07,4COP,KGH PW,KGHM POLSKA MIEDZ SA,PLKGHM000017,5263251,665284.0,63135079.53,4.925,USD,,PL,,equity,web_csv
2026-08-07,4COP,ANTO LN,ANTOFAGASTA PLC,GB0000456144,0045614,1165626.0,62591649.32,4.882,USD,,GB,,equity,web_csv
2026-08-07,4COP,FCX,FREEPORT-MCMORAN INC,US35671D8570,2352118,867762.0,60413590.44,4.712,USD,,US,,equity,web_csv
2026-08-07,4COP,GLEN LN,GLENCORE PLC,JE00B4T3BW64,B4T3BW6,7854328.0,59010489.98,4.603,USD,,JE,,equity,web_csv
2026-08-07,4COP,2899 HK,ZIJIN MINING GROUP CO LTD-H,CNE100000502,6725299,12261214.0,56885344.24,4.437,USD,,CN,,equity,web_csv
2026-08-07,4COP,BOL SS,BOLIDEN AB,SE0020050417,BPYTZ57,1000420.0,54931477.17,4.285,USD,,SE,,equity,web_csv
2026-08-07,4COP,LUN CN,LUNDIN MINING CORP,CA5503721063,2866857,1981512.0,53522497.34,4.175,USD,,CA,,equity,web_csv
2026-08-07,4COP,5713 JP,SUMITOMO METAL MINING CO LTD,JP3402600005,6858849,856341.0,48793571.15,3.806,USD,,JP,,equity,web_csv
2026-08-07,4COP,CS CN,CAPSTONE COPPER CORP,CA14071L1085,BMY5XY9,4314361.0,47746523.39,3.724,USD,,CA,,equity,web_csv
2026-08-07,4COP,SFR AU,SANDFIRE RESOURCES LTD,AU000000SFR8,6739739,3042793.0,45330489.58,3.536,USD,,AU,,equity,web_csv
2026-08-07,4COP,2099 HK,CHINA GOLD INTERNATIONAL RES,CA16890P1036,B60FNV8,1563702.0,42611539.7,3.324,USD,,CA,,equity,web_csv
2026-08-07,4COP,IVN CN,IVANHOE MINES LTD-CL A,CA46579R1047,BD73C40,5151508.0,42601317.73,3.323,USD,,CA,,equity,web_csv
2026-08-07,4COP,358 HK,JIANGXI COPPER CO LTD-H,CNE1000003K3,6000305,6646621.0,33733989.51,2.631,USD,,CN,,equity,web_csv
2026-08-07,4COP,NDA GR,AURUBIS AG,DE0006766504,5485527,166615.0,33436959.01,2.608,USD,,DE,,equity,web_csv
2026-08-07,4COP,1208 HK,MMG LTD,HK1208013172,6728793,25970714.0,30718315.77,2.396,USD,,HK,,equity,web_csv
2026-08-07,4COP,5711 JP,MITSUBISHI MATERIALS CORP,JP3903000002,6597089,813557.0,26564811.15,2.072,USD,,JP,,equity,web_csv
2026-08-07,4COP,ERO CN,ERO COPPER CORP,CA2960061091,BF02Z72,644392.0,22082875.93,1.723,USD,,CA,,equity,web_csv
2026-08-07,4COP,TGB,TREKOR METALS LTD,CA89472Y1079,BRSCTS7,2355926.0,19601304.32,1.529,USD,,CA,,equity,web_csv
2026-08-07,4COP,NGEX CN,NGEX MINERALS LTD,CA62930A1021,BVBCQW5,913017.0,18931555.65,1.477,USD,,CA,,equity,web_csv
2026-08-07,4COP,1258 HK,CHINA NONFERROUS MINING CORP,HK0000112026,B890GY2,8514079.0,17493159.16,1.365,USD,,HK,,equity,web_csv
2026-08-07,4COP,ALS CN,ALTIUS MINERALS CORPORATION,CA0209361009,2122355,304538.0,13797859.39,1.076,USD,,CA,,equity,web_csv
2026-08-07,4COP,3939 HK,WANGUO GOLD GROUP LTD,KYG9430L1150,BV106D0,7790910.0,12591369.7,0.982,USD,,KY,,equity,web_csv
2026-08-07,4COP,,CASH,CASH,,12250065.4,12250065.4,0.956,USD,,,,cash,web_csv
2026-08-07,4COP,ATYM LN,ATALAYA MINING COPPER SA,CY0106002112,BYZTVM8,780752.0,10199472.76,0.796,USD,,CY,,equity,web_csv
2026-08-07,4COP,IE,IVANHOE ELECTRIC INC / US,US46578C1080,BPF0KH6,795767.0,8769352.34,0.684,USD,,US,,equity,web_csv
2026-08-07,4COP,AMAK AB,AL MASANE AL KOBRA MINING CO,SA15HG50KL10,BNNVLT6,344354.0,7181111.19,0.56,USD,,SA,,equity,web_csv
2026-08-07,4COP,FFM AU,FIREFLY METALS LTD,AU0000313769,BPDXXB2,4846726.0,6501860.02,0.507,USD,,AU,,equity,web_csv
2026-08-07,4COP,FDY CN,FARADAY COPPER CORP,CA3073571034,BLNNJN8,1417830.0,6284518.13,0.49,USD,,CA,,equity,web_csv
2026-08-07,4COP,DVP AU,DEVELOP GLOBAL LTD,AU0000179707,BNVQGB0,1685062.0,6234228.52,0.486,USD,,AU,,equity,web_csv
2026-08-07,4COP,NDM CN,NORTHERN DYNASTY MINERALS,CA66510M2040,2637848,3568126.0,6090830.11,0.475,USD,,CA,,equity,web_csv
2026-08-07,4COP,1515 JP,NITTETSU MINING CO LTD,JP3680800004,6641027,274779.0,5523939.12,0.431,USD,,JP,,equity,web_csv
2026-08-07,4COP,ARG CN,AMERIGO RESOURCES LTD,CA03074G1090,2855822,908105.0,5445047.73,0.425,USD,,CA,,equity,web_csv
2026-08-07,4COP,OM CN,OSISKO METALS INC,CA6882741094,BYW9WY0,3893657.0,5361894.52,0.418,USD,,CA,,equity,web_csv
2026-08-07,4COP,SLS CN,SOLARIS RESOURCES INC,CA83419D2014,BMQ5701,611460.0,4898696.93,0.382,USD,,CA,,equity,web_csv
2026-08-07,4COP,CNL CN,COLLECTIVE MINING LTD,CA19425C1005,BN79Z49,308630.0,4360775.33,0.34,USD,,CA,,equity,web_csv
2026-08-07,4COP,BVR AU,BELLAVISTA RESOURCES LTD,AU0000216913,BNNFYB1,346617.0,94220.66,0.007,USD,,AU,,equity,web_csv
2026-08-07,4COP,,SAUDI RIYAL,,,43928.13,11699.5,0.001,USD,,,,fx,web_csv
2026-08-07,4COP,,HONG KONG DOLLAR,,,2118.09,269.97,0.0,USD,,,,fx,web_csv
2026-08-07,4COP,,EURO,,,204.57,236.35,0.0,USD,,,,fx,web_csv
2026-08-07,4COP,,BRITISH STERLING POUND,,,11.15,15.04,0.0,USD,,,,fx,web_csv
2026-08-07,4COP,,AUSTRALIAN DOLLAR,,,0.45,0.32,0.0,USD,,,,fx,web_csv
2026-08-07,4COP,,SWEDISH KRONE,,,0.08,0.01,0.0,USD,,,,fx,web_csv
2026-08-07,4COP,,CANADIAN DOLLAR,,,-2595245.67,-1861391.91,-0.145,USD,,,,fx,web_csv
2026-08-07,4COP,,OTHER PAYABLE & RECEIVABLES,CASH,,-8170939.06,-8170939.06,-0.637,USD,,,,cash,web_csv
2026-08-10,4COP,,CURRENCY CONTRACT - JPY,,,-61547.84,,,USD,,,,residual,web_csv
2026-08-10,4COP,,CURRENCY CONTRACT - JPY,,,-535206.39,,,USD,,,,residual,web_csv
2026-08-10,4COP,,CURRENCY CONTRACT - JPY,,,-286765.99,,,USD,,,,residual,web_csv
2026-08-10,4COP,,CURRENCY CONTRACT - USD,,,35708.24,,,USD,,,,residual,web_csv
2026-08-10,4COP,,CURRENCY CONTRACT - USD,,,172038.1,,,USD,,,,residual,web_csv
2026-08-10,4COP,,CURRENCY CONTRACT - USD,,,315936.06,,,USD,,,,residual,web_csv
2026-08-10,4COP,HBM CN,HUDBAY MINERALS INC,CA4436281022,B05BDX1,2670169.0,74454886.31,5.697,USD,,CA,,equity,web_csv
2026-08-10,4COP,TECK/B CN,TECK RESOURCES LTD-CLS B,CA8787422044,2879327,1033177.0,69110638.5,5.288,USD,,CA,,equity,web_csv
2026-08-10,4COP,BHP AU,BHP GROUP LTD,AU000000BHP4,6144690,1492328.0,66952017.23,5.123,USD,,AU,,equity,web_csv
2026-08-10,4COP,FM CN,FIRST QUANTUM MINERALS LTD,CA3359341052,2347608,2091764.0,66637613.86,5.099,USD,,CA,,equity,web_csv
2026-08-10,4COP,KGH PW,KGHM POLSKA MIEDZ SA,PLKGHM000017,5263251,668854.0,64466123.65,4.933,USD,,PL,,equity,web_csv
2026-08-10,4COP,SCCO,SOUTHERN COPPER CORP,US84265V1052,2823777,324897.54,63891165.57,4.889,USD,,US,,equity,web_csv
2026-08-10,4COP,ANTO LN,ANTOFAGASTA PLC,GB0000456144,0045614,1171896.0,63630067.82,4.869,USD,,GB,,equity,web_csv
2026-08-10,4COP,FCX,FREEPORT-MCMORAN INC,US35671D8570,2352118,872442.0,61515885.42,4.707,USD,,US,,equity,web_csv
2026-08-10,4COP,GLEN LN,GLENCORE PLC,JE00B4T3BW64,B4T3BW6,7896718.0,60716882.9,4.646,USD,,JE,,equity,web_csv
2026-08-10,4COP,2899 HK,ZIJIN MINING GROUP CO LTD-H,CNE100000502,6725299,12327384.0,59015702.08,4.516,USD,,CN,,equity,web_csv
2026-08-10,4COP,BOL SS,BOLIDEN AB,SE0020050417,BPYTZ57,1005800.0,55811243.3,4.271,USD,,SE,,equity,web_csv
2026-08-10,4COP,5713 JP,SUMITOMO METAL MINING CO LTD,JP3402600005,6858849,860961.0,54515884.78,4.172,USD,,JP,,equity,web_csv
2026-08-10,4COP,LUN CN,LUNDIN MINING CORP,CA5503721063,2866857,1992202.0,54078850.86,4.138,USD,,CA,,equity,web_csv
2026-08-10,4COP,CS CN,CAPSTONE COPPER CORP,CA14071L1085,BMY5XY9,4337641.0,49213956.77,3.766,USD,,CA,,equity,web_csv
2026-08-10,4COP,SFR AU,SANDFIRE RESOURCES LTD,AU000000SFR8,6739739,3059213.0,45699239.99,3.497,USD,,AU,,equity,web_csv
2026-08-10,4COP,IVN CN,IVANHOE MINES LTD-CL A,CA46579R1047,BD73C40,5179308.0,43533897.34,3.331,USD,,CA,,equity,web_csv
2026-08-10,4COP,2099 HK,CHINA GOLD INTERNATIONAL RES,CA16890P1036,B60FNV8,1572142.0,42481388.29,3.251,USD,,CA,,equity,web_csv
2026-08-10,4COP,NDA GR,AURUBIS AG,DE0006766504,5485527,167515.0,33629546.16,2.573,USD,,DE,,equity,web_csv
2026-08-10,4COP,358 HK,JIANGXI COPPER CO LTD-H,CNE1000003K3,6000305,6682491.0,33218044.27,2.542,USD,,CN,,equity,web_csv
2026-08-10,4COP,1208 HK,MMG LTD,HK1208013172,6728793,26110864.0,31050883.12,2.376,USD,,HK,,equity,web_csv
2026-08-10,4COP,5711 JP,MITSUBISHI MATERIALS CORP,JP3903000002,6597089,817947.0,26305212.57,2.013,USD,,JP,,equity,web_csv
2026-08-10,4COP,ERO CN,ERO COPPER CORP,CA2960061091,BF02Z72,647872.0,23664159.62,1.811,USD,,CA,,equity,web_csv
2026-08-10,4COP,TGB,TREKOR METALS LTD,CA89472Y1079,BRSCTS7,2368636.0,20772937.72,1.59,USD,,CA,,equity,web_csv
2026-08-10,4COP,NGEX CN,NGEX MINERALS LTD,CA62930A1021,BVBCQW5,917947.0,18867831.62,1.444,USD,,CA,,equity,web_csv
2026-08-10,4COP,1258 HK,CHINA NONFERROUS MINING CORP,HK0000112026,B890GY2,8560029.0,17085908.01,1.307,USD,,HK,,equity,web_csv
2026-08-10,4COP,ALS CN,ALTIUS MINERALS CORPORATION,CA0209361009,2122355,306178.0,13688913.49,1.047,USD,,CA,,equity,web_csv
2026-08-10,4COP,3939 HK,WANGUO GOLD GROUP LTD,KYG9430L1150,BV106D0,7832510.0,12958260.92,0.992,USD,,KY,,equity,web_csv
2026-08-10,4COP,ATYM LN,ATALAYA MINING COPPER SA,CY0106002112,BYZTVM8,784962.0,10527855.5,0.806,USD,,CY,,equity,web_csv
2026-08-10,4COP,IE,IVANHOE ELECTRIC INC / US,US46578C1080,BPF0KH6,800057.0,8800627.0,0.673,USD,,US,,equity,web_csv
2026-08-10,4COP,AMAK AB,AL MASANE AL KOBRA MINING CO,SA15HG50KL10,BNNVLT6,347702.0,7593162.0,0.581,USD,,SA,,equity,web_csv
2026-08-10,4COP,FFM AU,FIREFLY METALS LTD,AU0000313769,BPDXXB2,4872886.0,6556470.64,0.502,USD,,AU,,equity,web_csv
2026-08-10,4COP,DVP AU,DEVELOP GLOBAL LTD,AU0000179707,BNVQGB0,1694152.0,6102551.3,0.467,USD,,AU,,equity,web_csv
2026-08-10,4COP,NDM CN,NORTHERN DYNASTY MINERALS,CA66510M2040,2637848,3587386.0,6046083.91,0.463,USD,,CA,,equity,web_csv
2026-08-10,4COP,FDY CN,FARADAY COPPER CORP,CA3073571034,BLNNJN8,1425480.0,6011275.79,0.46,USD,,CA,,equity,web_csv
2026-08-10,4COP,1515 JP,NITTETSU MINING CO LTD,JP3680800004,6641027,276259.0,5752680.26,0.44,USD,,JP,,equity,web_csv
2026-08-10,4COP,ARG CN,AMERIGO RESOURCES LTD,CA03074G1090,2855822,913005.0,5408556.89,0.414,USD,,CA,,equity,web_csv
2026-08-10,4COP,OM CN,OSISKO METALS INC,CA6882741094,BYW9WY0,3914667.0,5081613.13,0.389,USD,,CA,,equity,web_csv
2026-08-10,4COP,SLS CN,SOLARIS RESOURCES INC,CA83419D2014,BMQ5701,614760.0,5061458.6,0.387,USD,,CA,,equity,web_csv
2026-08-10,4COP,,OTHER PAYABLE & RECEIVABLES,CASH,,4584486.98,4584486.98,0.351,USD,,,,cash,web_csv
2026-08-10,4COP,CNL CN,COLLECTIVE MINING LTD,CA19425C1005,BN79Z49,310300.0,4401860.37,0.337,USD,,CA,,equity,web_csv
2026-08-10,4COP,,CASH,CASH,,234675.71,234675.71,0.018,USD,,,,cash,web_csv
2026-08-10,4COP,BVR AU,BELLAVISTA RESOURCES LTD,AU0000216913,BNNFYB1,346617.0,90581.7,0.007,USD,,AU,,equity,web_csv
2026-08-10,4COP,,SAUDI RIYAL,,,43928.13,11698.88,0.001,USD,,,,fx,web_csv
2026-08-10,4COP,,CURRENCY CONTRACT - USD,,,-49886715.0,2094.31,0.0,USD,,,,residual,web_csv
2026-08-10,4COP,,CURRENCY CONTRACT - USD,,,-27165039.0,1140.43,0.0,USD,,,,residual,web_csv
2026-08-10,4COP,,HONG KONG DOLLAR,,,2118.09,269.97,0.0,USD,,,,fx,web_csv
2026-08-10,4COP,,CURRENCY CONTRACT - USD,,,-5638378.0,236.7,0.0,USD,,,,residual,web_csv
2026-08-10,4COP,,EURO,,,204.57,236.3,0.0,USD,,,,fx,web_csv
2026-08-10,4COP,,BRITISH STERLING POUND,,,11.15,15.07,0.0,USD,,,,fx,web_csv
2026-08-10,4COP,,AUSTRALIAN DOLLAR,,,0.45,0.32,0.0,USD,,,,fx,web_csv
2026-08-10,4COP,,SWEDISH KRONE,,,0.08,0.01,0.0,USD,,,,fx,web_csv
2026-08-10,4COP,,CURRENCY CONTRACT - JPY,,,9718484.0,-408.0,0.0,USD,,,,residual,web_csv
2026-08-10,4COP,,CURRENCY CONTRACT - JPY,,,45280723.0,-1900.95,0.0,USD,,,,residual,web_csv
2026-08-10,4COP,,CURRENCY CONTRACT - JPY,,,84509785.0,-3547.84,0.0,USD,,,,residual,web_csv
2026-08-10,4COP,,CANADIAN DOLLAR,,,-3329237.29,-2387662.56,-0.183,USD,,,,fx,web_csv
2026-08-11,4COP,,CURRENCY CONTRACT - JPY,,,-30835.56,,,USD,,,,residual,web_csv
2026-08-11,4COP,,CURRENCY CONTRACT - JPY,,,-141259.48,,,USD,,,,residual,web_csv
2026-08-11,4COP,,CURRENCY CONTRACT - JPY,,,-292696.81,,,USD,,,,residual,web_csv
2026-08-11,4COP,HBM CN,HUDBAY MINERALS INC,CA4436281022,B05BDX1,2675881.0,73892933.59,5.699,USD,,CA,,equity,web_csv
2026-08-11,4COP,TECK/B CN,TECK RESOURCES LTD-CLS B,CA8787422044,2879327,1035389.0,68483241.56,5.281,USD,,CA,,equity,web_csv
2026-08-11,4COP,BHP AU,BHP GROUP LTD,AU000000BHP4,6144690,1495520.0,67542612.03,5.209,USD,,AU,,equity,web_csv
2026-08-11,4COP,FM CN,FIRST QUANTUM MINERALS LTD,CA3359341052,2347608,2096256.0,66436000.6,5.123,USD,,CA,,equity,web_csv
2026-08-11,4COP,KGH PW,KGHM POLSKA MIEDZ SA,PLKGHM000017,5263251,670282.0,65567545.76,5.057,USD,,PL,,equity,web_csv
2026-08-11,4COP,ANTO LN,ANTOFAGASTA PLC,GB0000456144,0045614,1174404.0,63854757.05,4.924,USD,,GB,,equity,web_csv
2026-08-11,4COP,SCCO,SOUTHERN COPPER CORP,US84265V1052,2823777,325581.54,63319097.9,4.883,USD,,US,,equity,web_csv
2026-08-11,4COP,GLEN LN,GLENCORE PLC,JE00B4T3BW64,B4T3BW6,7913674.0,61383435.92,4.734,USD,,JE,,equity,web_csv
2026-08-11,4COP,FCX,FREEPORT-MCMORAN INC,US35671D8570,2352118,874314.0,60214005.18,4.644,USD,,US,,equity,web_csv
2026-08-11,4COP,BOL SS,BOLIDEN AB,SE0020050417,BPYTZ57,1007952.0,56142157.07,4.33,USD,,SE,,equity,web_csv
2026-08-11,4COP,2899 HK,ZIJIN MINING GROUP CO LTD-H,CNE100000502,6725299,12353852.0,55703725.71,4.296,USD,,CN,,equity,web_csv
2026-08-11,4COP,5713 JP,SUMITOMO METAL MINING CO LTD,JP3402600005,6858849,860961.0,54418314.9,4.197,USD,,JP,,equity,web_csv
2026-08-11,4COP,LUN CN,LUNDIN MINING CORP,CA5503721063,2866857,1996478.0,52909713.14,4.08,USD,,CA,,equity,web_csv
2026-08-11,4COP,CS CN,CAPSTONE COPPER CORP,CA14071L1085,BMY5XY9,4346953.0,48876886.72,3.769,USD,,CA,,equity,web_csv
2026-08-11,4COP,SFR AU,SANDFIRE RESOURCES LTD,AU000000SFR8,6739739,3065781.0,46175249.5,3.561,USD,,AU,,equity,web_csv
2026-08-11,4COP,IVN CN,IVANHOE MINES LTD-CL A,CA46579R1047,BD73C40,5190428.0,44124693.97,3.403,USD,,CA,,equity,web_csv
2026-08-11,4COP,2099 HK,CHINA GOLD INTERNATIONAL RES,CA16890P1036,B60FNV8,1575518.0,40198649.54,3.1,USD,,CA,,equity,web_csv
2026-08-11,4COP,NDA GR,AURUBIS AG,DE0006766504,5485527,167875.0,33289769.84,2.567,USD,,DE,,equity,web_csv
2026-08-11,4COP,358 HK,JIANGXI COPPER CO LTD-H,CNE1000003K3,6000305,6696839.0,32125026.44,2.477,USD,,CN,,equity,web_csv
2026-08-11,4COP,1208 HK,MMG LTD,HK1208013172,6728793,26166924.0,29963654.13,2.311,USD,,HK,,equity,web_csv
2026-08-11,4COP,5711 JP,MITSUBISHI MATERIALS CORP,JP3903000002,6597089,817947.0,26258132.78,2.025,USD,,JP,,equity,web_csv
2026-08-11,4COP,ERO CN,ERO COPPER CORP,CA2960061091,BF02Z72,649264.0,23523145.89,1.814,USD,,CA,,equity,web_csv
2026-08-11,4COP,TGB,TREKOR METALS LTD,CA89472Y1079,BRSCTS7,2373720.0,20936210.4,1.615,USD,,CA,,equity,web_csv
2026-08-11,4COP,NGEX CN,NGEX MINERALS LTD,CA62930A1021,BVBCQW5,919919.0,18599834.17,1.434,USD,,CA,,equity,web_csv
2026-08-11,4COP,1258 HK,CHINA NONFERROUS MINING CORP,HK0000112026,B890GY2,8578409.0,16628764.53,1.282,USD,,HK,,equity,web_csv
2026-08-11,4COP,ALS CN,ALTIUS MINERALS CORPORATION,CA0209361009,2122355,306834.0,13912451.7,1.073,USD,,CA,,equity,web_csv
2026-08-11,4COP,3939 HK,WANGUO GOLD GROUP LTD,KYG9430L1150,BV106D0,7849150.0,12054069.65,0.93,USD,,KY,,equity,web_csv
2026-08-11,4COP,ATYM LN,ATALAYA MINING COPPER SA,CY0106002112,BYZTVM8,786646.0,10568028.52,0.815,USD,,CY,,equity,web_csv
2026-08-11,4COP,IE,IVANHOE ELECTRIC INC / US,US46578C1080,BPF0KH6,801773.0,8915715.76,0.688,USD,,US,,equity,web_csv
2026-08-11,4COP,AMAK AB,AL MASANE AL KOBRA MINING CO,SA15HG50KL10,BNNVLT6,348446.0,7836972.6,0.604,USD,,SA,,equity,web_csv
2026-08-11,4COP,FFM AU,FIREFLY METALS LTD,AU0000313769,BPDXXB2,4883350.0,6899677.15,0.532,USD,,AU,,equity,web_csv
2026-08-11,4COP,NDM CN,NORTHERN DYNASTY MINERALS,CA66510M2040,2637848,3595090.0,6117654.5,0.472,USD,,CA,,equity,web_csv
2026-08-11,4COP,DVP AU,DEVELOP GLOBAL LTD,AU0000179707,BNVQGB0,1697788.0,5949028.62,0.459,USD,,AU,,equity,web_csv
2026-08-11,4COP,1515 JP,NITTETSU MINING CO LTD,JP3680800004,6641027,276259.0,5742384.39,0.443,USD,,JP,,equity,web_csv
2026-08-11,4COP,FDY CN,FARADAY COPPER CORP,CA3073571034,BLNNJN8,1428540.0,5641335.49,0.435,USD,,CA,,equity,web_csv
2026-08-11,4COP,ARG CN,AMERIGO RESOURCES LTD,CA03074G1090,2855822,914965.0,5275296.32,0.407,USD,,CA,,equity,web_csv
2026-08-11,4COP,OM CN,OSISKO METALS INC,CA6882741094,BYW9WY0,3923071.0,4985701.43,0.384,USD,,CA,,equity,web_csv
2026-08-11,4COP,SLS CN,SOLARIS RESOURCES INC,CA83419D2014,BMQ5701,616080.0,4971990.09,0.383,USD,,CA,,equity,web_csv
2026-08-11,4COP,CNL CN,COLLECTIVE MINING LTD,CA19425C1005,BN79Z49,310968.0,4483387.14,0.346,USD,,CA,,equity,web_csv
2026-08-11,4COP,,CASH,CASH,,3398462.84,3398462.84,0.262,USD,,,,cash,web_csv
2026-08-11,4COP,,OTHER PAYABLE & RECEIVABLES,CASH,,285142.6,285142.6,0.022,USD,,,,cash,web_csv
2026-08-11,4COP,BVR AU,BELLAVISTA RESOURCES LTD,AU0000216913,BNNFYB1,346617.0,95498.24,0.007,USD,,AU,,equity,web_csv
2026-08-11,4COP,,HONG KONG DOLLAR,,,2118.09,269.94,0.0,USD,,,,fx,web_csv
2026-08-11,4COP,,EURO,,,204.57,236.13,0.0,USD,,,,fx,web_csv
2026-08-11,4COP,,BRITISH STERLING POUND,,,11.15,15.06,0.0,USD,,,,fx,web_csv
2026-08-11,4COP,,AUSTRALIAN DOLLAR,,,0.45,0.32,0.0,USD,,,,fx,web_csv
2026-08-11,4COP,,SWEDISH KRONE,,,0.08,0.01,0.0,USD,,,,fx,web_csv
2026-08-11,4COP,,CURRENCY CONTRACT - JPY,,,4899191.0,-69.48,0.0,USD,,,,residual,web_csv
2026-08-11,4COP,,CURRENCY CONTRACT - JPY,,,22443475.0,-318.29,0.0,USD,,,,residual,web_csv
2026-08-11,4COP,,CURRENCY CONTRACT - JPY,,,46504020.0,-659.51,0.0,USD,,,,residual,web_csv
2026-08-11,4COP,,SAUDI RIYAL,,,-229110.22,-61017.96,-0.005,USD,,,,fx,web_csv
2026-08-11,4COP,,CANADIAN DOLLAR,,,-1318253.72,-946511.38,-0.073,USD,,,,fx,web_csv
2026-08-12,4COP,HBM CN,HUDBAY MINERALS INC,CA4436281022,B05BDX1,2675881.0,74548370.73,5.736,USD,,CA,,equity,web_csv
2026-08-12,4COP,TECK/B CN,TECK RESOURCES LTD-CLS B,CA8787422044,2879327,1035389.0,68413680.47,5.264,USD,,CA,,equity,web_csv
2026-08-12,4COP,BHP AU,BHP GROUP LTD,AU000000BHP4,6144690,1495520.0,67097108.67,5.163,USD,,AU,,equity,web_csv
2026-08-12,4COP,FM CN,FIRST QUANTUM MINERALS LTD,CA3359341052,2347608,2096256.0,66515308.71,5.118,USD,,CA,,equity,web_csv
2026-08-12,4COP,KGH PW,KGHM POLSKA MIEDZ SA,PLKGHM000017,5263251,670282.0,65986683.37,5.078,USD,,PL,,equity,web_csv
2026-08-12,4COP,ANTO LN,ANTOFAGASTA PLC,GB0000456144,0045614,1174404.0,63918215.19,4.918,USD,,GB,,equity,web_csv
2026-08-12,4COP,SCCO,SOUTHERN COPPER CORP,US84265V1052,2823777,325581.54,63452586.33,4.883,USD,,US,,equity,web_csv
2026-08-12,4COP,GLEN LN,GLENCORE PLC,JE00B4T3BW64,B4T3BW6,7913674.0,61244462.62,4.713,USD,,JE,,equity,web_csv
2026-08-12,4COP,FCX,FREEPORT-MCMORAN INC,US35671D8570,2352118,874314.0,60520015.08,4.657,USD,,US,,equity,web_csv
2026-08-12,4COP,BOL SS,BOLIDEN AB,SE0020050417,BPYTZ57,1007952.0,56948828.39,4.382,USD,,SE,,equity,web_csv
2026-08-12,4COP,2899 HK,ZIJIN MINING GROUP CO LTD-H,CNE100000502,6725299,12353852.0,56548879.07,4.351,USD,,CN,,equity,web_csv
2026-08-12,4COP,5713 JP,SUMITOMO METAL MINING CO LTD,JP3402600005,6858849,862761.0,52472774.53,4.038,USD,,JP,,equity,web_csv
2026-08-12,4COP,LUN CN,LUNDIN MINING CORP,CA5503721063,2866857,1996478.0,52394373.63,4.032,USD,,CA,,equity,web_csv
2026-08-12,4COP,CS CN,CAPSTONE COPPER CORP,CA14071L1085,BMY5XY9,4346953.0,49515333.49,3.81,USD,,CA,,equity,web_csv
2026-08-12,4COP,SFR AU,SANDFIRE RESOURCES LTD,AU000000SFR8,6739739,3065781.0,46759647.42,3.598,USD,,AU,,equity,web_csv
2026-08-12,4COP,IVN CN,IVANHOE MINES LTD-CL A,CA46579R1047,BD73C40,5190428.0,44100092.1,3.393,USD,,CA,,equity,web_csv
2026-08-12,4COP,2099 HK,CHINA GOLD INTERNATIONAL RES,CA16890P1036,B60FNV8,1575518.0,40717077.48,3.133,USD,,CA,,equity,web_csv
2026-08-12,4COP,NDA GR,AURUBIS AG,DE0006766504,5485527,167875.0,34121407.55,2.626,USD,,DE,,equity,web_csv
2026-08-12,4COP,358 HK,JIANGXI COPPER CO LTD-H,CNE1000003K3,6000305,6696839.0,32412318.43,2.494,USD,,CN,,equity,web_csv
2026-08-12,4COP,1208 HK,MMG LTD,HK1208013172,6728793,26166924.0,29610852.93,2.279,USD,,HK,,equity,web_csv
2026-08-12,4COP,5711 JP,MITSUBISHI MATERIALS CORP,JP3903000002,6597089,819647.0,27231481.43,2.095,USD,,JP,,equity,web_csv
2026-08-12,4COP,ERO CN,ERO COPPER CORP,CA2960061091,BF02Z72,649264.0,23427315.95,1.803,USD,,CA,,equity,web_csv
2026-08-12,4COP,TGB,TREKOR METALS LTD,CA89472Y1079,BRSCTS7,2373720.0,20722575.6,1.595,USD,,CA,,equity,web_csv
2026-08-12,4COP,NGEX CN,NGEX MINERALS LTD,CA62930A1021,BVBCQW5,919919.0,18459824.66,1.42,USD,,CA,,equity,web_csv
2026-08-12,4COP,1258 HK,CHINA NONFERROUS MINING CORP,HK0000112026,B890GY2,8578409.0,16550758.52,1.274,USD,,HK,,equity,web_csv
2026-08-12,4COP,ALS CN,ALTIUS MINERALS CORPORATION,CA0209361009,2122355,306834.0,13821688.86,1.064,USD,,CA,,equity,web_csv
2026-08-12,4COP,3939 HK,WANGUO GOLD GROUP LTD,KYG9430L1150,BV106D0,7849150.0,12413083.84,0.955,USD,,KY,,equity,web_csv
2026-08-12,4COP,ATYM LN,ATALAYA MINING COPPER SA,CY0106002112,BYZTVM8,786646.0,10174848.97,0.783,USD,,CY,,equity,web_csv
2026-08-12,4COP,IE,IVANHOE ELECTRIC INC / US,US46578C1080,BPF0KH6,801773.0,8546900.18,0.658,USD,,US,,equity,web_csv
2026-08-12,4COP,AMAK AB,AL MASANE AL KOBRA MINING CO,SA15HG50KL10,BNNVLT6,348446.0,8013719.73,0.617,USD,,SA,,equity,web_csv
2026-08-12,4COP,FFM AU,FIREFLY METALS LTD,AU0000313769,BPDXXB2,4883350.0,6871489.43,0.529,USD,,AU,,equity,web_csv
2026-08-12,4COP,DVP AU,DEVELOP GLOBAL LTD,AU0000179707,BNVQGB0,1697788.0,6134572.65,0.472,USD,,AU,,equity,web_csv
2026-08-12,4COP,NDM CN,NORTHERN DYNASTY MINERALS,CA66510M2040,2637848,3595090.0,6093591.7,0.469,USD,,CA,,equity,web_csv
2026-08-12,4COP,FDY CN,FARADAY COPPER CORP,CA3073571034,BLNNJN8,1428540.0,6012313.28,0.463,USD,,CA,,equity,web_csv
2026-08-12,4COP,1515 JP,NITTETSU MINING CO LTD,JP3680800004,6641027,276759.0,5744628.64,0.442,USD,,JP,,equity,web_csv
2026-08-12,4COP,ARG CN,AMERIGO RESOURCES LTD,CA03074G1090,2855822,914965.0,5145384.39,0.396,USD,,CA,,equity,web_csv
2026-08-12,4COP,OM CN,OSISKO METALS INC,CA6882741094,BYW9WY0,3923071.0,4987133.75,0.384,USD,,CA,,equity,web_csv
2026-08-12,4COP,SLS CN,SOLARIS RESOURCES INC,CA83419D2014,BMQ5701,616080.0,4902622.47,0.377,USD,,CA,,equity,web_csv
2026-08-12,4COP,CNL CN,COLLECTIVE MINING LTD,CA19425C1005,BN79Z49,310968.0,4442240.47,0.342,USD,,CA,,equity,web_csv
2026-08-12,4COP,,CASH,CASH,,1630438.6,1630438.6,0.125,USD,,,,cash,web_csv
2026-08-12,4COP,,OTHER PAYABLE & RECEIVABLES,CASH,,816743.66,816743.66,0.063,USD,,,,cash,web_csv
2026-08-12,4COP,BVR AU,BELLAVISTA RESOURCES LTD,AU0000216913,BNNFYB1,346617.0,90684.18,0.007,USD,,AU,,equity,web_csv
2026-08-12,4COP,,SAUDI RIYAL,,,120195.46,32012.85,0.002,USD,,,,fx,web_csv
2026-08-12,4COP,,HONG KONG DOLLAR,,,2118.09,269.92,0.0,USD,,,,fx,web_csv
2026-08-12,4COP,,EURO,,,204.57,236.11,0.0,USD,,,,fx,web_csv
2026-08-12,4COP,,BRITISH STERLING POUND,,,11.15,15.06,0.0,USD,,,,fx,web_csv
2026-08-12,4COP,,CANADIAN DOLLAR,,,6.73,4.83,0.0,USD,,,,fx,web_csv
2026-08-12,4COP,,AUSTRALIAN DOLLAR,,,0.45,0.32,0.0,USD,,,,fx,web_csv
2026-08-12,4COP,,SWEDISH KRONE,,,0.08,0.01,0.0,USD,,,,fx,web_csv
2026-08-13,4COP,HBM CN,HUDBAY MINERALS INC,CA4436281022,B05BDX1,2675881.0,70701754.31,5.621,USD,,CA,,equity,web_csv
2026-08-13,4COP,BHP AU,BHP GROUP LTD,AU000000BHP4,6144690,1495520.0,67044960.54,5.331,USD,,AU,,equity,web_csv
2026-08-13,4COP,TECK/B CN,TECK RESOURCES LTD-CLS B,CA8787422044,2879327,1035389.0,65978851.5,5.246,USD,,CA,,equity,web_csv
2026-08-13,4COP,FM CN,FIRST QUANTUM MINERALS LTD,CA3359341052,2347608,2096256.0,65009043.56,5.169,USD,,CA,,equity,web_csv
2026-08-13,4COP,KGH PW,KGHM POLSKA MIEDZ SA,PLKGHM000017,5263251,670282.0,63931356.47,5.083,USD,,PL,,equity,web_csv
2026-08-13,4COP,SCCO,SOUTHERN COPPER CORP,US84265V1052,2823777,325581.0,61075739.79,4.856,USD,,US,,equity,web_csv
2026-08-13,4COP,GLEN LN,GLENCORE PLC,JE00B4T3BW64,B4T3BW6,7913674.0,59961632.2,4.767,USD,,JE,,equity,web_csv
2026-08-13,4COP,ANTO LN,ANTOFAGASTA PLC,GB0000456144,0045614,1174404.0,59587196.89,4.738,USD,,GB,,equity,web_csv
2026-08-13,4COP,FCX,FREEPORT-MCMORAN INC,US35671D8570,2352118,874314.0,58430404.62,4.646,USD,,US,,equity,web_csv
2026-08-13,4COP,BOL SS,BOLIDEN AB,SE0020050417,BPYTZ57,1007952.0,55711457.63,4.43,USD,,SE,,equity,web_csv
2026-08-13,4COP,2899 HK,ZIJIN MINING GROUP CO LTD-H,CNE100000502,6725299,12353852.0,54250400.13,4.313,USD,,CN,,equity,web_csv
2026-08-13,4COP,5713 JP,SUMITOMO METAL MINING CO LTD,JP3402600005,6858849,862809.0,53245627.81,4.233,USD,,JP,,equity,web_csv
2026-08-13,4COP,LUN CN,LUNDIN MINING CORP,CA5503721063,2866857,1996478.0,50230544.53,3.994,USD,,CA,,equity,web_csv
2026-08-13,4COP,CS CN,CAPSTONE COPPER CORP,CA14071L1085,BMY5XY9,4346953.0,47887253.88,3.807,USD,,CA,,equity,web_csv
2026-08-13,4COP,SFR AU,SANDFIRE RESOURCES LTD,AU000000SFR8,6739739,3065781.0,45748549.61,3.637,USD,,AU,,equity,web_csv
2026-08-13,4COP,IVN CN,IVANHOE MINES LTD-CL A,CA46579R1047,BD73C40,5190428.0,43070538.59,3.424,USD,,CA,,equity,web_csv
2026-08-13,4COP,2099 HK,CHINA GOLD INTERNATIONAL RES,CA16890P1036,B60FNV8,1575518.0,37584994.6,2.988,USD,,CA,,equity,web_csv
2026-08-13,4COP,NDA GR,AURUBIS AG,DE0006766504,5485527,167875.0,32520318.4,2.586,USD,,DE,,equity,web_csv
2026-08-13,4COP,358 HK,JIANGXI COPPER CO LTD-H,CNE1000003K3,6000305,6696839.0,31115142.97,2.474,USD,,CN,,equity,web_csv
2026-08-13,4COP,1208 HK,MMG LTD,HK1208013172,6728793,26166924.0,27876884.07,2.216,USD,,HK,,equity,web_csv
2026-08-13,4COP,5711 JP,MITSUBISHI MATERIALS CORP,JP3903000002,6597089,819703.0,27344890.4,2.174,USD,,JP,,equity,web_csv
2026-08-13,4COP,ERO CN,ERO COPPER CORP,CA2960061091,BF02Z72,649264.0,22300260.32,1.773,USD,,CA,,equity,web_csv
2026-08-13,4COP,TGB,TREKOR METALS LTD,CA89472Y1079,BRSCTS7,2373720.0,19962985.2,1.587,USD,,CA,,equity,web_csv
2026-08-13,4COP,NGEX CN,NGEX MINERALS LTD,CA62930A1021,BVBCQW5,919919.0,18077731.19,1.437,USD,,CA,,equity,web_csv
2026-08-13,4COP,1258 HK,CHINA NONFERROUS MINING CORP,HK0000112026,B890GY2,8578409.0,15501304.88,1.232,USD,,HK,,equity,web_csv
2026-08-13,4COP,ALS CN,ALTIUS MINERALS CORPORATION,CA0209361009,2122355,306834.0,13738540.21,1.092,USD,,CA,,equity,web_csv
2026-08-13,4COP,3939 HK,WANGUO GOLD GROUP LTD,KYG9430L1150,BV106D0,7849150.0,11582877.59,0.921,USD,,KY,,equity,web_csv
2026-08-13,4COP,ATYM LN,ATALAYA MINING COPPER SA,CY0106002112,BYZTVM8,786646.0,9792295.91,0.779,USD,,CY,,equity,web_csv
2026-08-13,4COP,IE,IVANHOE ELECTRIC INC / US,US46578C1080,BPF0KH6,801773.0,8346456.93,0.664,USD,,US,,equity,web_csv
2026-08-13,4COP,AMAK AB,AL MASANE AL KOBRA MINING CO,SA15HG50KL10,BNNVLT6,348446.0,8047058.81,0.64,USD,,SA,,equity,web_csv
2026-08-13,4COP,FFM AU,FIREFLY METALS LTD,AU0000313769,BPDXXB2,4883350.0,6728135.84,0.535,USD,,AU,,equity,web_csv
2026-08-13,4COP,DVP AU,DEVELOP GLOBAL LTD,AU0000179707,BNVQGB0,1697788.0,6081822.02,0.484,USD,,AU,,equity,web_csv
2026-08-13,4COP,NDM CN,NORTHERN DYNASTY MINERALS,CA66510M2040,2637848,3595090.0,5904580.15,0.469,USD,,CA,,equity,web_csv
2026-08-13,4COP,FDY CN,FARADAY COPPER CORP,CA3073571034,BLNNJN8,1428540.0,5870712.33,0.467,USD,,CA,,equity,web_csv
2026-08-13,4COP,1515 JP,NITTETSU MINING CO LTD,JP3680800004,6641027,276851.0,5661379.02,0.45,USD,,JP,,equity,web_csv
2026-08-13,4COP,OM CN,OSISKO METALS INC,CA6882741094,BYW9WY0,3923071.0,5036431.97,0.4,USD,,CA,,equity,web_csv
2026-08-13,4COP,ARG CN,AMERIGO RESOURCES LTD,CA03074G1090,2855822,914965.0,4967571.58,0.395,USD,,CA,,equity,web_csv
2026-08-13,4COP,SLS CN,SOLARIS RESOURCES INC,CA83419D2014,BMQ5701,616080.0,4772046.19,0.379,USD,,CA,,equity,web_csv
2026-08-13,4COP,CNL CN,COLLECTIVE MINING LTD,CA19425C1005,BN79Z49,310968.0,4509627.02,0.359,USD,,CA,,equity,web_csv
2026-08-13,4COP,,CASH,CASH,,1437386.89,1437386.89,0.114,USD,,,,cash,web_csv
2026-08-13,4COP,,OTHER PAYABLE & RECEIVABLES,CASH,,968182.5,968182.5,0.077,USD,,,,cash,web_csv
2026-08-13,4COP,BVR AU,BELLAVISTA RESOURCES LTD,AU0000216913,BNNFYB1,346617.0,86940.17,0.007,USD,,AU,,equity,web_csv
2026-08-13,4COP,,SAUDI RIYAL,,,183029.4,48753.24,0.004,USD,,,,fx,web_csv
2026-08-13,4COP,,HONG KONG DOLLAR,,,2118.09,269.92,0.0,USD,,,,fx,web_csv
2026-08-13,4COP,,EURO,,,204.57,236.17,0.0,USD,,,,fx,web_csv
2026-08-13,4COP,,BRITISH STERLING POUND,,,11.15,15.06,0.0,USD,,,,fx,web_csv
2026-08-13,4COP,,CANADIAN DOLLAR,,,6.73,4.83,0.0,USD,,,,fx,web_csv
2026-08-13,4COP,,AUSTRALIAN DOLLAR,,,0.45,0.32,0.0,USD,,,,fx,web_csv
2026-08-13,4COP,,SWEDISH KRONE,,,0.08,0.01,0.0,USD,,,,fx,web_csv
2026-08-14,4COP,HBM CN,HUDBAY MINERALS INC,CA4436281022,B05BDX1,2670169.0,71162182.58,5.685,USD,,CA,,equity,web_csv
2026-08-14,4COP,FM CN,FIRST QUANTUM MINERALS LTD,CA3359341052,2347608,2091764.0,65784429.27,5.256,USD,,CA,,equity,web_csv
2026-08-14,4COP,TECK/B CN,TECK RESOURCES LTD-CLS B,CA8787422044,2879327,1033177.0,65632923.44,5.243,USD,,CA,,equity,web_csv
2026-08-14,4COP,BHP AU,BHP GROUP LTD,AU000000BHP4,6144690,1492328.0,64930301.84,5.187,USD,,AU,,equity,web_csv
2026-08-14,4COP,KGH PW,KGHM POLSKA MIEDZ SA,PLKGHM000017,5263251,668854.0,63426198.13,5.067,USD,,PL,,equity,web_csv
2026-08-14,4COP,SCCO,SOUTHERN COPPER CORP,US84265V1052,2823777,324889.0,59977758.29,4.792,USD,,US,,equity,web_csv
2026-08-14,4COP,GLEN LN,GLENCORE PLC,JE00B4T3BW64,B4T3BW6,7896718.0,58726015.94,4.692,USD,,JE,,equity,web_csv
2026-08-14,4COP,FCX,FREEPORT-MCMORAN INC,US35671D8570,2352118,872442.0,58008668.58,4.634,USD,,US,,equity,web_csv
2026-08-14,4COP,ANTO LN,ANTOFAGASTA PLC,GB0000456144,0045614,1171896.0,56920526.77,4.547,USD,,GB,,equity,web_csv
2026-08-14,4COP,BOL SS,BOLIDEN AB,SE0020050417,BPYTZ57,1005800.0,55552983.88,4.438,USD,,SE,,equity,web_csv
2026-08-14,4COP,2899 HK,ZIJIN MINING GROUP CO LTD-H,CNE100000502,6725299,12327384.0,54666543.04,4.367,USD,,CN,,equity,web_csv
2026-08-14,4COP,5713 JP,SUMITOMO METAL MINING CO LTD,JP3402600005,6858849,860961.0,51886643.31,4.145,USD,,JP,,equity,web_csv
2026-08-14,4COP,LUN CN,LUNDIN MINING CORP,CA5503721063,2866857,1992202.0,50696764.75,4.05,USD,,CA,,equity,web_csv
2026-08-14,4COP,CS CN,CAPSTONE COPPER CORP,CA14071L1085,BMY5XY9,4337641.0,47190733.89,3.77,USD,,CA,,equity,web_csv
2026-08-14,4COP,SFR AU,SANDFIRE RESOURCES LTD,AU000000SFR8,6739739,3059213.0,45214319.4,3.612,USD,,AU,,equity,web_csv
2026-08-14,4COP,2099 HK,CHINA GOLD INTERNATIONAL RES,CA16890P1036,B60FNV8,1572142.0,42992522.82,3.435,USD,,CA,,equity,web_csv
2026-08-14,4COP,IVN CN,IVANHOE MINES LTD-CL A,CA46579R1047,BD73C40,5179308.0,42577833.7,3.402,USD,,CA,,equity,web_csv
2026-08-14,4COP,NDA GR,AURUBIS AG,DE0006766504,5485527,167515.0,32533776.69,2.599,USD,,DE,,equity,web_csv
2026-08-14,4COP,358 HK,JIANGXI COPPER CO LTD-H,CNE1000003K3,6000305,6682491.0,30774993.75,2.459,USD,,CN,,equity,web_csv
2026-08-14,4COP,1208 HK,MMG LTD,HK1208013172,6728793,26110864.0,27999276.27,2.237,USD,,HK,,equity,web_csv
2026-08-14,4COP,5711 JP,MITSUBISHI MATERIALS CORP,JP3903000002,6597089,817947.0,26588613.22,2.124,USD,,JP,,equity,web_csv
2026-08-14,4COP,ERO CN,ERO COPPER CORP,CA2960061091,BF02Z72,647872.0,21901476.45,1.75,USD,,CA,,equity,web_csv
2026-08-14,4COP,TGB,TREKOR METALS LTD,CA89472Y1079,BRSCTS7,2368636.0,19778110.6,1.58,USD,,CA,,equity,web_csv
2026-08-14,4COP,NGEX CN,NGEX MINERALS LTD,CA62930A1021,BVBCQW5,917947.0,18181031.76,1.452,USD,,CA,,equity,web_csv
2026-08-14,4COP,1258 HK,CHINA NONFERROUS MINING CORP,HK0000112026,B890GY2,8560029.0,15500323.3,1.238,USD,,HK,,equity,web_csv
2026-08-14,4COP,ALS CN,ALTIUS MINERALS CORPORATION,CA0209361009,2122355,306178.0,13954984.17,1.115,USD,,CA,,equity,web_csv
2026-08-14,4COP,3939 HK,WANGUO GOLD GROUP LTD,KYG9430L1150,BV106D0,7832510.0,11827439.93,0.945,USD,,KY,,equity,web_csv
2026-08-14,4COP,ATYM LN,ATALAYA MINING COPPER SA,CY0106002112,BYZTVM8,784962.0,9752335.81,0.779,USD,,CY,,equity,web_csv
2026-08-14,4COP,IE,IVANHOE ELECTRIC INC / US,US46578C1080,BPF0KH6,800057.0,8328593.37,0.665,USD,,US,,equity,web_csv
2026-08-14,4COP,AMAK AB,AL MASANE AL KOBRA MINING CO,SA15HG50KL10,BNNVLT6,348446.0,8046415.82,0.643,USD,,SA,,equity,web_csv
2026-08-14,4COP,FFM AU,FIREFLY METALS LTD,AU0000313769,BPDXXB2,4872886.0,6427880.03,0.514,USD,,AU,,equity,web_csv
2026-08-14,4COP,1515 JP,NITTETSU MINING CO LTD,JP3680800004,6641027,276259.0,5844959.19,0.467,USD,,JP,,equity,web_csv
2026-08-14,4COP,NDM CN,NORTHERN DYNASTY MINERALS,CA66510M2040,2637848,3587386.0,5841343.25,0.467,USD,,CA,,equity,web_csv
2026-08-14,4COP,FDY CN,FARADAY COPPER CORP,CA3073571034,BLNNJN8,1425480.0,5689800.93,0.455,USD,,CA,,equity,web_csv
2026-08-14,4COP,DVP AU,DEVELOP GLOBAL LTD,AU0000179707,BNVQGB0,1694152.0,5683057.9,0.454,USD,,AU,,equity,web_csv
2026-08-14,4COP,ARG CN,AMERIGO RESOURCES LTD,CA03074G1090,2855822,913005.0,5019077.16,0.401,USD,,CA,,equity,web_csv
2026-08-14,4COP,OM CN,OSISKO METALS INC,CA6882741094,BYW9WY0,3914667.0,4879407.69,0.39,USD,,CA,,equity,web_csv
2026-08-14,4COP,SLS CN,SOLARIS RESOURCES INC,CA83419D2014,BMQ5701,614760.0,4743744.08,0.379,USD,,CA,,equity,web_csv
2026-08-14,4COP,CNL CN,COLLECTIVE MINING LTD,CA19425C1005,BN79Z49,310300.0,4580890.52,0.366,USD,,CA,,equity,web_csv
2026-08-14,4COP,,CASH,CASH,,1791871.18,1791871.18,0.143,USD,,,,cash,web_csv
2026-08-14,4COP,,CANADIAN DOLLAR,,,1273559.66,917583.24,0.073,USD,,,,fx,web_csv
2026-08-14,4COP,BVR AU,BELLAVISTA RESOURCES LTD,AU0000216913,BNNFYB1,346617.0,88495.45,0.007,USD,,AU,,equity,web_csv
2026-08-14,4COP,,HONG KONG DOLLAR,,,2118.09,269.91,0.0,USD,,,,fx,web_csv
2026-08-14,4COP,,EURO,,,204.57,236.91,0.0,USD,,,,fx,web_csv
2026-08-14,4COP,,SAUDI RIYAL,,,280.42,74.69,0.0,USD,,,,fx,web_csv
2026-08-14,4COP,,BRITISH STERLING POUND,,,11.15,15.11,0.0,USD,,,,fx,web_csv
2026-08-14,4COP,,AUSTRALIAN DOLLAR,,,0.45,0.32,0.0,USD,,,,fx,web_csv
2026-08-14,4COP,,SWEDISH KRONE,,,0.08,0.01,0.0,USD,,,,fx,web_csv
2026-08-14,4COP,,OTHER PAYABLE & RECEIVABLES,CASH,,-300494.29,-300494.29,-0.024,USD,,,,cash,web_csv
2026-08-17,4COP,HBM CN,HUDBAY MINERALS INC,CA4436281022,B05BDX1,2670169.0,73173779.97,5.719,USD,,CA,,equity,web_csv
2026-08-17,4COP,FM CN,FIRST QUANTUM MINERALS LTD,CA3359341052,2347608,2091764.0,67414944.77,5.269,USD,,CA,,equity,web_csv
2026-08-17,4COP,TECK/B CN,TECK RESOURCES LTD-CLS B,CA8787422044,2879327,1033177.0,67043065.27,5.24,USD,,CA,,equity,web_csv
2026-08-17,4COP,BHP AU,BHP GROUP LTD,AU000000BHP4,6144690,1492328.0,66015775.6,5.16,USD,,AU,,equity,web_csv
2026-08-17,4COP,SCCO,SOUTHERN COPPER CORP,US84265V1052,2823777,324889.0,62391683.56,4.877,USD,,US,,equity,web_csv
2026-08-17,4COP,KGH PW,KGHM POLSKA MIEDZ SA,PLKGHM000017,5263251,668854.0,62057599.23,4.85,USD,,PL,,equity,web_csv
2026-08-17,4COP,FCX,FREEPORT-MCMORAN INC,US35671D8570,2352118,872442.0,59657583.96,4.663,USD,,US,,equity,web_csv
2026-08-17,4COP,GLEN LN,GLENCORE PLC,JE00B4T3BW64,B4T3BW6,7896718.0,59267925.63,4.632,USD,,JE,,equity,web_csv
2026-08-17,4COP,ANTO LN,ANTOFAGASTA PLC,GB0000456144,0045614,1171896.0,57429844.5,4.489,USD,,GB,,equity,web_csv
2026-08-17,4COP,2899 HK,ZIJIN MINING GROUP CO LTD-H,CNE100000502,6725299,12327384.0,56442108.97,4.412,USD,,CN,,equity,web_csv
2026-08-17,4COP,BOL SS,BOLIDEN AB,SE0020050417,BPYTZ57,1005800.0,56082882.98,4.384,USD,,SE,,equity,web_csv
2026-08-17,4COP,5713 JP,SUMITOMO METAL MINING CO LTD,JP3402600005,6858849,860961.0,53761756.91,4.202,USD,,JP,,equity,web_csv
2026-08-17,4COP,LUN CN,LUNDIN MINING CORP,CA5503721063,2866857,1992202.0,51965489.73,4.062,USD,,CA,,equity,web_csv
2026-08-17,4COP,CS CN,CAPSTONE COPPER CORP,CA14071L1085,BMY5XY9,4337641.0,47360101.5,3.702,USD,,CA,,equity,web_csv
2026-08-17,4COP,SFR AU,SANDFIRE RESOURCES LTD,AU000000SFR8,6739739,3059213.0,46299297.08,3.619,USD,,AU,,equity,web_csv
2026-08-17,4COP,2099 HK,CHINA GOLD INTERNATIONAL RES,CA16890P1036,B60FNV8,1572142.0,44287383.62,3.462,USD,,CA,,equity,web_csv
2026-08-17,4COP,IVN CN,IVANHOE MINES LTD-CL A,CA46579R1047,BD73C40,5179308.0,43700936.5,3.416,USD,,CA,,equity,web_csv
2026-08-17,4COP,NDA GR,AURUBIS AG,DE0006766504,5485527,167515.0,33055020.05,2.584,USD,,DE,,equity,web_csv
2026-08-17,4COP,358 HK,JIANGXI COPPER CO LTD-H,CNE1000003K3,6000305,6682491.0,31959295.15,2.498,USD,,CN,,equity,web_csv
2026-08-17,4COP,1208 HK,MMG LTD,HK1208013172,6728793,26110864.0,30037544.94,2.348,USD,,HK,,equity,web_csv
2026-08-17,4COP,5711 JP,MITSUBISHI MATERIALS CORP,JP3903000002,6597089,817947.0,27029555.28,2.113,USD,,JP,,equity,web_csv
2026-08-17,4COP,ERO CN,ERO COPPER CORP,CA2960061091,BF02Z72,647872.0,22632185.25,1.769,USD,,CA,,equity,web_csv
2026-08-17,4COP,TGB,TREKOR METALS LTD,CA89472Y1079,BRSCTS7,2368636.0,20772937.72,1.624,USD,,CA,,equity,web_csv
2026-08-17,4COP,NGEX CN,NGEX MINERALS LTD,CA62930A1021,BVBCQW5,917947.0,18515831.38,1.447,USD,,CA,,equity,web_csv
2026-08-17,4COP,1258 HK,CHINA NONFERROUS MINING CORP,HK0000112026,B890GY2,8560029.0,16366751.01,1.279,USD,,HK,,equity,web_csv
2026-08-17,4COP,ALS CN,ALTIUS MINERALS CORPORATION,CA0209361009,2122355,306178.0,13764927.36,1.076,USD,,CA,,equity,web_csv
2026-08-17,4COP,3939 HK,WANGUO GOLD GROUP LTD,KYG9430L1150,BV106D0,7832510.0,12679457.12,0.991,USD,,KY,,equity,web_csv
2026-08-17,4COP,ATYM LN,ATALAYA MINING COPPER SA,CY0106002112,BYZTVM8,784962.0,9840349.25,0.769,USD,,CY,,equity,web_csv
2026-08-17,4COP,IE,IVANHOE ELECTRIC INC / US,US46578C1080,BPF0KH6,800057.0,8472603.63,0.662,USD,,US,,equity,web_csv
2026-08-17,4COP,AMAK AB,AL MASANE AL KOBRA MINING CO,SA15HG50KL10,BNNVLT6,347702.0,7732885.07,0.604,USD,,SA,,equity,web_csv
2026-08-17,4COP,FFM AU,FIREFLY METALS LTD,AU0000313769,BPDXXB2,4872886.0,6567325.22,0.513,USD,,AU,,equity,web_csv
2026-08-17,4COP,DVP AU,DEVELOP GLOBAL LTD,AU0000179707,BNVQGB0,1694152.0,5952129.61,0.465,USD,,AU,,equity,web_csv
2026-08-17,4COP,1515 JP,NITTETSU MINING CO LTD,JP3680800004,6641027,276259.0,5939841.65,0.464,USD,,JP,,equity,web_csv
2026-08-17,4COP,FDY CN,FARADAY COPPER CORP,CA3073571034,BLNNJN8,1425480.0,5931575.81,0.464,USD,,CA,,equity,web_csv
2026-08-17,4COP,NDM CN,NORTHERN DYNASTY MINERALS,CA66510M2040,2637848,3587386.0,5795077.81,0.453,USD,,CA,,equity,web_csv
2026-08-17,4COP,ARG CN,AMERIGO RESOURCES LTD,CA03074G1090,2855822,913005.0,5096209.35,0.398,USD,,CA,,equity,web_csv
2026-08-17,4COP,OM CN,OSISKO METALS INC,CA6882741094,BYW9WY0,3914667.0,5025137.75,0.393,USD,,CA,,equity,web_csv
2026-08-17,4COP,SLS CN,SOLARIS RESOURCES INC,CA83419D2014,BMQ5701,614760.0,4907794.47,0.384,USD,,CA,,equity,web_csv
2026-08-17,4COP,CNL CN,COLLECTIVE MINING LTD,CA19425C1005,BN79Z49,310300.0,4513576.61,0.353,USD,,CA,,equity,web_csv
2026-08-17,4COP,,OTHER PAYABLE & RECEIVABLES,CASH,,3755787.73,3755787.73,0.294,USD,,,,cash,web_csv
2026-08-17,4COP,BVR AU,BELLAVISTA RESOURCES LTD,AU0000216913,BNNFYB1,346617.0,93675.61,0.007,USD,,AU,,equity,web_csv
2026-08-17,4COP,,HONG KONG DOLLAR,,,2118.09,269.99,0.0,USD,,,,fx,web_csv
2026-08-17,4COP,,EURO,,,204.57,237.03,0.0,USD,,,,fx,web_csv
2026-08-17,4COP,,SAUDI RIYAL,,,280.42,74.69,0.0,USD,,,,fx,web_csv
2026-08-17,4COP,,BRITISH STERLING POUND,,,11.15,15.11,0.0,USD,,,,fx,web_csv
2026-08-17,4COP,,CANADIAN DOLLAR,,,6.73,4.85,0.0,USD,,,,fx,web_csv
2026-08-17,4COP,,AUSTRALIAN DOLLAR,,,0.45,0.32,0.0,USD,,,,fx,web_csv
2026-08-17,4COP,,SWEDISH KRONE,,,0.08,0.01,0.0,USD,,,,fx,web_csv
2026-08-17,4COP,,CASH,CASH,,-1382481.14,-1382481.14,-0.108,USD,,,,cash,web_csv
2026-08-18,4COP,HBM CN,HUDBAY MINERALS INC,CA4436281022,B05BDX1,2670169.0,70472540.85,5.605,USD,,CA,,equity,web_csv
2026-08-18,4COP,BHP AU,BHP GROUP LTD,AU000000BHP4,6144690,1492328.0,67647682.23,5.38,USD,,AU,,equity,web_csv
2026-08-18,4COP,TECK/B CN,TECK RESOURCES LTD-CLS B,CA8787422044,2879327,1033177.0,66135529.85,5.26,USD,,CA,,equity,web_csv
2026-08-18,4COP,FM CN,FIRST QUANTUM MINERALS LTD,CA3359341052,2347608,2091764.0,65465065.67,5.207,USD,,CA,,equity,web_csv
2026-08-18,4COP,SCCO,SOUTHERN COPPER CORP,US84265V1052,2823777,324889.0,61014154.2,4.853,USD,,US,,equity,web_csv
2026-08-18,4COP,KGH PW,KGHM POLSKA MIEDZ SA,PLKGHM000017,5263251,668854.0,59909402.33,4.765,USD,,PL,,equity,web_csv
2026-08-18,4COP,GLEN LN,GLENCORE PLC,JE00B4T3BW64,B4T3BW6,7896718.0,58948129.87,4.688,USD,,JE,,equity,web_csv
2026-08-18,4COP,FCX,FREEPORT-MCMORAN INC,US35671D8570,2352118,872442.0,57860353.44,4.602,USD,,US,,equity,web_csv
2026-08-18,4COP,ANTO LN,ANTOFAGASTA PLC,GB0000456144,0045614,1171896.0,56421271.69,4.487,USD,,GB,,equity,web_csv
2026-08-18,4COP,2899 HK,ZIJIN MINING GROUP CO LTD-H,CNE100000502,6725299,12327384.0,55791396.12,4.437,USD,,CN,,equity,web_csv
2026-08-18,4COP,BOL SS,BOLIDEN AB,SE0020050417,BPYTZ57,1005800.0,54694191.17,4.35,USD,,SE,,equity,web_csv
2026-08-18,4COP,5713 JP,SUMITOMO METAL MINING CO LTD,JP3402600005,6858849,860961.0,53381092.84,4.246,USD,,JP,,equity,web_csv
2026-08-18,4COP,LUN CN,LUNDIN MINING CORP,CA5503721063,2866857,1992202.0,50972481.95,4.054,USD,,CA,,equity,web_csv
2026-08-18,4COP,CS CN,CAPSTONE COPPER CORP,CA14071L1085,BMY5XY9,4337641.0,46292326.81,3.682,USD,,CA,,equity,web_csv
2026-08-18,4COP,2099 HK,CHINA GOLD INTERNATIONAL RES,CA16890P1036,B60FNV8,1572142.0,46218838.23,3.676,USD,,CA,,equity,web_csv
2026-08-18,4COP,SFR AU,SANDFIRE RESOURCES LTD,AU000000SFR8,6739739,3059213.0,45283867.13,3.602,USD,,AU,,equity,web_csv
2026-08-18,4COP,IVN CN,IVANHOE MINES LTD-CL A,CA46579R1047,BD73C40,5179308.0,41810422.12,3.325,USD,,CA,,equity,web_csv
2026-08-18,4COP,NDA GR,AURUBIS AG,DE0006766504,5485527,167515.0,32109580.04,2.554,USD,,DE,,equity,web_csv
2026-08-18,4COP,358 HK,JIANGXI COPPER CO LTD-H,CNE1000003K3,6000305,6682491.0,31112657.14,2.475,USD,,CN,,equity,web_csv
2026-08-18,4COP,1208 HK,MMG LTD,HK1208013172,6728793,26110864.0,30625065.18,2.436,USD,,HK,,equity,web_csv
2026-08-18,4COP,5711 JP,MITSUBISHI MATERIALS CORP,JP3903000002,6597089,817947.0,26892391.34,2.139,USD,,JP,,equity,web_csv
2026-08-18,4COP,ERO CN,ERO COPPER CORP,CA2960061091,BF02Z72,647872.0,21377233.31,1.7,USD,,CA,,equity,web_csv
2026-08-18,4COP,TGB,TREKOR METALS LTD,CA89472Y1079,BRSCTS7,2368636.0,19801796.96,1.575,USD,,CA,,equity,web_csv
2026-08-18,4COP,NGEX CN,NGEX MINERALS LTD,CA62930A1021,BVBCQW5,917947.0,17861180.24,1.421,USD,,CA,,equity,web_csv
2026-08-18,4COP,1258 HK,CHINA NONFERROUS MINING CORP,HK0000112026,B890GY2,8560029.0,15998422.36,1.272,USD,,HK,,equity,web_csv
2026-08-18,4COP,ALS CN,ALTIUS MINERALS CORPORATION,CA0209361009,2122355,306178.0,13559894.14,1.078,USD,,CA,,equity,web_csv
2026-08-18,4COP,3939 HK,WANGUO GOLD GROUP LTD,KYG9430L1150,BV106D0,7832510.0,12981122.91,1.032,USD,,KY,,equity,web_csv
2026-08-18,4COP,ATYM LN,ATALAYA MINING COPPER SA,CY0106002112,BYZTVM8,784962.0,9652697.03,0.768,USD,,CY,,equity,web_csv
2026-08-18,4COP,IE,IVANHOE ELECTRIC INC / US,US46578C1080,BPF0KH6,800057.0,8120578.55,0.646,USD,,US,,equity,web_csv
2026-08-18,4COP,AMAK AB,AL MASANE AL KOBRA MINING CO,SA15HG50KL10,BNNVLT6,347702.0,7774559.3,0.618,USD,,SA,,equity,web_csv
2026-08-18,4COP,FFM AU,FIREFLY METALS LTD,AU0000313769,BPDXXB2,4872886.0,6503869.71,0.517,USD,,AU,,equity,web_csv
2026-08-18,4COP,1515 JP,NITTETSU MINING CO LTD,JP3680800004,6641027,276259.0,6077143.96,0.483,USD,,JP,,equity,web_csv
2026-08-18,4COP,DVP AU,DEVELOP GLOBAL LTD,AU0000179707,BNVQGB0,1694152.0,5833401.16,0.464,USD,,AU,,equity,web_csv
2026-08-18,4COP,NDM CN,NORTHERN DYNASTY MINERALS,CA66510M2040,2637848,3587386.0,5605896.1,0.446,USD,,CA,,equity,web_csv
2026-08-18,4COP,FDY CN,FARADAY COPPER CORP,CA3073571034,BLNNJN8,1425480.0,5574015.34,0.443,USD,,CA,,equity,web_csv
2026-08-18,4COP,ARG CN,AMERIGO RESOURCES LTD,CA03074G1090,2855822,913005.0,4878477.01,0.388,USD,,CA,,equity,web_csv
2026-08-18,4COP,OM CN,OSISKO METALS INC,CA6882741094,BYW9WY0,3914667.0,4876948.05,0.388,USD,,CA,,equity,web_csv
2026-08-18,4COP,SLS CN,SOLARIS RESOURCES INC,CA83419D2014,BMQ5701,614760.0,4816612.39,0.383,USD,,CA,,equity,web_csv
2026-08-18,4COP,CNL CN,COLLECTIVE MINING LTD,CA19425C1005,BN79Z49,310300.0,4511545.03,0.359,USD,,CA,,equity,web_csv
2026-08-18,4COP,,CASH,CASH,,1477450.56,1477450.56,0.118,USD,,,,cash,web_csv
2026-08-18,4COP,,OTHER PAYABLE & RECEIVABLES,CASH,,861445.54,861445.54,0.069,USD,,,,cash,web_csv
2026-08-18,4COP,BVR AU,BELLAVISTA RESOURCES LTD,AU0000216913,BNNFYB1,346617.0,86128.25,0.007,USD,,AU,,equity,web_csv
2026-08-18,4COP,,SAUDI RIYAL,,,62401.31,16620.4,0.001,USD,,,,fx,web_csv
2026-08-18,4COP,,CANADIAN DOLLAR,,,6.73,4.85,0.0,USD,,,,fx,web_csv
2026-08-18,4COP,,AUSTRALIAN DOLLAR,,,0.45,0.32,0.0,USD,,,,fx,web_csv
2026-08-18,4COP,,SWEDISH KRONE,,,0.08,0.01,0.0,USD,,,,fx,web_csv
2026-08-19,4COP,HBM CN,HUDBAY MINERALS INC,CA4436281022,B05BDX1,2670169.0,73139957.99,5.704,USD,,CA,,equity,web_csv
2026-08-19,4COP,TECK/B CN,TECK RESOURCES LTD-CLS B,CA8787422044,2879327,1033177.0,68200376.87,5.319,USD,,CA,,equity,web_csv
2026-08-19,4COP,BHP AU,BHP GROUP LTD,AU000000BHP4,6144690,1492328.0,67698815.78,5.28,USD,,AU,,equity,web_csv
2026-08-19,4COP,FM CN,FIRST QUANTUM MINERALS LTD,CA3359341052,2347608,2091764.0,66972182.65,5.223,USD,,CA,,equity,web_csv
2026-08-19,4COP,SCCO,SOUTHERN COPPER CORP,US84265V1052,2823777,324889.0,63249390.52,4.933,USD,,US,,equity,web_csv
2026-08-19,4COP,KGH PW,KGHM POLSKA MIEDZ SA,PLKGHM000017,5263251,668854.0,62890582.94,4.905,USD,,PL,,equity,web_csv
2026-08-19,4COP,GLEN LN,GLENCORE PLC,JE00B4T3BW64,B4T3BW6,7896718.0,62339399.75,4.862,USD,,JE,,equity,web_csv
2026-08-19,4COP,FCX,FREEPORT-MCMORAN INC,US35671D8570,2352118,872442.0,60277017.78,4.701,USD,,US,,equity,web_csv
2026-08-19,4COP,ANTO LN,ANTOFAGASTA PLC,GB0000456144,0045614,1171896.0,59038947.67,4.605,USD,,GB,,equity,web_csv
2026-08-19,4COP,BOL SS,BOLIDEN AB,SE0020050417,BPYTZ57,1005800.0,56848246.57,4.434,USD,,SE,,equity,web_csv
2026-08-19,4COP,2899 HK,ZIJIN MINING GROUP CO LTD-H,CNE100000502,6725299,12327384.0,54870828.06,4.28,USD,,CN,,equity,web_csv
2026-08-19,4COP,5713 JP,SUMITOMO METAL MINING CO LTD,JP3402600005,6858849,860961.0,52171382.59,4.069,USD,,JP,,equity,web_csv
2026-08-19,4COP,LUN CN,LUNDIN MINING CORP,CA5503721063,2866857,1992202.0,50834355.57,3.965,USD,,CA,,equity,web_csv
2026-08-19,4COP,CS CN,CAPSTONE COPPER CORP,CA14071L1085,BMY5XY9,4337641.0,47726767.67,3.722,USD,,CA,,equity,web_csv
2026-08-19,4COP,2099 HK,CHINA GOLD INTERNATIONAL RES,CA16890P1036,B60FNV8,1572142.0,46157497.21,3.6,USD,,CA,,equity,web_csv
2026-08-19,4COP,SFR AU,SANDFIRE RESOURCES LTD,AU000000SFR8,6739739,3059213.0,45526596.2,3.551,USD,,AU,,equity,web_csv
2026-08-19,4COP,IVN CN,IVANHOE MINES LTD-CL A,CA46579R1047,BD73C40,5179308.0,43303056.5,3.377,USD,,CA,,equity,web_csv
2026-08-19,4COP,NDA GR,AURUBIS AG,DE0006766504,5485527,167515.0,33760501.98,2.633,USD,,DE,,equity,web_csv
2026-08-19,4COP,358 HK,JIANGXI COPPER CO LTD-H,CNE1000003K3,6000305,6682491.0,30460574.74,2.376,USD,,CN,,equity,web_csv
2026-08-19,4COP,1208 HK,MMG LTD,HK1208013172,6728793,26110864.0,30237943.69,2.358,USD,,HK,,equity,web_csv
2026-08-19,4COP,5711 JP,MITSUBISHI MATERIALS CORP,JP3903000002,6597089,817947.0,26081340.81,2.034,USD,,JP,,equity,web_csv
2026-08-19,4COP,ERO CN,ERO COPPER CORP,CA2960061091,BF02Z72,647872.0,22065494.66,1.721,USD,,CA,,equity,web_csv
2026-08-19,4COP,TGB,TREKOR METALS LTD,CA89472Y1079,BRSCTS7,2368636.0,20062346.92,1.565,USD,,CA,,equity,web_csv
2026-08-19,4COP,NGEX CN,NGEX MINERALS LTD,CA62930A1021,BVBCQW5,917947.0,18406118.14,1.436,USD,,CA,,equity,web_csv
2026-08-19,4COP,1258 HK,CHINA NONFERROUS MINING CORP,HK0000112026,B890GY2,8560029.0,15666511.43,1.222,USD,,HK,,equity,web_csv
2026-08-19,4COP,ALS CN,ALTIUS MINERALS CORPORATION,CA0209361009,2122355,306178.0,13812308.05,1.077,USD,,CA,,equity,web_csv
2026-08-19,4COP,3939 HK,WANGUO GOLD GROUP LTD,KYG9430L1150,BV106D0,7832510.0,12886525.31,1.005,USD,,KY,,equity,web_csv
2026-08-19,4COP,ATYM LN,ATALAYA MINING COPPER SA,CY0106002112,BYZTVM8,784962.0,10030610.05,0.782,USD,,CY,,equity,web_csv
2026-08-19,4COP,IE,IVANHOE ELECTRIC INC / US,US46578C1080,BPF0KH6,800057.0,8464603.06,0.66,USD,,US,,equity,web_csv
2026-08-19,4COP,AMAK AB,AL MASANE AL KOBRA MINING CO,SA15HG50KL10,BNNVLT6,347702.0,7436138.87,0.58,USD,,SA,,equity,web_csv
2026-08-19,4COP,FFM AU,FIREFLY METALS LTD,AU0000313769,BPDXXB2,4872886.0,6332253.6,0.494,USD,,AU,,equity,web_csv
2026-08-19,4COP,NDM CN,NORTHERN DYNASTY MINERALS,CA66510M2040,2637848,3587386.0,6024637.53,0.47,USD,,CA,,equity,web_csv
2026-08-19,4COP,DVP AU,DEVELOP GLOBAL LTD,AU0000179707,BNVQGB0,1694152.0,5838575.68,0.455,USD,,AU,,equity,web_csv
2026-08-19,4COP,1515 JP,NITTETSU MINING CO LTD,JP3680800004,6641027,276259.0,5799912.71,0.452,USD,,JP,,equity,web_csv
2026-08-19,4COP,FDY CN,FARADAY COPPER CORP,CA3073571034,BLNNJN8,1425480.0,5603066.63,0.437,USD,,CA,,equity,web_csv
2026-08-19,4COP,ARG CN,AMERIGO RESOURCES LTD,CA03074G1090,2855822,913005.0,4936948.39,0.385,USD,,CA,,equity,web_csv
2026-08-19,4COP,OM CN,OSISKO METALS INC,CA6882741094,BYW9WY0,3914667.0,4902366.29,0.382,USD,,CA,,equity,web_csv
2026-08-19,4COP,SLS CN,SOLARIS RESOURCES INC,CA83419D2014,BMQ5701,614760.0,4895117.45,0.382,USD,,CA,,equity,web_csv
2026-08-19,4COP,CNL CN,COLLECTIVE MINING LTD,CA19425C1005,BN79Z49,310300.0,4779893.59,0.373,USD,,CA,,equity,web_csv
2026-08-19,4COP,,CASH,CASH,,1477451.45,1477451.45,0.115,USD,,,,cash,web_csv
2026-08-19,4COP,,OTHER PAYABLE & RECEIVABLES,CASH,,844984.89,844984.89,0.066,USD,,,,cash,web_csv
2026-08-19,4COP,BVR AU,BELLAVISTA RESOURCES LTD,AU0000216913,BNNFYB1,346617.0,86382.76,0.007,USD,,AU,,equity,web_csv
2026-08-19,4COP,,SAUDI RIYAL,,,62527.95,16653.25,0.001,USD,,,,fx,web_csv
2026-08-19,4COP,,CANADIAN DOLLAR,,,6.73,4.87,0.0,USD,,,,fx,web_csv
2026-08-19,4COP,,AUSTRALIAN DOLLAR,,,0.45,0.32,0.0,USD,,,,fx,web_csv
2026-08-19,4COP,,SWEDISH KRONE,,,0.08,0.01,0.0,USD,,,,fx,web_csv
2026-08-20,4COP,HBM CN,HUDBAY MINERALS INC,CA4436281022,B05BDX1,2670169.0,75235949.69,5.737,USD,,CA,,equity,web_csv
2026-08-20,4COP,BHP AU,BHP GROUP LTD,AU000000BHP4,6144690,1492328.0,69896399.77,5.33,USD,,AU,,equity,web_csv
2026-08-20,4COP,FM CN,FIRST QUANTUM MINERALS LTD,CA3359341052,2347608,2091764.0,69836776.46,5.326,USD,,CA,,equity,web_csv
2026-08-20,4COP,TECK/B CN,TECK RESOURCES LTD-CLS B,CA8787422044,2879327,1033177.0,68508609.14,5.224,USD,,CA,,equity,web_csv
2026-08-20,4COP,SCCO,SOUTHERN COPPER CORP,US84265V1052,2823777,324889.0,64565190.97,4.924,USD,,US,,equity,web_csv
2026-08-20,4COP,GLEN LN,GLENCORE PLC,JE00B4T3BW64,B4T3BW6,7896718.0,62922699.12,4.798,USD,,JE,,equity,web_csv
2026-08-20,4COP,FCX,FREEPORT-MCMORAN INC,US35671D8570,2352118,872442.0,62135319.24,4.738,USD,,US,,equity,web_csv
2026-08-20,4COP,KGH PW,KGHM POLSKA MIEDZ SA,PLKGHM000017,5263251,668854.0,60186902.77,4.59,USD,,PL,,equity,web_csv
2026-08-20,4COP,ANTO LN,ANTOFAGASTA PLC,GB0000456144,0045614,1171896.0,59206676.88,4.515,USD,,GB,,equity,web_csv
2026-08-20,4COP,2899 HK,ZIJIN MINING GROUP CO LTD-H,CNE100000502,6725299,12327384.0,57777490.51,4.406,USD,,CN,,equity,web_csv
2026-08-20,4COP,5713 JP,SUMITOMO METAL MINING CO LTD,JP3402600005,6858849,860961.0,57661387.54,4.397,USD,,JP,,equity,web_csv
2026-08-20,4COP,BOL SS,BOLIDEN AB,SE0020050417,BPYTZ57,1005800.0,57198277.29,4.362,USD,,SE,,equity,web_csv
2026-08-20,4COP,LUN CN,LUNDIN MINING CORP,CA5503721063,2866857,1992202.0,52201156.82,3.981,USD,,CA,,equity,web_csv
2026-08-20,4COP,2099 HK,CHINA GOLD INTERNATIONAL RES,CA16890P1036,B60FNV8,1572142.0,49510917.11,3.776,USD,,CA,,equity,web_csv
2026-08-20,4COP,CS CN,CAPSTONE COPPER CORP,CA14071L1085,BMY5XY9,4337641.0,48472296.2,3.696,USD,,CA,,equity,web_csv
2026-08-20,4COP,SFR AU,SANDFIRE RESOURCES LTD,AU000000SFR8,6739739,3059213.0,46788219.91,3.568,USD,,AU,,equity,web_csv
2026-08-20,4COP,IVN CN,IVANHOE MINES LTD-CL A,CA46579R1047,BD73C40,5179308.0,42919742.66,3.273,USD,,CA,,equity,web_csv
2026-08-20,4COP,NDA GR,AURUBIS AG,DE0006766504,5485527,167515.0,33702238.55,2.57,USD,,DE,,equity,web_csv
2026-08-20,4COP,358 HK,JIANGXI COPPER CO LTD-H,CNE1000003K3,6000305,6682491.0,30809102.85,2.349,USD,,CN,,equity,web_csv
2026-08-20,4COP,1208 HK,MMG LTD,HK1208013172,6728793,26110864.0,29995650.27,2.287,USD,,HK,,equity,web_csv
2026-08-20,4COP,5711 JP,MITSUBISHI MATERIALS CORP,JP3903000002,6597089,817947.0,27544901.18,2.101,USD,,JP,,equity,web_csv
2026-08-20,4COP,ERO CN,ERO COPPER CORP,CA2960061091,BF02Z72,647872.0,23322639.81,1.779,USD,,CA,,equity,web_csv
2026-08-20,4COP,TGB,TREKOR METALS LTD,CA89472Y1079,BRSCTS7,2368636.0,20583446.84,1.57,USD,,CA,,equity,web_csv
2026-08-20,4COP,NGEX CN,NGEX MINERALS LTD,CA62930A1021,BVBCQW5,917947.0,18517470.87,1.412,USD,,CA,,equity,web_csv
2026-08-20,4COP,1258 HK,CHINA NONFERROUS MINING CORP,HK0000112026,B890GY2,8560029.0,15628975.19,1.192,USD,,HK,,equity,web_csv
2026-08-20,4COP,ALS CN,ALTIUS MINERALS CORPORATION,CA0209361009,2122355,306178.0,14023623.37,1.069,USD,,CA,,equity,web_csv
2026-08-20,4COP,3939 HK,WANGUO GOLD GROUP LTD,KYG9430L1150,BV106D0,7832510.0,13611596.35,1.038,USD,,KY,,equity,web_csv
2026-08-20,4COP,ATYM LN,ATALAYA MINING COPPER SA,CY0106002112,BYZTVM8,784962.0,10053600.34,0.767,USD,,CY,,equity,web_csv
2026-08-20,4COP,IE,IVANHOE ELECTRIC INC / US,US46578C1080,BPF0KH6,800057.0,8232586.53,0.628,USD,,US,,equity,web_csv
2026-08-20,4COP,AMAK AB,AL MASANE AL KOBRA MINING CO,SA15HG50KL10,BNNVLT6,347702.0,7885270.54,0.601,USD,,SA,,equity,web_csv
2026-08-20,4COP,FFM AU,FIREFLY METALS LTD,AU0000313769,BPDXXB2,4872886.0,6508520.62,0.496,USD,,AU,,equity,web_csv
2026-08-20,4COP,DVP AU,DEVELOP GLOBAL LTD,AU0000179707,BNVQGB0,1694152.0,6239326.0,0.476,USD,,AU,,equity,web_csv
2026-08-20,4COP,1515 JP,NITTETSU MINING CO LTD,JP3680800004,6641027,276259.0,6126711.69,0.467,USD,,JP,,equity,web_csv
2026-08-20,4COP,NDM CN,NORTHERN DYNASTY MINERALS,CA66510M2040,2637848,3587386.0,5961188.55,0.455,USD,,CA,,equity,web_csv
2026-08-20,4COP,FDY CN,FARADAY COPPER CORP,CA3073571034,BLNNJN8,1425480.0,5502905.16,0.42,USD,,CA,,equity,web_csv
2026-08-20,4COP,SLS CN,SOLARIS RESOURCES INC,CA83419D2014,BMQ5701,614760.0,5009618.17,0.382,USD,,CA,,equity,web_csv
2026-08-20,4COP,ARG CN,AMERIGO RESOURCES LTD,CA03074G1090,2855822,913005.0,5008575.43,0.382,USD,,CA,,equity,web_csv
2026-08-20,4COP,OM CN,OSISKO METALS INC,CA6882741094,BYW9WY0,3914667.0,4914283.37,0.375,USD,,CA,,equity,web_csv
2026-08-20,4COP,CNL CN,COLLECTIVE MINING LTD,CA19425C1005,BN79Z49,310300.0,4712705.17,0.359,USD,,CA,,equity,web_csv
2026-08-20,4COP,,CASH,CASH,,1478309.41,1478309.41,0.113,USD,,,,cash,web_csv
2026-08-20,4COP,,OTHER PAYABLE & RECEIVABLES,CASH,,826755.61,826755.61,0.063,USD,,,,cash,web_csv
2026-08-20,4COP,BVR AU,BELLAVISTA RESOURCES LTD,AU0000216913,BNNFYB1,346617.0,93827.08,0.007,USD,,AU,,equity,web_csv
2026-08-20,4COP,,SAUDI RIYAL,,,62527.95,16653.25,0.001,USD,,,,fx,web_csv
2026-08-20,4COP,,CANADIAN DOLLAR,,,6.73,4.88,0.0,USD,,,,fx,web_csv
2026-08-20,4COP,,AUSTRALIAN DOLLAR,,,0.45,0.32,0.0,USD,,,,fx,web_csv
2026-08-20,4COP,,SWEDISH KRONE,,,0.08,0.01,0.0,USD,,,,fx,web_csv
2026-08-21,4COP,HBM CN,HUDBAY MINERALS INC,CA4436281022,B05BDX1,2670169.0,80162259.52,5.847,USD,,CA,,equity,web_csv
2026-08-21,4COP,FM CN,FIRST QUANTUM MINERALS LTD,CA3359341052,2347608,2091764.0,72152835.26,5.263,USD,,CA,,equity,web_csv
2026-08-21,4COP,TECK/B CN,TECK RESOURCES LTD-CLS B,CA8787422044,2879327,1033177.0,71486381.89,5.214,USD,,CA,,equity,web_csv
2026-08-21,4COP,SCCO,SOUTHERN COPPER CORP,US84265V1052,2823777,324889.0,70176024.0,5.118,USD,,US,,equity,web_csv
2026-08-21,4COP,BHP AU,BHP GROUP LTD,AU000000BHP4,6144690,1492328.0,69662713.92,5.081,USD,,AU,,equity,web_csv
2026-08-21,4COP,FCX,FREEPORT-MCMORAN INC,US35671D8570,2352118,872442.0,66881403.72,4.878,USD,,US,,equity,web_csv
2026-08-21,4COP,GLEN LN,GLENCORE PLC,JE00B4T3BW64,B4T3BW6,7896718.0,64209181.61,4.683,USD,,JE,,equity,web_csv
2026-08-21,4COP,ANTO LN,ANTOFAGASTA PLC,GB0000456144,0045614,1171896.0,62349331.44,4.548,USD,,GB,,equity,web_csv
2026-08-21,4COP,KGH PW,KGHM POLSKA MIEDZ SA,PLKGHM000017,5263251,668854.0,61980042.2,4.521,USD,,PL,,equity,web_csv
2026-08-21,4COP,2899 HK,ZIJIN MINING GROUP CO LTD-H,CNE100000502,6725299,12327384.0,60628282.98,4.422,USD,,CN,,equity,web_csv
2026-08-21,4COP,BOL SS,BOLIDEN AB,SE0020050417,BPYTZ57,1005800.0,60084545.84,4.382,USD,,SE,,equity,web_csv
2026-08-21,4COP,5713 JP,SUMITOMO METAL MINING CO LTD,JP3402600005,6858849,860961.0,58276604.03,4.251,USD,,JP,,equity,web_csv
2026-08-21,4COP,LUN CN,LUNDIN MINING CORP,CA5503721063,2866857,1992202.0,55064529.81,4.016,USD,,CA,,equity,web_csv
2026-08-21,4COP,2099 HK,CHINA GOLD INTERNATIONAL RES,CA16890P1036,B60FNV8,1572142.0,52295783.78,3.814,USD,,CA,,equity,web_csv
2026-08-21,4COP,CS CN,CAPSTONE COPPER CORP,CA14071L1085,BMY5XY9,4337641.0,50640191.15,3.694,USD,,CA,,equity,web_csv
2026-08-21,4COP,SFR AU,SANDFIRE RESOURCES LTD,AU000000SFR8,6739739,3059213.0,47448517.02,3.461,USD,,AU,,equity,web_csv
2026-08-21,4COP,IVN CN,IVANHOE MINES LTD-CL A,CA46579R1047,BD73C40,5179308.0,46515439.04,3.393,USD,,CA,,equity,web_csv
2026-08-21,4COP,NDA GR,AURUBIS AG,DE0006766504,5485527,167515.0,35001616.71,2.553,USD,,DE,,equity,web_csv
2026-08-21,4COP,358 HK,JIANGXI COPPER CO LTD-H,CNE1000003K3,6000305,6682491.0,31911082.87,2.328,USD,,CN,,equity,web_csv
2026-08-21,4COP,1208 HK,MMG LTD,HK1208013172,6728793,26110864.0,31055419.67,2.265,USD,,HK,,equity,web_csv
2026-08-21,4COP,5711 JP,MITSUBISHI MATERIALS CORP,JP3903000002,6597089,817947.0,28634448.18,2.089,USD,,JP,,equity,web_csv
2026-08-21,4COP,ERO CN,ERO COPPER CORP,CA2960061091,BF02Z72,647872.0,25484956.59,1.859,USD,,CA,,equity,web_csv
2026-08-21,4COP,TGB,TREKOR METALS LTD,CA89472Y1079,BRSCTS7,2368636.0,21767764.84,1.588,USD,,CA,,equity,web_csv
2026-08-21,4COP,NGEX CN,NGEX MINERALS LTD,CA62930A1021,BVBCQW5,917947.0,19373956.72,1.413,USD,,CA,,equity,web_csv
2026-08-21,4COP,1258 HK,CHINA NONFERROUS MINING CORP,HK0000112026,B890GY2,8560029.0,16737273.39,1.221,USD,,HK,,equity,web_csv
2026-08-21,4COP,3939 HK,WANGUO GOLD GROUP LTD,KYG9430L1150,BV106D0,7832510.0,14515563.22,1.059,USD,,KY,,equity,web_csv
2026-08-21,4COP,ALS CN,ALTIUS MINERALS CORPORATION,CA0209361009,2122355,306178.0,14286898.8,1.042,USD,,CA,,equity,web_csv
2026-08-21,4COP,ATYM LN,ATALAYA MINING COPPER SA,CY0106002112,BYZTVM8,784962.0,10694742.29,0.78,USD,,CY,,equity,web_csv
2026-08-21,4COP,IE,IVANHOE ELECTRIC INC / US,US46578C1080,BPF0KH6,800057.0,9016642.39,0.658,USD,,US,,equity,web_csv
2026-08-21,4COP,AMAK AB,AL MASANE AL KOBRA MINING CO,SA15HG50KL10,BNNVLT6,347702.0,7885480.56,0.575,USD,,SA,,equity,web_csv
2026-08-21,4COP,FFM AU,FIREFLY METALS LTD,AU0000313769,BPDXXB2,4872886.0,6632769.1,0.484,USD,,AU,,equity,web_csv
2026-08-21,4COP,DVP AU,DEVELOP GLOBAL LTD,AU0000179707,BNVQGB0,1694152.0,6347593.23,0.463,USD,,AU,,equity,web_csv
2026-08-21,4COP,1515 JP,NITTETSU MINING CO LTD,JP3680800004,6641027,276259.0,6299744.44,0.459,USD,,JP,,equity,web_csv
2026-08-21,4COP,NDM CN,NORTHERN DYNASTY MINERALS,CA66510M2040,2637848,3587386.0,6250935.78,0.456,USD,,CA,,equity,web_csv
2026-08-21,4COP,FDY CN,FARADAY COPPER CORP,CA3073571034,BLNNJN8,1425480.0,5961276.94,0.435,USD,,CA,,equity,web_csv
2026-08-21,4COP,SLS CN,SOLARIS RESOURCES INC,CA83419D2014,BMQ5701,614760.0,5458681.38,0.398,USD,,CA,,equity,web_csv
2026-08-21,4COP,ARG CN,AMERIGO RESOURCES LTD,CA03074G1090,2855822,913005.0,5342738.08,0.39,USD,,CA,,equity,web_csv
2026-08-21,4COP,OM CN,OSISKO METALS INC,CA6882741094,BYW9WY0,3914667.0,5115911.42,0.373,USD,,CA,,equity,web_csv
2026-08-21,4COP,CNL CN,COLLECTIVE MINING LTD,CA19425C1005,BN79Z49,310300.0,4848191.09,0.354,USD,,CA,,equity,web_csv
2026-08-21,4COP,,CASH,CASH,,1494838.53,1494838.53,0.109,USD,,,,cash,web_csv
2026-08-21,4COP,,HONG KONG DOLLAR,,,5262873.88,671259.25,0.049,USD,,,,fx,web_csv
2026-08-21,4COP,,OTHER PAYABLE & RECEIVABLES,CASH,,136959.63,136959.63,0.01,USD,,,,cash,web_csv
2026-08-21,4COP,BVR AU,BELLAVISTA RESOURCES LTD,AU0000216913,BNNFYB1,346617.0,96843.28,0.007,USD,,AU,,equity,web_csv
2026-08-21,4COP,,SAUDI RIYAL,,,466.07,124.13,0.0,USD,,,,fx,web_csv
2026-08-21,4COP,,CANADIAN DOLLAR,,,6.73,4.89,0.0,USD,,,,fx,web_csv
2026-08-21,4COP,,AUSTRALIAN DOLLAR,,,0.45,0.32,0.0,USD,,,,fx,web_csv
2026-08-21,4COP,,SWEDISH KRONE,,,0.08,0.01,0.0,USD,,,,fx,web_csv
2026-08-24,4COP,HBM CN,HUDBAY MINERALS INC,CA4436281022,B05BDX1,2670169.0,79146132.22,5.722,USD,,CA,,equity,web_csv
2026-08-24,4COP,TECK/B CN,TECK RESOURCES LTD-CLS B,CA8787422044,2879327,1033177.0,72611312.25,5.249,USD,,CA,,equity,web_csv
2026-08-24,4COP,FM CN,FIRST QUANTUM MINERALS LTD,CA3359341052,2347608,2091764.0,72007830.74,5.206,USD,,CA,,equity,web_csv
2026-08-24,4COP,BHP AU,BHP GROUP LTD,AU000000BHP4,6144690,1492328.0,71663176.72,5.181,USD,,AU,,equity,web_csv
2026-08-24,4COP,SCCO,SOUTHERN COPPER CORP,US84265V1052,2823777,324889.0,69607468.25,5.032,USD,,US,,equity,web_csv
2026-08-24,4COP,FCX,FREEPORT-MCMORAN INC,US35671D8570,2352118,872442.0,67875987.6,4.907,USD,,US,,equity,web_csv
2026-08-24,4COP,KGH PW,KGHM POLSKA MIEDZ SA,PLKGHM000017,5263251,668854.0,64937633.37,4.695,USD,,PL,,equity,web_csv
2026-08-24,4COP,GLEN LN,GLENCORE PLC,JE00B4T3BW64,B4T3BW6,7896718.0,63858083.88,4.616,USD,,JE,,equity,web_csv
2026-08-24,4COP,ANTO LN,ANTOFAGASTA PLC,GB0000456144,0045614,1171896.0,63465782.86,4.588,USD,,GB,,equity,web_csv
2026-08-24,4COP,5713 JP,SUMITOMO METAL MINING CO LTD,JP3402600005,6858849,860961.0,62059282.48,4.486,USD,,JP,,equity,web_csv
2026-08-24,4COP,2899 HK,ZIJIN MINING GROUP CO LTD-H,CNE100000502,6725299,12327384.0,60467756.12,4.371,USD,,CN,,equity,web_csv
2026-08-24,4COP,BOL SS,BOLIDEN AB,SE0020050417,BPYTZ57,1005800.0,60272817.81,4.357,USD,,SE,,equity,web_csv
2026-08-24,4COP,LUN CN,LUNDIN MINING CORP,CA5503721063,2866857,1992202.0,54847096.03,3.965,USD,,CA,,equity,web_csv
2026-08-24,4COP,CS CN,CAPSTONE COPPER CORP,CA14071L1085,BMY5XY9,4337641.0,52093065.55,3.766,USD,,CA,,equity,web_csv
2026-08-24,4COP,2099 HK,CHINA GOLD INTERNATIONAL RES,CA16890P1036,B60FNV8,1572142.0,50474491.93,3.649,USD,,CA,,equity,web_csv
2026-08-24,4COP,SFR AU,SANDFIRE RESOURCES LTD,AU000000SFR8,6739739,3059213.0,49114801.05,3.551,USD,,AU,,equity,web_csv
2026-08-24,4COP,IVN CN,IVANHOE MINES LTD-CL A,CA46579R1047,BD73C40,5179308.0,45471921.53,3.287,USD,,CA,,equity,web_csv
2026-08-24,4COP,NDA GR,AURUBIS AG,DE0006766504,5485527,167515.0,34472691.0,2.492,USD,,DE,,equity,web_csv
2026-08-24,4COP,358 HK,JIANGXI COPPER CO LTD-H,CNE1000003K3,6000305,6682491.0,31636020.0,2.287,USD,,CN,,equity,web_csv
2026-08-24,4COP,1208 HK,MMG LTD,HK1208013172,6728793,26110864.0,31069884.04,2.246,USD,,HK,,equity,web_csv
2026-08-24,4COP,5711 JP,MITSUBISHI MATERIALS CORP,JP3903000002,6597089,817947.0,29656648.04,2.144,USD,,JP,,equity,web_csv
2026-08-24,4COP,ERO CN,ERO COPPER CORP,CA2960061091,BF02Z72,647872.0,25008542.7,1.808,USD,,CA,,equity,web_csv
2026-08-24,4COP,TGB,TREKOR METALS LTD,CA89472Y1079,BRSCTS7,2368636.0,22123060.24,1.599,USD,,CA,,equity,web_csv
2026-08-24,4COP,NGEX CN,NGEX MINERALS LTD,CA62930A1021,BVBCQW5,917947.0,19282259.77,1.394,USD,,CA,,equity,web_csv
2026-08-24,4COP,1258 HK,CHINA NONFERROUS MINING CORP,HK0000112026,B890GY2,8560029.0,17269376.39,1.248,USD,,HK,,equity,web_csv
2026-08-24,4COP,3939 HK,WANGUO GOLD GROUP LTD,KYG9430L1150,BV106D0,7832510.0,15291917.21,1.105,USD,,KY,,equity,web_csv
2026-08-24,4COP,ALS CN,ALTIUS MINERALS CORPORATION,CA0209361009,2122355,306178.0,14413972.61,1.042,USD,,CA,,equity,web_csv
2026-08-24,4COP,ATYM LN,ATALAYA MINING COPPER SA,CY0106002112,BYZTVM8,784962.0,10809642.64,0.781,USD,,CY,,equity,web_csv
2026-08-24,4COP,IE,IVANHOE ELECTRIC INC / US,US46578C1080,BPF0KH6,800057.0,9008641.82,0.651,USD,,US,,equity,web_csv
2026-08-24,4COP,AMAK AB,AL MASANE AL KOBRA MINING CO,SA15HG50KL10,BNNVLT6,347702.0,8190865.29,0.592,USD,,SA,,equity,web_csv
2026-08-24,4COP,1515 JP,NITTETSU MINING CO LTD,JP3680800004,6641027,276259.0,6629035.96,0.479,USD,,JP,,equity,web_csv
2026-08-24,4COP,FFM AU,FIREFLY METALS LTD,AU0000313769,BPDXXB2,4872886.0,6623990.07,0.479,USD,,AU,,equity,web_csv
2026-08-24,4COP,DVP AU,DEVELOP GLOBAL LTD,AU0000179707,BNVQGB0,1694152.0,6351312.48,0.459,USD,,AU,,equity,web_csv
2026-08-24,4COP,NDM CN,NORTHERN DYNASTY MINERALS,CA66510M2040,2637848,3587386.0,6350961.56,0.459,USD,,CA,,equity,web_csv
2026-08-24,4COP,FDY CN,FARADAY COPPER CORP,CA3073571034,BLNNJN8,1425480.0,6159672.23,0.445,USD,,CA,,equity,web_csv
2026-08-24,4COP,ARG CN,AMERIGO RESOURCES LTD,CA03074G1090,2855822,913005.0,5423008.24,0.392,USD,,CA,,equity,web_csv
2026-08-24,4COP,SLS CN,SOLARIS RESOURCES INC,CA83419D2014,BMQ5701,614760.0,5295136.35,0.383,USD,,CA,,equity,web_csv
2026-08-24,4COP,CNL CN,COLLECTIVE MINING LTD,CA19425C1005,BN79Z49,310300.0,4984441.79,0.36,USD,,CA,,equity,web_csv
2026-08-24,4COP,OM CN,OSISKO METALS INC,CA6882741094,BYW9WY0,3914667.0,4893687.34,0.354,USD,,CA,,equity,web_csv
2026-08-24,4COP,,OTHER PAYABLE & RECEIVABLES,CASH,,1420209.22,1420209.22,0.103,USD,,,,cash,web_csv
2026-08-24,4COP,,CASH,CASH,,823861.7,823861.7,0.06,USD,,,,cash,web_csv
2026-08-24,4COP,BVR AU,BELLAVISTA RESOURCES LTD,AU0000216913,BNNFYB1,346617.0,99194.97,0.007,USD,,AU,,equity,web_csv
2026-08-24,4COP,,SAUDI RIYAL,,,466.07,124.13,0.0,USD,,,,fx,web_csv
2026-08-24,4COP,,CANADIAN DOLLAR,,,6.73,4.86,0.0,USD,,,,fx,web_csv
2026-08-24,4COP,,AUSTRALIAN DOLLAR,,,0.45,0.32,0.0,USD,,,,fx,web_csv
2026-08-24,4COP,,SWEDISH KRONE,,,0.08,0.01,0.0,USD,,,,fx,web_csv
