as_of_date,etf_ticker,constituent_ticker,constituent_name,isin,sedol,shares_held,market_value,weight_pct,currency,sector,country,asset_class,instrument_type,source
2026-06-15,COPX,1208 HK,MMG LTD,HK1208013172,6728793,166256360.0,206682528.99,2.49,USD,,,,equity,web_csv
2026-06-15,COPX,1258 HK,CHINA NONFERROUS MINING CORP,HK0000112026,B890GY2,54382400.0,106892105.83,1.29,USD,,,,equity,web_csv
2026-06-15,COPX,1515 JP,NITTETSU MINING CO LTD,JP3680800004,6641027,1759570.0,28589990.88,0.34,USD,,,,equity,web_csv
2026-06-15,COPX,2099 HK,CHINA GOLD INTERNATIONAL RES,CA16890P1036,B60FNV8,10018800.0,205109895.47,2.47,USD,,,,equity,web_csv
2026-06-15,COPX,2899 HK,ZIJIN MINING GROUP CO LTD-H,CNE100000502,6725299,78458035.0,336067040.37,4.05,USD,,,,equity,web_csv
2026-06-15,COPX,358 HK,JIANGXI COPPER CO LTD-H,CNE1000003K3,6000305,42455601.0,201578623.49,2.43,USD,,,,equity,web_csv
2026-06-15,COPX,3939 HK,WANGUO GOLD GROUP LTD,KYG9430L1150,BV106D0,49325660.0,69692664.39,0.84,USD,,,,equity,web_csv
2026-06-15,COPX,5711 JP,MITSUBISHI MATERIALS CORP,JP3903000002,6597089,5208747.0,162793672.63,1.96,USD,,,,equity,web_csv
2026-06-15,COPX,5713 JP,SUMITOMO METAL MINING CO LTD,JP3402600005,6858849,5481664.0,314920124.89,3.79,USD,,,,equity,web_csv
2026-06-15,COPX,ALS CN,ALTIUS MINERALS CORPORATION,CA0209361009,2122355,1945611.0,83438024.42,1.0,USD,,,,equity,web_csv
2026-06-15,COPX,AMAK AB,AL MASANE AL KOBRA MINING CO,SA15HG50KL10,BNNVLT6,2199632.0,44549508.86,0.54,USD,,,,equity,web_csv
2026-06-15,COPX,ANTO LN,ANTOFAGASTA PLC,GB0000456144,0045614,7440259.0,428986104.56,5.17,USD,,,,equity,web_csv
2026-06-15,COPX,ARG CN,AMERIGO RESOURCES LTD,CA03074G1090,2855822,5813043.0,28910264.3,0.35,USD,,,,equity,web_csv
2026-06-15,COPX,ASCU CN,ARIZONA SONORAN COPPER CO IN,CA04058Q1054,BMC50Y0,7134891.0,49626920.83,0.6,USD,,,,equity,web_csv
2026-06-15,COPX,ATYM LN,ATALAYA MINING COPPER SA,CY0106002112,BYZTVM8,4998125.0,59113634.84,0.71,USD,,,,equity,web_csv
2026-06-15,COPX,BHP AU,BHP GROUP LTD,AU000000BHP4,6144690,9448660.0,436432971.31,5.26,USD,,,,equity,web_csv
2026-06-15,COPX,BOL SS,BOLIDEN AB,SE0020050417,BPYTZ57,6377961.0,388840309.36,4.68,USD,,,,equity,web_csv
2026-06-15,COPX,BVR AU,BELLAVISTA RESOURCES LTD,AU0000216913,BNNFYB1,2262293.0,641271.32,0.01,USD,,,,equity,web_csv
2026-06-15,COPX,CNL CN,COLLECTIVE MINING LTD,CA19425C1005,BN79Z49,1974937.0,30370600.83,0.37,USD,,,,equity,web_csv
2026-06-15,COPX,CS CN,CAPSTONE COPPER CORP,CA14071L1085,BMY5XY9,27617081.0,302958854.86,3.65,USD,,,,equity,web_csv
2026-06-15,COPX,DVP AU,DEVELOP GLOBAL LTD,AU0000179707,BNVQGB0,10786637.0,57329783.58,0.69,USD,,,,equity,web_csv
2026-06-15,COPX,ERO CN,ERO COPPER CORP,CA2960061091,BF02Z72,4115009.0,126472959.0,1.52,USD,,,,equity,web_csv
2026-06-15,COPX,FCX,FREEPORT-MCMORAN INC,US35671D8570,2352118,5554955.0,389568994.15,4.69,USD,,,,equity,web_csv
2026-06-15,COPX,FDY CN,FARADAY COPPER CORP,CA3073571034,BLNNJN8,9075724.0,39746274.2,0.48,USD,,,,equity,web_csv
2026-06-15,COPX,FFM AU,FIREFLY METALS LTD,AU0000313769,BPDXXB2,31024059.0,45509486.82,0.55,USD,,,,equity,web_csv
2026-06-15,COPX,FM CN,FIRST QUANTUM MINERALS LTD,CA3359341052,2347608,13317290.0,435317046.91,5.24,USD,,,,equity,web_csv
2026-06-15,COPX,GLEN LN,GLENCORE PLC,JE00B4T3BW64,B4T3BW6,50162901.0,393051156.28,4.74,USD,,,,equity,web_csv
2026-06-15,COPX,HBM CN,HUDBAY MINERALS INC,CA4436281022,B05BDX1,15226375.0,438666039.93,5.28,USD,,,,equity,web_csv
2026-06-15,COPX,IE,IVANHOE ELECTRIC INC / US,US46578C1080,BPF0KH6,5094167.0,58022562.13,0.7,USD,,,,equity,web_csv
2026-06-15,COPX,IVN CN,IVANHOE MINES LTD-CL A,CA46579R1047,BD73C40,32975141.0,292834448.32,3.53,USD,,,,equity,web_csv
2026-06-15,COPX,KGH PW,KGHM POLSKA MIEDZ SA,PLKGHM000017,5263251,4235822.0,436985161.65,5.26,USD,,,,equity,web_csv
2026-06-15,COPX,LUN CN,LUNDIN MINING CORP,CA5503721063,2866857,12686801.0,361779684.32,4.36,USD,,,,equity,web_csv
2026-06-15,COPX,NDA GR,AURUBIS AG,DE0006766504,5485527,1063934.0,246992838.16,2.98,USD,,,,equity,web_csv
2026-06-15,COPX,NDM CN,NORTHERN DYNASTY MINERALS,CA66510M2040,2637848,22788256.0,50062575.35,0.6,USD,,,,equity,web_csv
2026-06-15,COPX,NGEX CN,NGEX MINERALS LTD,CA62930A1021,BVBCQW5,5843924.0,116004473.69,1.4,USD,,,,equity,web_csv
2026-06-15,COPX,OM CN,OSISKO METALS INC,CA6882741094,BYW9WY0,24867981.0,34522797.34,0.42,USD,,,,equity,web_csv
2026-06-15,COPX,SCCO,SOUTHERN COPPER CORP,US84265V1052,2823777,2035070.0,393216225.4,4.74,USD,,,,equity,web_csv
2026-06-15,COPX,SFR AU,SANDFIRE RESOURCES LTD,AU000000SFR8,6739739,19477480.0,288063472.25,3.47,USD,,,,equity,web_csv
2026-06-15,COPX,SLS CN,SOLARIS RESOURCES INC,CA83419D2014,BMQ5701,3873424.0,38971227.19,0.47,USD,,,,equity,web_csv
2026-06-15,COPX,TECK/B CN,TECK RESOURCES LTD-CLS B,CA8787422044,2879327,6558638.0,434129317.69,5.23,USD,,,,equity,web_csv
2026-06-15,COPX,TGB,TASEKO MINES LTD,CA8765111064,2592066,15081040.0,117028870.4,1.41,USD,,,,equity,web_csv
2026-06-15,COPX,,CASH,CASH,,6537405.67,6537405.67,0.08,USD,,,,cash,web_csv
2026-06-15,COPX,,OTHER PAYABLE & RECEIVABLES,,,14309633.38,14309633.38,0.17,USD,,,,cash,web_csv
2026-06-15,COPX,,JAPANESE YEN,,,-18239780.0,-113898.96,-0.0,USD,,,,fx,web_csv
2026-06-15,COPX,,CANADIAN DOLLAR,,,-19072.09,-13647.78,0.0,USD,,,,fx,web_csv
2026-06-15,COPX,,SAUDI RIYAL,,,339539.01,90483.41,0.0,USD,,,,fx,web_csv
2026-06-15,COPX,,HONG KONG DOLLAR,,,-61011.85,-7787.19,0.0,USD,,,,fx,web_csv
2026-06-17,COPX,1208 HK,MMG LTD,HK1208013172,6728793,167282360.0,182968083.57,2.21,USD,,,,equity,web_csv
2026-06-17,COPX,1258 HK,CHINA NONFERROUS MINING CORP,HK0000112026,B890GY2,54718700.0,101122710.81,1.22,USD,,,,equity,web_csv
2026-06-17,COPX,1515 JP,NITTETSU MINING CO LTD,JP3680800004,6641027,1770400.0,28633383.44,0.35,USD,,,,equity,web_csv
2026-06-17,COPX,2099 HK,CHINA GOLD INTERNATIONAL RES,CA16890P1036,B60FNV8,10081500.0,203294959.99,2.46,USD,,,,equity,web_csv
2026-06-17,COPX,2899 HK,ZIJIN MINING GROUP CO LTD-H,CNE100000502,6725299,78942535.0,333490473.69,4.04,USD,,,,equity,web_csv
2026-06-17,COPX,358 HK,JIANGXI COPPER CO LTD-H,CNE1000003K3,6000305,42717801.0,204884938.88,2.48,USD,,,,equity,web_csv
2026-06-17,COPX,3939 HK,WANGUO GOLD GROUP LTD,KYG9430L1150,BV106D0,49627760.0,65935571.27,0.8,USD,,,,equity,web_csv
2026-06-17,COPX,5711 JP,MITSUBISHI MATERIALS CORP,JP3903000002,6597089,5240781.0,159585172.88,1.93,USD,,,,equity,web_csv
2026-06-17,COPX,5713 JP,SUMITOMO METAL MINING CO LTD,JP3402600005,6858849,5515408.0,314945019.43,3.81,USD,,,,equity,web_csv
2026-06-17,COPX,ALS CN,ALTIUS MINERALS CORPORATION,CA0209361009,2122355,1957638.0,83968582.36,1.02,USD,,,,equity,web_csv
2026-06-17,COPX,AMAK AB,AL MASANE AL KOBRA MINING CO,SA15HG50KL10,BNNVLT6,2213198.0,45997720.22,0.56,USD,,,,equity,web_csv
2026-06-17,COPX,ANTO LN,ANTOFAGASTA PLC,GB0000456144,0045614,7486087.0,427229239.48,5.17,USD,,,,equity,web_csv
2026-06-17,COPX,ARG CN,AMERIGO RESOURCES LTD,CA03074G1090,2855822,5848839.0,29033535.01,0.35,USD,,,,equity,web_csv
2026-06-17,COPX,ASCU CN,ARIZONA SONORAN COPPER CO IN,CA04058Q1054,BMC50Y0,7178838.0,49203789.44,0.59,USD,,,,equity,web_csv
2026-06-17,COPX,ATYM LN,ATALAYA MINING COPPER SA,CY0106002112,BYZTVM8,5028905.0,59878340.61,0.72,USD,,,,equity,web_csv
2026-06-17,COPX,BHP AU,BHP GROUP LTD,AU000000BHP4,6144690,9506971.0,440670676.87,5.33,USD,,,,equity,web_csv
2026-06-17,COPX,BOL SS,BOLIDEN AB,SE0020050417,BPYTZ57,6417234.0,398581723.58,4.82,USD,,,,equity,web_csv
2026-06-17,COPX,BVR AU,BELLAVISTA RESOURCES LTD,AU0000216913,BNNFYB1,2262293.0,615522.5,0.01,USD,,,,equity,web_csv
2026-06-17,COPX,CNL CN,COLLECTIVE MINING LTD,CA19425C1005,BN79Z49,1987078.0,29010403.44,0.35,USD,,,,equity,web_csv
2026-06-17,COPX,CS CN,CAPSTONE COPPER CORP,CA14071L1085,BMY5XY9,27787112.0,297471329.52,3.6,USD,,,,equity,web_csv
2026-06-17,COPX,DVP AU,DEVELOP GLOBAL LTD,AU0000179707,BNVQGB0,10853042.0,57600436.33,0.7,USD,,,,equity,web_csv
2026-06-17,COPX,ERO CN,ERO COPPER CORP,CA2960061091,BF02Z72,4140374.0,126948632.95,1.54,USD,,,,equity,web_csv
2026-06-17,COPX,FCX,FREEPORT-MCMORAN INC,US35671D8570,2352118,5589155.0,385987044.3,4.67,USD,,,,equity,web_csv
2026-06-17,COPX,FDY CN,FARADAY COPPER CORP,CA3073571034,BLNNJN8,9131584.0,39076744.88,0.47,USD,,,,equity,web_csv
2026-06-17,COPX,FFM AU,FIREFLY METALS LTD,AU0000313769,BPDXXB2,31215066.0,45663474.71,0.55,USD,,,,equity,web_csv
2026-06-17,COPX,FM CN,FIRST QUANTUM MINERALS LTD,CA3359341052,2347608,13399256.0,424120234.85,5.13,USD,,,,equity,web_csv
2026-06-17,COPX,GLEN LN,GLENCORE PLC,JE00B4T3BW64,B4T3BW6,50472411.0,394244941.87,4.77,USD,,,,equity,web_csv
2026-06-17,COPX,HBM CN,HUDBAY MINERALS INC,CA4436281022,B05BDX1,15320083.0,434657229.68,5.26,USD,,,,equity,web_csv
2026-06-17,COPX,IE,IVANHOE ELECTRIC INC / US,US46578C1080,BPF0KH6,5125517.0,58687169.65,0.71,USD,,,,equity,web_csv
2026-06-17,COPX,IVN CN,IVANHOE MINES LTD-CL A,CA46579R1047,BD73C40,33178118.0,285850984.55,3.46,USD,,,,equity,web_csv
2026-06-17,COPX,KGH PW,KGHM POLSKA MIEDZ SA,PLKGHM000017,5263251,4261871.0,456437744.39,5.52,USD,,,,equity,web_csv
2026-06-17,COPX,LUN CN,LUNDIN MINING CORP,CA5503721063,2866857,12764891.0,352602687.7,4.27,USD,,,,equity,web_csv
2026-06-17,COPX,NDA GR,AURUBIS AG,DE0006766504,5485527,1070489.0,254331859.54,3.08,USD,,,,equity,web_csv
2026-06-17,COPX,NDM CN,NORTHERN DYNASTY MINERALS,CA66510M2040,2637848,22928875.0,49223246.38,0.59,USD,,,,equity,web_csv
2026-06-17,COPX,NGEX CN,NGEX MINERALS LTD,CA62930A1021,BVBCQW5,5879891.0,113144183.14,1.37,USD,,,,equity,web_csv
2026-06-17,COPX,OM CN,OSISKO METALS INC,CA6882741094,BYW9WY0,25021425.0,32836047.36,0.4,USD,,,,equity,web_csv
2026-06-17,COPX,SCCO,SOUTHERN COPPER CORP,US84265V1052,2823777,2047610.0,392485884.8,4.75,USD,,,,equity,web_csv
2026-06-17,COPX,SFR AU,SANDFIRE RESOURCES LTD,AU000000SFR8,6739739,19597408.0,297763490.53,3.6,USD,,,,equity,web_csv
2026-06-17,COPX,SLS CN,SOLARIS RESOURCES INC,CA83419D2014,BMQ5701,3897535.0,37527082.59,0.45,USD,,,,equity,web_csv
2026-06-17,COPX,TECK/B CN,TECK RESOURCES LTD-CLS B,CA8787422044,2879327,6598994.0,436905080.25,5.29,USD,,,,equity,web_csv
2026-06-17,COPX,TGB,TASEKO MINES LTD,CA8765111064,2592066,15173893.0,112742024.99,1.36,USD,,,,equity,web_csv
2026-06-17,COPX,,HONG KONG DOLLAR,,,-61011.85,-7786.79,0.0,USD,,,,fx,web_csv
2026-06-17,COPX,,SAUDI RIYAL,,,-464775.32,-123841.01,-0.0,USD,,,,fx,web_csv
2026-06-17,COPX,,JAPANESE YEN,,,-18239780.0,-113767.53,-0.0,USD,,,,fx,web_csv
2026-06-17,COPX,,CASH,CASH,,7509054.64,7509054.64,0.09,USD,,,,cash,web_csv
2026-06-17,COPX,,OTHER PAYABLE & RECEIVABLES,,,13344504.56,13344504.56,0.16,USD,,,,cash,web_csv
2026-06-18,COPX,,HONG KONG DOLLAR,,,26096349.38,3329614.03,0.04,USD,,,,fx,web_csv
2026-06-18,COPX,,CASH,CASH,,3134637.62,3134637.62,0.04,USD,,,,cash,web_csv
2026-06-18,COPX,BVR AU,BELLAVISTA RESOURCES LTD,AU0000216913,BNNFYB1,2262293.0,604865.64,0.01,USD,,,,equity,web_csv
2026-06-18,COPX,,CANADIAN DOLLAR,,,-22794.99,-16144.33,0.0,USD,,,,fx,web_csv
2026-06-18,COPX,,JAPANESE YEN,,,-18239780.0,-113389.16,-0.0,USD,,,,fx,web_csv
2026-06-18,COPX,,SAUDI RIYAL,,,-500317.78,-133300.77,-0.0,USD,,,,fx,web_csv
2026-06-18,COPX,BHP AU,BHP GROUP LTD,AU000000BHP4,6144690,9501856.0,434825939.12,5.4,USD,,,,equity,web_csv
2026-06-18,COPX,KGH PW,KGHM POLSKA MIEDZ SA,PLKGHM000017,5263251,4259586.0,430106838.54,5.34,USD,,,,equity,web_csv
2026-06-18,COPX,TECK/B CN,TECK RESOURCES LTD-CLS B,CA8787422044,2879327,6595454.0,425169604.5,5.28,USD,,,,equity,web_csv
2026-06-18,COPX,HBM CN,HUDBAY MINERALS INC,CA4436281022,B05BDX1,15311863.0,422934705.19,5.25,USD,,,,equity,web_csv
2026-06-18,COPX,ANTO LN,ANTOFAGASTA PLC,GB0000456144,0045614,7482067.0,413351408.28,5.13,USD,,,,equity,web_csv
2026-06-18,COPX,FM CN,FIRST QUANTUM MINERALS LTD,CA3359341052,2347608,13392066.0,410786768.98,5.1,USD,,,,equity,web_csv
2026-06-18,COPX,SCCO,SOUTHERN COPPER CORP,US84265V1052,2823777,2046510.0,394833174.3,4.9,USD,,,,equity,web_csv
2026-06-18,COPX,FCX,FREEPORT-MCMORAN INC,US35671D8570,2352118,5586155.0,383657125.4,4.76,USD,,,,equity,web_csv
2026-06-18,COPX,BOL SS,BOLIDEN AB,SE0020050417,BPYTZ57,6413789.0,382477356.1,4.75,USD,,,,equity,web_csv
2026-06-18,COPX,GLEN LN,GLENCORE PLC,JE00B4T3BW64,B4T3BW6,50445261.0,378357840.61,4.7,USD,,,,equity,web_csv
2026-06-18,COPX,LUN CN,LUNDIN MINING CORP,CA5503721063,2866857,12758041.0,338750633.58,4.21,USD,,,,equity,web_csv
2026-06-18,COPX,2899 HK,ZIJIN MINING GROUP CO LTD-H,CNE100000502,6725299,78900035.0,322942862.06,4.01,USD,,,,equity,web_csv
2026-06-18,COPX,5713 JP,SUMITOMO METAL MINING CO LTD,JP3402600005,6858849,5512448.0,317772785.68,3.95,USD,,,,equity,web_csv
2026-06-18,COPX,CS CN,CAPSTONE COPPER CORP,CA14071L1085,BMY5XY9,27772197.0,299564829.0,3.72,USD,,,,equity,web_csv
2026-06-18,COPX,SFR AU,SANDFIRE RESOURCES LTD,AU000000SFR8,6739739,19586888.0,292853784.67,3.64,USD,,,,equity,web_csv
2026-06-18,COPX,IVN CN,IVANHOE MINES LTD-CL A,CA46579R1047,BD73C40,33160313.0,271492062.95,3.37,USD,,,,equity,web_csv
2026-06-18,COPX,NDA GR,AURUBIS AG,DE0006766504,5485527,1069914.0,241723905.45,3.0,USD,,,,equity,web_csv
2026-06-18,COPX,358 HK,JIANGXI COPPER CO LTD-H,CNE1000003K3,6000305,42694801.0,223670172.7,2.78,USD,,,,equity,web_csv
2026-06-18,COPX,2099 HK,CHINA GOLD INTERNATIONAL RES,CA16890P1036,B60FNV8,10076000.0,188853087.34,2.35,USD,,,,equity,web_csv
2026-06-18,COPX,1208 HK,MMG LTD,HK1208013172,6728793,167192360.0,175988589.69,2.19,USD,,,,equity,web_csv
2026-06-18,COPX,5711 JP,MITSUBISHI MATERIALS CORP,JP3903000002,6597089,5237971.0,159587814.69,1.98,USD,,,,equity,web_csv
2026-06-18,COPX,ERO CN,ERO COPPER CORP,CA2960061091,BF02Z72,4138149.0,123298932.99,1.53,USD,,,,equity,web_csv
2026-06-18,COPX,TGB,TASEKO MINES LTD,CA8765111064,2592066,15165748.0,108283440.72,1.34,USD,,,,equity,web_csv
2026-06-18,COPX,NGEX CN,NGEX MINERALS LTD,CA62930A1021,BVBCQW5,5876736.0,108132441.86,1.34,USD,,,,equity,web_csv
2026-06-18,COPX,1258 HK,CHINA NONFERROUS MINING CORP,HK0000112026,B890GY2,54689200.0,94618355.25,1.18,USD,,,,equity,web_csv
2026-06-18,COPX,ALS CN,ALTIUS MINERALS CORPORATION,CA0209361009,2122355,1956583.0,82811289.41,1.03,USD,,,,equity,web_csv
2026-06-18,COPX,3939 HK,WANGUO GOLD GROUP LTD,KYG9430L1150,BV106D0,49601260.0,60742075.18,0.75,USD,,,,equity,web_csv
2026-06-18,COPX,ATYM LN,ATALAYA MINING COPPER SA,CY0106002112,BYZTVM8,5026205.0,58612305.37,0.73,USD,,,,equity,web_csv
2026-06-18,COPX,IE,IVANHOE ELECTRIC INC / US,US46578C1080,BPF0KH6,5122767.0,58399543.8,0.72,USD,,,,equity,web_csv
2026-06-18,COPX,DVP AU,DEVELOP GLOBAL LTD,AU0000179707,BNVQGB0,10847217.0,53424791.38,0.66,USD,,,,equity,web_csv
2026-06-18,COPX,NDM CN,NORTHERN DYNASTY MINERALS,CA66510M2040,2637848,22916540.0,48366648.39,0.6,USD,,,,equity,web_csv
2026-06-18,COPX,ASCU CN,ARIZONA SONORAN COPPER CO IN,CA04058Q1054,BMC50Y0,7174983.0,47614710.66,0.59,USD,,,,equity,web_csv
2026-06-18,COPX,AMAK AB,AL MASANE AL KOBRA MINING CO,SA15HG50KL10,BNNVLT6,2212008.0,44996885.62,0.56,USD,,,,equity,web_csv
2026-06-18,COPX,FFM AU,FIREFLY METALS LTD,AU0000313769,BPDXXB2,31198311.0,43353548.42,0.54,USD,,,,equity,web_csv
2026-06-18,COPX,FDY CN,FARADAY COPPER CORP,CA3073571034,BLNNJN8,9126684.0,37038067.44,0.46,USD,,,,equity,web_csv
2026-06-18,COPX,SLS CN,SOLARIS RESOURCES INC,CA83419D2014,BMQ5701,3895420.0,34789649.92,0.43,USD,,,,equity,web_csv
2026-06-18,COPX,OM CN,OSISKO METALS INC,CA6882741094,BYW9WY0,25007965.0,31349621.48,0.39,USD,,,,equity,web_csv
2026-06-18,COPX,1515 JP,NITTETSU MINING CO LTD,JP3680800004,6641027,1769450.0,28401839.49,0.35,USD,,,,equity,web_csv
2026-06-18,COPX,ARG CN,AMERIGO RESOURCES LTD,CA03074G1090,2855822,5845699.0,28401498.03,0.35,USD,,,,equity,web_csv
2026-06-18,COPX,CNL CN,COLLECTIVE MINING LTD,CA19425C1005,BN79Z49,1986013.0,27343810.13,0.34,USD,,,,equity,web_csv
2026-06-18,COPX,,OTHER PAYABLE & RECEIVABLES,,,14916967.1,14916967.1,0.18,USD,,,,cash,web_csv
2026-06-22,COPX,BVR AU,BELLAVISTA RESOURCES LTD,AU0000216913,BNNFYB1,2262293.0,555093.87,0.01,USD,,,,equity,web_csv
2026-06-22,COPX,,SAUDI RIYAL,,,87911.9,23415.7,0.0,USD,,,,fx,web_csv
2026-06-22,COPX,,HONG KONG DOLLAR,,,-61011.85,-7781.73,0.0,USD,,,,fx,web_csv
2026-06-22,COPX,,JAPANESE YEN,,,-18239780.0,-113069.34,-0.0,USD,,,,fx,web_csv
2026-06-22,COPX,,CASH,CASH,,-148680.16,-148680.16,-0.0,USD,,,,cash,web_csv
2026-06-22,COPX,HBM CN,HUDBAY MINERALS INC,CA4436281022,B05BDX1,15303643.0,427360070.21,5.41,USD,,,,equity,web_csv
2026-06-22,COPX,KGH PW,KGHM POLSKA MIEDZ SA,PLKGHM000017,5263251,4257301.0,419360783.92,5.31,USD,,,,equity,web_csv
2026-06-22,COPX,TECK/B CN,TECK RESOURCES LTD-CLS B,CA8787422044,2879327,6591914.0,419121270.29,5.31,USD,,,,equity,web_csv
2026-06-22,COPX,BHP AU,BHP GROUP LTD,AU000000BHP4,6144690,9496741.0,401725532.93,5.09,USD,,,,equity,web_csv
2026-06-22,COPX,FM CN,FIRST QUANTUM MINERALS LTD,CA3359341052,2347608,13384876.0,396665983.21,5.03,USD,,,,equity,web_csv
2026-06-22,COPX,ANTO LN,ANTOFAGASTA PLC,GB0000456144,0045614,7478047.0,392344318.14,4.97,USD,,,,equity,web_csv
2026-06-22,COPX,SCCO,SOUTHERN COPPER CORP,US84265V1052,2823777,2045410.0,388443813.1,4.92,USD,,,,equity,web_csv
2026-06-22,COPX,FCX,FREEPORT-MCMORAN INC,US35671D8570,2352118,5583155.0,386410157.55,4.89,USD,,,,equity,web_csv
2026-06-22,COPX,BOL SS,BOLIDEN AB,SE0020050417,BPYTZ57,6410344.0,378861622.94,4.8,USD,,,,equity,web_csv
2026-06-22,COPX,GLEN LN,GLENCORE PLC,JE00B4T3BW64,B4T3BW6,50418111.0,373717619.63,4.73,USD,,,,equity,web_csv
2026-06-22,COPX,LUN CN,LUNDIN MINING CORP,CA5503721063,2866857,12751191.0,336439706.01,4.26,USD,,,,equity,web_csv
2026-06-22,COPX,2899 HK,ZIJIN MINING GROUP CO LTD-H,CNE100000502,6725299,78857535.0,318029087.38,4.03,USD,,,,equity,web_csv
2026-06-22,COPX,5713 JP,SUMITOMO METAL MINING CO LTD,JP3402600005,6858849,5509488.0,301712903.28,3.82,USD,,,,equity,web_csv
2026-06-22,COPX,CS CN,CAPSTONE COPPER CORP,CA14071L1085,BMY5XY9,27757282.0,287536570.18,3.64,USD,,,,equity,web_csv
2026-06-22,COPX,SFR AU,SANDFIRE RESOURCES LTD,AU000000SFR8,6739739,19576368.0,284224659.66,3.6,USD,,,,equity,web_csv
2026-06-22,COPX,IVN CN,IVANHOE MINES LTD-CL A,CA46579R1047,BD73C40,33142508.0,272830849.49,3.46,USD,,,,equity,web_csv
2026-06-22,COPX,NDA GR,AURUBIS AG,DE0006766504,5485527,1069339.0,239640814.69,3.04,USD,,,,equity,web_csv
2026-06-22,COPX,358 HK,JIANGXI COPPER CO LTD-H,CNE1000003K3,6000305,42671801.0,221511951.01,2.81,USD,,,,equity,web_csv
2026-06-22,COPX,2099 HK,CHINA GOLD INTERNATIONAL RES,CA16890P1036,B60FNV8,10070500.0,184059824.75,2.33,USD,,,,equity,web_csv
2026-06-22,COPX,1208 HK,MMG LTD,HK1208013172,6728793,167102360.0,176258420.13,2.23,USD,,,,equity,web_csv
2026-06-22,COPX,5711 JP,MITSUBISHI MATERIALS CORP,JP3903000002,6597089,5235161.0,158662877.78,2.01,USD,,,,equity,web_csv
2026-06-22,COPX,ERO CN,ERO COPPER CORP,CA2960061091,BF02Z72,4135924.0,125901360.88,1.59,USD,,,,equity,web_csv
2026-06-22,COPX,NGEX CN,NGEX MINERALS LTD,CA62930A1021,BVBCQW5,5873581.0,106000041.51,1.34,USD,,,,equity,web_csv
2026-06-22,COPX,TGB,TASEKO MINES LTD,CA8765111064,2592066,15157603.0,105496916.88,1.34,USD,,,,equity,web_csv
2026-06-22,COPX,1258 HK,CHINA NONFERROUS MINING CORP,HK0000112026,B890GY2,54659700.0,98507928.29,1.25,USD,,,,equity,web_csv
2026-06-22,COPX,ALS CN,ALTIUS MINERALS CORPORATION,CA0209361009,2122355,1955528.0,85188172.13,1.08,USD,,,,equity,web_csv
2026-06-22,COPX,IE,IVANHOE ELECTRIC INC / US,US46578C1080,BPF0KH6,5120017.0,56934589.04,0.72,USD,,,,equity,web_csv
2026-06-22,COPX,ATYM LN,ATALAYA MINING COPPER SA,CY0106002112,BYZTVM8,5023505.0,56397089.99,0.71,USD,,,,equity,web_csv
2026-06-22,COPX,3939 HK,WANGUO GOLD GROUP LTD,KYG9430L1150,BV106D0,49574760.0,56021679.2,0.71,USD,,,,equity,web_csv
2026-06-22,COPX,DVP AU,DEVELOP GLOBAL LTD,AU0000179707,BNVQGB0,10841392.0,51758501.66,0.66,USD,,,,equity,web_csv
2026-06-22,COPX,ASCU CN,ARIZONA SONORAN COPPER CO IN,CA04058Q1054,BMC50Y0,7171128.0,48189250.48,0.61,USD,,,,equity,web_csv
2026-06-22,COPX,NDM CN,NORTHERN DYNASTY MINERALS,CA66510M2040,2637848,22904205.0,46611157.72,0.59,USD,,,,equity,web_csv
2026-06-22,COPX,AMAK AB,AL MASANE AL KOBRA MINING CO,SA15HG50KL10,BNNVLT6,2210818.0,44753400.81,0.57,USD,,,,equity,web_csv
2026-06-22,COPX,FFM AU,FIREFLY METALS LTD,AU0000313769,BPDXXB2,31181556.0,40222137.11,0.51,USD,,,,equity,web_csv
2026-06-22,COPX,FDY CN,FARADAY COPPER CORP,CA3073571034,BLNNJN8,9121784.0,36868714.3,0.47,USD,,,,equity,web_csv
2026-06-22,COPX,SLS CN,SOLARIS RESOURCES INC,CA83419D2014,BMQ5701,3893305.0,34800952.69,0.44,USD,,,,equity,web_csv
2026-06-22,COPX,OM CN,OSISKO METALS INC,CA6882741094,BYW9WY0,24994505.0,30730948.77,0.39,USD,,,,equity,web_csv
2026-06-22,COPX,1515 JP,NITTETSU MINING CO LTD,JP3680800004,6641027,1768500.0,29062973.07,0.37,USD,,,,equity,web_csv
2026-06-22,COPX,CNL CN,COLLECTIVE MINING LTD,CA19425C1005,BN79Z49,1984948.0,27631059.64,0.35,USD,,,,equity,web_csv
2026-06-22,COPX,ARG CN,AMERIGO RESOURCES LTD,CA03074G1090,2855822,5842559.0,27495366.69,0.35,USD,,,,equity,web_csv
2026-06-22,COPX,,OTHER PAYABLE & RECEIVABLES,CASH,,20796274.21,20796274.21,0.26,USD,,,,cash,web_csv
2026-06-23,COPX,BVR AU,BELLAVISTA RESOURCES LTD,AU0000216913,BNNFYB1,2262293.0,533119.59,0.01,USD,,,,equity,web_csv
2026-06-23,COPX,,SAUDI RIYAL,,,86573.32,23061.01,0.0,USD,,,,fx,web_csv
2026-06-23,COPX,,HONG KONG DOLLAR,,,-61011.85,-7781.23,0.0,USD,,,,fx,web_csv
2026-06-23,COPX,,JAPANESE YEN,,,-18239780.0,-112901.36,-0.0,USD,,,,fx,web_csv
2026-06-23,COPX,ATYM LN,ATALAYA MINING COPPER SA,CY0106002112,BYZTVM8,5023505.0,53651078.5,0.72,USD,,,,equity,web_csv
2026-06-23,COPX,3939 HK,WANGUO GOLD GROUP LTD,KYG9430L1150,BV106D0,49574760.0,52540684.82,0.71,USD,,,,equity,web_csv
2026-06-23,COPX,IE,IVANHOE ELECTRIC INC / US,US46578C1080,BPF0KH6,5120017.0,51558571.19,0.69,USD,,,,equity,web_csv
2026-06-23,COPX,DVP AU,DEVELOP GLOBAL LTD,AU0000179707,BNVQGB0,10841392.0,49142774.54,0.66,USD,,,,equity,web_csv
2026-06-23,COPX,NDM CN,NORTHERN DYNASTY MINERALS,CA66510M2040,2637848,22904205.0,44848522.56,0.6,USD,,,,equity,web_csv
2026-06-23,COPX,ASCU CN,ARIZONA SONORAN COPPER CO IN,CA04058Q1054,BMC50Y0,7171128.0,43842501.17,0.59,USD,,,,equity,web_csv
2026-06-23,COPX,AMAK AB,AL MASANE AL KOBRA MINING CO,SA15HG50KL10,BNNVLT6,2210818.0,43579161.98,0.59,USD,,,,equity,web_csv
2026-06-23,COPX,FFM AU,FIREFLY METALS LTD,AU0000313769,BPDXXB2,31181556.0,37280674.32,0.5,USD,,,,equity,web_csv
2026-06-23,COPX,FDY CN,FARADAY COPPER CORP,CA3073571034,BLNNJN8,9121784.0,35851068.65,0.48,USD,,,,equity,web_csv
2026-06-23,COPX,SLS CN,SOLARIS RESOURCES INC,CA83419D2014,BMQ5701,3893305.0,33126342.24,0.45,USD,,,,equity,web_csv
2026-06-23,COPX,OM CN,OSISKO METALS INC,CA6882741094,BYW9WY0,24994505.0,29400122.1,0.4,USD,,,,equity,web_csv
2026-06-23,COPX,1515 JP,NITTETSU MINING CO LTD,JP3680800004,6641027,1768500.0,27191693.23,0.37,USD,,,,equity,web_csv
2026-06-23,COPX,CNL CN,COLLECTIVE MINING LTD,CA19425C1005,BN79Z49,1984948.0,25808867.81,0.35,USD,,,,equity,web_csv
2026-06-23,COPX,ARG CN,AMERIGO RESOURCES LTD,CA03074G1090,2855822,5842559.0,25720016.73,0.35,USD,,,,equity,web_csv
2026-06-23,COPX,,OTHER PAYABLE & RECEIVABLES,CASH,,15362799.43,15362799.43,0.21,USD,,,,cash,web_csv
2026-06-23,COPX,BHP AU,BHP GROUP LTD,AU000000BHP4,6144690,9496741.0,394405783.74,5.31,USD,,,,equity,web_csv
2026-06-23,COPX,KGH PW,KGHM POLSKA MIEDZ SA,PLKGHM000017,5263251,4257301.0,393870898.78,5.3,USD,,,,equity,web_csv
2026-06-23,COPX,TECK/B CN,TECK RESOURCES LTD-CLS B,CA8787422044,2879327,6591914.0,393402270.27,5.3,USD,,,,equity,web_csv
2026-06-23,COPX,HBM CN,HUDBAY MINERALS INC,CA4436281022,B05BDX1,15303643.0,388479164.44,5.23,USD,,,,equity,web_csv
2026-06-23,COPX,ANTO LN,ANTOFAGASTA PLC,GB0000456144,0045614,7478047.0,369218019.78,4.97,USD,,,,equity,web_csv
2026-06-23,COPX,FM CN,FIRST QUANTUM MINERALS LTD,CA3359341052,2347608,13384876.0,367960352.37,4.96,USD,,,,equity,web_csv
2026-06-23,COPX,SCCO,SOUTHERN COPPER CORP,US84265V1052,2823777,2045410.0,365248863.7,4.92,USD,,,,equity,web_csv
2026-06-23,COPX,BOL SS,BOLIDEN AB,SE0020050417,BPYTZ57,6410344.0,362863353.33,4.89,USD,,,,equity,web_csv
2026-06-23,COPX,FCX,FREEPORT-MCMORAN INC,US35671D8570,2352118,5583155.0,359555182.0,4.84,USD,,,,equity,web_csv
2026-06-23,COPX,GLEN LN,GLENCORE PLC,JE00B4T3BW64,B4T3BW6,50418111.0,356292687.93,4.8,USD,,,,equity,web_csv
2026-06-23,COPX,LUN CN,LUNDIN MINING CORP,CA5503721063,2866857,12751191.0,311830499.4,4.2,USD,,,,equity,web_csv
2026-06-23,COPX,2899 HK,ZIJIN MINING GROUP CO LTD-H,CNE100000502,6725299,78857535.0,297290965.91,4.0,USD,,,,equity,web_csv
2026-06-23,COPX,5713 JP,SUMITOMO METAL MINING CO LTD,JP3402600005,6858849,5509488.0,281382720.98,3.79,USD,,,,equity,web_csv
2026-06-23,COPX,SFR AU,SANDFIRE RESOURCES LTD,AU000000SFR8,6739739,19576368.0,270418435.28,3.64,USD,,,,equity,web_csv
2026-06-23,COPX,CS CN,CAPSTONE COPPER CORP,CA14071L1085,BMY5XY9,27757282.0,268823826.38,3.62,USD,,,,equity,web_csv
2026-06-23,COPX,IVN CN,IVANHOE MINES LTD-CL A,CA46579R1047,BD73C40,33142508.0,257483263.42,3.47,USD,,,,equity,web_csv
2026-06-23,COPX,NDA GR,AURUBIS AG,DE0006766504,5485527,1069339.0,238931916.25,3.22,USD,,,,equity,web_csv
2026-06-23,COPX,358 HK,JIANGXI COPPER CO LTD-H,CNE1000003K3,6000305,42671801.0,197987491.28,2.67,USD,,,,equity,web_csv
2026-06-23,COPX,2099 HK,CHINA GOLD INTERNATIONAL RES,CA16890P1036,B60FNV8,10070500.0,167865213.18,2.26,USD,,,,equity,web_csv
2026-06-23,COPX,1208 HK,MMG LTD,HK1208013172,6728793,167102360.0,163033969.82,2.2,USD,,,,equity,web_csv
2026-06-23,COPX,5711 JP,MITSUBISHI MATERIALS CORP,JP3903000002,6597089,5235161.0,150034325.34,2.02,USD,,,,equity,web_csv
2026-06-23,COPX,ERO CN,ERO COPPER CORP,CA2960061091,BF02Z72,4135924.0,114777535.2,1.55,USD,,,,equity,web_csv
2026-06-23,COPX,NGEX CN,NGEX MINERALS LTD,CA62930A1021,BVBCQW5,5873581.0,102681655.52,1.38,USD,,,,equity,web_csv
2026-06-23,COPX,TGB,TASEKO MINES LTD,CA8765111064,2592066,15157603.0,101404364.07,1.37,USD,,,,equity,web_csv
2026-06-23,COPX,1258 HK,CHINA NONFERROUS MINING CORP,HK0000112026,B890GY2,54659700.0,91809390.38,1.24,USD,,,,equity,web_csv
2026-06-23,COPX,ALS CN,ALTIUS MINERALS CORPORATION,CA0209361009,2122355,1955528.0,81898710.96,1.1,USD,,,,equity,web_csv
2026-06-23,COPX,,CASH,CASH,,6583609.11,6583609.11,0.09,USD,,,,cash,web_csv
2026-06-24,COPX,,CASH,CASH,,6583798.4,6583798.4,0.09,USD,,,,cash,web_csv
2026-06-24,COPX,BVR AU,BELLAVISTA RESOURCES LTD,AU0000216913,BNNFYB1,2262293.0,514565.04,0.01,USD,,,,equity,web_csv
2026-06-24,COPX,,SAUDI RIYAL,,,86573.32,23059.16,0.0,USD,,,,fx,web_csv
2026-06-24,COPX,,HONG KONG DOLLAR,,,-61011.85,-7781.93,0.0,USD,,,,fx,web_csv
2026-06-24,COPX,,JAPANESE YEN,,,-18239780.0,-112726.92,-0.0,USD,,,,fx,web_csv
2026-06-24,COPX,BHP AU,BHP GROUP LTD,AU000000BHP4,6144690,9496741.0,389465547.44,5.47,USD,,,,equity,web_csv
2026-06-24,COPX,TECK/B CN,TECK RESOURCES LTD-CLS B,CA8787422044,2879327,6591914.0,380152299.14,5.34,USD,,,,equity,web_csv
2026-06-24,COPX,KGH PW,KGHM POLSKA MIEDZ SA,PLKGHM000017,5263251,4257301.0,364914730.24,5.13,USD,,,,equity,web_csv
2026-06-24,COPX,ANTO LN,ANTOFAGASTA PLC,GB0000456144,0045614,7478047.0,358831429.94,5.04,USD,,,,equity,web_csv
2026-06-24,COPX,SCCO,SOUTHERN COPPER CORP,US84265V1052,2823777,2045410.0,351483254.4,4.94,USD,,,,equity,web_csv
2026-06-24,COPX,HBM CN,HUDBAY MINERALS INC,CA4436281022,B05BDX1,15303643.0,350850643.51,4.93,USD,,,,equity,web_csv
2026-06-24,COPX,BOL SS,BOLIDEN AB,SE0020050417,BPYTZ57,6410344.0,347935843.31,4.89,USD,,,,equity,web_csv
2026-06-24,COPX,GLEN LN,GLENCORE PLC,JE00B4T3BW64,B4T3BW6,50418111.0,345793501.81,4.86,USD,,,,equity,web_csv
2026-06-24,COPX,FM CN,FIRST QUANTUM MINERALS LTD,CA3359341052,2347608,13384876.0,345394932.42,4.86,USD,,,,equity,web_csv
2026-06-24,COPX,FCX,FREEPORT-MCMORAN INC,US35671D8570,2352118,5583155.0,345262305.2,4.85,USD,,,,equity,web_csv
2026-06-24,COPX,2899 HK,ZIJIN MINING GROUP CO LTD-H,CNE100000502,6725299,78857535.0,296110536.77,4.16,USD,,,,equity,web_csv
2026-06-24,COPX,LUN CN,LUNDIN MINING CORP,CA5503721063,2866857,12751191.0,294034415.22,4.13,USD,,,,equity,web_csv
2026-06-24,COPX,5713 JP,SUMITOMO METAL MINING CO LTD,JP3402600005,6858849,5509488.0,270869114.3,3.81,USD,,,,equity,web_csv
2026-06-24,COPX,SFR AU,SANDFIRE RESOURCES LTD,AU000000SFR8,6739739,19576368.0,265407973.64,3.73,USD,,,,equity,web_csv
2026-06-24,COPX,CS CN,CAPSTONE COPPER CORP,CA14071L1085,BMY5XY9,27757282.0,251621325.44,3.54,USD,,,,equity,web_csv
2026-06-24,COPX,IVN CN,IVANHOE MINES LTD-CL A,CA46579R1047,BD73C40,33142508.0,239001198.72,3.36,USD,,,,equity,web_csv
2026-06-24,COPX,NDA GR,AURUBIS AG,DE0006766504,5485527,1069339.0,226417155.8,3.18,USD,,,,equity,web_csv
2026-06-24,COPX,358 HK,JIANGXI COPPER CO LTD-H,CNE1000003K3,6000305,42671801.0,189514567.34,2.66,USD,,,,equity,web_csv
2026-06-24,COPX,2099 HK,CHINA GOLD INTERNATIONAL RES,CA16890P1036,B60FNV8,10070500.0,165568155.15,2.33,USD,,,,equity,web_csv
2026-06-24,COPX,1208 HK,MMG LTD,HK1208013172,6728793,167102360.0,159425225.48,2.24,USD,,,,equity,web_csv
2026-06-24,COPX,5711 JP,MITSUBISHI MATERIALS CORP,JP3903000002,6597089,5235161.0,147505324.3,2.07,USD,,,,equity,web_csv
2026-06-24,COPX,ERO CN,ERO COPPER CORP,CA2960061091,BF02Z72,4135924.0,109108355.64,1.53,USD,,,,equity,web_csv
2026-06-24,COPX,NGEX CN,NGEX MINERALS LTD,CA62930A1021,BVBCQW5,5873581.0,97456531.29,1.37,USD,,,,equity,web_csv
2026-06-24,COPX,TGB,TASEKO MINES LTD,CA8765111064,2592066,15157603.0,96553931.11,1.36,USD,,,,equity,web_csv
2026-06-24,COPX,1258 HK,CHINA NONFERROUS MINING CORP,HK0000112026,B890GY2,54659700.0,89586636.18,1.26,USD,,,,equity,web_csv
2026-06-24,COPX,ALS CN,ALTIUS MINERALS CORPORATION,CA0209361009,2122355,1955528.0,79860624.57,1.12,USD,,,,equity,web_csv
2026-06-24,COPX,3939 HK,WANGUO GOLD GROUP LTD,KYG9430L1150,BV106D0,49574760.0,51786597.84,0.73,USD,,,,equity,web_csv
2026-06-24,COPX,ATYM LN,ATALAYA MINING COPPER SA,CY0106002112,BYZTVM8,5023505.0,51776456.24,0.73,USD,,,,equity,web_csv
2026-06-24,COPX,DVP AU,DEVELOP GLOBAL LTD,AU0000179707,BNVQGB0,10841392.0,48795044.12,0.69,USD,,,,equity,web_csv
2026-06-24,COPX,IE,IVANHOE ELECTRIC INC / US,US46578C1080,BPF0KH6,5120017.0,48076959.63,0.68,USD,,,,equity,web_csv
2026-06-24,COPX,AMAK AB,AL MASANE AL KOBRA MINING CO,SA15HG50KL10,BNNVLT6,2210818.0,42957376.17,0.6,USD,,,,equity,web_csv
2026-06-24,COPX,NDM CN,NORTHERN DYNASTY MINERALS,CA66510M2040,2637848,22904205.0,41654243.55,0.59,USD,,,,equity,web_csv
2026-06-24,COPX,ASCU CN,ARIZONA SONORAN COPPER CO IN,CA04058Q1054,BMC50Y0,7171128.0,39628394.03,0.56,USD,,,,equity,web_csv
2026-06-24,COPX,FFM AU,FIREFLY METALS LTD,AU0000313769,BPDXXB2,31181556.0,39007839.64,0.55,USD,,,,equity,web_csv
2026-06-24,COPX,FDY CN,FARADAY COPPER CORP,CA3073571034,BLNNJN8,9121784.0,35291949.47,0.5,USD,,,,equity,web_csv
2026-06-24,COPX,SLS CN,SOLARIS RESOURCES INC,CA83419D2014,BMQ5701,3893305.0,30672950.25,0.43,USD,,,,equity,web_csv
2026-06-24,COPX,OM CN,OSISKO METALS INC,CA6882741094,BYW9WY0,24994505.0,27729746.09,0.39,USD,,,,equity,web_csv
2026-06-24,COPX,1515 JP,NITTETSU MINING CO LTD,JP3680800004,6641027,1768500.0,26701557.43,0.38,USD,,,,equity,web_csv
2026-06-24,COPX,CNL CN,COLLECTIVE MINING LTD,CA19425C1005,BN79Z49,1984948.0,24558356.75,0.34,USD,,,,equity,web_csv
2026-06-24,COPX,ARG CN,AMERIGO RESOURCES LTD,CA03074G1090,2855822,5842559.0,24163657.28,0.34,USD,,,,equity,web_csv
2026-06-24,COPX,,OTHER PAYABLE & RECEIVABLES,CASH,,15211622.7,15211622.7,0.21,USD,,,,cash,web_csv
2026-06-25,COPX,ATYM LN,ATALAYA MINING COPPER SA,CY0106002112,BYZTVM8,5023505.0,52174770.65,0.73,USD,,,,equity,web_csv
2026-06-25,COPX,IE,IVANHOE ELECTRIC INC / US,US46578C1080,BPF0KH6,5120017.0,47872158.95,0.67,USD,,,,equity,web_csv
2026-06-25,COPX,3939 HK,WANGUO GOLD GROUP LTD,KYG9430L1150,BV106D0,49574760.0,47546751.93,0.67,USD,,,,equity,web_csv
2026-06-25,COPX,DVP AU,DEVELOP GLOBAL LTD,AU0000179707,BNVQGB0,10841392.0,45830848.27,0.64,USD,,,,equity,web_csv
2026-06-25,COPX,AMAK AB,AL MASANE AL KOBRA MINING CO,SA15HG50KL10,BNNVLT6,2210818.0,42362873.87,0.59,USD,,,,equity,web_csv
2026-06-25,COPX,NDM CN,NORTHERN DYNASTY MINERALS,CA66510M2040,2637848,22904205.0,41284819.43,0.58,USD,,,,equity,web_csv
2026-06-25,COPX,FFM AU,FIREFLY METALS LTD,AU0000313769,BPDXXB2,31181556.0,37477313.97,0.53,USD,,,,equity,web_csv
2026-06-25,COPX,FDY CN,FARADAY COPPER CORP,CA3073571034,BLNNJN8,9121784.0,34939274.75,0.49,USD,,,,equity,web_csv
2026-06-25,COPX,SLS CN,SOLARIS RESOURCES INC,CA83419D2014,BMQ5701,3893305.0,31579562.47,0.44,USD,,,,equity,web_csv
2026-06-25,COPX,OM CN,OSISKO METALS INC,CA6882741094,BYW9WY0,24994505.0,29213785.11,0.41,USD,,,,equity,web_csv
2026-06-25,COPX,1515 JP,NITTETSU MINING CO LTD,JP3680800004,6641027,1768500.0,26220662.46,0.37,USD,,,,equity,web_csv
2026-06-25,COPX,CNL CN,COLLECTIVE MINING LTD,CA19425C1005,BN79Z49,1984948.0,24905314.81,0.35,USD,,,,equity,web_csv
2026-06-25,COPX,ARG CN,AMERIGO RESOURCES LTD,CA03074G1090,2855822,5842559.0,24723661.04,0.35,USD,,,,equity,web_csv
2026-06-25,COPX,,OTHER PAYABLE & RECEIVABLES,CASH,,15340571.54,15340571.54,0.22,USD,,,,cash,web_csv
2026-06-25,COPX,HBM CN,HUDBAY MINERALS INC,CA4436281022,B05BDX1,17039055.98,400347331.75,5.63,USD,,,,equity,web_csv
2026-06-25,COPX,TECK/B CN,TECK RESOURCES LTD-CLS B,CA8787422044,2879327,6591914.0,388900879.46,5.46,USD,,,,equity,web_csv
2026-06-25,COPX,BHP AU,BHP GROUP LTD,AU000000BHP4,6144690,9496741.0,383884287.71,5.39,USD,,,,equity,web_csv
2026-06-25,COPX,ANTO LN,ANTOFAGASTA PLC,GB0000456144,0045614,7478047.0,374563984.25,5.26,USD,,,,equity,web_csv
2026-06-25,COPX,KGH PW,KGHM POLSKA MIEDZ SA,PLKGHM000017,5263251,4257301.0,372762723.08,5.24,USD,,,,equity,web_csv
2026-06-25,COPX,BOL SS,BOLIDEN AB,SE0020050417,BPYTZ57,6410344.0,357426281.13,5.02,USD,,,,equity,web_csv
2026-06-25,COPX,SCCO,SOUTHERN COPPER CORP,US84265V1052,2823777,2045410.0,357394489.3,5.02,USD,,,,equity,web_csv
2026-06-25,COPX,FM CN,FIRST QUANTUM MINERALS LTD,CA3359341052,2347608,13384876.0,352846159.08,4.96,USD,,,,equity,web_csv
2026-06-25,COPX,FCX,FREEPORT-MCMORAN INC,US35671D8570,2352118,5583155.0,350622134.0,4.93,USD,,,,equity,web_csv
2026-06-25,COPX,GLEN LN,GLENCORE PLC,JE00B4T3BW64,B4T3BW6,50418111.0,347013171.87,4.88,USD,,,,equity,web_csv
2026-06-25,COPX,LUN CN,LUNDIN MINING CORP,CA5503721063,2866857,12751191.0,301216305.62,4.23,USD,,,,equity,web_csv
2026-06-25,COPX,2899 HK,ZIJIN MINING GROUP CO LTD-H,CNE100000502,6725299,78857535.0,282009409.99,3.96,USD,,,,equity,web_csv
2026-06-25,COPX,5713 JP,SUMITOMO METAL MINING CO LTD,JP3402600005,6858849,5509488.0,260803560.73,3.67,USD,,,,equity,web_csv
2026-06-25,COPX,SFR AU,SANDFIRE RESOURCES LTD,AU000000SFR8,6739739,19576368.0,256519790.67,3.6,USD,,,,equity,web_csv
2026-06-25,COPX,CS CN,CAPSTONE COPPER CORP,CA14071L1085,BMY5XY9,27757282.0,255243867.57,3.59,USD,,,,equity,web_csv
2026-06-25,COPX,IVN CN,IVANHOE MINES LTD-CL A,CA46579R1047,BD73C40,33142508.0,244324632.11,3.43,USD,,,,equity,web_csv
2026-06-25,COPX,NDA GR,AURUBIS AG,DE0006766504,5485527,1069339.0,228831246.76,3.22,USD,,,,equity,web_csv
2026-06-25,COPX,358 HK,JIANGXI COPPER CO LTD-H,CNE1000003K3,6000305,42671801.0,176983957.98,2.49,USD,,,,equity,web_csv
2026-06-25,COPX,2099 HK,CHINA GOLD INTERNATIONAL RES,CA16890P1036,B60FNV8,10070500.0,151813678.54,2.13,USD,,,,equity,web_csv
2026-06-25,COPX,1208 HK,MMG LTD,HK1208013172,6728793,167102360.0,149397384.64,2.1,USD,,,,equity,web_csv
2026-06-25,COPX,5711 JP,MITSUBISHI MATERIALS CORP,JP3903000002,6597089,5235161.0,143256957.16,2.01,USD,,,,equity,web_csv
2026-06-25,COPX,ERO CN,ERO COPPER CORP,CA2960061091,BF02Z72,4135924.0,108825544.71,1.53,USD,,,,equity,web_csv
2026-06-25,COPX,NGEX CN,NGEX MINERALS LTD,CA62930A1021,BVBCQW5,5873581.0,100536352.13,1.41,USD,,,,equity,web_csv
2026-06-25,COPX,TGB,TASEKO MINES LTD,CA8765111064,2592066,15157603.0,99585451.71,1.4,USD,,,,equity,web_csv
2026-06-25,COPX,ALS CN,ALTIUS MINERALS CORPORATION,CA0209361009,2122355,1955528.0,82310483.25,1.16,USD,,,,equity,web_csv
2026-06-25,COPX,1258 HK,CHINA NONFERROUS MINING CORP,HK0000112026,B890GY2,54659700.0,80517748.3,1.13,USD,,,,equity,web_csv
2026-06-25,COPX,,CASH,CASH,,6397799.05,6397799.05,0.09,USD,,,,cash,web_csv
2026-06-25,COPX,BVR AU,BELLAVISTA RESOURCES LTD,AU0000216913,BNNFYB1,2262293.0,507871.26,0.01,USD,,,,equity,web_csv
2026-06-25,COPX,,HONG KONG DOLLAR,,,-61011.85,-7781.38,0.0,USD,,,,fx,web_csv
2026-06-25,COPX,,CANADIAN DOLLAR,,,-35031.87,-24665.99,0.0,USD,,,,fx,web_csv
2026-06-25,COPX,,JAPANESE YEN,,,-18239780.0,-112821.06,-0.0,USD,,,,fx,web_csv
2026-06-26,COPX,BVR AU,BELLAVISTA RESOURCES LTD,AU0000216913,BNNFYB1,2262293.0,530772.52,0.01,USD,,,,equity,web_csv
2026-06-26,COPX,,CASH,CASH,,267857.59,267857.59,0.0,USD,,,,cash,web_csv
2026-06-26,COPX,,HONG KONG DOLLAR,,,-61011.85,-7780.39,0.0,USD,,,,fx,web_csv
2026-06-26,COPX,,CANADIAN DOLLAR,,,-15277.34,-10759.07,0.0,USD,,,,fx,web_csv
2026-06-26,COPX,,JAPANESE YEN,,,-79897710.0,-494003.83,-0.01,USD,,,,fx,web_csv
2026-06-26,COPX,,OTHER PAYABLE & RECEIVABLES,CASH,,-2285320.92,-2285320.92,-0.03,USD,,,,cash,web_csv
2026-06-26,COPX,3939 HK,WANGUO GOLD GROUP LTD,KYG9430L1150,BV106D0,49574760.0,48362535.66,0.69,USD,,,,equity,web_csv
2026-06-26,COPX,IE,IVANHOE ELECTRIC INC / US,US46578C1080,BPF0KH6,5120017.0,47001756.06,0.67,USD,,,,equity,web_csv
2026-06-26,COPX,DVP AU,DEVELOP GLOBAL LTD,AU0000179707,BNVQGB0,10841392.0,46532469.1,0.66,USD,,,,equity,web_csv
2026-06-26,COPX,NDM CN,NORTHERN DYNASTY MINERALS,CA66510M2040,2637848,22904205.0,43067873.76,0.61,USD,,,,equity,web_csv
2026-06-26,COPX,AMAK AB,AL MASANE AL KOBRA MINING CO,SA15HG50KL10,BNNVLT6,2210818.0,42358361.54,0.6,USD,,,,equity,web_csv
2026-06-26,COPX,FDY CN,FARADAY COPPER CORP,CA3073571034,BLNNJN8,9121784.0,36231460.09,0.51,USD,,,,equity,web_csv
2026-06-26,COPX,FFM AU,FIREFLY METALS LTD,AU0000313769,BPDXXB2,31181556.0,35933119.32,0.51,USD,,,,equity,web_csv
2026-06-26,COPX,SLS CN,SOLARIS RESOURCES INC,CA83419D2014,BMQ5701,3893305.0,32408792.63,0.46,USD,,,,equity,web_csv
2026-06-26,COPX,OM CN,OSISKO METALS INC,CA6882741094,BYW9WY0,24994505.0,30276100.29,0.43,USD,,,,equity,web_csv
2026-06-26,COPX,CNL CN,COLLECTIVE MINING LTD,CA19425C1005,BN79Z49,1984948.0,25679421.64,0.36,USD,,,,equity,web_csv
2026-06-26,COPX,1515 JP,NITTETSU MINING CO LTD,JP3680800004,6641027,1768500.0,24985454.6,0.35,USD,,,,equity,web_csv
2026-06-26,COPX,ARG CN,AMERIGO RESOURCES LTD,CA03074G1090,2855822,5842559.0,24893469.45,0.35,USD,,,,equity,web_csv
2026-06-26,COPX,HBM CN,HUDBAY MINERALS INC,CA4436281022,B05BDX1,17039055.98,396471995.1,5.63,USD,,,,equity,web_csv
2026-06-26,COPX,BHP AU,BHP GROUP LTD,AU000000BHP4,6144690,9496741.0,386574902.59,5.49,USD,,,,equity,web_csv
2026-06-26,COPX,TECK/B CN,TECK RESOURCES LTD-CLS B,CA8787422044,2879327,6591914.0,383737181.76,5.45,USD,,,,equity,web_csv
2026-06-26,COPX,ANTO LN,ANTOFAGASTA PLC,GB0000456144,0045614,7478047.0,377554511.29,5.36,USD,,,,equity,web_csv
2026-06-26,COPX,KGH PW,KGHM POLSKA MIEDZ SA,PLKGHM000017,5263251,4257301.0,370797731.3,5.26,USD,,,,equity,web_csv
2026-06-26,COPX,BOL SS,BOLIDEN AB,SE0020050417,BPYTZ57,6410344.0,353909591.48,5.02,USD,,,,equity,web_csv
2026-06-26,COPX,FM CN,FIRST QUANTUM MINERALS LTD,CA3359341052,2347608,13384876.0,351601024.54,4.99,USD,,,,equity,web_csv
2026-06-26,COPX,SCCO,SOUTHERN COPPER CORP,US84265V1052,2823777,2045410.0,350296916.6,4.97,USD,,,,equity,web_csv
2026-06-26,COPX,FCX,FREEPORT-MCMORAN INC,US35671D8570,2352118,5583155.0,348668029.75,4.95,USD,,,,equity,web_csv
2026-06-26,COPX,GLEN LN,GLENCORE PLC,JE00B4T3BW64,B4T3BW6,50418111.0,342531701.84,4.86,USD,,,,equity,web_csv
2026-06-26,COPX,LUN CN,LUNDIN MINING CORP,CA5503721063,2866857,12751191.0,302896350.17,4.3,USD,,,,equity,web_csv
2026-06-26,COPX,2899 HK,ZIJIN MINING GROUP CO LTD-H,CNE100000502,6725299,78857535.0,276140901.09,3.92,USD,,,,equity,web_csv
2026-06-26,COPX,5713 JP,SUMITOMO METAL MINING CO LTD,JP3402600005,6858849,5509488.0,260085577.52,3.69,USD,,,,equity,web_csv
2026-06-26,COPX,SFR AU,SANDFIRE RESOURCES LTD,AU000000SFR8,6739739,19576368.0,255178889.65,3.62,USD,,,,equity,web_csv
2026-06-26,COPX,CS CN,CAPSTONE COPPER CORP,CA14071L1085,BMY5XY9,27757282.0,249042411.83,3.53,USD,,,,equity,web_csv
2026-06-26,COPX,IVN CN,IVANHOE MINES LTD-CL A,CA46579R1047,BD73C40,33142508.0,248810968.89,3.53,USD,,,,equity,web_csv
2026-06-26,COPX,NDA GR,AURUBIS AG,DE0006766504,5485527,1069339.0,224936734.43,3.19,USD,,,,equity,web_csv
2026-06-26,COPX,358 HK,JIANGXI COPPER CO LTD-H,CNE1000003K3,6000305,42671801.0,170104950.97,2.41,USD,,,,equity,web_csv
2026-06-26,COPX,2099 HK,CHINA GOLD INTERNATIONAL RES,CA16890P1036,B60FNV8,10070500.0,149097465.49,2.12,USD,,,,equity,web_csv
2026-06-26,COPX,1208 HK,MMG LTD,HK1208013172,6728793,167102360.0,144264096.31,2.05,USD,,,,equity,web_csv
2026-06-26,COPX,5711 JP,MITSUBISHI MATERIALS CORP,JP3903000002,6597089,5235161.0,141224889.13,2.0,USD,,,,equity,web_csv
2026-06-26,COPX,ERO CN,ERO COPPER CORP,CA2960061091,BF02Z72,4135924.0,109547590.86,1.55,USD,,,,equity,web_csv
2026-06-26,COPX,NGEX CN,NGEX MINERALS LTD,CA62930A1021,BVBCQW5,5873581.0,102088086.96,1.45,USD,,,,equity,web_csv
2026-06-26,COPX,TGB,TREKOR METALS LTD,CA89472Y1079,BRSCTS7,15157603.0,97766539.35,1.39,USD,,,,equity,web_csv
2026-06-26,COPX,ALS CN,ALTIUS MINERALS CORPORATION,CA0209361009,2122355,1955528.0,84311013.88,1.2,USD,,,,equity,web_csv
2026-06-26,COPX,1258 HK,CHINA NONFERROUS MINING CORP,HK0000112026,B890GY2,54659700.0,80089259.8,1.14,USD,,,,equity,web_csv
2026-06-26,COPX,ATYM LN,ATALAYA MINING COPPER SA,CY0106002112,BYZTVM8,5023505.0,53610134.54,0.76,USD,,,,equity,web_csv
2026-06-29,COPX,,CANADIAN DOLLAR,,,8939582.68,6290829.09,0.09,USD,,,,fx,web_csv
2026-06-29,COPX,BVR AU,BELLAVISTA RESOURCES LTD,AU0000216913,BNNFYB1,2262293.0,521452.17,0.01,USD,,,,equity,web_csv
2026-06-29,COPX,,HONG KONG DOLLAR,,,-61011.85,-7779.15,0.0,USD,,,,fx,web_csv
2026-06-29,COPX,,JAPANESE YEN,,,-23720651.0,-146482.55,-0.0,USD,,,,fx,web_csv
2026-06-29,COPX,,OTHER PAYABLE & RECEIVABLES,CASH,,-3794130.61,-3794130.61,-0.05,USD,,,,cash,web_csv
2026-06-29,COPX,HBM CN,HUDBAY MINERALS INC,CA4436281022,B05BDX1,17039055.98,403479281.93,5.72,USD,,,,equity,web_csv
2026-06-29,COPX,BHP AU,BHP GROUP LTD,AU000000BHP4,6144690,9496741.0,390878535.98,5.54,USD,,,,equity,web_csv
2026-06-29,COPX,TECK/B CN,TECK RESOURCES LTD-CLS B,CA8787422044,2879327,6569533.0,382045816.21,5.42,USD,,,,equity,web_csv
2026-06-29,COPX,ANTO LN,ANTOFAGASTA PLC,GB0000456144,0045614,7452201.0,369885512.99,5.25,USD,,,,equity,web_csv
2026-06-29,COPX,KGH PW,KGHM POLSKA MIEDZ SA,PLKGHM000017,5263251,4241931.0,362572686.02,5.14,USD,,,,equity,web_csv
2026-06-29,COPX,BOL SS,BOLIDEN AB,SE0020050417,BPYTZ57,6388324.0,350599381.19,4.97,USD,,,,equity,web_csv
2026-06-29,COPX,FM CN,FIRST QUANTUM MINERALS LTD,CA3359341052,2347608,13339237.0,348535146.41,4.94,USD,,,,equity,web_csv
2026-06-29,COPX,SCCO,SOUTHERN COPPER CORP,US84265V1052,2823777,2038311.0,343353487.95,4.87,USD,,,,equity,web_csv
2026-06-29,COPX,FCX,FREEPORT-MCMORAN INC,US35671D8570,2352118,5564034.0,342855775.08,4.86,USD,,,,equity,web_csv
2026-06-29,COPX,GLEN LN,GLENCORE PLC,JE00B4T3BW64,B4T3BW6,50418111.0,341276621.64,4.84,USD,,,,equity,web_csv
2026-06-29,COPX,LUN CN,LUNDIN MINING CORP,CA5503721063,2866857,12704969.0,303263466.08,4.3,USD,,,,equity,web_csv
2026-06-29,COPX,2899 HK,ZIJIN MINING GROUP CO LTD-H,CNE100000502,6725299,78611535.0,277440684.53,3.94,USD,,,,equity,web_csv
2026-06-29,COPX,SFR AU,SANDFIRE RESOURCES LTD,AU000000SFR8,6739739,19509143.0,255176766.18,3.62,USD,,,,equity,web_csv
2026-06-29,COPX,5713 JP,SUMITOMO METAL MINING CO LTD,JP3402600005,6858849,5490588.0,254024672.22,3.6,USD,,,,equity,web_csv
2026-06-29,COPX,IVN CN,IVANHOE MINES LTD-CL A,CA46579R1047,BD73C40,33029289.0,252185205.06,3.58,USD,,,,equity,web_csv
2026-06-29,COPX,CS CN,CAPSTONE COPPER CORP,CA14071L1085,BMY5XY9,27662112.0,252084268.96,3.58,USD,,,,equity,web_csv
2026-06-29,COPX,NDA GR,AURUBIS AG,DE0006766504,5485527,1068180.0,218401795.61,3.1,USD,,,,equity,web_csv
2026-06-29,COPX,358 HK,JIANGXI COPPER CO LTD-H,CNE1000003K3,6000305,42618801.0,172257553.45,2.44,USD,,,,equity,web_csv
2026-06-29,COPX,2099 HK,CHINA GOLD INTERNATIONAL RES,CA16890P1036,B60FNV8,10025800.0,157360191.25,2.23,USD,,,,equity,web_csv
2026-06-29,COPX,1208 HK,MMG LTD,HK1208013172,6728793,166506360.0,146061935.08,2.07,USD,,,,equity,web_csv
2026-06-29,COPX,5711 JP,MITSUBISHI MATERIALS CORP,JP3903000002,6597089,5216261.0,139220551.72,1.98,USD,,,,equity,web_csv
2026-06-29,COPX,ERO CN,ERO COPPER CORP,CA2960061091,BF02Z72,4131296.0,107130824.11,1.52,USD,,,,equity,web_csv
2026-06-29,COPX,NGEX CN,NGEX MINERALS LTD,CA62930A1021,BVBCQW5,5853555.0,100549085.22,1.43,USD,,,,equity,web_csv
2026-06-29,COPX,TGB,TREKOR METALS LTD,CA89472Y1079,BRSCTS7,15105607.0,96071660.52,1.36,USD,,,,equity,web_csv
2026-06-29,COPX,ALS CN,ALTIUS MINERALS CORPORATION,CA0209361009,2122355,1952942.0,86937905.72,1.23,USD,,,,equity,web_csv
2026-06-29,COPX,1258 HK,CHINA NONFERROUS MINING CORP,HK0000112026,B890GY2,54585700.0,80350776.78,1.14,USD,,,,equity,web_csv
2026-06-29,COPX,ATYM LN,ATALAYA MINING COPPER SA,CY0106002112,BYZTVM8,5006209.0,52023670.86,0.74,USD,,,,equity,web_csv
2026-06-29,COPX,3939 HK,WANGUO GOLD GROUP LTD,KYG9430L1150,BV106D0,49420760.0,49338843.66,0.7,USD,,,,equity,web_csv
2026-06-29,COPX,IE,IVANHOE ELECTRIC INC / US,US46578C1080,BPF0KH6,5102601.0,47811371.37,0.68,USD,,,,equity,web_csv
2026-06-29,COPX,DVP AU,DEVELOP GLOBAL LTD,AU0000179707,BNVQGB0,10804285.0,47428297.0,0.67,USD,,,,equity,web_csv
2026-06-29,COPX,NDM CN,NORTHERN DYNASTY MINERALS,CA66510M2040,2637848,22876805.0,45558817.88,0.65,USD,,,,equity,web_csv
2026-06-29,COPX,AMAK AB,AL MASANE AL KOBRA MINING CO,SA15HG50KL10,BNNVLT6,2208268.0,42280102.58,0.6,USD,,,,equity,web_csv
2026-06-29,COPX,FFM AU,FIREFLY METALS LTD,AU0000313769,BPDXXB2,31074622.0,37630444.01,0.53,USD,,,,equity,web_csv
2026-06-29,COPX,FDY CN,FARADAY COPPER CORP,CA3073571034,BLNNJN8,9090678.0,37039531.07,0.53,USD,,,,equity,web_csv
2026-06-29,COPX,SLS CN,SOLARIS RESOURCES INC,CA83419D2014,BMQ5701,3893305.0,32876858.66,0.47,USD,,,,equity,web_csv
2026-06-29,COPX,OM CN,OSISKO METALS INC,CA6882741094,BYW9WY0,24964705.0,30567950.95,0.43,USD,,,,equity,web_csv
2026-06-29,COPX,1515 JP,NITTETSU MINING CO LTD,JP3680800004,6641027,1762100.0,25658639.58,0.36,USD,,,,equity,web_csv
2026-06-29,COPX,CNL CN,COLLECTIVE MINING LTD,CA19425C1005,BN79Z49,1978322.0,24863890.02,0.35,USD,,,,equity,web_csv
2026-06-29,COPX,ARG CN,AMERIGO RESOURCES LTD,CA03074G1090,2855822,5822445.0,24542729.36,0.35,USD,,,,equity,web_csv
2026-06-29,COPX,,CASH,CASH,,15657388.29,15657388.29,0.22,USD,,,,cash,web_csv
2026-06-30,COPX,,OTHER PAYABLE & RECEIVABLES,CASH,,1300952.69,1300952.69,0.02,USD,,,,cash,web_csv
2026-06-30,COPX,BVR AU,BELLAVISTA RESOURCES LTD,AU0000216913,BNNFYB1,2262293.0,532886.91,0.01,USD,,,,equity,web_csv
2026-06-30,COPX,,SAUDI RIYAL,,,183038.21,48716.65,0.0,USD,,,,fx,web_csv
2026-06-30,COPX,,CURRENCY CONTRACT - USD,,,-876987.77,-21.98,0.0,USD,,,,residual,web_csv
2026-06-30,COPX,,CURRENCY CONTRACT - USD,,,-1203908.78,-30.18,0.0,USD,,,,residual,web_csv
2026-06-30,COPX,,CURRENCY CONTRACT - USD,,,-1677437.04,-42.05,0.0,USD,,,,residual,web_csv
2026-06-30,COPX,,CURRENCY CONTRACT - USD,,,-4093980.74,-102.64,0.0,USD,,,,residual,web_csv
2026-06-30,COPX,,CURRENCY CONTRACT - USD,,,-5493848.42,-137.74,0.0,USD,,,,residual,web_csv
2026-06-30,COPX,,CURRENCY CONTRACT - USD,,,-6798487.29,-170.45,0.0,USD,,,,residual,web_csv
2026-06-30,COPX,,CURRENCY CONTRACT - USD,,,-694598.54,-874.93,0.0,USD,,,,residual,web_csv
2026-06-30,COPX,,HONG KONG DOLLAR,,,-61011.85,-7780.09,0.0,USD,,,,fx,web_csv
2026-06-30,COPX,,JAPANESE YEN,,,-18239780.0,-112227.53,-0.0,USD,,,,fx,web_csv
2026-06-30,COPX,,CURRENCY CONTRACT - USD,,,700425.05,,,USD,,,,residual,web_csv
2026-06-30,COPX,,CURRENCY CONTRACT - USD,,,866756.86,,,USD,,,,residual,web_csv
2026-06-30,COPX,,CURRENCY CONTRACT - USD,,,213860.82,,,USD,,,,residual,web_csv
2026-06-30,COPX,,CURRENCY CONTRACT - USD,,,488709.94,,,USD,,,,residual,web_csv
2026-06-30,COPX,,CURRENCY CONTRACT - USD,,,111809.46,,,USD,,,,residual,web_csv
2026-06-30,COPX,,CURRENCY CONTRACT - USD,,,521952.27,,,USD,,,,residual,web_csv
2026-06-30,COPX,,CURRENCY CONTRACT - USD,,,153489.47,,,USD,,,,residual,web_csv
2026-06-30,COPX,IE,IVANHOE ELECTRIC INC / US,US46578C1080,BPF0KH6,5102601.0,49035995.61,0.69,USD,,,,equity,web_csv
2026-06-30,COPX,3939 HK,WANGUO GOLD GROUP LTD,KYG9430L1150,BV106D0,49420760.0,49029719.63,0.69,USD,,,,equity,web_csv
2026-06-30,COPX,DVP AU,DEVELOP GLOBAL LTD,AU0000179707,BNVQGB0,10804285.0,47830417.45,0.67,USD,,,,equity,web_csv
2026-06-30,COPX,NDM CN,NORTHERN DYNASTY MINERALS,CA66510M2040,2637848,22876805.0,43697720.92,0.61,USD,,,,equity,web_csv
2026-06-30,COPX,AMAK AB,AL MASANE AL KOBRA MINING CO,SA15HG50KL10,BNNVLT6,2208268.0,41847301.61,0.58,USD,,,,equity,web_csv
2026-06-30,COPX,FDY CN,FARADAY COPPER CORP,CA3073571034,BLNNJN8,9090678.0,38381082.8,0.54,USD,,,,equity,web_csv
2026-06-30,COPX,FFM AU,FIREFLY METALS LTD,AU0000313769,BPDXXB2,31074622.0,37890104.56,0.53,USD,,,,equity,web_csv
2026-06-30,COPX,SLS CN,SOLARIS RESOURCES INC,CA83419D2014,BMQ5701,3893305.0,32738064.25,0.46,USD,,,,equity,web_csv
2026-06-30,COPX,OM CN,OSISKO METALS INC,CA6882741094,BYW9WY0,24964705.0,31497319.44,0.44,USD,,,,equity,web_csv
2026-06-30,COPX,ARG CN,AMERIGO RESOURCES LTD,CA03074G1090,2855822,5822445.0,25198105.59,0.35,USD,,,,equity,web_csv
2026-06-30,COPX,1515 JP,NITTETSU MINING CO LTD,JP3680800004,6641027,1762100.0,24947497.92,0.35,USD,,,,equity,web_csv
2026-06-30,COPX,CNL CN,COLLECTIVE MINING LTD,CA19425C1005,BN79Z49,1978322.0,24332489.09,0.34,USD,,,,equity,web_csv
2026-06-30,COPX,,CASH,CASH,,9959566.34,9959566.34,0.14,USD,,,,cash,web_csv
2026-06-30,COPX,,CANADIAN DOLLAR,,,9552463.74,6733014.09,0.09,USD,,,,fx,web_csv
2026-06-30,COPX,HBM CN,HUDBAY MINERALS INC,CA4436281022,B05BDX1,17039055.0,402211772.3,5.62,USD,,,,equity,web_csv
2026-06-30,COPX,TECK/B CN,TECK RESOURCES LTD-CLS B,CA8787422044,2879327,6569533.0,391138997.36,5.47,USD,,,,equity,web_csv
2026-06-30,COPX,BHP AU,BHP GROUP LTD,AU000000BHP4,6144690,9496741.0,390812386.83,5.46,USD,,,,equity,web_csv
2026-06-30,COPX,ANTO LN,ANTOFAGASTA PLC,GB0000456144,0045614,7452201.0,377832446.11,5.28,USD,,,,equity,web_csv
2026-06-30,COPX,KGH PW,KGHM POLSKA MIEDZ SA,PLKGHM000017,5263251,4241931.0,373821685.82,5.22,USD,,,,equity,web_csv
2026-06-30,COPX,FM CN,FIRST QUANTUM MINERALS LTD,CA3359341052,2347608,13339237.0,364237562.21,5.09,USD,,,,equity,web_csv
2026-06-30,COPX,BOL SS,BOLIDEN AB,SE0020050417,BPYTZ57,6388324.0,360930091.31,5.04,USD,,,,equity,web_csv
2026-06-30,COPX,SCCO,SOUTHERN COPPER CORP,US84265V1052,2823777,2038311.0,355196074.86,4.96,USD,,,,equity,web_csv
2026-06-30,COPX,FCX,FREEPORT-MCMORAN INC,US35671D8570,2352118,5564034.0,349922098.26,4.89,USD,,,,equity,web_csv
2026-06-30,COPX,GLEN LN,GLENCORE PLC,JE00B4T3BW64,B4T3BW6,50418111.0,343820681.56,4.81,USD,,,,equity,web_csv
2026-06-30,COPX,LUN CN,LUNDIN MINING CORP,CA5503721063,2866857,12704969.0,309486328.56,4.33,USD,,,,equity,web_csv
2026-06-30,COPX,2899 HK,ZIJIN MINING GROUP CO LTD-H,CNE100000502,6725299,78611535.0,274667473.3,3.84,USD,,,,equity,web_csv
2026-06-30,COPX,SFR AU,SANDFIRE RESOURCES LTD,AU000000SFR8,6739739,19509143.0,259370421.76,3.63,USD,,,,equity,web_csv
2026-06-30,COPX,IVN CN,IVANHOE MINES LTD-CL A,CA46579R1047,BD73C40,33029289.0,258646978.53,3.62,USD,,,,equity,web_csv
2026-06-30,COPX,CS CN,CAPSTONE COPPER CORP,CA14071L1085,BMY5XY9,27662112.0,254052736.11,3.55,USD,,,,equity,web_csv
2026-06-30,COPX,5713 JP,SUMITOMO METAL MINING CO LTD,JP3402600005,6858849,5490588.0,252325499.29,3.53,USD,,,,equity,web_csv
2026-06-30,COPX,NDA GR,AURUBIS AG,DE0006766504,5485527,1068180.0,221290805.57,3.09,USD,,,,equity,web_csv
2026-06-30,COPX,358 HK,JIANGXI COPPER CO LTD-H,CNE1000003K3,6000305,42618801.0,168039393.64,2.35,USD,,,,equity,web_csv
2026-06-30,COPX,2099 HK,CHINA GOLD INTERNATIONAL RES,CA16890P1036,B60FNV8,10025800.0,156612174.11,2.19,USD,,,,equity,web_csv
2026-06-30,COPX,1208 HK,MMG LTD,HK1208013172,6728793,166506360.0,147353579.54,2.06,USD,,,,equity,web_csv
2026-06-30,COPX,5711 JP,MITSUBISHI MATERIALS CORP,JP3903000002,6597089,5216261.0,138490485.86,1.94,USD,,,,equity,web_csv
2026-06-30,COPX,ERO CN,ERO COPPER CORP,CA2960061091,BF02Z72,4131296.0,110274663.98,1.54,USD,,,,equity,web_csv
2026-06-30,COPX,NGEX CN,NGEX MINERALS LTD,CA62930A1021,BVBCQW5,5853555.0,104714168.04,1.46,USD,,,,equity,web_csv
2026-06-30,COPX,TGB,TREKOR METALS LTD,CA89472Y1079,BRSCTS7,15105607.0,103926576.16,1.45,USD,,,,equity,web_csv
2026-06-30,COPX,ALS CN,ALTIUS MINERALS CORPORATION,CA0209361009,2122355,1952942.0,87436740.68,1.22,USD,,,,equity,web_csv
2026-06-30,COPX,1258 HK,CHINA NONFERROUS MINING CORP,HK0000112026,B890GY2,54585700.0,78307218.78,1.09,USD,,,,equity,web_csv
2026-06-30,COPX,ATYM LN,ATALAYA MINING COPPER SA,CY0106002112,BYZTVM8,5006209.0,54252092.38,0.76,USD,,,,equity,web_csv
2026-07-01,COPX,HBM CN,HUDBAY MINERALS INC,CA4436281022,B05BDX1,17039055.0,401702123.79,5.65,USD,,,,equity,web_csv
2026-07-01,COPX,BHP AU,BHP GROUP LTD,AU000000BHP4,6144690,9496741.0,392810354.96,5.53,USD,,,,equity,web_csv
2026-07-01,COPX,TECK/B CN,TECK RESOURCES LTD-CLS B,CA8787422044,2879327,6569533.0,390643379.33,5.49,USD,,,,equity,web_csv
2026-07-01,COPX,ANTO LN,ANTOFAGASTA PLC,GB0000456144,0045614,7452201.0,373792373.68,5.26,USD,,,,equity,web_csv
2026-07-01,COPX,KGH PW,KGHM POLSKA MIEDZ SA,PLKGHM000017,5263251,4241931.0,370207959.41,5.21,USD,,,,equity,web_csv
2026-07-01,COPX,FM CN,FIRST QUANTUM MINERALS LTD,CA3359341052,2347608,13339237.0,363776031.38,5.12,USD,,,,equity,web_csv
2026-07-01,COPX,BOL SS,BOLIDEN AB,SE0020050417,BPYTZ57,6388324.0,355514746.82,5.0,USD,,,,equity,web_csv
2026-07-01,COPX,SCCO,SOUTHERN COPPER CORP,US84265V1052,2823777,2038311.0,344066896.8,4.84,USD,,,,equity,web_csv
2026-07-01,COPX,GLEN LN,GLENCORE PLC,JE00B4T3BW64,B4T3BW6,50418111.0,342921605.73,4.82,USD,,,,equity,web_csv
2026-07-01,COPX,FCX,FREEPORT-MCMORAN INC,US35671D8570,2352118,5564034.0,336790978.02,4.74,USD,,,,equity,web_csv
2026-07-01,COPX,LUN CN,LUNDIN MINING CORP,CA5503721063,2866857,12704969.0,309094173.83,4.35,USD,,,,equity,web_csv
2026-07-01,COPX,2899 HK,ZIJIN MINING GROUP CO LTD-H,CNE100000502,6725299,78611535.0,274607943.78,3.86,USD,,,,equity,web_csv
2026-07-01,COPX,SFR AU,SANDFIRE RESOURCES LTD,AU000000SFR8,6739739,19509143.0,261262122.8,3.67,USD,,,,equity,web_csv
2026-07-01,COPX,IVN CN,IVANHOE MINES LTD-CL A,CA46579R1047,BD73C40,33029289.0,258319243.1,3.63,USD,,,,equity,web_csv
2026-07-01,COPX,CS CN,CAPSTONE COPPER CORP,CA14071L1085,BMY5XY9,27662112.0,253730822.12,3.57,USD,,,,equity,web_csv
2026-07-01,COPX,5713 JP,SUMITOMO METAL MINING CO LTD,JP3402600005,6858849,5490588.0,248015477.16,3.49,USD,,,,equity,web_csv
2026-07-01,COPX,NDA GR,AURUBIS AG,DE0006766504,5485527,1068180.0,214198270.46,3.01,USD,,,,equity,web_csv
2026-07-01,COPX,358 HK,JIANGXI COPPER CO LTD-H,CNE1000003K3,6000305,42618801.0,168002973.95,2.36,USD,,,,equity,web_csv
2026-07-01,COPX,2099 HK,CHINA GOLD INTERNATIONAL RES,CA16890P1036,B60FNV8,10025800.0,156578231.08,2.2,USD,,,,equity,web_csv
2026-07-01,COPX,1208 HK,MMG LTD,HK1208013172,6728793,166506360.0,147321643.14,2.07,USD,,,,equity,web_csv
2026-07-01,COPX,5711 JP,MITSUBISHI MATERIALS CORP,JP3903000002,6597089,5216261.0,140905372.41,1.98,USD,,,,equity,web_csv
2026-07-01,COPX,ERO CN,ERO COPPER CORP,CA2960061091,BF02Z72,4131296.0,110134933.31,1.55,USD,,,,equity,web_csv
2026-07-01,COPX,TGB,TREKOR METALS LTD,CA89472Y1079,BRSCTS7,15105607.0,105739249.0,1.49,USD,,,,equity,web_csv
2026-07-01,COPX,NGEX CN,NGEX MINERALS LTD,CA62930A1021,BVBCQW5,5853555.0,104581483.16,1.47,USD,,,,equity,web_csv
2026-07-01,COPX,ALS CN,ALTIUS MINERALS CORPORATION,CA0209361009,2122355,1952942.0,87325948.29,1.23,USD,,,,equity,web_csv
2026-07-01,COPX,1258 HK,CHINA NONFERROUS MINING CORP,HK0000112026,B890GY2,54585700.0,78290247.01,1.1,USD,,,,equity,web_csv
2026-07-01,COPX,ATYM LN,ATALAYA MINING COPPER SA,CY0106002112,BYZTVM8,5006209.0,53535483.56,0.75,USD,,,,equity,web_csv
2026-07-01,COPX,BVR AU,BELLAVISTA RESOURCES LTD,AU0000216913,BNNFYB1,2262293.0,570004.45,0.01,USD,,,,equity,web_csv
2026-07-01,COPX,,SAUDI RIYAL,,,183029.21,48740.2,0.0,USD,,,,fx,web_csv
2026-07-01,COPX,,HONG KONG DOLLAR,,,-61011.85,-7778.4,0.0,USD,,,,fx,web_csv
2026-07-01,COPX,,CANADIAN DOLLAR,,,-81717.48,-57525.24,-0.0,USD,,,,fx,web_csv
2026-07-01,COPX,,JAPANESE YEN,,,-18239780.0,-112310.46,-0.0,USD,,,,fx,web_csv
2026-07-01,COPX,,OTHER PAYABLE & RECEIVABLES,CASH,,-8610508.02,-8610508.02,-0.12,USD,,,,cash,web_csv
2026-07-01,COPX,3939 HK,WANGUO GOLD GROUP LTD,KYG9430L1150,BV106D0,49420760.0,49019093.27,0.69,USD,,,,equity,web_csv
2026-07-01,COPX,DVP AU,DEVELOP GLOBAL LTD,AU0000179707,BNVQGB0,10804285.0,48776463.54,0.69,USD,,,,equity,web_csv
2026-07-01,COPX,IE,IVANHOE ELECTRIC INC / US,US46578C1080,BPF0KH6,5102601.0,48066501.42,0.68,USD,,,,equity,web_csv
2026-07-01,COPX,NDM CN,NORTHERN DYNASTY MINERALS,CA66510M2040,2637848,22876805.0,43642350.89,0.61,USD,,,,equity,web_csv
2026-07-01,COPX,AMAK AB,AL MASANE AL KOBRA MINING CO,SA15HG50KL10,BNNVLT6,2208268.0,41604964.05,0.58,USD,,,,equity,web_csv
2026-07-01,COPX,FDY CN,FARADAY COPPER CORP,CA3073571034,BLNNJN8,9090678.0,38332449.56,0.54,USD,,,,equity,web_csv
2026-07-01,COPX,FFM AU,FIREFLY METALS LTD,AU0000313769,BPDXXB2,31074622.0,38075072.69,0.54,USD,,,,equity,web_csv
2026-07-01,COPX,SLS CN,SOLARIS RESOURCES INC,CA83419D2014,BMQ5701,3893305.0,32696581.36,0.46,USD,,,,equity,web_csv
2026-07-01,COPX,OM CN,OSISKO METALS INC,CA6882741094,BYW9WY0,24964705.0,31457408.71,0.44,USD,,,,equity,web_csv
2026-07-01,COPX,,CASH,CASH,,26916425.92,26916425.92,0.38,USD,,,,cash,web_csv
2026-07-01,COPX,1515 JP,NITTETSU MINING CO LTD,JP3680800004,6641027,1762100.0,25964134.72,0.36,USD,,,,equity,web_csv
2026-07-01,COPX,ARG CN,AMERIGO RESOURCES LTD,CA03074G1090,2855822,5822445.0,25166176.69,0.35,USD,,,,equity,web_csv
2026-07-01,COPX,CNL CN,COLLECTIVE MINING LTD,CA19425C1005,BN79Z49,1978322.0,24301657.03,0.34,USD,,,,equity,web_csv
2026-07-02,COPX,,SAUDI RIYAL,,,2437984.1,649315.28,0.01,USD,,,,fx,web_csv
2026-07-02,COPX,BVR AU,BELLAVISTA RESOURCES LTD,AU0000216913,BNNFYB1,2224041.0,586016.61,0.01,USD,,,,equity,web_csv
2026-07-02,COPX,,HONG KONG DOLLAR,,,-61011.85,-7779.2,0.0,USD,,,,fx,web_csv
2026-07-02,COPX,,CANADIAN DOLLAR,,,-54326.45,-38307.97,-0.0,USD,,,,fx,web_csv
2026-07-02,COPX,,JAPANESE YEN,,,-18239780.0,-113258.9,-0.0,USD,,,,fx,web_csv
2026-07-02,COPX,,OTHER PAYABLE & RECEIVABLES,CASH,,-15459582.42,-15459582.42,-0.22,USD,,,,cash,web_csv
2026-07-02,COPX,DVP AU,DEVELOP GLOBAL LTD,AU0000179707,BNVQGB0,10634341.0,46012805.59,0.66,USD,,,,equity,web_csv
2026-07-02,COPX,NDM CN,NORTHERN DYNASTY MINERALS,CA66510M2040,2637848,22516769.0,41757996.31,0.59,USD,,,,equity,web_csv
2026-07-02,COPX,AMAK AB,AL MASANE AL KOBRA MINING CO,SA15HG50KL10,BNNVLT6,2173520.0,40492642.29,0.58,USD,,,,equity,web_csv
2026-07-02,COPX,FDY CN,FARADAY COPPER CORP,CA3073571034,BLNNJN8,8947598.0,39307221.06,0.56,USD,,,,equity,web_csv
2026-07-02,COPX,FFM AU,FIREFLY METALS LTD,AU0000313769,BPDXXB2,30585668.0,38704760.26,0.55,USD,,,,equity,web_csv
2026-07-02,COPX,,CASH,CASH,,33079102.3,33079102.3,0.47,USD,,,,cash,web_csv
2026-07-02,COPX,SLS CN,SOLARIS RESOURCES INC,CA83419D2014,BMQ5701,3831547.0,32610635.19,0.46,USD,,,,equity,web_csv
2026-07-02,COPX,OM CN,OSISKO METALS INC,CA6882741094,BYW9WY0,24571819.0,31361275.18,0.45,USD,,,,equity,web_csv
2026-07-02,COPX,CNL CN,COLLECTIVE MINING LTD,CA19425C1005,BN79Z49,1947224.0,25827510.09,0.37,USD,,,,equity,web_csv
2026-07-02,COPX,1515 JP,NITTETSU MINING CO LTD,JP3680800004,6641027,1734360.0,25566584.74,0.36,USD,,,,equity,web_csv
2026-07-02,COPX,ARG CN,AMERIGO RESOURCES LTD,CA03074G1090,2855822,5730757.0,25215896.54,0.36,USD,,,,equity,web_csv
2026-07-02,COPX,TECK/B CN,TECK RESOURCES LTD-CLS B,CA8787422044,2879327,6466165.0,388065651.13,5.52,USD,,,,equity,web_csv
2026-07-02,COPX,BHP AU,BHP GROUP LTD,AU000000BHP4,6144690,9347529.0,386107256.79,5.5,USD,,,,equity,web_csv
2026-07-02,COPX,HBM CN,HUDBAY MINERALS INC,CA4436281022,B05BDX1,16771875.0,378450798.58,5.39,USD,,,,equity,web_csv
2026-07-02,COPX,ANTO LN,ANTOFAGASTA PLC,GB0000456144,0045614,7334963.0,377857271.49,5.38,USD,,,,equity,web_csv
2026-07-02,COPX,KGH PW,KGHM POLSKA MIEDZ SA,PLKGHM000017,5263251,4175209.0,370402134.29,5.27,USD,,,,equity,web_csv
2026-07-02,COPX,FM CN,FIRST QUANTUM MINERALS LTD,CA3359341052,2347608,13129289.0,364303862.18,5.19,USD,,,,equity,web_csv
2026-07-02,COPX,SCCO,SOUTHERN COPPER CORP,US84265V1052,2823777,2006191.0,345084913.91,4.91,USD,,,,equity,web_csv
2026-07-02,COPX,BOL SS,BOLIDEN AB,SE0020050417,BPYTZ57,6287876.0,342000649.87,4.87,USD,,,,equity,web_csv
2026-07-02,COPX,GLEN LN,GLENCORE PLC,JE00B4T3BW64,B4T3BW6,49625769.0,339001575.46,4.83,USD,,,,equity,web_csv
2026-07-02,COPX,FCX,FREEPORT-MCMORAN INC,US35671D8570,2352118,5476434.0,333898180.98,4.75,USD,,,,equity,web_csv
2026-07-02,COPX,LUN CN,LUNDIN MINING CORP,CA5503721063,2866857,12505095.0,303335520.22,4.32,USD,,,,equity,web_csv
2026-07-02,COPX,2899 HK,ZIJIN MINING GROUP CO LTD-H,CNE100000502,6725299,77370535.0,277995100.86,3.96,USD,,,,equity,web_csv
2026-07-02,COPX,5713 JP,SUMITOMO METAL MINING CO LTD,JP3402600005,6858849,5404156.0,252380746.23,3.59,USD,,,,equity,web_csv
2026-07-02,COPX,SFR AU,SANDFIRE RESOURCES LTD,AU000000SFR8,6739739,19202105.0,247787136.09,3.53,USD,,,,equity,web_csv
2026-07-02,COPX,CS CN,CAPSTONE COPPER CORP,CA14071L1085,BMY5XY9,27226886.0,247665500.41,3.52,USD,,,,equity,web_csv
2026-07-02,COPX,IVN CN,IVANHOE MINES LTD-CL A,CA46579R1047,BD73C40,32509529.0,245285731.62,3.49,USD,,,,equity,web_csv
2026-07-02,COPX,NDA GR,AURUBIS AG,DE0006766504,5485527,1051390.0,208858340.77,2.97,USD,,,,equity,web_csv
2026-07-02,COPX,2099 HK,CHINA GOLD INTERNATIONAL RES,CA16890P1036,B60FNV8,9865200.0,171695573.73,2.44,USD,,,,equity,web_csv
2026-07-02,COPX,358 HK,JIANGXI COPPER CO LTD-H,CNE1000003K3,6000305,41947201.0,163553944.19,2.33,USD,,,,equity,web_csv
2026-07-02,COPX,1208 HK,MMG LTD,HK1208013172,6728793,163892960.0,144188274.06,2.05,USD,,,,equity,web_csv
2026-07-02,COPX,5711 JP,MITSUBISHI MATERIALS CORP,JP3903000002,6597089,5134209.0,141932369.64,2.02,USD,,,,equity,web_csv
2026-07-02,COPX,ERO CN,ERO COPPER CORP,CA2960061091,BF02Z72,4066326.0,106091782.96,1.51,USD,,,,equity,web_csv
2026-07-02,COPX,NGEX CN,NGEX MINERALS LTD,CA62930A1021,BVBCQW5,5761429.0,104003513.31,1.48,USD,,,,equity,web_csv
2026-07-02,COPX,TGB,TREKOR METALS LTD,CA89472Y1079,BRSCTS7,14867919.0,103034678.67,1.47,USD,,,,equity,web_csv
2026-07-02,COPX,ALS CN,ALTIUS MINERALS CORPORATION,CA0209361009,2122355,1922282.0,87035734.74,1.24,USD,,,,equity,web_csv
2026-07-02,COPX,1258 HK,CHINA NONFERROUS MINING CORP,HK0000112026,B890GY2,53724300.0,77953134.22,1.11,USD,,,,equity,web_csv
2026-07-02,COPX,ATYM LN,ATALAYA MINING COPPER SA,CY0106002112,BYZTVM8,4927369.0,52683804.95,0.75,USD,,,,equity,web_csv
2026-07-02,COPX,3939 HK,WANGUO GOLD GROUP LTD,KYG9430L1150,BV106D0,48646960.0,51357821.84,0.73,USD,,,,equity,web_csv
2026-07-02,COPX,IE,IVANHOE ELECTRIC INC / US,US46578C1080,BPF0KH6,5022301.0,47762082.51,0.68,USD,,,,equity,web_csv
2026-07-06,COPX,,OTHER PAYABLE & RECEIVABLES,CASH,,8643461.12,8643461.12,0.12,USD,,,,cash,web_csv
2026-07-06,COPX,,CASH,CASH,,8487584.53,8487584.53,0.12,USD,,,,cash,web_csv
2026-07-06,COPX,,SAUDI RIYAL,,,2437984.1,649228.83,0.01,USD,,,,fx,web_csv
2026-07-06,COPX,BVR AU,BELLAVISTA RESOURCES LTD,AU0000216913,BNNFYB1,2220635.0,608523.99,0.01,USD,,,,equity,web_csv
2026-07-06,COPX,,HONG KONG DOLLAR,,,-61011.85,-7779.35,0.0,USD,,,,fx,web_csv
2026-07-06,COPX,,CANADIAN DOLLAR,,,-54326.45,-38193.51,-0.0,USD,,,,fx,web_csv
2026-07-06,COPX,,JAPANESE YEN,,,-18239780.0,-112331.21,-0.0,USD,,,,fx,web_csv
2026-07-06,COPX,TECK/B CN,TECK RESOURCES LTD-CLS B,CA8787422044,2879327,6456961.0,396478468.6,5.54,USD,,,,equity,web_csv
2026-07-06,COPX,HBM CN,HUDBAY MINERALS INC,CA4436281022,B05BDX1,16748085.0,390443263.92,5.46,USD,,,,equity,web_csv
2026-07-06,COPX,BHP AU,BHP GROUP LTD,AU000000BHP4,6144690,9334243.0,388667766.16,5.43,USD,,,,equity,web_csv
2026-07-06,COPX,ANTO LN,ANTOFAGASTA PLC,GB0000456144,0045614,7324524.0,382025727.53,5.34,USD,,,,equity,web_csv
2026-07-06,COPX,KGH PW,KGHM POLSKA MIEDZ SA,PLKGHM000017,5263251,4169268.0,364437970.95,5.09,USD,,,,equity,web_csv
2026-07-06,COPX,FM CN,FIRST QUANTUM MINERALS LTD,CA3359341052,2347608,13110595.0,357536543.9,5.0,USD,,,,equity,web_csv
2026-07-06,COPX,SCCO,SOUTHERN COPPER CORP,US84265V1052,2823777,2003331.0,348319160.97,4.87,USD,,,,equity,web_csv
2026-07-06,COPX,BOL SS,BOLIDEN AB,SE0020050417,BPYTZ57,6278932.0,345910139.84,4.83,USD,,,,equity,web_csv
2026-07-06,COPX,GLEN LN,GLENCORE PLC,JE00B4T3BW64,B4T3BW6,49555218.0,341531888.45,4.77,USD,,,,equity,web_csv
2026-07-06,COPX,FCX,FREEPORT-MCMORAN INC,US35671D8570,2352118,5468634.0,333586674.0,4.66,USD,,,,equity,web_csv
2026-07-06,COPX,2899 HK,ZIJIN MINING GROUP CO LTD-H,CNE100000502,6725299,77260035.0,307353635.44,4.29,USD,,,,equity,web_csv
2026-07-06,COPX,LUN CN,LUNDIN MINING CORP,CA5503721063,2866857,12487298.0,305510384.14,4.27,USD,,,,equity,web_csv
2026-07-06,COPX,5713 JP,SUMITOMO METAL MINING CO LTD,JP3402600005,6858849,5396460.0,263350571.45,3.68,USD,,,,equity,web_csv
2026-07-06,COPX,SFR AU,SANDFIRE RESOURCES LTD,AU000000SFR8,6739739,19174766.0,256472339.11,3.58,USD,,,,equity,web_csv
2026-07-06,COPX,CS CN,CAPSTONE COPPER CORP,CA14071L1085,BMY5XY9,27188133.0,250588036.86,3.5,USD,,,,equity,web_csv
2026-07-06,COPX,IVN CN,IVANHOE MINES LTD-CL A,CA46579R1047,BD73C40,32463249.0,241237726.33,3.37,USD,,,,equity,web_csv
2026-07-06,COPX,NDA GR,AURUBIS AG,DE0006766504,5485527,1049895.0,215529052.92,3.01,USD,,,,equity,web_csv
2026-07-06,COPX,2099 HK,CHINA GOLD INTERNATIONAL RES,CA16890P1036,B60FNV8,9850900.0,183633597.69,2.57,USD,,,,equity,web_csv
2026-07-06,COPX,358 HK,JIANGXI COPPER CO LTD-H,CNE1000003K3,6000305,41887401.0,167062516.36,2.33,USD,,,,equity,web_csv
2026-07-06,COPX,1208 HK,MMG LTD,HK1208013172,6728793,163660260.0,151081282.5,2.11,USD,,,,equity,web_csv
2026-07-06,COPX,5711 JP,MITSUBISHI MATERIALS CORP,JP3903000002,6597089,5126903.0,146063453.6,2.04,USD,,,,equity,web_csv
2026-07-06,COPX,ERO CN,ERO COPPER CORP,CA2960061091,BF02Z72,4060541.0,106937476.0,1.49,USD,,,,equity,web_csv
2026-07-06,COPX,NGEX CN,NGEX MINERALS LTD,CA62930A1021,BVBCQW5,5753226.0,106295542.24,1.49,USD,,,,equity,web_csv
2026-07-06,COPX,TGB,TREKOR METALS LTD,CA89472Y1079,BRSCTS7,14846755.0,103481882.35,1.45,USD,,,,equity,web_csv
2026-07-06,COPX,ALS CN,ALTIUS MINERALS CORPORATION,CA0209361009,2122355,1919552.0,85991179.3,1.2,USD,,,,equity,web_csv
2026-07-06,COPX,1258 HK,CHINA NONFERROUS MINING CORP,HK0000112026,B890GY2,53647600.0,85983364.61,1.2,USD,,,,equity,web_csv
2026-07-06,COPX,3939 HK,WANGUO GOLD GROUP LTD,KYG9430L1150,BV106D0,48578060.0,58842705.41,0.82,USD,,,,equity,web_csv
2026-07-06,COPX,ATYM LN,ATALAYA MINING COPPER SA,CY0106002112,BYZTVM8,4920349.0,53889223.72,0.75,USD,,,,equity,web_csv
2026-07-06,COPX,IE,IVANHOE ELECTRIC INC / US,US46578C1080,BPF0KH6,5015151.0,47694086.01,0.67,USD,,,,equity,web_csv
2026-07-06,COPX,DVP AU,DEVELOP GLOBAL LTD,AU0000179707,BNVQGB0,10619209.0,46559968.42,0.65,USD,,,,equity,web_csv
2026-07-06,COPX,NDM CN,NORTHERN DYNASTY MINERALS,CA66510M2040,2637848,22484711.0,41890104.15,0.58,USD,,,,equity,web_csv
2026-07-06,COPX,FFM AU,FIREFLY METALS LTD,AU0000313769,BPDXXB2,30542131.0,41105931.67,0.57,USD,,,,equity,web_csv
2026-07-06,COPX,AMAK AB,AL MASANE AL KOBRA MINING CO,SA15HG50KL10,BNNVLT6,2170426.0,40169526.79,0.56,USD,,,,equity,web_csv
2026-07-06,COPX,FDY CN,FARADAY COPPER CORP,CA3073571034,BLNNJN8,8934858.0,38443005.46,0.54,USD,,,,equity,web_csv
2026-07-06,COPX,SLS CN,SOLARIS RESOURCES INC,CA83419D2014,BMQ5701,3826048.0,32009259.84,0.45,USD,,,,equity,web_csv
2026-07-06,COPX,OM CN,OSISKO METALS INC,CA6882741094,BYW9WY0,24536836.0,31568060.94,0.44,USD,,,,equity,web_csv
2026-07-06,COPX,1515 JP,NITTETSU MINING CO LTD,JP3680800004,6641027,1731890.0,27422258.29,0.38,USD,,,,equity,web_csv
2026-07-06,COPX,CNL CN,COLLECTIVE MINING LTD,CA19425C1005,BN79Z49,1944455.0,26274202.12,0.37,USD,,,,equity,web_csv
2026-07-06,COPX,ARG CN,AMERIGO RESOURCES LTD,CA03074G1090,2855822,5722593.0,26271465.33,0.37,USD,,,,equity,web_csv
2026-07-07,COPX,,CASH,CASH,,4936973.4,4936973.4,0.07,USD,,,,cash,web_csv
2026-07-07,COPX,BVR AU,BELLAVISTA RESOURCES LTD,AU0000216913,BNNFYB1,2220635.0,608874.59,0.01,USD,,,,equity,web_csv
2026-07-07,COPX,,SAUDI RIYAL,,,214602.45,57161.77,0.0,USD,,,,fx,web_csv
2026-07-07,COPX,,HONG KONG DOLLAR,,,-61011.85,-7779.64,0.0,USD,,,,fx,web_csv
2026-07-07,COPX,,CANADIAN DOLLAR,,,-54326.45,-38270.19,-0.0,USD,,,,fx,web_csv
2026-07-07,COPX,,JAPANESE YEN,,,-18239780.0,-112643.38,-0.0,USD,,,,fx,web_csv
2026-07-07,COPX,IE,IVANHOE ELECTRIC INC / US,US46578C1080,BPF0KH6,5015151.0,45838480.14,0.67,USD,,,,equity,web_csv
2026-07-07,COPX,DVP AU,DEVELOP GLOBAL LTD,AU0000179707,BNVQGB0,10619209.0,44375395.27,0.65,USD,,,,equity,web_csv
2026-07-07,COPX,AMAK AB,AL MASANE AL KOBRA MINING CO,SA15HG50KL10,BNNVLT6,2170426.0,40005721.23,0.58,USD,,,,equity,web_csv
2026-07-07,COPX,FFM AU,FIREFLY METALS LTD,AU0000313769,BPDXXB2,30542131.0,38479510.6,0.56,USD,,,,equity,web_csv
2026-07-07,COPX,NDM CN,NORTHERN DYNASTY MINERALS,CA66510M2040,2637848,22484711.0,37380802.34,0.54,USD,,,,equity,web_csv
2026-07-07,COPX,FDY CN,FARADAY COPPER CORP,CA3073571034,BLNNJN8,8934858.0,36191351.84,0.53,USD,,,,equity,web_csv
2026-07-07,COPX,SLS CN,SOLARIS RESOURCES INC,CA83419D2014,BMQ5701,3826048.0,30645039.46,0.45,USD,,,,equity,web_csv
2026-07-07,COPX,OM CN,OSISKO METALS INC,CA6882741094,BYW9WY0,24536836.0,29557246.7,0.43,USD,,,,equity,web_csv
2026-07-07,COPX,1515 JP,NITTETSU MINING CO LTD,JP3680800004,6641027,1731890.0,26172208.31,0.38,USD,,,,equity,web_csv
2026-07-07,COPX,ARG CN,AMERIGO RESOURCES LTD,CA03074G1090,2855822,5722593.0,25477642.75,0.37,USD,,,,equity,web_csv
2026-07-07,COPX,CNL CN,COLLECTIVE MINING LTD,CA19425C1005,BN79Z49,1944455.0,24436671.62,0.36,USD,,,,equity,web_csv
2026-07-07,COPX,,OTHER PAYABLE & RECEIVABLES,CASH,,12667763.48,12667763.48,0.18,USD,,,,cash,web_csv
2026-07-07,COPX,BHP AU,BHP GROUP LTD,AU000000BHP4,6144690,9334243.0,381440421.36,5.55,USD,,,,equity,web_csv
2026-07-07,COPX,TECK/B CN,TECK RESOURCES LTD-CLS B,CA8787422044,2879327,6456961.0,377124184.78,5.49,USD,,,,equity,web_csv
2026-07-07,COPX,ANTO LN,ANTOFAGASTA PLC,GB0000456144,0045614,7324524.0,369259261.07,5.37,USD,,,,equity,web_csv
2026-07-07,COPX,HBM CN,HUDBAY MINERALS INC,CA4436281022,B05BDX1,16748085.0,360787882.99,5.25,USD,,,,equity,web_csv
2026-07-07,COPX,KGH PW,KGHM POLSKA MIEDZ SA,PLKGHM000017,5263251,4169268.0,353777913.67,5.15,USD,,,,equity,web_csv
2026-07-07,COPX,BOL SS,BOLIDEN AB,SE0020050417,BPYTZ57,6278932.0,342396275.34,4.98,USD,,,,equity,web_csv
2026-07-07,COPX,SCCO,SOUTHERN COPPER CORP,US84265V1052,2823777,2003331.0,340065437.25,4.95,USD,,,,equity,web_csv
2026-07-07,COPX,FM CN,FIRST QUANTUM MINERALS LTD,CA3359341052,2347608,13110595.0,338397520.9,4.92,USD,,,,equity,web_csv
2026-07-07,COPX,GLEN LN,GLENCORE PLC,JE00B4T3BW64,B4T3BW6,49555218.0,337148664.76,4.91,USD,,,,equity,web_csv
2026-07-07,COPX,FCX,FREEPORT-MCMORAN INC,US35671D8570,2352118,5468634.0,324454055.22,4.72,USD,,,,equity,web_csv
2026-07-07,COPX,2899 HK,ZIJIN MINING GROUP CO LTD-H,CNE100000502,6725299,77260035.0,297513937.77,4.33,USD,,,,equity,web_csv
2026-07-07,COPX,LUN CN,LUNDIN MINING CORP,CA5503721063,2866857,12487298.0,292576895.13,4.26,USD,,,,equity,web_csv
2026-07-07,COPX,5713 JP,SUMITOMO METAL MINING CO LTD,JP3402600005,6858849,5396460.0,248685406.95,3.62,USD,,,,equity,web_csv
2026-07-07,COPX,SFR AU,SANDFIRE RESOURCES LTD,AU000000SFR8,6739739,19174766.0,246371272.35,3.58,USD,,,,equity,web_csv
2026-07-07,COPX,CS CN,CAPSTONE COPPER CORP,CA14071L1085,BMY5XY9,27188133.0,236152076.28,3.44,USD,,,,equity,web_csv
2026-07-07,COPX,IVN CN,IVANHOE MINES LTD-CL A,CA46579R1047,BD73C40,32463249.0,229601648.38,3.34,USD,,,,equity,web_csv
2026-07-07,COPX,NDA GR,AURUBIS AG,DE0006766504,5485527,1049895.0,206228946.29,3.0,USD,,,,equity,web_csv
2026-07-07,COPX,2099 HK,CHINA GOLD INTERNATIONAL RES,CA16890P1036,B60FNV8,9850900.0,175601634.68,2.56,USD,,,,equity,web_csv
2026-07-07,COPX,358 HK,JIANGXI COPPER CO LTD-H,CNE1000003K3,6000305,41887401.0,162902866.5,2.37,USD,,,,equity,web_csv
2026-07-07,COPX,1208 HK,MMG LTD,HK1208013172,6728793,163660260.0,146496018.51,2.13,USD,,,,equity,web_csv
2026-07-07,COPX,5711 JP,MITSUBISHI MATERIALS CORP,JP3903000002,6597089,5126903.0,138015563.85,2.01,USD,,,,equity,web_csv
2026-07-07,COPX,ERO CN,ERO COPPER CORP,CA2960061091,BF02Z72,4060541.0,101116638.62,1.47,USD,,,,equity,web_csv
2026-07-07,COPX,NGEX CN,NGEX MINERALS LTD,CA62930A1021,BVBCQW5,5753226.0,99497515.62,1.45,USD,,,,equity,web_csv
2026-07-07,COPX,TGB,TREKOR METALS LTD,CA89472Y1079,BRSCTS7,14846755.0,96949310.15,1.41,USD,,,,equity,web_csv
2026-07-07,COPX,ALS CN,ALTIUS MINERALS CORPORATION,CA0209361009,2122355,1919552.0,82904957.99,1.21,USD,,,,equity,web_csv
2026-07-07,COPX,1258 HK,CHINA NONFERROUS MINING CORP,HK0000112026,B890GY2,53647600.0,82019091.36,1.19,USD,,,,equity,web_csv
2026-07-07,COPX,3939 HK,WANGUO GOLD GROUP LTD,KYG9430L1150,BV106D0,48578060.0,56181447.78,0.82,USD,,,,equity,web_csv
2026-07-07,COPX,ATYM LN,ATALAYA MINING COPPER SA,CY0106002112,BYZTVM8,4920349.0,51908526.6,0.76,USD,,,,equity,web_csv
2026-07-08,COPX,BVR AU,BELLAVISTA RESOURCES LTD,AU0000216913,BNNFYB1,2220635.0,591452.42,0.01,USD,,,,equity,web_csv
2026-07-08,COPX,,SAUDI RIYAL,,,214602.45,57149.6,0.0,USD,,,,fx,web_csv
2026-07-08,COPX,,HONG KONG DOLLAR,,,-61011.85,-7782.42,0.0,USD,,,,fx,web_csv
2026-07-08,COPX,,CANADIAN DOLLAR,,,-54326.45,-38322.83,-0.0,USD,,,,fx,web_csv
2026-07-08,COPX,,JAPANESE YEN,,,-18239780.0,-112158.52,-0.0,USD,,,,fx,web_csv
2026-07-08,COPX,IE,IVANHOE ELECTRIC INC / US,US46578C1080,BPF0KH6,5015151.0,44484389.37,0.67,USD,,,,equity,web_csv
2026-07-08,COPX,DVP AU,DEVELOP GLOBAL LTD,AU0000179707,BNVQGB0,10619209.0,43123318.46,0.65,USD,,,,equity,web_csv
2026-07-08,COPX,AMAK AB,AL MASANE AL KOBRA MINING CO,SA15HG50KL10,BNNVLT6,2170426.0,39823800.01,0.6,USD,,,,equity,web_csv
2026-07-08,COPX,FFM AU,FIREFLY METALS LTD,AU0000313769,BPDXXB2,30542131.0,36975945.52,0.55,USD,,,,equity,web_csv
2026-07-08,COPX,NDM CN,NORTHERN DYNASTY MINERALS,CA66510M2040,2637848,22484711.0,36321944.26,0.54,USD,,,,equity,web_csv
2026-07-08,COPX,FDY CN,FARADAY COPPER CORP,CA3073571034,BLNNJN8,8934858.0,34917546.08,0.52,USD,,,,equity,web_csv
2026-07-08,COPX,SLS CN,SOLARIS RESOURCES INC,CA83419D2014,BMQ5701,3826048.0,29688577.88,0.45,USD,,,,equity,web_csv
2026-07-08,COPX,OM CN,OSISKO METALS INC,CA6882741094,BYW9WY0,24536836.0,28905555.95,0.43,USD,,,,equity,web_csv
2026-07-08,COPX,ARG CN,AMERIGO RESOURCES LTD,CA03074G1090,2855822,5722593.0,26239316.1,0.39,USD,,,,equity,web_csv
2026-07-08,COPX,1515 JP,NITTETSU MINING CO LTD,JP3680800004,6641027,1731890.0,25292782.48,0.38,USD,,,,equity,web_csv
2026-07-08,COPX,CNL CN,COLLECTIVE MINING LTD,CA19425C1005,BN79Z49,1944455.0,23084916.51,0.35,USD,,,,equity,web_csv
2026-07-08,COPX,,OTHER PAYABLE & RECEIVABLES,CASH,,12541563.05,12541563.05,0.19,USD,,,,cash,web_csv
2026-07-08,COPX,BHP AU,BHP GROUP LTD,AU000000BHP4,6144690,9334243.0,371367910.71,5.56,USD,,,,equity,web_csv
2026-07-08,COPX,TECK/B CN,TECK RESOURCES LTD-CLS B,CA8787422044,2879327,6456961.0,362338633.99,5.43,USD,,,,equity,web_csv
2026-07-08,COPX,ANTO LN,ANTOFAGASTA PLC,GB0000456144,0045614,7324524.0,345433585.8,5.17,USD,,,,equity,web_csv
2026-07-08,COPX,HBM CN,HUDBAY MINERALS INC,CA4436281022,B05BDX1,16748085.0,344744018.27,5.16,USD,,,,equity,web_csv
2026-07-08,COPX,FM CN,FIRST QUANTUM MINERALS LTD,CA3359341052,2347608,13110595.0,343117292.96,5.14,USD,,,,equity,web_csv
2026-07-08,COPX,SCCO,SOUTHERN COPPER CORP,US84265V1052,2823777,2003331.0,334976976.51,5.02,USD,,,,equity,web_csv
2026-07-08,COPX,KGH PW,KGHM POLSKA MIEDZ SA,PLKGHM000017,5263251,4169268.0,328439973.96,4.92,USD,,,,equity,web_csv
2026-07-08,COPX,GLEN LN,GLENCORE PLC,JE00B4T3BW64,B4T3BW6,49555218.0,325117905.91,4.87,USD,,,,equity,web_csv
2026-07-08,COPX,BOL SS,BOLIDEN AB,SE0020050417,BPYTZ57,6278932.0,323000499.79,4.84,USD,,,,equity,web_csv
2026-07-08,COPX,FCX,FREEPORT-MCMORAN INC,US35671D8570,2352118,5468634.0,314446455.0,4.71,USD,,,,equity,web_csv
2026-07-08,COPX,2899 HK,ZIJIN MINING GROUP CO LTD-H,CNE100000502,6725299,77260035.0,293086909.05,4.39,USD,,,,equity,web_csv
2026-07-08,COPX,LUN CN,LUNDIN MINING CORP,CA5503721063,2866857,12487298.0,283994418.4,4.25,USD,,,,equity,web_csv
2026-07-08,COPX,SFR AU,SANDFIRE RESOURCES LTD,AU000000SFR8,6739739,19174766.0,242486836.72,3.63,USD,,,,equity,web_csv
2026-07-08,COPX,5713 JP,SUMITOMO METAL MINING CO LTD,JP3402600005,6858849,5396460.0,242405167.1,3.63,USD,,,,equity,web_csv
2026-07-08,COPX,IVN CN,IVANHOE MINES LTD-CL A,CA46579R1047,BD73C40,32463249.0,232436496.44,3.48,USD,,,,equity,web_csv
2026-07-08,COPX,CS CN,CAPSTONE COPPER CORP,CA14071L1085,BMY5XY9,27188133.0,229764272.95,3.44,USD,,,,equity,web_csv
2026-07-08,COPX,NDA GR,AURUBIS AG,DE0006766504,5485527,1049895.0,195451849.65,2.93,USD,,,,equity,web_csv
2026-07-08,COPX,2099 HK,CHINA GOLD INTERNATIONAL RES,CA16890P1036,B60FNV8,9850900.0,177674816.64,2.66,USD,,,,equity,web_csv
2026-07-08,COPX,358 HK,JIANGXI COPPER CO LTD-H,CNE1000003K3,6000305,41887401.0,157938642.24,2.37,USD,,,,equity,web_csv
2026-07-08,COPX,1208 HK,MMG LTD,HK1208013172,6728793,163660260.0,146757098.84,2.2,USD,,,,equity,web_csv
2026-07-08,COPX,5711 JP,MITSUBISHI MATERIALS CORP,JP3903000002,6597089,5126903.0,134111270.48,2.01,USD,,,,equity,web_csv
2026-07-08,COPX,NGEX CN,NGEX MINERALS LTD,CA62930A1021,BVBCQW5,5753226.0,98092178.63,1.47,USD,,,,equity,web_csv
2026-07-08,COPX,ERO CN,ERO COPPER CORP,CA2960061091,BF02Z72,4060541.0,96758658.99,1.45,USD,,,,equity,web_csv
2026-07-08,COPX,TGB,TREKOR METALS LTD,CA89472Y1079,BRSCTS7,14846755.0,96058504.85,1.44,USD,,,,equity,web_csv
2026-07-08,COPX,ALS CN,ALTIUS MINERALS CORPORATION,CA0209361009,2122355,1919552.0,82247170.2,1.23,USD,,,,equity,web_csv
2026-07-08,COPX,1258 HK,CHINA NONFERROUS MINING CORP,HK0000112026,B890GY2,53647600.0,81432508.9,1.22,USD,,,,equity,web_csv
2026-07-08,COPX,3939 HK,WANGUO GOLD GROUP LTD,KYG9430L1150,BV106D0,48578060.0,56821155.17,0.85,USD,,,,equity,web_csv
2026-07-08,COPX,ATYM LN,ATALAYA MINING COPPER SA,CY0106002112,BYZTVM8,4920349.0,48686361.89,0.73,USD,,,,equity,web_csv
2026-07-08,COPX,,CASH,CASH,,4936973.21,4936973.21,0.07,USD,,,,cash,web_csv
2026-07-09,COPX,BVR AU,BELLAVISTA RESOURCES LTD,AU0000216913,BNNFYB1,2220635.0,570092.87,0.01,USD,,,,equity,web_csv
2026-07-09,COPX,,SAUDI RIYAL,,,214602.45,57163.3,0.0,USD,,,,fx,web_csv
2026-07-09,COPX,,HONG KONG DOLLAR,,,-61011.85,-7785.1,0.0,USD,,,,fx,web_csv
2026-07-09,COPX,,CANADIAN DOLLAR,,,-54326.45,-38332.3,-0.0,USD,,,,fx,web_csv
2026-07-09,COPX,,JAPANESE YEN,,,-18239780.0,-112331.21,-0.0,USD,,,,fx,web_csv
2026-07-09,COPX,TECK/B CN,TECK RESOURCES LTD-CLS B,CA8787422044,2879327,6456961.0,382702221.91,5.57,USD,,,,equity,web_csv
2026-07-09,COPX,BHP AU,BHP GROUP LTD,AU000000BHP4,6144690,9334243.0,368323168.0,5.36,USD,,,,equity,web_csv
2026-07-09,COPX,ANTO LN,ANTOFAGASTA PLC,GB0000456144,0045614,7324524.0,364490065.94,5.3,USD,,,,equity,web_csv
2026-07-09,COPX,FM CN,FIRST QUANTUM MINERALS LTD,CA3359341052,2347608,13110595.0,361795992.56,5.26,USD,,,,equity,web_csv
2026-07-09,COPX,HBM CN,HUDBAY MINERALS INC,CA4436281022,B05BDX1,16748085.0,361018872.29,5.25,USD,,,,equity,web_csv
2026-07-09,COPX,SCCO,SOUTHERN COPPER CORP,US84265V1052,2823777,2003331.0,349441026.33,5.08,USD,,,,equity,web_csv
2026-07-09,COPX,GLEN LN,GLENCORE PLC,JE00B4T3BW64,B4T3BW6,49555218.0,339375666.03,4.93,USD,,,,equity,web_csv
2026-07-09,COPX,BOL SS,BOLIDEN AB,SE0020050417,BPYTZ57,6278932.0,339134832.69,4.93,USD,,,,equity,web_csv
2026-07-09,COPX,KGH PW,KGHM POLSKA MIEDZ SA,PLKGHM000017,5263251,4169268.0,335635026.84,4.88,USD,,,,equity,web_csv
2026-07-09,COPX,FCX,FREEPORT-MCMORAN INC,US35671D8570,2352118,5468634.0,331016416.02,4.81,USD,,,,equity,web_csv
2026-07-09,COPX,LUN CN,LUNDIN MINING CORP,CA5503721063,2866857,12487298.0,303889157.18,4.42,USD,,,,equity,web_csv
2026-07-09,COPX,2899 HK,ZIJIN MINING GROUP CO LTD-H,CNE100000502,6725299,77260035.0,290033205.27,4.22,USD,,,,equity,web_csv
2026-07-09,COPX,IVN CN,IVANHOE MINES LTD-CL A,CA46579R1047,BD73C40,32463249.0,243717741.65,3.54,USD,,,,equity,web_csv
2026-07-09,COPX,SFR AU,SANDFIRE RESOURCES LTD,AU000000SFR8,6739739,19174766.0,241475685.98,3.51,USD,,,,equity,web_csv
2026-07-09,COPX,CS CN,CAPSTONE COPPER CORP,CA14071L1085,BMY5XY9,27188133.0,240947574.87,3.5,USD,,,,equity,web_csv
2026-07-09,COPX,5713 JP,SUMITOMO METAL MINING CO LTD,JP3402600005,6858849,5396460.0,238956412.01,3.48,USD,,,,equity,web_csv
2026-07-09,COPX,NDA GR,AURUBIS AG,DE0006766504,5485527,1049895.0,202729239.17,2.95,USD,,,,equity,web_csv
2026-07-09,COPX,2099 HK,CHINA GOLD INTERNATIONAL RES,CA16890P1036,B60FNV8,9850900.0,172205346.43,2.5,USD,,,,equity,web_csv
2026-07-09,COPX,358 HK,JIANGXI COPPER CO LTD-H,CNE1000003K3,6000305,41887401.0,160986157.73,2.34,USD,,,,equity,web_csv
2026-07-09,COPX,1208 HK,MMG LTD,HK1208013172,6728793,163660260.0,145137017.61,2.11,USD,,,,equity,web_csv
2026-07-09,COPX,5711 JP,MITSUBISHI MATERIALS CORP,JP3903000002,6597089,5126903.0,125034863.0,1.82,USD,,,,equity,web_csv
2026-07-09,COPX,NGEX CN,NGEX MINERALS LTD,CA62930A1021,BVBCQW5,5753226.0,104205546.95,1.51,USD,,,,equity,web_csv
2026-07-09,COPX,TGB,TREKOR METALS LTD,CA89472Y1079,BRSCTS7,14846755.0,103927285.0,1.51,USD,,,,equity,web_csv
2026-07-09,COPX,ERO CN,ERO COPPER CORP,CA2960061091,BF02Z72,4060541.0,101595896.18,1.48,USD,,,,equity,web_csv
2026-07-09,COPX,ALS CN,ALTIUS MINERALS CORPORATION,CA0209361009,2122355,1919552.0,84285567.8,1.23,USD,,,,equity,web_csv
2026-07-09,COPX,1258 HK,CHINA NONFERROUS MINING CORP,HK0000112026,B890GY2,53647600.0,81186746.97,1.18,USD,,,,equity,web_csv
2026-07-09,COPX,3939 HK,WANGUO GOLD GROUP LTD,KYG9430L1150,BV106D0,48578060.0,55663006.1,0.81,USD,,,,equity,web_csv
2026-07-09,COPX,ATYM LN,ATALAYA MINING COPPER SA,CY0106002112,BYZTVM8,4920349.0,50933789.23,0.74,USD,,,,equity,web_csv
2026-07-09,COPX,IE,IVANHOE ELECTRIC INC / US,US46578C1080,BPF0KH6,5015151.0,45387116.55,0.66,USD,,,,equity,web_csv
2026-07-09,COPX,DVP AU,DEVELOP GLOBAL LTD,AU0000179707,BNVQGB0,10619209.0,42440584.67,0.62,USD,,,,equity,web_csv
2026-07-09,COPX,AMAK AB,AL MASANE AL KOBRA MINING CO,SA15HG50KL10,BNNVLT6,2170426.0,39313027.54,0.57,USD,,,,equity,web_csv
2026-07-09,COPX,NDM CN,NORTHERN DYNASTY MINERALS,CA66510M2040,2637848,22484711.0,39186619.28,0.57,USD,,,,equity,web_csv
2026-07-09,COPX,FFM AU,FIREFLY METALS LTD,AU0000313769,BPDXXB2,30542131.0,36873578.78,0.54,USD,,,,equity,web_csv
2026-07-09,COPX,FDY CN,FARADAY COPPER CORP,CA3073571034,BLNNJN8,8934858.0,36502259.88,0.53,USD,,,,equity,web_csv
2026-07-09,COPX,SLS CN,SOLARIS RESOURCES INC,CA83419D2014,BMQ5701,3826048.0,31315686.58,0.46,USD,,,,equity,web_csv
2026-07-09,COPX,OM CN,OSISKO METALS INC,CA6882741094,BYW9WY0,24536836.0,30470863.55,0.44,USD,,,,equity,web_csv
2026-07-09,COPX,ARG CN,AMERIGO RESOURCES LTD,CA03074G1090,2855822,5722593.0,27739787.55,0.4,USD,,,,equity,web_csv
2026-07-09,COPX,1515 JP,NITTETSU MINING CO LTD,JP3680800004,6641027,1731890.0,25001078.74,0.36,USD,,,,equity,web_csv
2026-07-09,COPX,CNL CN,COLLECTIVE MINING LTD,CA19425C1005,BN79Z49,1944455.0,24819326.83,0.36,USD,,,,equity,web_csv
2026-07-09,COPX,,OTHER PAYABLE & RECEIVABLES,CASH,,13798132.63,13798132.63,0.2,USD,,,,cash,web_csv
2026-07-09,COPX,,CASH,CASH,,3568894.36,3568894.36,0.05,USD,,,,cash,web_csv
2026-07-10,COPX,IE,IVANHOE ELECTRIC INC / US,US46578C1080,BPF0KH6,5015151.0,45788328.63,0.66,USD,,,,equity,web_csv
2026-07-10,COPX,DVP AU,DEVELOP GLOBAL LTD,AU0000179707,BNVQGB0,10619209.0,44474732.44,0.64,USD,,,,equity,web_csv
2026-07-10,COPX,AMAK AB,AL MASANE AL KOBRA MINING CO,SA15HG50KL10,BNNVLT6,2170426.0,39309886.27,0.56,USD,,,,equity,web_csv
2026-07-10,COPX,FFM AU,FIREFLY METALS LTD,AU0000313769,BPDXXB2,30542131.0,38183497.34,0.55,USD,,,,equity,web_csv
2026-07-10,COPX,NDM CN,NORTHERN DYNASTY MINERALS,CA66510M2040,2637848,22484711.0,38135264.76,0.55,USD,,,,equity,web_csv
2026-07-10,COPX,FDY CN,FARADAY COPPER CORP,CA3073571034,BLNNJN8,8934858.0,37569276.77,0.54,USD,,,,equity,web_csv
2026-07-10,COPX,OM CN,OSISKO METALS INC,CA6882741094,BYW9WY0,24536836.0,30865035.21,0.44,USD,,,,equity,web_csv
2026-07-10,COPX,SLS CN,SOLARIS RESOURCES INC,CA83419D2014,BMQ5701,3826048.0,30688417.23,0.44,USD,,,,equity,web_csv
2026-07-10,COPX,ARG CN,AMERIGO RESOURCES LTD,CA03074G1090,2855822,5722593.0,27540269.48,0.4,USD,,,,equity,web_csv
2026-07-10,COPX,1515 JP,NITTETSU MINING CO LTD,JP3680800004,6641027,1731890.0,25867314.26,0.37,USD,,,,equity,web_csv
2026-07-10,COPX,CNL CN,COLLECTIVE MINING LTD,CA19425C1005,BN79Z49,1944455.0,24638053.89,0.35,USD,,,,equity,web_csv
2026-07-10,COPX,,OTHER PAYABLE & RECEIVABLES,CASH,,15508231.8,15508231.8,0.22,USD,,,,cash,web_csv
2026-07-10,COPX,,CASH,CASH,,2414542.63,2414542.63,0.04,USD,,,,cash,web_csv
2026-07-10,COPX,BVR AU,BELLAVISTA RESOURCES LTD,AU0000216913,BNNFYB1,2220635.0,616937.31,0.01,USD,,,,equity,web_csv
2026-07-10,COPX,,HONG KONG DOLLAR,,,-61011.78,-7782.02,0.0,USD,,,,fx,web_csv
2026-07-10,COPX,,CANADIAN DOLLAR,,,-54326.45,-38391.89,-0.0,USD,,,,fx,web_csv
2026-07-10,COPX,,JAPANESE YEN,,,-18239780.0,-112712.99,-0.0,USD,,,,fx,web_csv
2026-07-10,COPX,TECK/B CN,TECK RESOURCES LTD-CLS B,CA8787422044,2879327,6456961.0,386628250.26,5.54,USD,,,,equity,web_csv
2026-07-10,COPX,BHP AU,BHP GROUP LTD,AU000000BHP4,6144690,9334243.0,377835281.81,5.42,USD,,,,equity,web_csv
2026-07-10,COPX,ANTO LN,ANTOFAGASTA PLC,GB0000456144,0045614,7324524.0,371083285.35,5.32,USD,,,,equity,web_csv
2026-07-10,COPX,FM CN,FIRST QUANTUM MINERALS LTD,CA3359341052,2347608,13110595.0,363748248.97,5.21,USD,,,,equity,web_csv
2026-07-10,COPX,HBM CN,HUDBAY MINERALS INC,CA4436281022,B05BDX1,16748085.0,362527008.62,5.2,USD,,,,equity,web_csv
2026-07-10,COPX,SCCO,SOUTHERN COPPER CORP,US84265V1052,2823777,2003331.0,352245689.73,5.05,USD,,,,equity,web_csv
2026-07-10,COPX,KGH PW,KGHM POLSKA MIEDZ SA,PLKGHM000017,5263251,4169268.0,339468262.49,4.87,USD,,,,equity,web_csv
2026-07-10,COPX,GLEN LN,GLENCORE PLC,JE00B4T3BW64,B4T3BW6,49555218.0,339246339.58,4.86,USD,,,,equity,web_csv
2026-07-10,COPX,BOL SS,BOLIDEN AB,SE0020050417,BPYTZ57,6278932.0,338199399.23,4.85,USD,,,,equity,web_csv
2026-07-10,COPX,FCX,FREEPORT-MCMORAN INC,US35671D8570,2352118,5468634.0,336430363.68,4.82,USD,,,,equity,web_csv
2026-07-10,COPX,LUN CN,LUNDIN MINING CORP,CA5503721063,2866857,12487298.0,307626732.82,4.41,USD,,,,equity,web_csv
2026-07-10,COPX,2899 HK,ZIJIN MINING GROUP CO LTD-H,CNE100000502,6725299,77260035.0,295634118.19,4.24,USD,,,,equity,web_csv
2026-07-10,COPX,SFR AU,SANDFIRE RESOURCES LTD,AU000000SFR8,6739739,19174766.0,250775009.92,3.59,USD,,,,equity,web_csv
2026-07-10,COPX,IVN CN,IVANHOE MINES LTD-CL A,CA46579R1047,BD73C40,32463249.0,246849623.15,3.54,USD,,,,equity,web_csv
2026-07-10,COPX,CS CN,CAPSTONE COPPER CORP,CA14071L1085,BMY5XY9,27188133.0,246701973.58,3.54,USD,,,,equity,web_csv
2026-07-10,COPX,5713 JP,SUMITOMO METAL MINING CO LTD,JP3402600005,6858849,5396460.0,242603099.03,3.48,USD,,,,equity,web_csv
2026-07-10,COPX,NDA GR,AURUBIS AG,DE0006766504,5485527,1049895.0,204359124.09,2.93,USD,,,,equity,web_csv
2026-07-10,COPX,2099 HK,CHINA GOLD INTERNATIONAL RES,CA16890P1036,B60FNV8,9850900.0,174524560.91,2.5,USD,,,,equity,web_csv
2026-07-10,COPX,358 HK,JIANGXI COPPER CO LTD-H,CNE1000003K3,6000305,41887401.0,166799487.15,2.39,USD,,,,equity,web_csv
2026-07-10,COPX,1208 HK,MMG LTD,HK1208013172,6728793,163660260.0,149463331.03,2.14,USD,,,,equity,web_csv
2026-07-10,COPX,5711 JP,MITSUBISHI MATERIALS CORP,JP3903000002,6597089,5126903.0,129483408.38,1.86,USD,,,,equity,web_csv
2026-07-10,COPX,TGB,TREKOR METALS LTD,CA89472Y1079,BRSCTS7,14846755.0,108381311.5,1.55,USD,,,,equity,web_csv
2026-07-10,COPX,ERO CN,ERO COPPER CORP,CA2960061091,BF02Z72,4060541.0,103963393.82,1.49,USD,,,,equity,web_csv
2026-07-10,COPX,NGEX CN,NGEX MINERALS LTD,CA62930A1021,BVBCQW5,5753226.0,103391779.22,1.48,USD,,,,equity,web_csv
2026-07-10,COPX,ALS CN,ALTIUS MINERALS CORPORATION,CA0209361009,2122355,1919552.0,85108436.08,1.22,USD,,,,equity,web_csv
2026-07-10,COPX,1258 HK,CHINA NONFERROUS MINING CORP,HK0000112026,B890GY2,53647600.0,82112626.11,1.18,USD,,,,equity,web_csv
2026-07-10,COPX,3939 HK,WANGUO GOLD GROUP LTD,KYG9430L1150,BV106D0,48578060.0,58243359.65,0.83,USD,,,,equity,web_csv
2026-07-10,COPX,ATYM LN,ATALAYA MINING COPPER SA,CY0106002112,BYZTVM8,4920349.0,52785656.62,0.76,USD,,,,equity,web_csv
2026-07-13,COPX,,CASH,CASH,,8092466.88,8092466.88,0.12,USD,,,,cash,web_csv
2026-07-13,COPX,,OTHER PAYABLE & RECEIVABLES,CASH,,7242052.97,7242052.97,0.11,USD,,,,cash,web_csv
2026-07-13,COPX,BVR AU,BELLAVISTA RESOURCES LTD,AU0000216913,BNNFYB1,2220635.0,592904.43,0.01,USD,,,,equity,web_csv
2026-07-13,COPX,,HONG KONG DOLLAR,,,-61011.85,-7784.16,0.0,USD,,,,fx,web_csv
2026-07-13,COPX,,JAPANESE YEN,,,-18239780.0,-112334.67,-0.0,USD,,,,fx,web_csv
2026-07-13,COPX,,CANADIAN DOLLAR,,,-7924989.03,-5603074.82,-0.08,USD,,,,fx,web_csv
2026-07-13,COPX,TECK/B CN,TECK RESOURCES LTD-CLS B,CA8787422044,2879327,6475328.0,378933044.8,5.54,USD,,,,equity,web_csv
2026-07-13,COPX,BHP AU,BHP GROUP LTD,AU000000BHP4,6144690,9334243.0,377652456.81,5.52,USD,,,,equity,web_csv
2026-07-13,COPX,ANTO LN,ANTOFAGASTA PLC,GB0000456144,0045614,7324524.0,369861126.57,5.41,USD,,,,equity,web_csv
2026-07-13,COPX,HBM CN,HUDBAY MINERALS INC,CA4436281022,B05BDX1,16748085.0,350497253.96,5.12,USD,,,,equity,web_csv
2026-07-13,COPX,SCCO,SOUTHERN COPPER CORP,US84265V1052,2823777,2008234.0,350497080.02,5.12,USD,,,,equity,web_csv
2026-07-13,COPX,GLEN LN,GLENCORE PLC,JE00B4T3BW64,B4T3BW6,49555218.0,341049247.72,4.99,USD,,,,equity,web_csv
2026-07-13,COPX,KGH PW,KGHM POLSKA MIEDZ SA,PLKGHM000017,5263251,4169268.0,335626953.04,4.91,USD,,,,equity,web_csv
2026-07-13,COPX,FM CN,FIRST QUANTUM MINERALS LTD,CA3359341052,2347608,13147911.0,334368183.45,4.89,USD,,,,equity,web_csv
2026-07-13,COPX,BOL SS,BOLIDEN AB,SE0020050417,BPYTZ57,6278932.0,333504290.83,4.87,USD,,,,equity,web_csv
2026-07-13,COPX,FCX,FREEPORT-MCMORAN INC,US35671D8570,2352118,5484223.0,328888853.31,4.81,USD,,,,equity,web_csv
2026-07-13,COPX,LUN CN,LUNDIN MINING CORP,CA5503721063,2866857,12522728.0,299876129.36,4.38,USD,,,,equity,web_csv
2026-07-13,COPX,2899 HK,ZIJIN MINING GROUP CO LTD-H,CNE100000502,6725299,77260035.0,291180912.6,4.26,USD,,,,equity,web_csv
2026-07-13,COPX,SFR AU,SANDFIRE RESOURCES LTD,AU000000SFR8,6739739,19174766.0,246938475.84,3.61,USD,,,,equity,web_csv
2026-07-13,COPX,CS CN,CAPSTONE COPPER CORP,CA14071L1085,BMY5XY9,27265367.0,243275545.49,3.56,USD,,,,equity,web_csv
2026-07-13,COPX,5713 JP,SUMITOMO METAL MINING CO LTD,JP3402600005,6858849,5396460.0,237833760.92,3.48,USD,,,,equity,web_csv
2026-07-13,COPX,IVN CN,IVANHOE MINES LTD-CL A,CA46579R1047,BD73C40,32555553.0,236617000.03,3.46,USD,,,,equity,web_csv
2026-07-13,COPX,NDA GR,AURUBIS AG,DE0006766504,5485527,1049895.0,208467877.31,3.05,USD,,,,equity,web_csv
2026-07-13,COPX,2099 HK,CHINA GOLD INTERNATIONAL RES,CA16890P1036,B60FNV8,9850900.0,175452208.8,2.56,USD,,,,equity,web_csv
2026-07-13,COPX,358 HK,JIANGXI COPPER CO LTD-H,CNE1000003K3,6000305,41887401.0,161501063.19,2.36,USD,,,,equity,web_csv
2026-07-13,COPX,1208 HK,MMG LTD,HK1208013172,6728793,163660260.0,147625085.41,2.16,USD,,,,equity,web_csv
2026-07-13,COPX,5711 JP,MITSUBISHI MATERIALS CORP,JP3903000002,6597089,5126903.0,127785775.95,1.87,USD,,,,equity,web_csv
2026-07-13,COPX,TGB,TREKOR METALS LTD,CA89472Y1079,BRSCTS7,14888953.0,104520450.06,1.53,USD,,,,equity,web_csv
2026-07-13,COPX,NGEX CN,NGEX MINERALS LTD,CA62930A1021,BVBCQW5,5769598.0,100633471.9,1.47,USD,,,,equity,web_csv
2026-07-13,COPX,ERO CN,ERO COPPER CORP,CA2960061091,BF02Z72,4072037.0,100620540.97,1.47,USD,,,,equity,web_csv
2026-07-13,COPX,ALS CN,ALTIUS MINERALS CORPORATION,CA0209361009,2122355,1919552.0,83953257.01,1.23,USD,,,,equity,web_csv
2026-07-13,COPX,1258 HK,CHINA NONFERROUS MINING CORP,HK0000112026,B890GY2,53647600.0,80629339.05,1.18,USD,,,,equity,web_csv
2026-07-13,COPX,3939 HK,WANGUO GOLD GROUP LTD,KYG9430L1150,BV106D0,48578060.0,58817138.33,0.86,USD,,,,equity,web_csv
2026-07-13,COPX,ATYM LN,ATALAYA MINING COPPER SA,CY0106002112,BYZTVM8,4920349.0,52324533.23,0.77,USD,,,,equity,web_csv
2026-07-13,COPX,IE,IVANHOE ELECTRIC INC / US,US46578C1080,BPF0KH6,5029409.0,44409681.47,0.65,USD,,,,equity,web_csv
2026-07-13,COPX,DVP AU,DEVELOP GLOBAL LTD,AU0000179707,BNVQGB0,10619209.0,42492743.16,0.62,USD,,,,equity,web_csv
2026-07-13,COPX,AMAK AB,AL MASANE AL KOBRA MINING CO,SA15HG50KL10,BNNVLT6,2170426.0,39421303.68,0.58,USD,,,,equity,web_csv
2026-07-13,COPX,NDM CN,NORTHERN DYNASTY MINERALS,CA66510M2040,2637848,22548674.0,36985947.17,0.54,USD,,,,equity,web_csv
2026-07-13,COPX,FFM AU,FIREFLY METALS LTD,AU0000313769,BPDXXB2,30542131.0,36431291.66,0.53,USD,,,,equity,web_csv
2026-07-13,COPX,FDY CN,FARADAY COPPER CORP,CA3073571034,BLNNJN8,8960277.0,35032757.22,0.51,USD,,,,equity,web_csv
2026-07-13,COPX,OM CN,OSISKO METALS INC,CA6882741094,BYW9WY0,24606649.0,30445161.02,0.45,USD,,,,equity,web_csv
2026-07-13,COPX,ARG CN,AMERIGO RESOURCES LTD,CA03074G1090,2855822,5738948.0,29335827.23,0.43,USD,,,,equity,web_csv
2026-07-13,COPX,SLS CN,SOLARIS RESOURCES INC,CA83419D2014,BMQ5701,3864263.0,29069399.26,0.42,USD,,,,equity,web_csv
2026-07-13,COPX,1515 JP,NITTETSU MINING CO LTD,JP3680800004,6641027,1731890.0,25257840.24,0.37,USD,,,,equity,web_csv
2026-07-13,COPX,CNL CN,COLLECTIVE MINING LTD,CA19425C1005,BN79Z49,1949950.0,24098646.78,0.35,USD,,,,equity,web_csv
2026-07-14,COPX,BVR AU,BELLAVISTA RESOURCES LTD,AU0000216913,BNNFYB1,2220635.0,574116.22,0.01,USD,,,,equity,web_csv
2026-07-14,COPX,,JAPANESE YEN,,,-18239780.0,-112615.57,-0.0,USD,,,,fx,web_csv
2026-07-14,COPX,,HONG KONG DOLLAR,,,-17802456.01,-2271300.84,-0.03,USD,,,,fx,web_csv
2026-07-14,COPX,,CANADIAN DOLLAR,,,-7870662.58,-5598906.33,-0.08,USD,,,,fx,web_csv
2026-07-14,COPX,,CASH,CASH,,8230215.27,8230215.27,0.12,USD,,,,cash,web_csv
2026-07-14,COPX,,OTHER PAYABLE & RECEIVABLES,CASH,,7448082.84,7448082.84,0.1,USD,,,,cash,web_csv
2026-07-14,COPX,IE,IVANHOE ELECTRIC INC / US,US46578C1080,BPF0KH6,5029409.0,46119680.53,0.65,USD,,,,equity,web_csv
2026-07-14,COPX,DVP AU,DEVELOP GLOBAL LTD,AU0000179707,BNVQGB0,10619209.0,43482118.84,0.61,USD,,,,equity,web_csv
2026-07-14,COPX,NDM CN,NORTHERN DYNASTY MINERALS,CA66510M2040,2637848,22548674.0,39459176.98,0.55,USD,,,,equity,web_csv
2026-07-14,COPX,AMAK AB,AL MASANE AL KOBRA MINING CO,SA15HG50KL10,BNNVLT6,2170426.0,39091937.94,0.55,USD,,,,equity,web_csv
2026-07-14,COPX,FFM AU,FIREFLY METALS LTD,AU0000313769,BPDXXB2,30542238.0,37240645.72,0.52,USD,,,,equity,web_csv
2026-07-14,COPX,FDY CN,FARADAY COPPER CORP,CA3073571034,BLNNJN8,8960277.0,36395647.64,0.51,USD,,,,equity,web_csv
2026-07-14,COPX,OM CN,OSISKO METALS INC,CA6882741094,BYW9WY0,24606649.0,31857799.17,0.45,USD,,,,equity,web_csv
2026-07-14,COPX,ARG CN,AMERIGO RESOURCES LTD,CA03074G1090,2855822,5738948.0,30781908.53,0.43,USD,,,,equity,web_csv
2026-07-14,COPX,SLS CN,SOLARIS RESOURCES INC,CA83419D2014,BMQ5701,3864263.0,30265364.13,0.42,USD,,,,equity,web_csv
2026-07-14,COPX,1515 JP,NITTETSU MINING CO LTD,JP3680800004,6641027,1731890.0,27170885.62,0.38,USD,,,,equity,web_csv
2026-07-14,COPX,CNL CN,COLLECTIVE MINING LTD,CA19425C1005,BN79Z49,1949950.0,25287276.19,0.35,USD,,,,equity,web_csv
2026-07-14,COPX,TECK/B CN,TECK RESOURCES LTD-CLS B,CA8787422044,2879327,6475328.0,389279722.06,5.44,USD,,,,equity,web_csv
2026-07-14,COPX,BHP AU,BHP GROUP LTD,AU000000BHP4,6144690,9334243.0,382923568.46,5.35,USD,,,,equity,web_csv
2026-07-14,COPX,ANTO LN,ANTOFAGASTA PLC,GB0000456144,0045614,7345327.0,378438305.71,5.29,USD,,,,equity,web_csv
2026-07-14,COPX,HBM CN,HUDBAY MINERALS INC,CA4436281022,B05BDX1,16748085.0,376362799.32,5.26,USD,,,,equity,web_csv
2026-07-14,COPX,SCCO,SOUTHERN COPPER CORP,US84265V1052,2823777,2008234.0,366261716.92,5.12,USD,,,,equity,web_csv
2026-07-14,COPX,FM CN,FIRST QUANTUM MINERALS LTD,CA3359341052,2347608,13147911.0,364203915.59,5.09,USD,,,,equity,web_csv
2026-07-14,COPX,KGH PW,KGHM POLSKA MIEDZ SA,PLKGHM000017,5263251,4181082.0,353248314.57,4.94,USD,,,,equity,web_csv
2026-07-14,COPX,GLEN LN,GLENCORE PLC,JE00B4T3BW64,B4T3BW6,49555218.0,352243254.33,4.92,USD,,,,equity,web_csv
2026-07-14,COPX,BOL SS,BOLIDEN AB,SE0020050417,BPYTZ57,6278932.0,346645091.57,4.85,USD,,,,equity,web_csv
2026-07-14,COPX,FCX,FREEPORT-MCMORAN INC,US35671D8570,2352118,5484223.0,338924981.4,4.74,USD,,,,equity,web_csv
2026-07-14,COPX,LUN CN,LUNDIN MINING CORP,CA5503721063,2866857,12522728.0,315083684.41,4.41,USD,,,,equity,web_csv
2026-07-14,COPX,2899 HK,ZIJIN MINING GROUP CO LTD-H,CNE100000502,6725299,77260035.0,300641881.54,4.2,USD,,,,equity,web_csv
2026-07-14,COPX,CS CN,CAPSTONE COPPER CORP,CA14071L1085,BMY5XY9,27265367.0,258931281.84,3.62,USD,,,,equity,web_csv
2026-07-14,COPX,SFR AU,SANDFIRE RESOURCES LTD,AU000000SFR8,6739739,19174766.0,252558704.73,3.53,USD,,,,equity,web_csv
2026-07-14,COPX,IVN CN,IVANHOE MINES LTD-CL A,CA46579R1047,BD73C40,32555553.0,249652400.03,3.49,USD,,,,equity,web_csv
2026-07-14,COPX,5713 JP,SUMITOMO METAL MINING CO LTD,JP3402600005,6858849,5396460.0,244192605.44,3.41,USD,,,,equity,web_csv
2026-07-14,COPX,NDA GR,AURUBIS AG,DE0006766504,5485527,1049895.0,215799333.93,3.02,USD,,,,equity,web_csv
2026-07-14,COPX,2099 HK,CHINA GOLD INTERNATIONAL RES,CA16890P1036,B60FNV8,9850900.0,186888087.52,2.61,USD,,,,equity,web_csv
2026-07-14,COPX,358 HK,JIANGXI COPPER CO LTD-H,CNE1000003K3,6000305,41887401.0,171974555.27,2.4,USD,,,,equity,web_csv
2026-07-14,COPX,1208 HK,MMG LTD,HK1208013172,6728793,164116260.0,158504731.84,2.22,USD,,,,equity,web_csv
2026-07-14,COPX,5711 JP,MITSUBISHI MATERIALS CORP,JP3903000002,6597089,5126903.0,131682255.3,1.84,USD,,,,equity,web_csv
2026-07-14,COPX,TGB,TREKOR METALS LTD,CA89472Y1079,BRSCTS7,14888953.0,118664955.41,1.66,USD,,,,equity,web_csv
2026-07-14,COPX,ERO CN,ERO COPPER CORP,CA2960061091,BF02Z72,4072037.0,105353004.23,1.47,USD,,,,equity,web_csv
2026-07-14,COPX,NGEX CN,NGEX MINERALS LTD,CA62930A1021,BVBCQW5,5769598.0,105151770.06,1.47,USD,,,,equity,web_csv
2026-07-14,COPX,ALS CN,ALTIUS MINERALS CORPORATION,CA0209361009,2122355,1919552.0,90177637.62,1.26,USD,,,,equity,web_csv
2026-07-14,COPX,1258 HK,CHINA NONFERROUS MINING CORP,HK0000112026,B890GY2,53647600.0,86172911.97,1.21,USD,,,,equity,web_csv
2026-07-14,COPX,3939 HK,WANGUO GOLD GROUP LTD,KYG9430L1150,BV106D0,48712060.0,61402800.82,0.86,USD,,,,equity,web_csv
2026-07-14,COPX,ATYM LN,ATALAYA MINING COPPER SA,CY0106002112,BYZTVM8,4920349.0,55871829.08,0.78,USD,,,,equity,web_csv
2026-07-15,COPX,,OTHER PAYABLE & RECEIVABLES,CASH,,1968559.36,1968559.36,0.03,USD,,,,cash,web_csv
2026-07-15,COPX,BVR AU,BELLAVISTA RESOURCES LTD,AU0000216913,BNNFYB1,2228757.0,585008.35,0.01,USD,,,,equity,web_csv
2026-07-15,COPX,,HONG KONG DOLLAR,,,-61011.85,-7783.17,0.0,USD,,,,fx,web_csv
2026-07-15,COPX,,JAPANESE YEN,,,-18239780.0,-112497.49,-0.0,USD,,,,fx,web_csv
2026-07-15,COPX,DVP AU,DEVELOP GLOBAL LTD,AU0000179707,BNVQGB0,10655293.0,44823724.81,0.63,USD,,,,equity,web_csv
2026-07-15,COPX,IE,IVANHOE ELECTRIC INC / US,US46578C1080,BPF0KH6,5046459.0,43651870.35,0.62,USD,,,,equity,web_csv
2026-07-15,COPX,AMAK AB,AL MASANE AL KOBRA MINING CO,SA15HG50KL10,BNNVLT6,2177804.0,39815244.9,0.56,USD,,,,equity,web_csv
2026-07-15,COPX,FFM AU,FIREFLY METALS LTD,AU0000313769,BPDXXB2,30646057.0,39469398.03,0.56,USD,,,,equity,web_csv
2026-07-15,COPX,NDM CN,NORTHERN DYNASTY MINERALS,CA66510M2040,2637848,22625120.0,38321734.76,0.54,USD,,,,equity,web_csv
2026-07-15,COPX,FDY CN,FARADAY COPPER CORP,CA3073571034,BLNNJN8,8990657.0,34935051.22,0.49,USD,,,,equity,web_csv
2026-07-15,COPX,ARG CN,AMERIGO RESOURCES LTD,CA03074G1090,2855822,5758416.0,30899517.23,0.44,USD,,,,equity,web_csv
2026-07-15,COPX,1515 JP,NITTETSU MINING CO LTD,JP3680800004,6641027,1737780.0,29121092.05,0.41,USD,,,,equity,web_csv
2026-07-15,COPX,SLS CN,SOLARIS RESOURCES INC,CA83419D2014,BMQ5701,3877376.0,29001332.07,0.41,USD,,,,equity,web_csv
2026-07-15,COPX,OM CN,OSISKO METALS INC,CA6882741094,BYW9WY0,24690070.0,28289515.5,0.4,USD,,,,equity,web_csv
2026-07-15,COPX,CNL CN,COLLECTIVE MINING LTD,CA19425C1005,BN79Z49,1956553.0,24158413.37,0.34,USD,,,,equity,web_csv
2026-07-15,COPX,,CASH,CASH,,5721656.15,5721656.15,0.08,USD,,,,cash,web_csv
2026-07-15,COPX,BHP AU,BHP GROUP LTD,AU000000BHP4,6144690,9365925.0,397012898.71,5.62,USD,,,,equity,web_csv
2026-07-15,COPX,TECK/B CN,TECK RESOURCES LTD-CLS B,CA8787422044,2879327,6497276.0,376246911.8,5.32,USD,,,,equity,web_csv
2026-07-15,COPX,ANTO LN,ANTOFAGASTA PLC,GB0000456144,0045614,7370220.0,371754663.76,5.26,USD,,,,equity,web_csv
2026-07-15,COPX,HBM CN,HUDBAY MINERALS INC,CA4436281022,B05BDX1,16804815.0,369068491.55,5.22,USD,,,,equity,web_csv
2026-07-15,COPX,SCCO,SOUTHERN COPPER CORP,US84265V1052,2823777,2015054.0,365812903.16,5.17,USD,,,,equity,web_csv
2026-07-15,COPX,FM CN,FIRST QUANTUM MINERALS LTD,CA3359341052,2347608,13192489.0,360806570.31,5.1,USD,,,,equity,web_csv
2026-07-15,COPX,KGH PW,KGHM POLSKA MIEDZ SA,PLKGHM000017,5263251,4195249.0,347906549.52,4.92,USD,,,,equity,web_csv
2026-07-15,COPX,GLEN LN,GLENCORE PLC,JE00B4T3BW64,B4T3BW6,49723455.0,346851712.06,4.91,USD,,,,equity,web_csv
2026-07-15,COPX,BOL SS,BOLIDEN AB,SE0020050417,BPYTZ57,6300260.0,338849161.85,4.79,USD,,,,equity,web_csv
2026-07-15,COPX,FCX,FREEPORT-MCMORAN INC,US35671D8570,2352118,5502823.0,335507118.31,4.75,USD,,,,equity,web_csv
2026-07-15,COPX,LUN CN,LUNDIN MINING CORP,CA5503721063,2866857,12565167.0,308238484.5,4.36,USD,,,,equity,web_csv
2026-07-15,COPX,2899 HK,ZIJIN MINING GROUP CO LTD-H,CNE100000502,6725299,77523535.0,298663820.66,4.22,USD,,,,equity,web_csv
2026-07-15,COPX,SFR AU,SANDFIRE RESOURCES LTD,AU000000SFR8,6739739,19239959.0,256143140.25,3.62,USD,,,,equity,web_csv
2026-07-15,COPX,CS CN,CAPSTONE COPPER CORP,CA14071L1085,BMY5XY9,27357778.0,255052408.5,3.61,USD,,,,equity,web_csv
2026-07-15,COPX,5713 JP,SUMITOMO METAL MINING CO LTD,JP3402600005,6858849,5414812.0,247270904.17,3.5,USD,,,,equity,web_csv
2026-07-15,COPX,IVN CN,IVANHOE MINES LTD-CL A,CA46579R1047,BD73C40,32665913.0,243863948.6,3.45,USD,,,,equity,web_csv
2026-07-15,COPX,NDA GR,AURUBIS AG,DE0006766504,5485527,1053460.0,214453367.49,3.03,USD,,,,equity,web_csv
2026-07-15,COPX,2099 HK,CHINA GOLD INTERNATIONAL RES,CA16890P1036,B60FNV8,9885000.0,179694027.9,2.54,USD,,,,equity,web_csv
2026-07-15,COPX,358 HK,JIANGXI COPPER CO LTD-H,CNE1000003K3,6000305,42030001.0,170823366.89,2.42,USD,,,,equity,web_csv
2026-07-15,COPX,1208 HK,MMG LTD,HK1208013172,6728793,164671160.0,159441520.15,2.26,USD,,,,equity,web_csv
2026-07-15,COPX,5711 JP,MITSUBISHI MATERIALS CORP,JP3903000002,6597089,5144325.0,134592941.99,1.9,USD,,,,equity,web_csv
2026-07-15,COPX,TGB,TREKOR METALS LTD,CA89472Y1079,BRSCTS7,14939421.0,111149292.24,1.57,USD,,,,equity,web_csv
2026-07-15,COPX,ERO CN,ERO COPPER CORP,CA2960061091,BF02Z72,4085832.0,103399769.36,1.46,USD,,,,equity,web_csv
2026-07-15,COPX,NGEX CN,NGEX MINERALS LTD,CA62930A1021,BVBCQW5,5789159.0,102463355.75,1.45,USD,,,,equity,web_csv
2026-07-15,COPX,1258 HK,CHINA NONFERROUS MINING CORP,HK0000112026,B890GY2,53830500.0,88791019.84,1.26,USD,,,,equity,web_csv
2026-07-15,COPX,ALS CN,ALTIUS MINERALS CORPORATION,CA0209361009,2122355,1926062.0,76828648.26,1.09,USD,,,,equity,web_csv
2026-07-15,COPX,3939 HK,WANGUO GOLD GROUP LTD,KYG9430L1150,BV106D0,48876360.0,61789490.63,0.87,USD,,,,equity,web_csv
2026-07-15,COPX,ATYM LN,ATALAYA MINING COPPER SA,CY0106002112,BYZTVM8,4937089.0,55601896.01,0.79,USD,,,,equity,web_csv
2026-07-16,COPX,,OTHER PAYABLE & RECEIVABLES,CASH,,5142572.46,5142572.46,0.07,USD,,,,cash,web_csv
2026-07-16,COPX,,CASH,CASH,,2463981.6,2463981.6,0.04,USD,,,,cash,web_csv
2026-07-16,COPX,BVR AU,BELLAVISTA RESOURCES LTD,AU0000216913,BNNFYB1,2228757.0,569814.94,0.01,USD,,,,equity,web_csv
2026-07-16,COPX,,HONG KONG DOLLAR,,,-61011.85,-7782.67,0.0,USD,,,,fx,web_csv
2026-07-16,COPX,,JAPANESE YEN,,,-18239780.0,-112279.35,-0.0,USD,,,,fx,web_csv
2026-07-16,COPX,BHP AU,BHP GROUP LTD,AU000000BHP4,6144690,9365925.0,387980810.77,5.62,USD,,,,equity,web_csv
2026-07-16,COPX,TECK/B CN,TECK RESOURCES LTD-CLS B,CA8787422044,2879327,6497276.0,363097369.62,5.26,USD,,,,equity,web_csv
2026-07-16,COPX,ANTO LN,ANTOFAGASTA PLC,GB0000456144,0045614,7370220.0,356695703.36,5.17,USD,,,,equity,web_csv
2026-07-16,COPX,SCCO,SOUTHERN COPPER CORP,US84265V1052,2823777,2015054.0,353964385.64,5.13,USD,,,,equity,web_csv
2026-07-16,COPX,FM CN,FIRST QUANTUM MINERALS LTD,CA3359341052,2347608,13192489.0,351517665.21,5.09,USD,,,,equity,web_csv
2026-07-16,COPX,HBM CN,HUDBAY MINERALS INC,CA4436281022,B05BDX1,16804815.0,350167675.47,5.07,USD,,,,equity,web_csv
2026-07-16,COPX,GLEN LN,GLENCORE PLC,JE00B4T3BW64,B4T3BW6,49723455.0,346549080.74,5.02,USD,,,,equity,web_csv
2026-07-16,COPX,KGH PW,KGHM POLSKA MIEDZ SA,PLKGHM000017,5263251,4195249.0,335624350.68,4.86,USD,,,,equity,web_csv
2026-07-16,COPX,BOL SS,BOLIDEN AB,SE0020050417,BPYTZ57,6300260.0,335430206.78,4.86,USD,,,,equity,web_csv
2026-07-16,COPX,FCX,FREEPORT-MCMORAN INC,US35671D8570,2352118,5502823.0,322245314.88,4.67,USD,,,,equity,web_csv
2026-07-16,COPX,2899 HK,ZIJIN MINING GROUP CO LTD-H,CNE100000502,6725299,77523535.0,305171445.71,4.42,USD,,,,equity,web_csv
2026-07-16,COPX,LUN CN,LUNDIN MINING CORP,CA5503721063,2866857,12565167.0,300776026.75,4.36,USD,,,,equity,web_csv
2026-07-16,COPX,SFR AU,SANDFIRE RESOURCES LTD,AU000000SFR8,6739739,19239959.0,251339778.9,3.64,USD,,,,equity,web_csv
2026-07-16,COPX,CS CN,CAPSTONE COPPER CORP,CA14071L1085,BMY5XY9,27357778.0,243310222.3,3.53,USD,,,,equity,web_csv
2026-07-16,COPX,5713 JP,SUMITOMO METAL MINING CO LTD,JP3402600005,6858849,5414812.0,242524912.97,3.52,USD,,,,equity,web_csv
2026-07-16,COPX,IVN CN,IVANHOE MINES LTD-CL A,CA46579R1047,BD73C40,32665913.0,232321975.23,3.37,USD,,,,equity,web_csv
2026-07-16,COPX,NDA GR,AURUBIS AG,DE0006766504,5485527,1053460.0,208907904.79,3.03,USD,,,,equity,web_csv
2026-07-16,COPX,2099 HK,CHINA GOLD INTERNATIONAL RES,CA16890P1036,B60FNV8,9885000.0,181826148.52,2.63,USD,,,,equity,web_csv
2026-07-16,COPX,358 HK,JIANGXI COPPER CO LTD-H,CNE1000003K3,6000305,42030001.0,173278690.77,2.51,USD,,,,equity,web_csv
2026-07-16,COPX,1208 HK,MMG LTD,HK1208013172,6728793,164671160.0,160271568.9,2.32,USD,,,,equity,web_csv
2026-07-16,COPX,5711 JP,MITSUBISHI MATERIALS CORP,JP3903000002,6597089,5144325.0,132780269.16,1.92,USD,,,,equity,web_csv
2026-07-16,COPX,TGB,TREKOR METALS LTD,CA89472Y1079,BRSCTS7,14939421.0,103231399.11,1.5,USD,,,,equity,web_csv
2026-07-16,COPX,ERO CN,ERO COPPER CORP,CA2960061091,BF02Z72,4085832.0,100395145.1,1.46,USD,,,,equity,web_csv
2026-07-16,COPX,NGEX CN,NGEX MINERALS LTD,CA62930A1021,BVBCQW5,5789159.0,99672960.23,1.44,USD,,,,equity,web_csv
2026-07-16,COPX,1258 HK,CHINA NONFERROUS MINING CORP,HK0000112026,B890GY2,53830500.0,89540684.61,1.3,USD,,,,equity,web_csv
2026-07-16,COPX,ALS CN,ALTIUS MINERALS CORPORATION,CA0209361009,2122355,1926062.0,78868001.08,1.14,USD,,,,equity,web_csv
2026-07-16,COPX,3939 HK,WANGUO GOLD GROUP LTD,KYG9430L1150,BV106D0,48876360.0,62284323.06,0.9,USD,,,,equity,web_csv
2026-07-16,COPX,ATYM LN,ATALAYA MINING COPPER SA,CY0106002112,BYZTVM8,4937089.0,53741462.74,0.78,USD,,,,equity,web_csv
2026-07-16,COPX,DVP AU,DEVELOP GLOBAL LTD,AU0000179707,BNVQGB0,10655293.0,43512316.18,0.63,USD,,,,equity,web_csv
2026-07-16,COPX,IE,IVANHOE ELECTRIC INC / US,US46578C1080,BPF0KH6,5046459.0,41683751.34,0.6,USD,,,,equity,web_csv
2026-07-16,COPX,AMAK AB,AL MASANE AL KOBRA MINING CO,SA15HG50KL10,BNNVLT6,2177804.0,39434585.86,0.57,USD,,,,equity,web_csv
2026-07-16,COPX,FFM AU,FIREFLY METALS LTD,AU0000313769,BPDXXB2,30646057.0,37672980.1,0.55,USD,,,,equity,web_csv
2026-07-16,COPX,NDM CN,NORTHERN DYNASTY MINERALS,CA66510M2040,2637848,22625120.0,36277584.18,0.53,USD,,,,equity,web_csv
2026-07-16,COPX,FDY CN,FARADAY COPPER CORP,CA3073571034,BLNNJN8,8990657.0,33636878.14,0.49,USD,,,,equity,web_csv
2026-07-16,COPX,ARG CN,AMERIGO RESOURCES LTD,CA03074G1090,2855822,5758416.0,29669230.49,0.43,USD,,,,equity,web_csv
2026-07-16,COPX,1515 JP,NITTETSU MINING CO LTD,JP3680800004,6641027,1737780.0,28658126.32,0.41,USD,,,,equity,web_csv
2026-07-16,COPX,SLS CN,SOLARIS RESOURCES INC,CA83419D2014,BMQ5701,3877376.0,28101132.31,0.41,USD,,,,equity,web_csv
2026-07-16,COPX,OM CN,OSISKO METALS INC,CA6882741094,BYW9WY0,24690070.0,27448073.54,0.4,USD,,,,equity,web_csv
2026-07-16,COPX,CNL CN,COLLECTIVE MINING LTD,CA19425C1005,BN79Z49,1956553.0,22922309.87,0.33,USD,,,,equity,web_csv
2026-07-17,COPX,BHP AU,BHP GROUP LTD,AU000000BHP4,6144690,9365925.0,376190403.54,5.6,USD,,,,equity,web_csv
2026-07-17,COPX,TECK/B CN,TECK RESOURCES LTD-CLS B,CA8787422044,2879327,6497276.0,358005123.97,5.33,USD,,,,equity,web_csv
2026-07-17,COPX,SCCO,SOUTHERN COPPER CORP,US84265V1052,2823777,2015054.0,347556513.92,5.17,USD,,,,equity,web_csv
2026-07-17,COPX,FM CN,FIRST QUANTUM MINERALS LTD,CA3359341052,2347608,13192489.0,346370505.13,5.16,USD,,,,equity,web_csv
2026-07-17,COPX,ANTO LN,ANTOFAGASTA PLC,GB0000456144,0045614,7370220.0,345918768.76,5.15,USD,,,,equity,web_csv
2026-07-17,COPX,GLEN LN,GLENCORE PLC,JE00B4T3BW64,B4T3BW6,49723455.0,345416902.37,5.14,USD,,,,equity,web_csv
2026-07-17,COPX,HBM CN,HUDBAY MINERALS INC,CA4436281022,B05BDX1,16804815.0,342752265.98,5.1,USD,,,,equity,web_csv
2026-07-17,COPX,BOL SS,BOLIDEN AB,SE0020050417,BPYTZ57,6300260.0,329386092.58,4.9,USD,,,,equity,web_csv
2026-07-17,COPX,KGH PW,KGHM POLSKA MIEDZ SA,PLKGHM000017,5263251,4195249.0,324787049.92,4.83,USD,,,,equity,web_csv
2026-07-17,COPX,FCX,FREEPORT-MCMORAN INC,US35671D8570,2352118,5502823.0,321254806.74,4.78,USD,,,,equity,web_csv
2026-07-17,COPX,LUN CN,LUNDIN MINING CORP,CA5503721063,2866857,12565167.0,297349464.92,4.43,USD,,,,equity,web_csv
2026-07-17,COPX,2899 HK,ZIJIN MINING GROUP CO LTD-H,CNE100000502,6725299,77523535.0,290500670.67,4.32,USD,,,,equity,web_csv
2026-07-17,COPX,CS CN,CAPSTONE COPPER CORP,CA14071L1085,BMY5XY9,27357778.0,238386062.0,3.55,USD,,,,equity,web_csv
2026-07-17,COPX,SFR AU,SANDFIRE RESOURCES LTD,AU000000SFR8,6739739,19239959.0,236913551.1,3.53,USD,,,,equity,web_csv
2026-07-17,COPX,IVN CN,IVANHOE MINES LTD-CL A,CA46579R1047,BD73C40,32665913.0,228690530.98,3.4,USD,,,,equity,web_csv
2026-07-17,COPX,5713 JP,SUMITOMO METAL MINING CO LTD,JP3402600005,6858849,5414812.0,226507605.38,3.37,USD,,,,equity,web_csv
2026-07-17,COPX,NDA GR,AURUBIS AG,DE0006766504,5485527,1053460.0,206201601.59,3.07,USD,,,,equity,web_csv
2026-07-17,COPX,2099 HK,CHINA GOLD INTERNATIONAL RES,CA16890P1036,B60FNV8,9885000.0,173104752.31,2.58,USD,,,,equity,web_csv
2026-07-17,COPX,358 HK,JIANGXI COPPER CO LTD-H,CNE1000003K3,6000305,42030001.0,163930084.0,2.44,USD,,,,equity,web_csv
2026-07-17,COPX,1208 HK,MMG LTD,HK1208013172,6728793,164671160.0,150380784.86,2.24,USD,,,,equity,web_csv
2026-07-17,COPX,5711 JP,MITSUBISHI MATERIALS CORP,JP3903000002,6597089,5144325.0,125745591.54,1.87,USD,,,,equity,web_csv
2026-07-17,COPX,TGB,TREKOR METALS LTD,CA89472Y1079,BRSCTS7,14939421.0,101289274.38,1.51,USD,,,,equity,web_csv
2026-07-17,COPX,NGEX CN,NGEX MINERALS LTD,CA62930A1021,BVBCQW5,5789159.0,100063108.64,1.49,USD,,,,equity,web_csv
2026-07-17,COPX,ERO CN,ERO COPPER CORP,CA2960061091,BF02Z72,4085832.0,98818088.48,1.47,USD,,,,equity,web_csv
2026-07-17,COPX,1258 HK,CHINA NONFERROUS MINING CORP,HK0000112026,B890GY2,53830500.0,83693918.04,1.25,USD,,,,equity,web_csv
2026-07-17,COPX,ALS CN,ALTIUS MINERALS CORPORATION,CA0209361009,2122355,1926062.0,76451431.54,1.14,USD,,,,equity,web_csv
2026-07-17,COPX,3939 HK,WANGUO GOLD GROUP LTD,KYG9430L1150,BV106D0,48876360.0,57975377.28,0.86,USD,,,,equity,web_csv
2026-07-17,COPX,ATYM LN,ATALAYA MINING COPPER SA,CY0106002112,BYZTVM8,4937089.0,52902123.33,0.79,USD,,,,equity,web_csv
2026-07-17,COPX,,OTHER PAYABLE & RECEIVABLES,CASH,,8504712.6,8504712.6,0.13,USD,,,,cash,web_csv
2026-07-17,COPX,BVR AU,BELLAVISTA RESOURCES LTD,AU0000216913,BNNFYB1,2228757.0,521188.36,0.01,USD,,,,equity,web_csv
2026-07-17,COPX,,HONG KONG DOLLAR,,,-61011.82,-7781.72,0.0,USD,,,,fx,web_csv
2026-07-17,COPX,,JAPANESE YEN,,,-18239780.0,-112303.54,-0.0,USD,,,,fx,web_csv
2026-07-17,COPX,,CASH,CASH,,-1020823.56,-1020823.56,-0.01,USD,,,,cash,web_csv
2026-07-17,COPX,DVP AU,DEVELOP GLOBAL LTD,AU0000179707,BNVQGB0,10655293.0,41206178.6,0.61,USD,,,,equity,web_csv
2026-07-17,COPX,IE,IVANHOE ELECTRIC INC / US,US46578C1080,BPF0KH6,5046459.0,41027711.67,0.61,USD,,,,equity,web_csv
2026-07-17,COPX,AMAK AB,AL MASANE AL KOBRA MINING CO,SA15HG50KL10,BNNVLT6,2177804.0,39431960.81,0.59,USD,,,,equity,web_csv
2026-07-17,COPX,NDM CN,NORTHERN DYNASTY MINERALS,CA66510M2040,2637848,22625120.0,37298146.08,0.56,USD,,,,equity,web_csv
2026-07-17,COPX,FFM AU,FIREFLY METALS LTD,AU0000313769,BPDXXB2,30646057.0,35404607.37,0.53,USD,,,,equity,web_csv
2026-07-17,COPX,FDY CN,FARADAY COPPER CORP,CA3073571034,BLNNJN8,8990657.0,33364079.5,0.5,USD,,,,equity,web_csv
2026-07-17,COPX,ARG CN,AMERIGO RESOURCES LTD,CA03074G1090,2855822,5758416.0,29054059.68,0.43,USD,,,,equity,web_csv
2026-07-17,COPX,1515 JP,NITTETSU MINING CO LTD,JP3680800004,6641027,1737780.0,28214917.71,0.42,USD,,,,equity,web_csv
2026-07-17,COPX,SLS CN,SOLARIS RESOURCES INC,CA83419D2014,BMQ5701,3877376.0,27504811.73,0.41,USD,,,,equity,web_csv
2026-07-17,COPX,OM CN,OSISKO METALS INC,CA6882741094,BYW9WY0,24690070.0,27134849.46,0.4,USD,,,,equity,web_csv
2026-07-17,COPX,CNL CN,COLLECTIVE MINING LTD,CA19425C1005,BN79Z49,1956553.0,23653172.4,0.35,USD,,,,equity,web_csv
2026-07-20,COPX,,OTHER PAYABLE & RECEIVABLES,CASH,,1445822.59,1445822.59,0.02,USD,,,,cash,web_csv
2026-07-20,COPX,BVR AU,BELLAVISTA RESOURCES LTD,AU0000216913,BNNFYB1,2228757.0,491441.41,0.01,USD,,,,equity,web_csv
2026-07-20,COPX,,HONG KONG DOLLAR,,,-61011.85,-7781.38,0.0,USD,,,,fx,web_csv
2026-07-20,COPX,,JAPANESE YEN,,,-18239780.0,-112217.18,-0.0,USD,,,,fx,web_csv
2026-07-20,COPX,BHP AU,BHP GROUP LTD,AU000000BHP4,6144690,9365925.0,377241104.39,5.56,USD,,,,equity,web_csv
2026-07-20,COPX,TECK/B CN,TECK RESOURCES LTD-CLS B,CA8787422044,2879327,6497276.0,354190979.5,5.22,USD,,,,equity,web_csv
2026-07-20,COPX,FM CN,FIRST QUANTUM MINERALS LTD,CA3359341052,2347608,13192489.0,352782002.92,5.2,USD,,,,equity,web_csv
2026-07-20,COPX,SCCO,SOUTHERN COPPER CORP,US84265V1052,2823777,2015054.0,352775503.78,5.2,USD,,,,equity,web_csv
2026-07-20,COPX,HBM CN,HUDBAY MINERALS INC,CA4436281022,B05BDX1,16804815.0,350633295.83,5.17,USD,,,,equity,web_csv
2026-07-20,COPX,ANTO LN,ANTOFAGASTA PLC,GB0000456144,0045614,7370220.0,343038071.89,5.06,USD,,,,equity,web_csv
2026-07-20,COPX,GLEN LN,GLENCORE PLC,JE00B4T3BW64,B4T3BW6,49723455.0,341904690.84,5.04,USD,,,,equity,web_csv
2026-07-20,COPX,BOL SS,BOLIDEN AB,SE0020050417,BPYTZ57,6300260.0,329084314.78,4.85,USD,,,,equity,web_csv
2026-07-20,COPX,KGH PW,KGHM POLSKA MIEDZ SA,PLKGHM000017,5263251,4195249.0,324207207.6,4.78,USD,,,,equity,web_csv
2026-07-20,COPX,FCX,FREEPORT-MCMORAN INC,US35671D8570,2352118,5502823.0,323510964.17,4.77,USD,,,,equity,web_csv
2026-07-20,COPX,LUN CN,LUNDIN MINING CORP,CA5503721063,2866857,12565167.0,305257489.54,4.5,USD,,,,equity,web_csv
2026-07-20,COPX,2899 HK,ZIJIN MINING GROUP CO LTD-H,CNE100000502,6725299,77523535.0,297804275.64,4.39,USD,,,,equity,web_csv
2026-07-20,COPX,SFR AU,SANDFIRE RESOURCES LTD,AU000000SFR8,6739739,19239959.0,240538207.96,3.55,USD,,,,equity,web_csv
2026-07-20,COPX,CS CN,CAPSTONE COPPER CORP,CA14071L1085,BMY5XY9,27357778.0,240161471.52,3.54,USD,,,,equity,web_csv
2026-07-20,COPX,IVN CN,IVANHOE MINES LTD-CL A,CA46579R1047,BD73C40,32665913.0,229360860.29,3.38,USD,,,,equity,web_csv
2026-07-20,COPX,5713 JP,SUMITOMO METAL MINING CO LTD,JP3402600005,6858849,5414812.0,226333411.64,3.34,USD,,,,equity,web_csv
2026-07-20,COPX,NDA GR,AURUBIS AG,DE0006766504,5485527,1053460.0,204887845.78,3.02,USD,,,,equity,web_csv
2026-07-20,COPX,2099 HK,CHINA GOLD INTERNATIONAL RES,CA16890P1036,B60FNV8,9885000.0,179652775.56,2.65,USD,,,,equity,web_csv
2026-07-20,COPX,358 HK,JIANGXI COPPER CO LTD-H,CNE1000003K3,6000305,42030001.0,166817413.02,2.46,USD,,,,equity,web_csv
2026-07-20,COPX,1208 HK,MMG LTD,HK1208013172,6728793,164671160.0,155624563.42,2.3,USD,,,,equity,web_csv
2026-07-20,COPX,5711 JP,MITSUBISHI MATERIALS CORP,JP3903000002,6597089,5144325.0,125648887.97,1.85,USD,,,,equity,web_csv
2026-07-20,COPX,TGB,TREKOR METALS LTD,CA89472Y1079,BRSCTS7,14939421.0,104874735.42,1.55,USD,,,,equity,web_csv
2026-07-20,COPX,ERO CN,ERO COPPER CORP,CA2960061091,BF02Z72,4085832.0,102632658.41,1.51,USD,,,,equity,web_csv
2026-07-20,COPX,NGEX CN,NGEX MINERALS LTD,CA62930A1021,BVBCQW5,5789159.0,99952257.9,1.47,USD,,,,equity,web_csv
2026-07-20,COPX,1258 HK,CHINA NONFERROUS MINING CORP,HK0000112026,B890GY2,53830500.0,89045255.24,1.31,USD,,,,equity,web_csv
2026-07-20,COPX,ALS CN,ALTIUS MINERALS CORPORATION,CA0209361009,2122355,1926062.0,77990644.55,1.15,USD,,,,equity,web_csv
2026-07-20,COPX,3939 HK,WANGUO GOLD GROUP LTD,KYG9430L1150,BV106D0,48876360.0,57785780.34,0.85,USD,,,,equity,web_csv
2026-07-20,COPX,ATYM LN,ATALAYA MINING COPPER SA,CY0106002112,BYZTVM8,4937089.0,54214736.29,0.8,USD,,,,equity,web_csv
2026-07-20,COPX,,CASH,CASH,,5679096.78,5679096.78,0.08,USD,,,,cash,web_csv
2026-07-20,COPX,DVP AU,DEVELOP GLOBAL LTD,AU0000179707,BNVQGB0,10655293.0,41246680.45,0.61,USD,,,,equity,web_csv
2026-07-20,COPX,IE,IVANHOE ELECTRIC INC / US,US46578C1080,BPF0KH6,5046459.0,40775388.72,0.6,USD,,,,equity,web_csv
2026-07-20,COPX,AMAK AB,AL MASANE AL KOBRA MINING CO,SA15HG50KL10,BNNVLT6,2177804.0,40713121.04,0.6,USD,,,,equity,web_csv
2026-07-20,COPX,NDM CN,NORTHERN DYNASTY MINERALS,CA66510M2040,2637848,22625120.0,36536261.22,0.54,USD,,,,equity,web_csv
2026-07-20,COPX,FFM AU,FIREFLY METALS LTD,AU0000313769,BPDXXB2,30646057.0,35181708.62,0.52,USD,,,,equity,web_csv
2026-07-20,COPX,FDY CN,FARADAY COPPER CORP,CA3073571034,BLNNJN8,8990657.0,33322417.99,0.49,USD,,,,equity,web_csv
2026-07-20,COPX,ARG CN,AMERIGO RESOURCES LTD,CA03074G1090,2855822,5758416.0,29044013.26,0.43,USD,,,,equity,web_csv
2026-07-20,COPX,1515 JP,NITTETSU MINING CO LTD,JP3680800004,6641027,1737780.0,28193219.27,0.42,USD,,,,equity,web_csv
2026-07-20,COPX,SLS CN,SOLARIS RESOURCES INC,CA83419D2014,BMQ5701,3877376.0,27721155.87,0.41,USD,,,,equity,web_csv
2026-07-20,COPX,OM CN,OSISKO METALS INC,CA6882741094,BYW9WY0,24690070.0,27400234.19,0.4,USD,,,,equity,web_csv
2026-07-20,COPX,CNL CN,COLLECTIVE MINING LTD,CA19425C1005,BN79Z49,1956553.0,23912342.99,0.35,USD,,,,equity,web_csv
2026-07-21,COPX,BVR AU,BELLAVISTA RESOURCES LTD,AU0000216913,BNNFYB1,2232687.0,508264.12,0.01,USD,,,,equity,web_csv
2026-07-21,COPX,,HONG KONG DOLLAR,,,-61011.85,-7780.64,0.0,USD,,,,fx,web_csv
2026-07-21,COPX,,JAPANESE YEN,,,-18239780.0,-111890.19,-0.0,USD,,,,fx,web_csv
2026-07-21,COPX,,OTHER PAYABLE & RECEIVABLES,CASH,,-402742.55,-402742.55,-0.01,USD,,,,cash,web_csv
2026-07-21,COPX,HBM CN,HUDBAY MINERALS INC,CA4436281022,B05BDX1,16832265.0,386989807.34,5.42,USD,,,,equity,web_csv
2026-07-21,COPX,BHP AU,BHP GROUP LTD,AU000000BHP4,6144690,9381255.0,383030402.37,5.36,USD,,,,equity,web_csv
2026-07-21,COPX,SCCO,SOUTHERN COPPER CORP,US84265V1052,2823777,2018354.0,379470735.54,5.31,USD,,,,equity,web_csv
2026-07-21,COPX,FM CN,FIRST QUANTUM MINERALS LTD,CA3359341052,2347608,13214059.0,371128227.94,5.2,USD,,,,equity,web_csv
2026-07-21,COPX,TECK/B CN,TECK RESOURCES LTD-CLS B,CA8787422044,2879327,6507896.0,370408613.21,5.19,USD,,,,equity,web_csv
2026-07-21,COPX,ANTO LN,ANTOFAGASTA PLC,GB0000456144,0045614,7382265.0,361947344.03,5.07,USD,,,,equity,web_csv
2026-07-21,COPX,GLEN LN,GLENCORE PLC,JE00B4T3BW64,B4T3BW6,49804860.0,351534730.91,4.92,USD,,,,equity,web_csv
2026-07-21,COPX,FCX,FREEPORT-MCMORAN INC,US35671D8570,2352118,5511823.0,344819646.88,4.83,USD,,,,equity,web_csv
2026-07-21,COPX,KGH PW,KGHM POLSKA MIEDZ SA,PLKGHM000017,5263251,4202104.0,339355347.87,4.75,USD,,,,equity,web_csv
2026-07-21,COPX,LUN CN,LUNDIN MINING CORP,CA5503721063,2866857,12585702.0,323204935.52,4.53,USD,,,,equity,web_csv
2026-07-21,COPX,2899 HK,ZIJIN MINING GROUP CO LTD-H,CNE100000502,6725299,77651035.0,312129136.42,4.37,USD,,,,equity,web_csv
2026-07-21,COPX,BOL SS,BOLIDEN AB,SE0020050417,BPYTZ57,6310580.0,310119150.93,4.34,USD,,,,equity,web_csv
2026-07-21,COPX,CS CN,CAPSTONE COPPER CORP,CA14071L1085,BMY5XY9,27402493.0,260365003.56,3.65,USD,,,,equity,web_csv
2026-07-21,COPX,IVN CN,IVANHOE MINES LTD-CL A,CA46579R1047,BD73C40,32719313.0,250052865.72,3.5,USD,,,,equity,web_csv
2026-07-21,COPX,SFR AU,SANDFIRE RESOURCES LTD,AU000000SFR8,6739739,19271504.0,246892311.25,3.46,USD,,,,equity,web_csv
2026-07-21,COPX,5713 JP,SUMITOMO METAL MINING CO LTD,JP3402600005,6858849,5423692.0,243444801.79,3.41,USD,,,,equity,web_csv
2026-07-21,COPX,NDA GR,AURUBIS AG,DE0006766504,5485527,1055185.0,210972011.47,2.96,USD,,,,equity,web_csv
2026-07-21,COPX,2099 HK,CHINA GOLD INTERNATIONAL RES,CA16890P1036,B60FNV8,9901500.0,199128553.21,2.79,USD,,,,equity,web_csv
2026-07-21,COPX,358 HK,JIANGXI COPPER CO LTD-H,CNE1000003K3,6000305,42099001.0,179852902.31,2.52,USD,,,,equity,web_csv
2026-07-21,COPX,1208 HK,MMG LTD,HK1208013172,6728793,164939660.0,162594346.97,2.28,USD,,,,equity,web_csv
2026-07-21,COPX,5711 JP,MITSUBISHI MATERIALS CORP,JP3903000002,6597089,5152755.0,130355866.76,1.83,USD,,,,equity,web_csv
2026-07-21,COPX,TGB,TREKOR METALS LTD,CA89472Y1079,BRSCTS7,14963841.0,115520852.52,1.62,USD,,,,equity,web_csv
2026-07-21,COPX,ERO CN,ERO COPPER CORP,CA2960061091,BF02Z72,4092507.0,110149931.18,1.54,USD,,,,equity,web_csv
2026-07-21,COPX,NGEX CN,NGEX MINERALS LTD,CA62930A1021,BVBCQW5,5798624.0,107146474.34,1.5,USD,,,,equity,web_csv
2026-07-21,COPX,1258 HK,CHINA NONFERROUS MINING CORP,HK0000112026,B890GY2,53919000.0,95234094.24,1.33,USD,,,,equity,web_csv
2026-07-21,COPX,ALS CN,ALTIUS MINERALS CORPORATION,CA0209361009,2122355,1929212.0,80152820.72,1.12,USD,,,,equity,web_csv
2026-07-21,COPX,3939 HK,WANGUO GOLD GROUP LTD,KYG9430L1150,BV106D0,48955860.0,63118503.42,0.88,USD,,,,equity,web_csv
2026-07-21,COPX,ATYM LN,ATALAYA MINING COPPER SA,CY0106002112,BYZTVM8,4945189.0,58251036.33,0.82,USD,,,,equity,web_csv
2026-07-21,COPX,,CASH,CASH,,7402842.6,7402842.6,0.1,USD,,,,cash,web_csv
2026-07-21,COPX,IE,IVANHOE ELECTRIC INC / US,US46578C1080,BPF0KH6,5054709.0,47463717.51,0.67,USD,,,,equity,web_csv
2026-07-21,COPX,DVP AU,DEVELOP GLOBAL LTD,AU0000179707,BNVQGB0,10672753.0,42312739.1,0.59,USD,,,,equity,web_csv
2026-07-21,COPX,AMAK AB,AL MASANE AL KOBRA MINING CO,SA15HG50KL10,BNNVLT6,2181374.0,41083444.36,0.57,USD,,,,equity,web_csv
2026-07-21,COPX,NDM CN,NORTHERN DYNASTY MINERALS,CA66510M2040,2637848,22662110.0,39237572.04,0.55,USD,,,,equity,web_csv
2026-07-21,COPX,FFM AU,FIREFLY METALS LTD,AU0000313769,BPDXXB2,30696292.0,35799619.08,0.5,USD,,,,equity,web_csv
2026-07-21,COPX,FDY CN,FARADAY COPPER CORP,CA3073571034,BLNNJN8,9005357.0,35337679.06,0.49,USD,,,,equity,web_csv
2026-07-21,COPX,ARG CN,AMERIGO RESOURCES LTD,CA03074G1090,2855822,5767836.0,31105590.63,0.44,USD,,,,equity,web_csv
2026-07-21,COPX,SLS CN,SOLARIS RESOURCES INC,CA83419D2014,BMQ5701,3883721.0,30314657.44,0.42,USD,,,,equity,web_csv
2026-07-21,COPX,1515 JP,NITTETSU MINING CO LTD,JP3680800004,6641027,1740630.0,29652053.55,0.41,USD,,,,equity,web_csv
2026-07-21,COPX,OM CN,OSISKO METALS INC,CA6882741094,BYW9WY0,24730435.0,28253326.49,0.4,USD,,,,equity,web_csv
2026-07-21,COPX,CNL CN,COLLECTIVE MINING LTD,CA19425C1005,BN79Z49,1959748.0,25379032.11,0.35,USD,,,,equity,web_csv
2026-07-22,COPX,HBM CN,HUDBAY MINERALS INC,CA4436281022,B05BDX1,16927425.0,397931798.61,5.39,USD,,,,equity,web_csv
2026-07-22,COPX,SCCO,SOUTHERN COPPER CORP,US84265V1052,2823777,2029794.0,396784131.12,5.38,USD,,,,equity,web_csv
2026-07-22,COPX,BHP AU,BHP GROUP LTD,AU000000BHP4,6144690,9434399.0,394461364.9,5.35,USD,,,,equity,web_csv
2026-07-22,COPX,ANTO LN,ANTOFAGASTA PLC,GB0000456144,0045614,7424021.0,376915348.82,5.11,USD,,,,equity,web_csv
2026-07-22,COPX,TECK/B CN,TECK RESOURCES LTD-CLS B,CA8787422044,2879327,6544712.0,374806681.05,5.08,USD,,,,equity,web_csv
2026-07-22,COPX,FM CN,FIRST QUANTUM MINERALS LTD,CA3359341052,2347608,13288835.0,369855040.65,5.01,USD,,,,equity,web_csv
2026-07-22,COPX,GLEN LN,GLENCORE PLC,JE00B4T3BW64,B4T3BW6,50087064.0,360468230.66,4.89,USD,,,,equity,web_csv
2026-07-22,COPX,FCX,FREEPORT-MCMORAN INC,US35671D8570,2352118,5543023.0,360296495.0,4.88,USD,,,,equity,web_csv
2026-07-22,COPX,KGH PW,KGHM POLSKA MIEDZ SA,PLKGHM000017,5263251,4225868.0,350396257.79,4.75,USD,,,,equity,web_csv
2026-07-22,COPX,LUN CN,LUNDIN MINING CORP,CA5503721063,2866857,12656890.0,336540544.93,4.56,USD,,,,equity,web_csv
2026-07-22,COPX,2899 HK,ZIJIN MINING GROUP CO LTD-H,CNE100000502,6725299,78093035.0,328058143.49,4.45,USD,,,,equity,web_csv
2026-07-22,COPX,BOL SS,BOLIDEN AB,SE0020050417,BPYTZ57,6346356.0,324967266.23,4.41,USD,,,,equity,web_csv
2026-07-22,COPX,CS CN,CAPSTONE COPPER CORP,CA14071L1085,BMY5XY9,27557505.0,263356183.96,3.57,USD,,,,equity,web_csv
2026-07-22,COPX,SFR AU,SANDFIRE RESOURCES LTD,AU000000SFR8,6739739,19380860.0,253432314.93,3.44,USD,,,,equity,web_csv
2026-07-22,COPX,5713 JP,SUMITOMO METAL MINING CO LTD,JP3402600005,6858849,5454476.0,251513528.07,3.41,USD,,,,equity,web_csv
2026-07-22,COPX,IVN CN,IVANHOE MINES LTD-CL A,CA46579R1047,BD73C40,32904433.0,248573372.94,3.37,USD,,,,equity,web_csv
2026-07-22,COPX,2099 HK,CHINA GOLD INTERNATIONAL RES,CA16890P1036,B60FNV8,9958700.0,218981401.22,2.97,USD,,,,equity,web_csv
2026-07-22,COPX,NDA GR,AURUBIS AG,DE0006766504,5485527,1061165.0,216853393.92,2.94,USD,,,,equity,web_csv
2026-07-22,COPX,358 HK,JIANGXI COPPER CO LTD-H,CNE1000003K3,6000305,42338201.0,188570587.72,2.56,USD,,,,equity,web_csv
2026-07-22,COPX,1208 HK,MMG LTD,HK1208013172,6728793,165870460.0,179192479.39,2.43,USD,,,,equity,web_csv
2026-07-22,COPX,5711 JP,MITSUBISHI MATERIALS CORP,JP3903000002,6597089,5181979.0,133564511.92,1.81,USD,,,,equity,web_csv
2026-07-22,COPX,TGB,TREKOR METALS LTD,CA89472Y1079,BRSCTS7,15048497.0,114067607.26,1.55,USD,,,,equity,web_csv
2026-07-22,COPX,ERO CN,ERO COPPER CORP,CA2960061091,BF02Z72,4115647.0,111303201.55,1.51,USD,,,,equity,web_csv
2026-07-22,COPX,NGEX CN,NGEX MINERALS LTD,CA62930A1021,BVBCQW5,5831436.0,110132555.36,1.49,USD,,,,equity,web_csv
2026-07-22,COPX,1258 HK,CHINA NONFERROUS MINING CORP,HK0000112026,B890GY2,54225800.0,101531158.76,1.38,USD,,,,equity,web_csv
2026-07-22,COPX,ALS CN,ALTIUS MINERALS CORPORATION,CA0209361009,2122355,1940132.0,80542098.08,1.09,USD,,,,equity,web_csv
2026-07-22,COPX,3939 HK,WANGUO GOLD GROUP LTD,KYG9430L1150,BV106D0,49231460.0,67941838.6,0.92,USD,,,,equity,web_csv
2026-07-22,COPX,ATYM LN,ATALAYA MINING COPPER SA,CY0106002112,BYZTVM8,4973269.0,61659516.15,0.84,USD,,,,equity,web_csv
2026-07-22,COPX,BVR AU,BELLAVISTA RESOURCES LTD,AU0000216913,BNNFYB1,2246311.0,502920.69,0.01,USD,,,,equity,web_csv
2026-07-22,COPX,,BRITISH STERLING POUND,,,227760.85,304619.36,0.0,USD,,,,fx,web_csv
2026-07-22,COPX,,HONG KONG DOLLAR,,,-61011.85,-7781.83,0.0,USD,,,,fx,web_csv
2026-07-22,COPX,,SAUDI RIYAL,,,-252903.6,-67370.89,-0.0,USD,,,,fx,web_csv
2026-07-22,COPX,,JAPANESE YEN,,,-18239780.0,-111828.45,-0.0,USD,,,,fx,web_csv
2026-07-22,COPX,,EURO,,,-263576.91,-300742.69,-0.0,USD,,,,fx,web_csv
2026-07-22,COPX,,OTHER PAYABLE & RECEIVABLES,CASH,,-664221.51,-664221.51,-0.01,USD,,,,cash,web_csv
2026-07-22,COPX,IE,IVANHOE ELECTRIC INC / US,US46578C1080,BPF0KH6,5083309.0,46461444.26,0.63,USD,,,,equity,web_csv
2026-07-22,COPX,DVP AU,DEVELOP GLOBAL LTD,AU0000179707,BNVQGB0,10733281.0,43480117.39,0.59,USD,,,,equity,web_csv
2026-07-22,COPX,AMAK AB,AL MASANE AL KOBRA MINING CO,SA15HG50KL10,BNNVLT6,2193750.0,42368436.83,0.57,USD,,,,equity,web_csv
2026-07-22,COPX,NDM CN,NORTHERN DYNASTY MINERALS,CA66510M2040,2637848,22790342.0,39158385.2,0.53,USD,,,,equity,web_csv
2026-07-22,COPX,FFM AU,FIREFLY METALS LTD,AU0000313769,BPDXXB2,30870440.0,38445230.29,0.52,USD,,,,equity,web_csv
2026-07-22,COPX,FDY CN,FARADAY COPPER CORP,CA3073571034,BLNNJN8,9056317.0,35943634.51,0.49,USD,,,,equity,web_csv
2026-07-22,COPX,ARG CN,AMERIGO RESOURCES LTD,CA03074G1090,2855822,5800492.0,32329058.33,0.44,USD,,,,equity,web_csv
2026-07-22,COPX,SLS CN,SOLARIS RESOURCES INC,CA83419D2014,BMQ5701,3905717.0,30281820.19,0.41,USD,,,,equity,web_csv
2026-07-22,COPX,1515 JP,NITTETSU MINING CO LTD,JP3680800004,6641027,1750510.0,30211738.76,0.41,USD,,,,equity,web_csv
2026-07-22,COPX,OM CN,OSISKO METALS INC,CA6882741094,BYW9WY0,24870367.0,28782490.12,0.39,USD,,,,equity,web_csv
2026-07-22,COPX,CNL CN,COLLECTIVE MINING LTD,CA19425C1005,BN79Z49,1970824.0,26026714.76,0.35,USD,,,,equity,web_csv
2026-07-22,COPX,,CASH,CASH,,11820483.44,11820483.44,0.16,USD,,,,cash,web_csv
2026-07-23,COPX,,CASH,CASH,,6184818.55,6184818.55,0.09,USD,,,,cash,web_csv
2026-07-23,COPX,,OTHER PAYABLE & RECEIVABLES,CASH,,4765537.07,4765537.07,0.07,USD,,,,cash,web_csv
2026-07-23,COPX,BVR AU,BELLAVISTA RESOURCES LTD,AU0000216913,BNNFYB1,2246311.0,548182.52,0.01,USD,,,,equity,web_csv
2026-07-23,COPX,,HONG KONG DOLLAR,,,-61011.85,-7780.88,0.0,USD,,,,fx,web_csv
2026-07-23,COPX,,JAPANESE YEN,,,-18239780.0,-111262.27,-0.0,USD,,,,fx,web_csv
2026-07-23,COPX,BHP AU,BHP GROUP LTD,AU000000BHP4,6144690,9434399.0,398831141.44,5.46,USD,,,,equity,web_csv
2026-07-23,COPX,TECK/B CN,TECK RESOURCES LTD-CLS B,CA8787422044,2879327,6544712.0,391079933.39,5.36,USD,,,,equity,web_csv
2026-07-23,COPX,HBM CN,HUDBAY MINERALS INC,CA4436281022,B05BDX1,16927425.0,382466681.63,5.24,USD,,,,equity,web_csv
2026-07-23,COPX,SCCO,SOUTHERN COPPER CORP,US84265V1052,2823777,2029794.0,369869062.68,5.07,USD,,,,equity,web_csv
2026-07-23,COPX,FM CN,FIRST QUANTUM MINERALS LTD,CA3359341052,2347608,13288835.0,368361318.01,5.05,USD,,,,equity,web_csv
2026-07-23,COPX,GLEN LN,GLENCORE PLC,JE00B4T3BW64,B4T3BW6,50087064.0,358636584.5,4.91,USD,,,,equity,web_csv
2026-07-23,COPX,ANTO LN,ANTOFAGASTA PLC,GB0000456144,0045614,7424021.0,357978294.71,4.9,USD,,,,equity,web_csv
2026-07-23,COPX,FCX,FREEPORT-MCMORAN INC,US35671D8570,2352118,5543023.0,351981960.5,4.82,USD,,,,equity,web_csv
2026-07-23,COPX,KGH PW,KGHM POLSKA MIEDZ SA,PLKGHM000017,5263251,4225868.0,334990192.4,4.59,USD,,,,equity,web_csv
2026-07-23,COPX,2899 HK,ZIJIN MINING GROUP CO LTD-H,CNE100000502,6725299,78093035.0,333834341.87,4.57,USD,,,,equity,web_csv
2026-07-23,COPX,LUN CN,LUNDIN MINING CORP,CA5503721063,2866857,12656890.0,325597652.95,4.46,USD,,,,equity,web_csv
2026-07-23,COPX,BOL SS,BOLIDEN AB,SE0020050417,BPYTZ57,6346356.0,309058260.25,4.23,USD,,,,equity,web_csv
2026-07-23,COPX,5713 JP,SUMITOMO METAL MINING CO LTD,JP3402600005,6858849,5454476.0,262916822.84,3.6,USD,,,,equity,web_csv
2026-07-23,COPX,SFR AU,SANDFIRE RESOURCES LTD,AU000000SFR8,6739739,19380860.0,261616813.16,3.58,USD,,,,equity,web_csv
2026-07-23,COPX,CS CN,CAPSTONE COPPER CORP,CA14071L1085,BMY5XY9,27557505.0,253714881.88,3.48,USD,,,,equity,web_csv
2026-07-23,COPX,IVN CN,IVANHOE MINES LTD-CL A,CA46579R1047,BD73C40,32904433.0,248286866.22,3.4,USD,,,,equity,web_csv
2026-07-23,COPX,2099 HK,CHINA GOLD INTERNATIONAL RES,CA16890P1036,B60FNV8,9958700.0,222510982.31,3.05,USD,,,,equity,web_csv
2026-07-23,COPX,NDA GR,AURUBIS AG,DE0006766504,5485527,1061165.0,213215213.83,2.92,USD,,,,equity,web_csv
2026-07-23,COPX,358 HK,JIANGXI COPPER CO LTD-H,CNE1000003K3,6000305,42338201.0,195351010.64,2.68,USD,,,,equity,web_csv
2026-07-23,COPX,1208 HK,MMG LTD,HK1208013172,6728793,165870460.0,184882234.39,2.53,USD,,,,equity,web_csv
2026-07-23,COPX,5711 JP,MITSUBISHI MATERIALS CORP,JP3903000002,6597089,5181979.0,135733173.67,1.86,USD,,,,equity,web_csv
2026-07-23,COPX,NGEX CN,NGEX MINERALS LTD,CA62930A1021,BVBCQW5,5831436.0,110523046.1,1.51,USD,,,,equity,web_csv
2026-07-23,COPX,TGB,TREKOR METALS LTD,CA89472Y1079,BRSCTS7,15048497.0,109252088.22,1.5,USD,,,,equity,web_csv
2026-07-23,COPX,ERO CN,ERO COPPER CORP,CA2960061091,BF02Z72,4115647.0,108650159.31,1.49,USD,,,,equity,web_csv
2026-07-23,COPX,1258 HK,CHINA NONFERROUS MINING CORP,HK0000112026,B890GY2,54225800.0,102417866.79,1.4,USD,,,,equity,web_csv
2026-07-23,COPX,ALS CN,ALTIUS MINERALS CORPORATION,CA0209361009,2122355,1940132.0,80497402.24,1.1,USD,,,,equity,web_csv
2026-07-23,COPX,3939 HK,WANGUO GOLD GROUP LTD,KYG9430L1150,BV106D0,49231460.0,69628808.09,0.95,USD,,,,equity,web_csv
2026-07-23,COPX,ATYM LN,ATALAYA MINING COPPER SA,CY0106002112,BYZTVM8,4973269.0,59703069.49,0.82,USD,,,,equity,web_csv
2026-07-23,COPX,IE,IVANHOE ELECTRIC INC / US,US46578C1080,BPF0KH6,5083309.0,46054779.54,0.63,USD,,,,equity,web_csv
2026-07-23,COPX,DVP AU,DEVELOP GLOBAL LTD,AU0000179707,BNVQGB0,10733281.0,42732259.93,0.58,USD,,,,equity,web_csv
2026-07-23,COPX,AMAK AB,AL MASANE AL KOBRA MINING CO,SA15HG50KL10,BNNVLT6,2193750.0,41495164.64,0.57,USD,,,,equity,web_csv
2026-07-23,COPX,NDM CN,NORTHERN DYNASTY MINERALS,CA66510M2040,2637848,22790342.0,39311823.29,0.54,USD,,,,equity,web_csv
2026-07-23,COPX,FFM AU,FIREFLY METALS LTD,AU0000313769,BPDXXB2,30870440.0,38313345.47,0.53,USD,,,,equity,web_csv
2026-07-23,COPX,FDY CN,FARADAY COPPER CORP,CA3073571034,BLNNJN8,9056317.0,34714542.54,0.47,USD,,,,equity,web_csv
2026-07-23,COPX,ARG CN,AMERIGO RESOURCES LTD,CA03074G1090,2855822,5800492.0,31622203.06,0.43,USD,,,,equity,web_csv
2026-07-23,COPX,1515 JP,NITTETSU MINING CO LTD,JP3680800004,6641027,1750510.0,30464544.06,0.42,USD,,,,equity,web_csv
2026-07-23,COPX,SLS CN,SOLARIS RESOURCES INC,CA83419D2014,BMQ5701,3905717.0,29942675.14,0.41,USD,,,,equity,web_csv
2026-07-23,COPX,OM CN,OSISKO METALS INC,CA6882741094,BYW9WY0,24870367.0,28070192.39,0.38,USD,,,,equity,web_csv
2026-07-23,COPX,CNL CN,COLLECTIVE MINING LTD,CA19425C1005,BN79Z49,1970824.0,24999911.18,0.34,USD,,,,equity,web_csv
2026-07-24,COPX,IE,IVANHOE ELECTRIC INC / US,US46578C1080,BPF0KH6,5083309.0,46054779.54,0.64,USD,,,,equity,web_csv
2026-07-24,COPX,AMAK AB,AL MASANE AL KOBRA MINING CO,SA15HG50KL10,BNNVLT6,2193750.0,41491848.48,0.58,USD,,,,equity,web_csv
2026-07-24,COPX,DVP AU,DEVELOP GLOBAL LTD,AU0000179707,BNVQGB0,10733281.0,40280182.66,0.56,USD,,,,equity,web_csv
2026-07-24,COPX,NDM CN,NORTHERN DYNASTY MINERALS,CA66510M2040,2637848,22790342.0,35929808.07,0.5,USD,,,,equity,web_csv
2026-07-24,COPX,FFM AU,FIREFLY METALS LTD,AU0000313769,BPDXXB2,30870440.0,35596837.0,0.49,USD,,,,equity,web_csv
2026-07-24,COPX,FDY CN,FARADAY COPPER CORP,CA3073571034,BLNNJN8,9056317.0,33636003.2,0.47,USD,,,,equity,web_csv
2026-07-24,COPX,ARG CN,AMERIGO RESOURCES LTD,CA03074G1090,2855822,5800492.0,31306138.69,0.43,USD,,,,equity,web_csv
2026-07-24,COPX,SLS CN,SOLARIS RESOURCES INC,CA83419D2014,BMQ5701,3905717.0,29927696.93,0.42,USD,,,,equity,web_csv
2026-07-24,COPX,1515 JP,NITTETSU MINING CO LTD,JP3680800004,6641027,1750510.0,29719489.45,0.41,USD,,,,equity,web_csv
2026-07-24,COPX,OM CN,OSISKO METALS INC,CA6882741094,BYW9WY0,24870367.0,29495091.35,0.41,USD,,,,equity,web_csv
2026-07-24,COPX,CNL CN,COLLECTIVE MINING LTD,CA19425C1005,BN79Z49,1970824.0,25094538.45,0.35,USD,,,,equity,web_csv
2026-07-24,COPX,TECK/B CN,TECK RESOURCES LTD-CLS B,CA8787422044,2879327,6544712.0,395104191.4,5.49,USD,,,,equity,web_csv
2026-07-24,COPX,BHP AU,BHP GROUP LTD,AU000000BHP4,6144690,9434399.0,388012174.79,5.39,USD,,,,equity,web_csv
2026-07-24,COPX,HBM CN,HUDBAY MINERALS INC,CA4436281022,B05BDX1,16927425.0,379143546.14,5.27,USD,,,,equity,web_csv
2026-07-24,COPX,SCCO,SOUTHERN COPPER CORP,US84265V1052,2823777,2029794.0,363921766.26,5.06,USD,,,,equity,web_csv
2026-07-24,COPX,FM CN,FIRST QUANTUM MINERALS LTD,CA3359341052,2347608,13288835.0,363516616.98,5.05,USD,,,,equity,web_csv
2026-07-24,COPX,ANTO LN,ANTOFAGASTA PLC,GB0000456144,0045614,7424021.0,359277892.19,4.99,USD,,,,equity,web_csv
2026-07-24,COPX,GLEN LN,GLENCORE PLC,JE00B4T3BW64,B4T3BW6,50087064.0,358680254.39,4.98,USD,,,,equity,web_csv
2026-07-24,COPX,FCX,FREEPORT-MCMORAN INC,US35671D8570,2352118,5543023.0,346993239.8,4.82,USD,,,,equity,web_csv
2026-07-24,COPX,KGH PW,KGHM POLSKA MIEDZ SA,PLKGHM000017,5263251,4225868.0,338296828.97,4.7,USD,,,,equity,web_csv
2026-07-24,COPX,LUN CN,LUNDIN MINING CORP,CA5503721063,2866857,12656890.0,323039893.9,4.49,USD,,,,equity,web_csv
2026-07-24,COPX,2899 HK,ZIJIN MINING GROUP CO LTD-H,CNE100000502,6725299,78093035.0,322449945.59,4.48,USD,,,,equity,web_csv
2026-07-24,COPX,BOL SS,BOLIDEN AB,SE0020050417,BPYTZ57,6346356.0,314709386.1,4.37,USD,,,,equity,web_csv
2026-07-24,COPX,CS CN,CAPSTONE COPPER CORP,CA14071L1085,BMY5XY9,27557505.0,253431587.37,3.52,USD,,,,equity,web_csv
2026-07-24,COPX,SFR AU,SANDFIRE RESOURCES LTD,AU000000SFR8,6739739,19380860.0,250841086.29,3.48,USD,,,,equity,web_csv
2026-07-24,COPX,5713 JP,SUMITOMO METAL MINING CO LTD,JP3402600005,6858849,5454476.0,248498524.9,3.45,USD,,,,equity,web_csv
2026-07-24,COPX,IVN CN,IVANHOE MINES LTD-CL A,CA46579R1047,BD73C40,32904433.0,247925316.29,3.44,USD,,,,equity,web_csv
2026-07-24,COPX,NDA GR,AURUBIS AG,DE0006766504,5485527,1061165.0,216022141.87,3.0,USD,,,,equity,web_csv
2026-07-24,COPX,2099 HK,CHINA GOLD INTERNATIONAL RES,CA16890P1036,B60FNV8,9958700.0,212711330.02,2.96,USD,,,,equity,web_csv
2026-07-24,COPX,358 HK,JIANGXI COPPER CO LTD-H,CNE1000003K3,6000305,42338201.0,186910038.08,2.6,USD,,,,equity,web_csv
2026-07-24,COPX,1208 HK,MMG LTD,HK1208013172,6728793,165870460.0,175557870.19,2.44,USD,,,,equity,web_csv
2026-07-24,COPX,5711 JP,MITSUBISHI MATERIALS CORP,JP3903000002,6597089,5181979.0,131839900.54,1.83,USD,,,,equity,web_csv
2026-07-24,COPX,NGEX CN,NGEX MINERALS LTD,CA62930A1021,BVBCQW5,5831436.0,109700486.2,1.52,USD,,,,equity,web_csv
2026-07-24,COPX,ERO CN,ERO COPPER CORP,CA2960061091,BF02Z72,4115647.0,107235087.48,1.49,USD,,,,equity,web_csv
2026-07-24,COPX,TGB,TREKOR METALS LTD,CA89472Y1079,BRSCTS7,15048497.0,105339479.0,1.46,USD,,,,equity,web_csv
2026-07-24,COPX,1258 HK,CHINA NONFERROUS MINING CORP,HK0000112026,B890GY2,54225800.0,99849598.57,1.39,USD,,,,equity,web_csv
2026-07-24,COPX,ALS CN,ALTIUS MINERALS CORPORATION,CA0209361009,2122355,1940132.0,80407700.54,1.12,USD,,,,equity,web_csv
2026-07-24,COPX,3939 HK,WANGUO GOLD GROUP LTD,KYG9430L1150,BV106D0,49231460.0,68178226.93,0.95,USD,,,,equity,web_csv
2026-07-24,COPX,ATYM LN,ATALAYA MINING COPPER SA,CY0106002112,BYZTVM8,4973269.0,59986784.55,0.83,USD,,,,equity,web_csv
2026-07-24,COPX,,CASH,CASH,,5947563.48,5947563.48,0.08,USD,,,,cash,web_csv
2026-07-24,COPX,,OTHER PAYABLE & RECEIVABLES,CASH,,4877843.82,4877843.82,0.07,USD,,,,cash,web_csv
2026-07-24,COPX,BVR AU,BELLAVISTA RESOURCES LTD,AU0000216913,BNNFYB1,2246311.0,518046.17,0.01,USD,,,,equity,web_csv
2026-07-24,COPX,,HONG KONG DOLLAR,,,-61011.85,-7780.14,0.0,USD,,,,fx,web_csv
2026-07-24,COPX,,JAPANESE YEN,,,-18239780.0,-111391.37,-0.0,USD,,,,fx,web_csv
2026-07-27,COPX,BVR AU,BELLAVISTA RESOURCES LTD,AU0000216913,BNNFYB1,2246311.0,549757.95,0.01,USD,,,,equity,web_csv
2026-07-27,COPX,,HONG KONG DOLLAR,,,-61011.85,-7779.89,0.0,USD,,,,fx,web_csv
2026-07-27,COPX,,JAPANESE YEN,,,-18239780.0,-111404.98,-0.0,USD,,,,fx,web_csv
2026-07-27,COPX,BHP AU,BHP GROUP LTD,AU000000BHP4,6144690,9434399.0,396480931.33,5.5,USD,,,,equity,web_csv
2026-07-27,COPX,TECK/B CN,TECK RESOURCES LTD-CLS B,CA8787422044,2879327,6544712.0,391008690.86,5.43,USD,,,,equity,web_csv
2026-07-27,COPX,HBM CN,HUDBAY MINERALS INC,CA4436281022,B05BDX1,16927425.0,378643715.06,5.26,USD,,,,equity,web_csv
2026-07-27,COPX,SCCO,SOUTHERN COPPER CORP,US84265V1052,2823777,2029794.0,363982660.08,5.05,USD,,,,equity,web_csv
2026-07-27,COPX,FM CN,FIRST QUANTUM MINERALS LTD,CA3359341052,2347608,13288835.0,361562520.99,5.02,USD,,,,equity,web_csv
2026-07-27,COPX,ANTO LN,ANTOFAGASTA PLC,GB0000456144,0045614,7424021.0,350665725.42,4.87,USD,,,,equity,web_csv
2026-07-27,COPX,FCX,FREEPORT-MCMORAN INC,US35671D8570,2352118,5543023.0,347658402.56,4.83,USD,,,,equity,web_csv
2026-07-27,COPX,GLEN LN,GLENCORE PLC,JE00B4T3BW64,B4T3BW6,50087064.0,345843851.64,4.8,USD,,,,equity,web_csv
2026-07-27,COPX,KGH PW,KGHM POLSKA MIEDZ SA,PLKGHM000017,5263251,4225868.0,336379204.0,4.67,USD,,,,equity,web_csv
2026-07-27,COPX,2899 HK,ZIJIN MINING GROUP CO LTD-H,CNE100000502,6725299,78093035.0,325427062.87,4.52,USD,,,,equity,web_csv
2026-07-27,COPX,LUN CN,LUNDIN MINING CORP,CA5503721063,2866857,12656890.0,320065472.14,4.44,USD,,,,equity,web_csv
2026-07-27,COPX,BOL SS,BOLIDEN AB,SE0020050417,BPYTZ57,6346356.0,309085202.47,4.29,USD,,,,equity,web_csv
2026-07-27,COPX,SFR AU,SANDFIRE RESOURCES LTD,AU000000SFR8,6739739,19380860.0,260742428.08,3.62,USD,,,,equity,web_csv
2026-07-27,COPX,5713 JP,SUMITOMO METAL MINING CO LTD,JP3402600005,6858849,5454476.0,259356211.09,3.6,USD,,,,equity,web_csv
2026-07-27,COPX,CS CN,CAPSTONE COPPER CORP,CA14071L1085,BMY5XY9,27557505.0,256371587.95,3.56,USD,,,,equity,web_csv
2026-07-27,COPX,IVN CN,IVANHOE MINES LTD-CL A,CA46579R1047,BD73C40,32904433.0,250627168.85,3.48,USD,,,,equity,web_csv
2026-07-27,COPX,2099 HK,CHINA GOLD INTERNATIONAL RES,CA16890P1036,B60FNV8,9958700.0,216133219.42,3.0,USD,,,,equity,web_csv
2026-07-27,COPX,NDA GR,AURUBIS AG,DE0006766504,5485527,1061165.0,212500888.68,2.95,USD,,,,equity,web_csv
2026-07-27,COPX,358 HK,JIANGXI COPPER CO LTD-H,CNE1000003K3,6000305,42338201.0,189495470.7,2.63,USD,,,,equity,web_csv
2026-07-27,COPX,1208 HK,MMG LTD,HK1208013172,6728793,165870460.0,176398308.7,2.45,USD,,,,equity,web_csv
2026-07-27,COPX,5711 JP,MITSUBISHI MATERIALS CORP,JP3903000002,6597089,5181979.0,133691734.9,1.86,USD,,,,equity,web_csv
2026-07-27,COPX,NGEX CN,NGEX MINERALS LTD,CA62930A1021,BVBCQW5,5831436.0,108005623.72,1.5,USD,,,,equity,web_csv
2026-07-27,COPX,ERO CN,ERO COPPER CORP,CA2960061091,BF02Z72,4115647.0,107691815.43,1.5,USD,,,,equity,web_csv
2026-07-27,COPX,TGB,TREKOR METALS LTD,CA89472Y1079,BRSCTS7,15048497.0,106994813.67,1.49,USD,,,,equity,web_csv
2026-07-27,COPX,1258 HK,CHINA NONFERROUS MINING CORP,HK0000112026,B890GY2,54225800.0,100883601.26,1.4,USD,,,,equity,web_csv
2026-07-27,COPX,ALS CN,ALTIUS MINERALS CORPORATION,CA0209361009,2122355,1940132.0,81063934.56,1.12,USD,,,,equity,web_csv
2026-07-27,COPX,3939 HK,WANGUO GOLD GROUP LTD,KYG9430L1150,BV106D0,49231460.0,61333337.27,0.85,USD,,,,equity,web_csv
2026-07-27,COPX,ATYM LN,ATALAYA MINING COPPER SA,CY0106002112,BYZTVM8,4973269.0,59900970.74,0.83,USD,,,,equity,web_csv
2026-07-27,COPX,,CASH,CASH,,5947563.48,5947563.48,0.08,USD,,,,cash,web_csv
2026-07-27,COPX,,OTHER PAYABLE & RECEIVABLES,CASH,,4496376.97,4496376.97,0.06,USD,,,,cash,web_csv
2026-07-27,COPX,IE,IVANHOE ELECTRIC INC / US,US46578C1080,BPF0KH6,5083309.0,47071441.34,0.65,USD,,,,equity,web_csv
2026-07-27,COPX,AMAK AB,AL MASANE AL KOBRA MINING CO,SA15HG50KL10,BNNVLT6,2193750.0,42251558.38,0.59,USD,,,,equity,web_csv
2026-07-27,COPX,DVP AU,DEVELOP GLOBAL LTD,AU0000179707,BNVQGB0,10733281.0,42179595.29,0.58,USD,,,,equity,web_csv
2026-07-27,COPX,FFM AU,FIREFLY METALS LTD,AU0000313769,BPDXXB2,30870440.0,37883799.87,0.53,USD,,,,equity,web_csv
2026-07-27,COPX,NDM CN,NORTHERN DYNASTY MINERALS,CA66510M2040,2637848,22790342.0,35202427.15,0.49,USD,,,,equity,web_csv
2026-07-27,COPX,FDY CN,FARADAY COPPER CORP,CA3073571034,BLNNJN8,9056317.0,34265584.57,0.48,USD,,,,equity,web_csv
2026-07-27,COPX,1515 JP,NITTETSU MINING CO LTD,JP3680800004,6641027,1750510.0,31102358.16,0.43,USD,,,,equity,web_csv
2026-07-27,COPX,SLS CN,SOLARIS RESOURCES INC,CA83419D2014,BMQ5701,3905717.0,30551681.5,0.42,USD,,,,equity,web_csv
2026-07-27,COPX,ARG CN,AMERIGO RESOURCES LTD,CA03074G1090,2855822,5800492.0,30536476.11,0.42,USD,,,,equity,web_csv
2026-07-27,COPX,OM CN,OSISKO METALS INC,CA6882741094,BYW9WY0,24870367.0,29075782.44,0.4,USD,,,,equity,web_csv
2026-07-27,COPX,CNL CN,COLLECTIVE MINING LTD,CA19425C1005,BN79Z49,1970824.0,25358815.21,0.35,USD,,,,equity,web_csv
2026-07-28,COPX,BHP AU,BHP GROUP LTD,AU000000BHP4,6144690,9407827.0,389163268.16,5.52,USD,,,,equity,web_csv
2026-07-28,COPX,TECK/B CN,TECK RESOURCES LTD-CLS B,CA8787422044,2879327,6526304.0,382985701.07,5.43,USD,,,,equity,web_csv
2026-07-28,COPX,HBM CN,HUDBAY MINERALS INC,CA4436281022,B05BDX1,16879845.0,368126507.28,5.22,USD,,,,equity,web_csv
2026-07-28,COPX,SCCO,SOUTHERN COPPER CORP,US84265V1052,2823777,2024074.0,362228283.04,5.14,USD,,,,equity,web_csv
2026-07-28,COPX,FM CN,FIRST QUANTUM MINERALS LTD,CA3359341052,2347608,13251447.0,352413610.53,5.0,USD,,,,equity,web_csv
2026-07-28,COPX,ANTO LN,ANTOFAGASTA PLC,GB0000456144,0045614,7403143.0,350398641.91,4.97,USD,,,,equity,web_csv
2026-07-28,COPX,FCX,FREEPORT-MCMORAN INC,US35671D8570,2352118,5527423.0,340710353.72,4.83,USD,,,,equity,web_csv
2026-07-28,COPX,GLEN LN,GLENCORE PLC,JE00B4T3BW64,B4T3BW6,49945962.0,336243683.25,4.77,USD,,,,equity,web_csv
2026-07-28,COPX,KGH PW,KGHM POLSKA MIEDZ SA,PLKGHM000017,5263251,4213986.0,324323324.34,4.6,USD,,,,equity,web_csv
2026-07-28,COPX,2899 HK,ZIJIN MINING GROUP CO LTD-H,CNE100000502,6725299,77872035.0,322151719.42,4.57,USD,,,,equity,web_csv
2026-07-28,COPX,LUN CN,LUNDIN MINING CORP,CA5503721063,2866857,12621296.0,310689068.82,4.41,USD,,,,equity,web_csv
2026-07-28,COPX,BOL SS,BOLIDEN AB,SE0020050417,BPYTZ57,6328468.0,302971903.1,4.3,USD,,,,equity,web_csv
2026-07-28,COPX,CS CN,CAPSTONE COPPER CORP,CA14071L1085,BMY5XY9,27479999.0,255424004.32,3.62,USD,,,,equity,web_csv
2026-07-28,COPX,IVN CN,IVANHOE MINES LTD-CL A,CA46579R1047,BD73C40,32811873.0,248453191.28,3.53,USD,,,,equity,web_csv
2026-07-28,COPX,SFR AU,SANDFIRE RESOURCES LTD,AU000000SFR8,6739739,19326182.0,248168622.85,3.52,USD,,,,equity,web_csv
2026-07-28,COPX,5713 JP,SUMITOMO METAL MINING CO LTD,JP3402600005,6858849,5439084.0,244414429.14,3.47,USD,,,,equity,web_csv
2026-07-28,COPX,2099 HK,CHINA GOLD INTERNATIONAL RES,CA16890P1036,B60FNV8,9930100.0,217557903.73,3.09,USD,,,,equity,web_csv
2026-07-28,COPX,NDA GR,AURUBIS AG,DE0006766504,5485527,1058175.0,210606066.47,2.99,USD,,,,equity,web_csv
2026-07-28,COPX,358 HK,JIANGXI COPPER CO LTD-H,CNE1000003K3,6000305,42218601.0,184346831.72,2.62,USD,,,,equity,web_csv
2026-07-28,COPX,1208 HK,MMG LTD,HK1208013172,6728793,165405060.0,171700389.39,2.44,USD,,,,equity,web_csv
2026-07-28,COPX,5711 JP,MITSUBISHI MATERIALS CORP,JP3903000002,6597089,5167367.0,127201577.29,1.8,USD,,,,equity,web_csv
2026-07-28,COPX,NGEX CN,NGEX MINERALS LTD,CA62930A1021,BVBCQW5,5815030.0,105255568.01,1.49,USD,,,,equity,web_csv
2026-07-28,COPX,ERO CN,ERO COPPER CORP,CA2960061091,BF02Z72,4104077.0,105246173.27,1.49,USD,,,,equity,web_csv
2026-07-28,COPX,TGB,TREKOR METALS LTD,CA89472Y1079,BRSCTS7,15006169.0,103242442.72,1.47,USD,,,,equity,web_csv
2026-07-28,COPX,1258 HK,CHINA NONFERROUS MINING CORP,HK0000112026,B890GY2,54072400.0,97779983.8,1.39,USD,,,,equity,web_csv
2026-07-28,COPX,ALS CN,ALTIUS MINERALS CORPORATION,CA0209361009,2122355,1934672.0,78253775.46,1.11,USD,,,,equity,web_csv
2026-07-28,COPX,3939 HK,WANGUO GOLD GROUP LTD,KYG9430L1150,BV106D0,49093660.0,60666266.92,0.86,USD,,,,equity,web_csv
2026-07-28,COPX,ATYM LN,ATALAYA MINING COPPER SA,CY0106002112,BYZTVM8,4959229.0,58697876.34,0.83,USD,,,,equity,web_csv
2026-07-28,COPX,IE,IVANHOE ELECTRIC INC / US,US46578C1080,BPF0KH6,5069009.0,46026601.72,0.65,USD,,,,equity,web_csv
2026-07-28,COPX,AMAK AB,AL MASANE AL KOBRA MINING CO,SA15HG50KL10,BNNVLT6,2187562.0,42743120.06,0.61,USD,,,,equity,web_csv
2026-07-28,COPX,DVP AU,DEVELOP GLOBAL LTD,AU0000179707,BNVQGB0,10703017.0,41611740.8,0.59,USD,,,,equity,web_csv
2026-07-28,COPX,FFM AU,FIREFLY METALS LTD,AU0000313769,BPDXXB2,30783366.0,37641653.89,0.53,USD,,,,equity,web_csv
2026-07-28,COPX,NDM CN,NORTHERN DYNASTY MINERALS,CA66510M2040,2637848,22726226.0,33192261.73,0.47,USD,,,,equity,web_csv
2026-07-28,COPX,FDY CN,FARADAY COPPER CORP,CA3073571034,BLNNJN8,9030837.0,32718336.04,0.46,USD,,,,equity,web_csv
2026-07-28,COPX,1515 JP,NITTETSU MINING CO LTD,JP3680800004,6641027,1745570.0,30347087.29,0.43,USD,,,,equity,web_csv
2026-07-28,COPX,ARG CN,AMERIGO RESOURCES LTD,CA03074G1090,2855822,5784164.0,29321686.41,0.42,USD,,,,equity,web_csv
2026-07-28,COPX,SLS CN,SOLARIS RESOURCES INC,CA83419D2014,BMQ5701,3894719.0,29132039.74,0.41,USD,,,,equity,web_csv
2026-07-28,COPX,OM CN,OSISKO METALS INC,CA6882741094,BYW9WY0,24800401.0,28133320.29,0.4,USD,,,,equity,web_csv
2026-07-28,COPX,CNL CN,COLLECTIVE MINING LTD,CA19425C1005,BN79Z49,1965286.0,25011084.19,0.35,USD,,,,equity,web_csv
2026-07-28,COPX,,CASH,CASH,,5947563.48,5947563.48,0.08,USD,,,,cash,web_csv
2026-07-28,COPX,,OTHER PAYABLE & RECEIVABLES,CASH,,4387173.64,4387173.64,0.06,USD,,,,cash,web_csv
2026-07-28,COPX,BVR AU,BELLAVISTA RESOURCES LTD,AU0000216913,BNNFYB1,2239499.0,514920.62,0.01,USD,,,,equity,web_csv
2026-07-28,COPX,,HONG KONG DOLLAR,,,-61011.85,-7780.59,0.0,USD,,,,fx,web_csv
2026-07-28,COPX,,JAPANESE YEN,,,-18239780.0,-111303.01,-0.0,USD,,,,fx,web_csv
2026-07-29,COPX,BVR AU,BELLAVISTA RESOURCES LTD,AU0000216913,BNNFYB1,2254957.0,530890.41,0.01,USD,,,,equity,web_csv
2026-07-29,COPX,,SAUDI RIYAL,,,454272.93,120997.48,0.0,USD,,,,fx,web_csv
2026-07-29,COPX,,HONG KONG DOLLAR,,,-61011.85,-7779.2,0.0,USD,,,,fx,web_csv
2026-07-29,COPX,,JAPANESE YEN,,,-18239780.0,-111296.21,-0.0,USD,,,,fx,web_csv
2026-07-29,COPX,,OTHER PAYABLE & RECEIVABLES,CASH,,-4399264.2,-4399264.2,-0.06,USD,,,,cash,web_csv
2026-07-29,COPX,BHP AU,BHP GROUP LTD,AU000000BHP4,6144690,9468125.0,394551648.03,5.59,USD,,,,equity,web_csv
2026-07-29,COPX,TECK/B CN,TECK RESOURCES LTD-CLS B,CA8787422044,2879327,6568076.0,376963419.41,5.34,USD,,,,equity,web_csv
2026-07-29,COPX,HBM CN,HUDBAY MINERALS INC,CA4436281022,B05BDX1,16987815.0,372537158.72,5.28,USD,,,,equity,web_csv
2026-07-29,COPX,FM CN,FIRST QUANTUM MINERALS LTD,CA3359341052,2347608,13336289.0,359376099.73,5.09,USD,,,,equity,web_csv
2026-07-29,COPX,SCCO,SOUTHERN COPPER CORP,US84265V1052,2823777,2037054.0,357441865.38,5.06,USD,,,,equity,web_csv
2026-07-29,COPX,ANTO LN,ANTOFAGASTA PLC,GB0000456144,0045614,7450520.0,351373307.11,4.97,USD,,,,equity,web_csv
2026-07-29,COPX,GLEN LN,GLENCORE PLC,JE00B4T3BW64,B4T3BW6,50266155.0,347807886.84,4.92,USD,,,,equity,web_csv
2026-07-29,COPX,FCX,FREEPORT-MCMORAN INC,US35671D8570,2352118,5562823.0,333713751.77,4.72,USD,,,,equity,web_csv
2026-07-29,COPX,KGH PW,KGHM POLSKA MIEDZ SA,PLKGHM000017,5263251,4240949.0,328234052.86,4.65,USD,,,,equity,web_csv
2026-07-29,COPX,2899 HK,ZIJIN MINING GROUP CO LTD-H,CNE100000502,6725299,78373535.0,326766662.35,4.63,USD,,,,equity,web_csv
2026-07-29,COPX,LUN CN,LUNDIN MINING CORP,CA5503721063,2866857,12702067.0,311365383.9,4.41,USD,,,,equity,web_csv
2026-07-29,COPX,BOL SS,BOLIDEN AB,SE0020050417,BPYTZ57,6369060.0,303346264.35,4.29,USD,,,,equity,web_csv
2026-07-29,COPX,CS CN,CAPSTONE COPPER CORP,CA14071L1085,BMY5XY9,27655878.0,251229721.02,3.56,USD,,,,equity,web_csv
2026-07-29,COPX,SFR AU,SANDFIRE RESOURCES LTD,AU000000SFR8,6739739,19450259.0,250779920.77,3.55,USD,,,,equity,web_csv
2026-07-29,COPX,IVN CN,IVANHOE MINES LTD-CL A,CA46579R1047,BD73C40,33021913.0,248182859.85,3.51,USD,,,,equity,web_csv
2026-07-29,COPX,5713 JP,SUMITOMO METAL MINING CO LTD,JP3402600005,6858849,5474012.0,244332292.64,3.46,USD,,,,equity,web_csv
2026-07-29,COPX,2099 HK,CHINA GOLD INTERNATIONAL RES,CA16890P1036,B60FNV8,9995000.0,224293155.0,3.18,USD,,,,equity,web_csv
2026-07-29,COPX,NDA GR,AURUBIS AG,DE0006766504,5485527,1064960.0,212720493.5,3.01,USD,,,,equity,web_csv
2026-07-29,COPX,358 HK,JIANGXI COPPER CO LTD-H,CNE1000003K3,6000305,42490001.0,186799002.22,2.65,USD,,,,equity,web_csv
2026-07-29,COPX,1208 HK,MMG LTD,HK1208013172,6728793,166461160.0,170855652.27,2.42,USD,,,,equity,web_csv
2026-07-29,COPX,5711 JP,MITSUBISHI MATERIALS CORP,JP3903000002,6597089,5200525.0,125154044.6,1.77,USD,,,,equity,web_csv
2026-07-29,COPX,NGEX CN,NGEX MINERALS LTD,CA62930A1021,BVBCQW5,5852259.0,104747150.19,1.48,USD,,,,equity,web_csv
2026-07-29,COPX,ERO CN,ERO COPPER CORP,CA2960061091,BF02Z72,4130332.0,104002114.45,1.47,USD,,,,equity,web_csv
2026-07-29,COPX,TGB,TREKOR METALS LTD,CA89472Y1079,BRSCTS7,15102221.0,101335902.91,1.44,USD,,,,equity,web_csv
2026-07-29,COPX,1258 HK,CHINA NONFERROUS MINING CORP,HK0000112026,B890GY2,54420500.0,99918423.55,1.42,USD,,,,equity,web_csv
2026-07-29,COPX,ALS CN,ALTIUS MINERALS CORPORATION,CA0209361009,2122355,1947062.0,81569191.91,1.16,USD,,,,equity,web_csv
2026-07-29,COPX,3939 HK,WANGUO GOLD GROUP LTD,KYG9430L1150,BV106D0,49406360.0,65262419.06,0.92,USD,,,,equity,web_csv
2026-07-29,COPX,ATYM LN,ATALAYA MINING COPPER SA,CY0106002112,BYZTVM8,4991089.0,58597359.99,0.83,USD,,,,equity,web_csv
2026-07-29,COPX,IE,IVANHOE ELECTRIC INC / US,US46578C1080,BPF0KH6,5101459.0,44535737.07,0.63,USD,,,,equity,web_csv
2026-07-29,COPX,AMAK AB,AL MASANE AL KOBRA MINING CO,SA15HG50KL10,BNNVLT6,2201604.0,42866304.18,0.61,USD,,,,equity,web_csv
2026-07-29,COPX,FFM AU,FIREFLY METALS LTD,AU0000313769,BPDXXB2,30980957.0,36040582.88,0.51,USD,,,,equity,web_csv
2026-07-29,COPX,DVP AU,DEVELOP GLOBAL LTD,AU0000179707,BNVQGB0,10771693.0,34310693.35,0.49,USD,,,,equity,web_csv
2026-07-29,COPX,FDY CN,FARADAY COPPER CORP,CA3073571034,BLNNJN8,9088657.0,33412045.89,0.47,USD,,,,equity,web_csv
2026-07-29,COPX,NDM CN,NORTHERN DYNASTY MINERALS,CA66510M2040,2637848,22871720.0,31327787.94,0.44,USD,,,,equity,web_csv
2026-07-29,COPX,1515 JP,NITTETSU MINING CO LTD,JP3680800004,6641027,1756780.0,28942892.88,0.41,USD,,,,equity,web_csv
2026-07-29,COPX,SLS CN,SOLARIS RESOURCES INC,CA83419D2014,BMQ5701,3919676.0,28708034.72,0.41,USD,,,,equity,web_csv
2026-07-29,COPX,ARG CN,AMERIGO RESOURCES LTD,CA03074G1090,2855822,5821216.0,27803685.94,0.39,USD,,,,equity,web_csv
2026-07-29,COPX,OM CN,OSISKO METALS INC,CA6882741094,BYW9WY0,24959170.0,25861671.48,0.37,USD,,,,equity,web_csv
2026-07-29,COPX,CNL CN,COLLECTIVE MINING LTD,CA19425C1005,BN79Z49,1977853.0,24367856.41,0.34,USD,,,,equity,web_csv
2026-07-29,COPX,,CASH,CASH,,14546383.22,14546383.22,0.21,USD,,,,cash,web_csv
2026-07-30,COPX,,OTHER PAYABLE & RECEIVABLES,CASH,,1228468.93,1228468.93,0.02,USD,,,,cash,web_csv
2026-07-30,COPX,BVR AU,BELLAVISTA RESOURCES LTD,AU0000216913,BNNFYB1,2260721.0,554234.13,0.01,USD,,,,equity,web_csv
2026-07-30,COPX,,SAUDI RIYAL,,,454272.93,120981.37,0.0,USD,,,,fx,web_csv
2026-07-30,COPX,,HONG KONG DOLLAR,,,-61011.85,-7778.4,0.0,USD,,,,fx,web_csv
2026-07-30,COPX,,JAPANESE YEN,,,-18239780.0,-114481.59,-0.0,USD,,,,fx,web_csv
2026-07-30,COPX,IE,IVANHOE ELECTRIC INC / US,US46578C1080,BPF0KH6,5113559.0,47811776.65,0.65,USD,,,,equity,web_csv
2026-07-30,COPX,AMAK AB,AL MASANE AL KOBRA MINING CO,SA15HG50KL10,BNNVLT6,2206840.0,43138846.84,0.59,USD,,,,equity,web_csv
2026-07-30,COPX,FDY CN,FARADAY COPPER CORP,CA3073571034,BLNNJN8,9110217.0,36137984.89,0.49,USD,,,,equity,web_csv
2026-07-30,COPX,FFM AU,FIREFLY METALS LTD,AU0000313769,BPDXXB2,31054635.0,35129923.67,0.48,USD,,,,equity,web_csv
2026-07-30,COPX,DVP AU,DEVELOP GLOBAL LTD,AU0000179707,BNVQGB0,10797301.0,35092268.16,0.48,USD,,,,equity,web_csv
2026-07-30,COPX,NDM CN,NORTHERN DYNASTY MINERALS,CA66510M2040,2637848,22925972.0,32058577.48,0.44,USD,,,,equity,web_csv
2026-07-30,COPX,SLS CN,SOLARIS RESOURCES INC,CA83419D2014,BMQ5701,3928982.0,30301641.22,0.41,USD,,,,equity,web_csv
2026-07-30,COPX,1515 JP,NITTETSU MINING CO LTD,JP3680800004,6641027,1760960.0,30251043.59,0.41,USD,,,,equity,web_csv
2026-07-30,COPX,OM CN,OSISKO METALS INC,CA6882741094,BYW9WY0,25018372.0,28737258.89,0.39,USD,,,,equity,web_csv
2026-07-30,COPX,ARG CN,AMERIGO RESOURCES LTD,CA03074G1090,2855822,5835032.0,27475626.01,0.38,USD,,,,equity,web_csv
2026-07-30,COPX,CNL CN,COLLECTIVE MINING LTD,CA19425C1005,BN79Z49,1982539.0,25926543.62,0.35,USD,,,,equity,web_csv
2026-07-30,COPX,TECK/B CN,TECK RESOURCES LTD-CLS B,CA8787422044,2879327,6583652.0,411134776.56,5.62,USD,,,,equity,web_csv
2026-07-30,COPX,BHP AU,BHP GROUP LTD,AU000000BHP4,6144690,9490609.0,393212287.57,5.38,USD,,,,equity,web_csv
2026-07-30,COPX,HBM CN,HUDBAY MINERALS INC,CA4436281022,B05BDX1,17028075.0,386811192.52,5.29,USD,,,,equity,web_csv
2026-07-30,COPX,SCCO,SOUTHERN COPPER CORP,US84265V1052,2823777,2041894.0,377750390.0,5.16,USD,,,,equity,web_csv
2026-07-30,COPX,FM CN,FIRST QUANTUM MINERALS LTD,CA3359341052,2347608,13367925.0,371572331.18,5.08,USD,,,,equity,web_csv
2026-07-30,COPX,ANTO LN,ANTOFAGASTA PLC,GB0000456144,0045614,7468186.0,371433801.65,5.08,USD,,,,equity,web_csv
2026-07-30,COPX,GLEN LN,GLENCORE PLC,JE00B4T3BW64,B4T3BW6,50385549.0,364661639.11,4.99,USD,,,,equity,web_csv
2026-07-30,COPX,FCX,FREEPORT-MCMORAN INC,US35671D8570,2352118,5576023.0,353742899.12,4.84,USD,,,,equity,web_csv
2026-07-30,COPX,KGH PW,KGHM POLSKA MIEDZ SA,PLKGHM000017,5263251,4251003.0,351141920.15,4.8,USD,,,,equity,web_csv
2026-07-30,COPX,2899 HK,ZIJIN MINING GROUP CO LTD-H,CNE100000502,6725299,78560535.0,325710100.17,4.45,USD,,,,equity,web_csv
2026-07-30,COPX,LUN CN,LUNDIN MINING CORP,CA5503721063,2866857,12732185.0,323470986.23,4.42,USD,,,,equity,web_csv
2026-07-30,COPX,BOL SS,BOLIDEN AB,SE0020050417,BPYTZ57,6384196.0,316309682.74,4.32,USD,,,,equity,web_csv
2026-07-30,COPX,CS CN,CAPSTONE COPPER CORP,CA14071L1085,BMY5XY9,27721460.0,262054967.36,3.58,USD,,,,equity,web_csv
2026-07-30,COPX,5713 JP,SUMITOMO METAL MINING CO LTD,JP3402600005,6858849,5487036.0,255883743.79,3.5,USD,,,,equity,web_csv
2026-07-30,COPX,SFR AU,SANDFIRE RESOURCES LTD,AU000000SFR8,6739739,19496525.0,252779517.21,3.46,USD,,,,equity,web_csv
2026-07-30,COPX,IVN CN,IVANHOE MINES LTD-CL A,CA46579R1047,BD73C40,33100233.0,249612572.9,3.41,USD,,,,equity,web_csv
2026-07-30,COPX,2099 HK,CHINA GOLD INTERNATIONAL RES,CA16890P1036,B60FNV8,10019200.0,223919140.72,3.06,USD,,,,equity,web_csv
2026-07-30,COPX,NDA GR,AURUBIS AG,DE0006766504,5485527,1067490.0,222757029.79,3.04,USD,,,,equity,web_csv
2026-07-30,COPX,358 HK,JIANGXI COPPER CO LTD-H,CNE1000003K3,6000305,42591201.0,183641041.32,2.51,USD,,,,equity,web_csv
2026-07-30,COPX,1208 HK,MMG LTD,HK1208013172,6728793,166854960.0,171242381.26,2.34,USD,,,,equity,web_csv
2026-07-30,COPX,5711 JP,MITSUBISHI MATERIALS CORP,JP3903000002,6597089,5212889.0,129925512.12,1.78,USD,,,,equity,web_csv
2026-07-30,COPX,ERO CN,ERO COPPER CORP,CA2960061091,BF02Z72,4140122.0,111858466.91,1.53,USD,,,,equity,web_csv
2026-07-30,COPX,NGEX CN,NGEX MINERALS LTD,CA62930A1021,BVBCQW5,5866141.0,108354004.56,1.48,USD,,,,equity,web_csv
2026-07-30,COPX,TGB,TREKOR METALS LTD,CA89472Y1079,BRSCTS7,15138037.0,107177301.96,1.47,USD,,,,equity,web_csv
2026-07-30,COPX,1258 HK,CHINA NONFERROUS MINING CORP,HK0000112026,B890GY2,54550300.0,100702896.45,1.38,USD,,,,equity,web_csv
2026-07-30,COPX,ALS CN,ALTIUS MINERALS CORPORATION,CA0209361009,2122355,1951682.0,82250102.19,1.12,USD,,,,equity,web_csv
2026-07-30,COPX,3939 HK,WANGUO GOLD GROUP LTD,KYG9430L1150,BV106D0,49522960.0,63326251.96,0.87,USD,,,,equity,web_csv
2026-07-30,COPX,ATYM LN,ATALAYA MINING COPPER SA,CY0106002112,BYZTVM8,5002969.0,59485579.52,0.81,USD,,,,equity,web_csv
2026-07-30,COPX,,CASH,CASH,,8736839.72,8736839.72,0.12,USD,,,,cash,web_csv
2026-07-31,COPX,IE,IVANHOE ELECTRIC INC / US,US46578C1080,BPF0KH6,5116309.0,46814227.35,0.64,USD,,,,equity,web_csv
2026-07-31,COPX,AMAK AB,AL MASANE AL KOBRA MINING CO,SA15HG50KL10,BNNVLT6,2206840.0,43131954.73,0.59,USD,,,,equity,web_csv
2026-07-31,COPX,FFM AU,FIREFLY METALS LTD,AU0000313769,BPDXXB2,31071380.0,38190263.31,0.52,USD,,,,equity,web_csv
2026-07-31,COPX,DVP AU,DEVELOP GLOBAL LTD,AU0000179707,BNVQGB0,10803121.0,36723888.8,0.5,USD,,,,equity,web_csv
2026-07-31,COPX,FDY CN,FARADAY COPPER CORP,CA3073571034,BLNNJN8,9115117.0,35671662.92,0.49,USD,,,,equity,web_csv
2026-07-31,COPX,1515 JP,NITTETSU MINING CO LTD,JP3680800004,6641027,1761910.0,33473246.98,0.46,USD,,,,equity,web_csv
2026-07-31,COPX,NDM CN,NORTHERN DYNASTY MINERALS,CA66510M2040,2637848,22938302.0,32048381.45,0.44,USD,,,,equity,web_csv
2026-07-31,COPX,SLS CN,SOLARIS RESOURCES INC,CA83419D2014,BMQ5701,3931097.0,29535418.88,0.4,USD,,,,equity,web_csv
2026-07-31,COPX,OM CN,OSISKO METALS INC,CA6882741094,BYW9WY0,25031827.0,28371247.77,0.39,USD,,,,equity,web_csv
2026-07-31,COPX,ARG CN,AMERIGO RESOURCES LTD,CA03074G1090,2855822,5838172.0,27591745.63,0.38,USD,,,,equity,web_csv
2026-07-31,COPX,CNL CN,COLLECTIVE MINING LTD,CA19425C1005,BN79Z49,1983604.0,24461880.6,0.33,USD,,,,equity,web_csv
2026-07-31,COPX,,CASH,CASH,,7238317.45,7238317.45,0.1,USD,,,,cash,web_csv
2026-07-31,COPX,,OTHER PAYABLE & RECEIVABLES,CASH,,2788330.12,2788330.12,0.04,USD,,,,cash,web_csv
2026-07-31,COPX,,CHINESE YUAN RENMINBI,,,4790985.7,710033.38,0.01,USD,,,,fx,web_csv
2026-07-31,COPX,BVR AU,BELLAVISTA RESOURCES LTD,AU0000216913,BNNFYB1,2262031.0,564002.42,0.01,USD,,,,equity,web_csv
2026-07-31,COPX,,CANADIAN DOLLAR,,,-100.89,-71.92,0.0,USD,,,,fx,web_csv
2026-07-31,COPX,,SAUDI RIYAL,,,-161896.61,-43109.2,-0.0,USD,,,,fx,web_csv
2026-07-31,COPX,,JAPANESE YEN,,,-18239780.0,-114553.49,-0.0,USD,,,,fx,web_csv
2026-07-31,COPX,,HONG KONG DOLLAR,,,-5616352.92,-716225.38,-0.01,USD,,,,fx,web_csv
2026-07-31,COPX,BHP AU,BHP GROUP LTD,AU000000BHP4,6144690,9495719.0,402227022.87,5.48,USD,,,,equity,web_csv
2026-07-31,COPX,TECK/B CN,TECK RESOURCES LTD-CLS B,CA8787422044,2879327,6587192.0,396118984.3,5.39,USD,,,,equity,web_csv
2026-07-31,COPX,HBM CN,HUDBAY MINERALS INC,CA4436281022,B05BDX1,17037225.0,386323646.33,5.26,USD,,,,equity,web_csv
2026-07-31,COPX,SCCO,SOUTHERN COPPER CORP,US84265V1052,2823777,2042994.0,373275433.74,5.08,USD,,,,equity,web_csv
2026-07-31,COPX,FM CN,FIRST QUANTUM MINERALS LTD,CA3359341052,2347608,13375115.0,370500744.13,5.04,USD,,,,equity,web_csv
2026-07-31,COPX,GLEN LN,GLENCORE PLC,JE00B4T3BW64,B4T3BW6,50412684.0,368386814.5,5.02,USD,,,,equity,web_csv
2026-07-31,COPX,ANTO LN,ANTOFAGASTA PLC,GB0000456144,0045614,7472201.0,367536397.9,5.0,USD,,,,equity,web_csv
2026-07-31,COPX,KGH PW,KGHM POLSKA MIEDZ SA,PLKGHM000017,5263251,4253288.0,349895827.22,4.76,USD,,,,equity,web_csv
2026-07-31,COPX,FCX,FREEPORT-MCMORAN INC,US35671D8570,2352118,5579023.0,349414210.49,4.76,USD,,,,equity,web_csv
2026-07-31,COPX,2899 HK,ZIJIN MINING GROUP CO LTD-H,CNE100000502,6725299,78603035.0,333192828.43,4.54,USD,,,,equity,web_csv
2026-07-31,COPX,BOL SS,BOLIDEN AB,SE0020050417,BPYTZ57,6387636.0,319247887.3,4.35,USD,,,,equity,web_csv
2026-07-31,COPX,LUN CN,LUNDIN MINING CORP,CA5503721063,2866857,12739030.0,315195303.35,4.29,USD,,,,equity,web_csv
2026-07-31,COPX,5713 JP,SUMITOMO METAL MINING CO LTD,JP3402600005,6858849,5489996.0,282214584.77,3.84,USD,,,,equity,web_csv
2026-07-31,COPX,CS CN,CAPSTONE COPPER CORP,CA14071L1085,BMY5XY9,27736365.0,263157870.16,3.58,USD,,,,equity,web_csv
2026-07-31,COPX,SFR AU,SANDFIRE RESOURCES LTD,AU000000SFR8,6739739,19507040.0,259629866.76,3.54,USD,,,,equity,web_csv
2026-07-31,COPX,IVN CN,IVANHOE MINES LTD-CL A,CA46579R1047,BD73C40,33118033.0,237729331.23,3.24,USD,,,,equity,web_csv
2026-07-31,COPX,2099 HK,CHINA GOLD INTERNATIONAL RES,CA16890P1036,B60FNV8,10024700.0,224870527.7,3.06,USD,,,,equity,web_csv
2026-07-31,COPX,NDA GR,AURUBIS AG,DE0006766504,5485527,1068065.0,223161254.1,3.04,USD,,,,equity,web_csv
2026-07-31,COPX,358 HK,JIANGXI COPPER CO LTD-H,CNE1000003K3,6000305,42614201.0,191181339.42,2.6,USD,,,,equity,web_csv
2026-07-31,COPX,1208 HK,MMG LTD,HK1208013172,6728793,166944460.0,178619671.93,2.43,USD,,,,equity,web_csv
2026-07-31,COPX,5711 JP,MITSUBISHI MATERIALS CORP,JP3903000002,6597089,5215699.0,137349197.09,1.87,USD,,,,equity,web_csv
2026-07-31,COPX,ERO CN,ERO COPPER CORP,CA2960061091,BF02Z72,4142347.0,111143701.09,1.51,USD,,,,equity,web_csv
2026-07-31,COPX,NGEX CN,NGEX MINERALS LTD,CA62930A1021,BVBCQW5,5869296.0,104805121.57,1.43,USD,,,,equity,web_csv
2026-07-31,COPX,1258 HK,CHINA NONFERROUS MINING CORP,HK0000112026,B890GY2,54579800.0,102664258.57,1.4,USD,,,,equity,web_csv
2026-07-31,COPX,TGB,TREKOR METALS LTD,CA89472Y1079,BRSCTS7,15146177.0,102539618.29,1.4,USD,,,,equity,web_csv
2026-07-31,COPX,ALS CN,ALTIUS MINERALS CORPORATION,CA0209361009,2122355,1952732.0,80720624.93,1.1,USD,,,,equity,web_csv
2026-07-31,COPX,3939 HK,WANGUO GOLD GROUP LTD,KYG9430L1150,BV106D0,49549460.0,66536907.49,0.91,USD,,,,equity,web_csv
2026-07-31,COPX,ATYM LN,ATALAYA MINING COPPER SA,CY0106002112,BYZTVM8,5005669.0,59650641.92,0.81,USD,,,,equity,web_csv
2026-08-03,COPX,BHP AU,BHP GROUP LTD,AU000000BHP4,6144690,9507983.0,404068315.46,5.48,USD,,,,equity,web_csv
2026-08-03,COPX,TECK/B CN,TECK RESOURCES LTD-CLS B,CA8787422044,2879327,6595688.0,396403832.64,5.38,USD,,,,equity,web_csv
2026-08-03,COPX,HBM CN,HUDBAY MINERALS INC,CA4436281022,B05BDX1,17059185.0,386601129.09,5.24,USD,,,,equity,web_csv
2026-08-03,COPX,SCCO,SOUTHERN COPPER CORP,US84265V1052,2823777,2045634.0,380303816.94,5.16,USD,,,,equity,web_csv
2026-08-03,COPX,FM CN,FIRST QUANTUM MINERALS LTD,CA3359341052,2347608,13392371.0,370767311.69,5.03,USD,,,,equity,web_csv
2026-08-03,COPX,ANTO LN,ANTOFAGASTA PLC,GB0000456144,0045614,7481837.0,369874337.51,5.01,USD,,,,equity,web_csv
2026-08-03,COPX,GLEN LN,GLENCORE PLC,JE00B4T3BW64,B4T3BW6,50477808.0,365599356.51,4.96,USD,,,,equity,web_csv
2026-08-03,COPX,KGH PW,KGHM POLSKA MIEDZ SA,PLKGHM000017,5263251,4258772.0,356121353.59,4.83,USD,,,,equity,web_csv
2026-08-03,COPX,FCX,FREEPORT-MCMORAN INC,US35671D8570,2352118,5586223.0,355507231.72,4.82,USD,,,,equity,web_csv
2026-08-03,COPX,2899 HK,ZIJIN MINING GROUP CO LTD-H,CNE100000502,6725299,78705035.0,330388124.79,4.48,USD,,,,equity,web_csv
2026-08-03,COPX,BOL SS,BOLIDEN AB,SE0020050417,BPYTZ57,6395892.0,318726150.63,4.32,USD,,,,equity,web_csv
2026-08-03,COPX,LUN CN,LUNDIN MINING CORP,CA5503721063,2866857,12755458.0,315421898.04,4.28,USD,,,,equity,web_csv
2026-08-03,COPX,5713 JP,SUMITOMO METAL MINING CO LTD,JP3402600005,6858849,5497100.0,279498087.82,3.79,USD,,,,equity,web_csv
2026-08-03,COPX,CS CN,CAPSTONE COPPER CORP,CA14071L1085,BMY5XY9,27772137.0,263347090.42,3.57,USD,,,,equity,web_csv
2026-08-03,COPX,SFR AU,SANDFIRE RESOURCES LTD,AU000000SFR8,6739739,19532276.0,261791938.16,3.55,USD,,,,equity,web_csv
2026-08-03,COPX,IVN CN,IVANHOE MINES LTD-CL A,CA46579R1047,BD73C40,33160753.0,237900318.96,3.23,USD,,,,equity,web_csv
2026-08-03,COPX,2099 HK,CHINA GOLD INTERNATIONAL RES,CA16890P1036,B60FNV8,10037900.0,227837367.07,3.09,USD,,,,equity,web_csv
2026-08-03,COPX,NDA GR,AURUBIS AG,DE0006766504,5485527,1069445.0,222382893.69,3.02,USD,,,,equity,web_csv
2026-08-03,COPX,358 HK,JIANGXI COPPER CO LTD-H,CNE1000003K3,6000305,42669401.0,189346759.17,2.57,USD,,,,equity,web_csv
2026-08-03,COPX,1208 HK,MMG LTD,HK1208013172,6728793,167159260.0,180541038.51,2.45,USD,,,,equity,web_csv
2026-08-03,COPX,5711 JP,MITSUBISHI MATERIALS CORP,JP3903000002,6597089,5222443.0,138453526.38,1.88,USD,,,,equity,web_csv
2026-08-03,COPX,ERO CN,ERO COPPER CORP,CA2960061091,BF02Z72,4147687.0,111223551.94,1.51,USD,,,,equity,web_csv
2026-08-03,COPX,TGB,TREKOR METALS LTD,CA89472Y1079,BRSCTS7,15165713.0,105705019.61,1.43,USD,,,,equity,web_csv
2026-08-03,COPX,NGEX CN,NGEX MINERALS LTD,CA62930A1021,BVBCQW5,5876868.0,104880521.07,1.42,USD,,,,equity,web_csv
2026-08-03,COPX,1258 HK,CHINA NONFERROUS MINING CORP,HK0000112026,B890GY2,54650600.0,103625822.09,1.41,USD,,,,equity,web_csv
2026-08-03,COPX,ALS CN,ALTIUS MINERALS CORPORATION,CA0209361009,2122355,1955252.0,80778729.37,1.09,USD,,,,equity,web_csv
2026-08-03,COPX,3939 HK,WANGUO GOLD GROUP LTD,KYG9430L1150,BV106D0,49613060.0,66174365.31,0.9,USD,,,,equity,web_csv
2026-08-03,COPX,ATYM LN,ATALAYA MINING COPPER SA,CY0106002112,BYZTVM8,5012149.0,59200996.67,0.8,USD,,,,equity,web_csv
2026-08-03,COPX,,OTHER PAYABLE & RECEIVABLES,CASH,,609380.4,609380.4,0.01,USD,,,,cash,web_csv
2026-08-03,COPX,BVR AU,BELLAVISTA RESOURCES LTD,AU0000216913,BNNFYB1,2265175.0,586594.68,0.01,USD,,,,equity,web_csv
2026-08-03,COPX,,EURO,,,0.37,0.43,0.0,USD,,,,fx,web_csv
2026-08-03,COPX,,CANADIAN DOLLAR,,,-100.89,-71.88,0.0,USD,,,,fx,web_csv
2026-08-03,COPX,,HONG KONG DOLLAR,,,-61011.85,-7779.94,0.0,USD,,,,fx,web_csv
2026-08-03,COPX,,SAUDI RIYAL,,,-161896.61,-43108.05,-0.0,USD,,,,fx,web_csv
2026-08-03,COPX,,JAPANESE YEN,,,-18239780.0,-116492.29,-0.0,USD,,,,fx,web_csv
2026-08-03,COPX,IE,IVANHOE ELECTRIC INC / US,US46578C1080,BPF0KH6,5122909.0,49692217.3,0.67,USD,,,,equity,web_csv
2026-08-03,COPX,AMAK AB,AL MASANE AL KOBRA MINING CO,SA15HG50KL10,BNNVLT6,2210886.0,43592530.7,0.59,USD,,,,equity,web_csv
2026-08-03,COPX,FFM AU,FIREFLY METALS LTD,AU0000313769,BPDXXB2,31111568.0,40501348.34,0.55,USD,,,,equity,web_csv
2026-08-03,COPX,DVP AU,DEVELOP GLOBAL LTD,AU0000179707,BNVQGB0,10817089.0,36037279.11,0.49,USD,,,,equity,web_csv
2026-08-03,COPX,FDY CN,FARADAY COPPER CORP,CA3073571034,BLNNJN8,9126877.0,35697328.2,0.48,USD,,,,equity,web_csv
2026-08-03,COPX,1515 JP,NITTETSU MINING CO LTD,JP3680800004,6641027,1764190.0,35266898.93,0.48,USD,,,,equity,web_csv
2026-08-03,COPX,NDM CN,NORTHERN DYNASTY MINERALS,CA66510M2040,2637848,22967894.0,32071436.78,0.43,USD,,,,equity,web_csv
2026-08-03,COPX,SLS CN,SOLARIS RESOURCES INC,CA83419D2014,BMQ5701,3936173.0,29556701.04,0.4,USD,,,,equity,web_csv
2026-08-03,COPX,OM CN,OSISKO METALS INC,CA6882741094,BYW9WY0,25064119.0,28391656.9,0.39,USD,,,,equity,web_csv
2026-08-03,COPX,ARG CN,AMERIGO RESOURCES LTD,CA03074G1090,2855822,5845708.0,27611615.46,0.37,USD,,,,equity,web_csv
2026-08-03,COPX,CNL CN,COLLECTIVE MINING LTD,CA19425C1005,BN79Z49,1986160.0,24479441.46,0.33,USD,,,,equity,web_csv
2026-08-03,COPX,,CASH,CASH,,9013820.0,9013820.0,0.12,USD,,,,cash,web_csv
2026-08-04,COPX,TECK/B CN,TECK RESOURCES LTD-CLS B,CA8787422044,2879327,6595688.0,427059947.9,5.51,USD,,,,equity,web_csv
2026-08-04,COPX,HBM CN,HUDBAY MINERALS INC,CA4436281022,B05BDX1,17059185.0,422186765.89,5.45,USD,,,,equity,web_csv
2026-08-04,COPX,BHP AU,BHP GROUP LTD,AU000000BHP4,6144690,9507983.0,405010790.82,5.23,USD,,,,equity,web_csv
2026-08-04,COPX,FM CN,FIRST QUANTUM MINERALS LTD,CA3359341052,2347608,13392371.0,401270970.31,5.18,USD,,,,equity,web_csv
2026-08-04,COPX,SCCO,SOUTHERN COPPER CORP,US84265V1052,2823777,2045634.0,399225931.44,5.15,USD,,,,equity,web_csv
2026-08-04,COPX,ANTO LN,ANTOFAGASTA PLC,GB0000456144,0045614,7481837.0,395475282.0,5.11,USD,,,,equity,web_csv
2026-08-04,COPX,KGH PW,KGHM POLSKA MIEDZ SA,PLKGHM000017,5263251,4258772.0,387046934.61,5.0,USD,,,,equity,web_csv
2026-08-04,COPX,FCX,FREEPORT-MCMORAN INC,US35671D8570,2352118,5586223.0,375952807.9,4.85,USD,,,,equity,web_csv
2026-08-04,COPX,GLEN LN,GLENCORE PLC,JE00B4T3BW64,B4T3BW6,50477808.0,373718633.9,4.82,USD,,,,equity,web_csv
2026-08-04,COPX,LUN CN,LUNDIN MINING CORP,CA5503721063,2866857,12755458.0,342081285.15,4.42,USD,,,,equity,web_csv
2026-08-04,COPX,BOL SS,BOLIDEN AB,SE0020050417,BPYTZ57,6395892.0,335103211.6,4.33,USD,,,,equity,web_csv
2026-08-04,COPX,2899 HK,ZIJIN MINING GROUP CO LTD-H,CNE100000502,6725299,78705035.0,331940989.97,4.29,USD,,,,equity,web_csv
2026-08-04,COPX,CS CN,CAPSTONE COPPER CORP,CA14071L1085,BMY5XY9,27772137.0,285278078.09,3.68,USD,,,,equity,web_csv
2026-08-04,COPX,5713 JP,SUMITOMO METAL MINING CO LTD,JP3402600005,6858849,5497100.0,281081488.67,3.63,USD,,,,equity,web_csv
2026-08-04,COPX,SFR AU,SANDFIRE RESOURCES LTD,AU000000SFR8,6739739,19532276.0,273580543.09,3.53,USD,,,,equity,web_csv
2026-08-04,COPX,IVN CN,IVANHOE MINES LTD-CL A,CA46579R1047,BD73C40,33160753.0,255472847.23,3.3,USD,,,,equity,web_csv
2026-08-04,COPX,NDA GR,AURUBIS AG,DE0006766504,5485527,1069445.0,232549662.36,3.0,USD,,,,equity,web_csv
2026-08-04,COPX,2099 HK,CHINA GOLD INTERNATIONAL RES,CA16890P1036,B60FNV8,10037900.0,232408269.32,3.0,USD,,,,equity,web_csv
2026-08-04,COPX,358 HK,JIANGXI COPPER CO LTD-H,CNE1000003K3,6000305,42669401.0,193015872.8,2.49,USD,,,,equity,web_csv
2026-08-04,COPX,1208 HK,MMG LTD,HK1208013172,6728793,167159260.0,181577863.72,2.34,USD,,,,equity,web_csv
2026-08-04,COPX,5711 JP,MITSUBISHI MATERIALS CORP,JP3903000002,6597089,5222443.0,137329803.87,1.77,USD,,,,equity,web_csv
2026-08-04,COPX,ERO CN,ERO COPPER CORP,CA2960061091,BF02Z72,4147687.0,120440037.94,1.55,USD,,,,equity,web_csv
2026-08-04,COPX,TGB,TREKOR METALS LTD,CA89472Y1079,BRSCTS7,15165713.0,118747532.79,1.53,USD,,,,equity,web_csv
2026-08-04,COPX,NGEX CN,NGEX MINERALS LTD,CA62930A1021,BVBCQW5,5876868.0,112875999.29,1.46,USD,,,,equity,web_csv
2026-08-04,COPX,1258 HK,CHINA NONFERROUS MINING CORP,HK0000112026,B890GY2,54650600.0,105629932.75,1.36,USD,,,,equity,web_csv
2026-08-04,COPX,ALS CN,ALTIUS MINERALS CORPORATION,CA0209361009,2122355,1955252.0,83843208.65,1.08,USD,,,,equity,web_csv
2026-08-04,COPX,3939 HK,WANGUO GOLD GROUP LTD,KYG9430L1150,BV106D0,49613060.0,65404769.64,0.84,USD,,,,equity,web_csv
2026-08-04,COPX,ATYM LN,ATALAYA MINING COPPER SA,CY0106002112,BYZTVM8,5012149.0,61801834.54,0.8,USD,,,,equity,web_csv
2026-08-04,COPX,,CASH,CASH,,7549027.58,7549027.58,0.1,USD,,,,cash,web_csv
2026-08-04,COPX,IE,IVANHOE ELECTRIC INC / US,US46578C1080,BPF0KH6,5122909.0,53841773.59,0.69,USD,,,,equity,web_csv
2026-08-04,COPX,AMAK AB,AL MASANE AL KOBRA MINING CO,SA15HG50KL10,BNNVLT6,2210886.0,43385333.81,0.56,USD,,,,equity,web_csv
2026-08-04,COPX,FDY CN,FARADAY COPPER CORP,CA3073571034,BLNNJN8,9126877.0,38176088.75,0.49,USD,,,,equity,web_csv
2026-08-04,COPX,FFM AU,FIREFLY METALS LTD,AU0000313769,BPDXXB2,31111568.0,37116830.26,0.48,USD,,,,equity,web_csv
2026-08-04,COPX,DVP AU,DEVELOP GLOBAL LTD,AU0000179707,BNVQGB0,10817089.0,37002064.06,0.48,USD,,,,equity,web_csv
2026-08-04,COPX,NDM CN,NORTHERN DYNASTY MINERALS,CA66510M2040,2637848,22967894.0,36761701.23,0.47,USD,,,,equity,web_csv
2026-08-04,COPX,1515 JP,NITTETSU MINING CO LTD,JP3680800004,6641027,1764190.0,35879363.86,0.46,USD,,,,equity,web_csv
2026-08-04,COPX,SLS CN,SOLARIS RESOURCES INC,CA83419D2014,BMQ5701,3936173.0,31612586.28,0.41,USD,,,,equity,web_csv
2026-08-04,COPX,OM CN,OSISKO METALS INC,CA6882741094,BYW9WY0,25064119.0,30310512.04,0.39,USD,,,,equity,web_csv
2026-08-04,COPX,ARG CN,AMERIGO RESOURCES LTD,CA03074G1090,2855822,5845708.0,29815917.74,0.39,USD,,,,equity,web_csv
2026-08-04,COPX,CNL CN,COLLECTIVE MINING LTD,CA19425C1005,BN79Z49,1986160.0,25770982.32,0.33,USD,,,,equity,web_csv
2026-08-04,COPX,,OTHER PAYABLE & RECEIVABLES,CASH,,1997962.26,1997962.26,0.03,USD,,,,cash,web_csv
2026-08-04,COPX,BVR AU,BELLAVISTA RESOURCES LTD,AU0000216913,BNNFYB1,2265175.0,605849.33,0.01,USD,,,,equity,web_csv
2026-08-04,COPX,,CANADIAN DOLLAR,,,-100.89,-71.77,0.0,USD,,,,fx,web_csv
2026-08-04,COPX,,HONG KONG DOLLAR,,,-61011.85,-7778.7,0.0,USD,,,,fx,web_csv
2026-08-04,COPX,,SAUDI RIYAL,,,-301186.27,-80194.44,-0.0,USD,,,,fx,web_csv
2026-08-04,COPX,,JAPANESE YEN,,,-18239780.0,-115741.99,-0.0,USD,,,,fx,web_csv
2026-08-05,COPX,IE,IVANHOE ELECTRIC INC / US,US46578C1080,BPF0KH6,5122909.0,54558980.85,0.68,USD,,,,equity,web_csv
2026-08-05,COPX,AMAK AB,AL MASANE AL KOBRA MINING CO,SA15HG50KL10,BNNVLT6,2210886.0,44150611.07,0.55,USD,,,,equity,web_csv
2026-08-05,COPX,FFM AU,FIREFLY METALS LTD,AU0000313769,BPDXXB2,31111568.0,40181356.48,0.5,USD,,,,equity,web_csv
2026-08-05,COPX,DVP AU,DEVELOP GLOBAL LTD,AU0000179707,BNVQGB0,10817089.0,39621358.79,0.49,USD,,,,equity,web_csv
2026-08-05,COPX,FDY CN,FARADAY COPPER CORP,CA3073571034,BLNNJN8,9126877.0,39256084.96,0.49,USD,,,,equity,web_csv
2026-08-05,COPX,NDM CN,NORTHERN DYNASTY MINERALS,CA66510M2040,2637848,22967894.0,38663454.36,0.48,USD,,,,equity,web_csv
2026-08-05,COPX,1515 JP,NITTETSU MINING CO LTD,JP3680800004,6641027,1764190.0,38421357.5,0.48,USD,,,,equity,web_csv
2026-08-05,COPX,OM CN,OSISKO METALS INC,CA6882741094,BYW9WY0,25064119.0,32180473.06,0.4,USD,,,,equity,web_csv
2026-08-05,COPX,ARG CN,AMERIGO RESOURCES LTD,CA03074G1090,2855822,5845708.0,31564613.26,0.39,USD,,,,equity,web_csv
2026-08-05,COPX,SLS CN,SOLARIS RESOURCES INC,CA83419D2014,BMQ5701,3936173.0,31473661.21,0.39,USD,,,,equity,web_csv
2026-08-05,COPX,CNL CN,COLLECTIVE MINING LTD,CA19425C1005,BN79Z49,1986160.0,25925837.58,0.32,USD,,,,equity,web_csv
2026-08-05,COPX,HBM CN,HUDBAY MINERALS INC,CA4436281022,B05BDX1,17059185.0,441461701.06,5.47,USD,,,,equity,web_csv
2026-08-05,COPX,TECK/B CN,TECK RESOURCES LTD-CLS B,CA8787422044,2879327,6595688.0,435462663.63,5.4,USD,,,,equity,web_csv
2026-08-05,COPX,BHP AU,BHP GROUP LTD,AU000000BHP4,6144690,9507983.0,419660291.49,5.2,USD,,,,equity,web_csv
2026-08-05,COPX,ANTO LN,ANTOFAGASTA PLC,GB0000456144,0045614,7481837.0,408419234.55,5.07,USD,,,,equity,web_csv
2026-08-05,COPX,FM CN,FIRST QUANTUM MINERALS LTD,CA3359341052,2347608,13392371.0,407230483.06,5.05,USD,,,,equity,web_csv
2026-08-05,COPX,SCCO,SOUTHERN COPPER CORP,US84265V1052,2823777,2045634.0,402989898.0,5.0,USD,,,,equity,web_csv
2026-08-05,COPX,KGH PW,KGHM POLSKA MIEDZ SA,PLKGHM000017,5263251,4258772.0,396034442.8,4.91,USD,,,,equity,web_csv
2026-08-05,COPX,GLEN LN,GLENCORE PLC,JE00B4T3BW64,B4T3BW6,50477808.0,390054552.06,4.84,USD,,,,equity,web_csv
2026-08-05,COPX,FCX,FREEPORT-MCMORAN INC,US35671D8570,2352118,5586223.0,387628013.97,4.81,USD,,,,equity,web_csv
2026-08-05,COPX,2899 HK,ZIJIN MINING GROUP CO LTD-H,CNE100000502,6725299,78705035.0,353191597.6,4.38,USD,,,,equity,web_csv
2026-08-05,COPX,LUN CN,LUNDIN MINING CORP,CA5503721063,2866857,12755458.0,352743754.53,4.37,USD,,,,equity,web_csv
2026-08-05,COPX,BOL SS,BOLIDEN AB,SE0020050417,BPYTZ57,6395892.0,345727540.46,4.29,USD,,,,equity,web_csv
2026-08-05,COPX,CS CN,CAPSTONE COPPER CORP,CA14071L1085,BMY5XY9,27772137.0,301106660.29,3.73,USD,,,,equity,web_csv
2026-08-05,COPX,5713 JP,SUMITOMO METAL MINING CO LTD,JP3402600005,6858849,5497100.0,298877217.05,3.71,USD,,,,equity,web_csv
2026-08-05,COPX,SFR AU,SANDFIRE RESOURCES LTD,AU000000SFR8,6739739,19532276.0,284658733.6,3.53,USD,,,,equity,web_csv
2026-08-05,COPX,IVN CN,IVANHOE MINES LTD-CL A,CA46579R1047,BD73C40,33160753.0,270357292.91,3.35,USD,,,,equity,web_csv
2026-08-05,COPX,2099 HK,CHINA GOLD INTERNATIONAL RES,CA16890P1036,B60FNV8,10037900.0,262850306.29,3.26,USD,,,,equity,web_csv
2026-08-05,COPX,NDA GR,AURUBIS AG,DE0006766504,5485527,1069445.0,236849980.94,2.94,USD,,,,equity,web_csv
2026-08-05,COPX,358 HK,JIANGXI COPPER CO LTD-H,CNE1000003K3,6000305,42669401.0,207147010.13,2.57,USD,,,,equity,web_csv
2026-08-05,COPX,1208 HK,MMG LTD,HK1208013172,6728793,167159260.0,193074011.89,2.39,USD,,,,equity,web_csv
2026-08-05,COPX,5711 JP,MITSUBISHI MATERIALS CORP,JP3903000002,6597089,5222443.0,145304582.53,1.8,USD,,,,equity,web_csv
2026-08-05,COPX,ERO CN,ERO COPPER CORP,CA2960061091,BF02Z72,4147687.0,126358081.08,1.57,USD,,,,equity,web_csv
2026-08-05,COPX,TGB,TREKOR METALS LTD,CA89472Y1079,BRSCTS7,15165713.0,124055532.34,1.54,USD,,,,equity,web_csv
2026-08-05,COPX,NGEX CN,NGEX MINERALS LTD,CA62930A1021,BVBCQW5,5876868.0,113014273.89,1.4,USD,,,,equity,web_csv
2026-08-05,COPX,1258 HK,CHINA NONFERROUS MINING CORP,HK0000112026,B890GY2,54650600.0,111406000.04,1.38,USD,,,,equity,web_csv
2026-08-05,COPX,ALS CN,ALTIUS MINERALS CORPORATION,CA0209361009,2122355,1955252.0,84237826.46,1.04,USD,,,,equity,web_csv
2026-08-05,COPX,3939 HK,WANGUO GOLD GROUP LTD,KYG9430L1150,BV106D0,49613060.0,73053862.28,0.91,USD,,,,equity,web_csv
2026-08-05,COPX,ATYM LN,ATALAYA MINING COPPER SA,CY0106002112,BYZTVM8,5012149.0,64854203.15,0.8,USD,,,,equity,web_csv
2026-08-05,COPX,,OTHER PAYABLE & RECEIVABLES,CASH,,1869881.07,1869881.07,0.02,USD,,,,cash,web_csv
2026-08-05,COPX,BVR AU,BELLAVISTA RESOURCES LTD,AU0000216913,BNNFYB1,2265175.0,623473.46,0.01,USD,,,,equity,web_csv
2026-08-05,COPX,,SAUDI RIYAL,,,229973.35,61233.15,0.0,USD,,,,fx,web_csv
2026-08-05,COPX,,CANADIAN DOLLAR,,,-100.89,-71.96,0.0,USD,,,,fx,web_csv
2026-08-05,COPX,,HONG KONG DOLLAR,,,-61011.85,-7778.2,0.0,USD,,,,fx,web_csv
2026-08-05,COPX,,JAPANESE YEN,,,-18239780.0,-115811.8,-0.0,USD,,,,fx,web_csv
2026-08-05,COPX,,CASH,CASH,,7440429.17,7440429.17,0.09,USD,,,,cash,web_csv
2026-08-06,COPX,,OTHER PAYABLE & RECEIVABLES,CASH,,6314250.53,6314250.53,0.08,USD,,,,cash,web_csv
2026-08-06,COPX,,CASH,CASH,,2992322.49,2992322.49,0.04,USD,,,,cash,web_csv
2026-08-06,COPX,BVR AU,BELLAVISTA RESOURCES LTD,AU0000216913,BNNFYB1,2265175.0,645985.2,0.01,USD,,,,equity,web_csv
2026-08-06,COPX,,HONG KONG DOLLAR,,,-61011.85,-7777.21,0.0,USD,,,,fx,web_csv
2026-08-06,COPX,,CANADIAN DOLLAR,,,-103006.68,-73463.38,-0.0,USD,,,,fx,web_csv
2026-08-06,COPX,,JAPANESE YEN,,,-18239780.0,-115273.84,-0.0,USD,,,,fx,web_csv
2026-08-06,COPX,HBM CN,HUDBAY MINERALS INC,CA4436281022,B05BDX1,17059185.0,449306922.98,5.58,USD,,,,equity,web_csv
2026-08-06,COPX,TECK/B CN,TECK RESOURCES LTD-CLS B,CA8787422044,2879327,6595688.0,436341346.42,5.42,USD,,,,equity,web_csv
2026-08-06,COPX,BHP AU,BHP GROUP LTD,AU000000BHP4,6144690,9507983.0,420583383.49,5.22,USD,,,,equity,web_csv
2026-08-06,COPX,FM CN,FIRST QUANTUM MINERALS LTD,CA3359341052,2347608,13392371.0,401155070.43,4.98,USD,,,,equity,web_csv
2026-08-06,COPX,KGH PW,KGHM POLSKA MIEDZ SA,PLKGHM000017,5263251,4258772.0,400871975.05,4.98,USD,,,,equity,web_csv
2026-08-06,COPX,ANTO LN,ANTOFAGASTA PLC,GB0000456144,0045614,7481837.0,400366533.42,4.97,USD,,,,equity,web_csv
2026-08-06,COPX,SCCO,SOUTHERN COPPER CORP,US84265V1052,2823777,2045634.0,394868731.02,4.91,USD,,,,equity,web_csv
2026-08-06,COPX,GLEN LN,GLENCORE PLC,JE00B4T3BW64,B4T3BW6,50477808.0,384714522.89,4.78,USD,,,,equity,web_csv
2026-08-06,COPX,FCX,FREEPORT-MCMORAN INC,US35671D8570,2352118,5586223.0,380868684.14,4.73,USD,,,,equity,web_csv
2026-08-06,COPX,2899 HK,ZIJIN MINING GROUP CO LTD-H,CNE100000502,6725299,78705035.0,354149833.4,4.4,USD,,,,equity,web_csv
2026-08-06,COPX,BOL SS,BOLIDEN AB,SE0020050417,BPYTZ57,6395892.0,342496266.12,4.25,USD,,,,equity,web_csv
2026-08-06,COPX,LUN CN,LUNDIN MINING CORP,CA5503721063,2866857,12755458.0,341958896.14,4.25,USD,,,,equity,web_csv
2026-08-06,COPX,5713 JP,SUMITOMO METAL MINING CO LTD,JP3402600005,6858849,5497100.0,315728021.23,3.92,USD,,,,equity,web_csv
2026-08-06,COPX,CS CN,CAPSTONE COPPER CORP,CA14071L1085,BMY5XY9,27772137.0,296706209.93,3.69,USD,,,,equity,web_csv
2026-08-06,COPX,SFR AU,SANDFIRE RESOURCES LTD,AU000000SFR8,6739739,19532276.0,286901578.96,3.56,USD,,,,equity,web_csv
2026-08-06,COPX,IVN CN,IVANHOE MINES LTD-CL A,CA46579R1047,BD73C40,33160753.0,269372732.35,3.35,USD,,,,equity,web_csv
2026-08-06,COPX,2099 HK,CHINA GOLD INTERNATIONAL RES,CA16890P1036,B60FNV8,10037900.0,263072707.92,3.27,USD,,,,equity,web_csv
2026-08-06,COPX,NDA GR,AURUBIS AG,DE0006766504,5485527,1069445.0,223528351.77,2.78,USD,,,,equity,web_csv
2026-08-06,COPX,358 HK,JIANGXI COPPER CO LTD-H,CNE1000003K3,6000305,42669401.0,208317205.12,2.59,USD,,,,equity,web_csv
2026-08-06,COPX,1208 HK,MMG LTD,HK1208013172,6728793,167159260.0,196139043.37,2.44,USD,,,,equity,web_csv
2026-08-06,COPX,5711 JP,MITSUBISHI MATERIALS CORP,JP3903000002,6597089,5222443.0,147105027.18,1.83,USD,,,,equity,web_csv
2026-08-06,COPX,ERO CN,ERO COPPER CORP,CA2960061091,BF02Z72,4147687.0,129031920.22,1.6,USD,,,,equity,web_csv
2026-08-06,COPX,TGB,TREKOR METALS LTD,CA89472Y1079,BRSCTS7,15165713.0,124965475.12,1.55,USD,,,,equity,web_csv
2026-08-06,COPX,NGEX CN,NGEX MINERALS LTD,CA62930A1021,BVBCQW5,5876868.0,112830500.7,1.4,USD,,,,equity,web_csv
2026-08-06,COPX,1258 HK,CHINA NONFERROUS MINING CORP,HK0000112026,B890GY2,54650600.0,111182808.81,1.38,USD,,,,equity,web_csv
2026-08-06,COPX,ALS CN,ALTIUS MINERALS CORPORATION,CA0209361009,2122355,1955252.0,86805575.01,1.08,USD,,,,equity,web_csv
2026-08-06,COPX,3939 HK,WANGUO GOLD GROUP LTD,KYG9430L1150,BV106D0,49613060.0,75953683.66,0.94,USD,,,,equity,web_csv
2026-08-06,COPX,ATYM LN,ATALAYA MINING COPPER SA,CY0106002112,BYZTVM8,5012149.0,64386380.29,0.8,USD,,,,equity,web_csv
2026-08-06,COPX,IE,IVANHOE ELECTRIC INC / US,US46578C1080,BPF0KH6,5122909.0,54815126.3,0.68,USD,,,,equity,web_csv
2026-08-06,COPX,AMAK AB,AL MASANE AL KOBRA MINING CO,SA15HG50KL10,BNNVLT6,2210886.0,46107970.12,0.57,USD,,,,equity,web_csv
2026-08-06,COPX,FFM AU,FIREFLY METALS LTD,AU0000313769,BPDXXB2,31111568.0,40966540.27,0.51,USD,,,,equity,web_csv
2026-08-06,COPX,DVP AU,DEVELOP GLOBAL LTD,AU0000179707,BNVQGB0,10817089.0,40445546.31,0.5,USD,,,,equity,web_csv
2026-08-06,COPX,1515 JP,NITTETSU MINING CO LTD,JP3680800004,6641027,1764190.0,39023352.08,0.48,USD,,,,equity,web_csv
2026-08-06,COPX,FDY CN,FARADAY COPPER CORP,CA3073571034,BLNNJN8,9126877.0,38990117.48,0.48,USD,,,,equity,web_csv
2026-08-06,COPX,NDM CN,NORTHERN DYNASTY MINERALS,CA66510M2040,2637848,22967894.0,37347500.85,0.46,USD,,,,equity,web_csv
2026-08-06,COPX,ARG CN,AMERIGO RESOURCES LTD,CA03074G1090,2855822,5845708.0,33352825.3,0.41,USD,,,,equity,web_csv
2026-08-06,COPX,OM CN,OSISKO METALS INC,CA6882741094,BYW9WY0,25064119.0,32890902.51,0.41,USD,,,,equity,web_csv
2026-08-06,COPX,SLS CN,SOLARIS RESOURCES INC,CA83419D2014,BMQ5701,3936173.0,31048085.71,0.39,USD,,,,equity,web_csv
2026-08-06,COPX,CNL CN,COLLECTIVE MINING LTD,CA19425C1005,BN79Z49,1986160.0,26446248.4,0.33,USD,,,,equity,web_csv
2026-08-07,COPX,,OTHER PAYABLE & RECEIVABLES,CASH,,4743022.66,4743022.66,0.06,USD,,,,cash,web_csv
2026-08-07,COPX,,CASH,CASH,,4241102.27,4241102.27,0.05,USD,,,,cash,web_csv
2026-08-07,COPX,BVR AU,BELLAVISTA RESOURCES LTD,AU0000216913,BNNFYB1,2258625.0,613960.46,0.01,USD,,,,equity,web_csv
2026-08-07,COPX,,CANADIAN DOLLAR,,,-0.01,-0.01,0.0,USD,,,,fx,web_csv
2026-08-07,COPX,,HONG KONG DOLLAR,,,-61011.85,-7776.42,0.0,USD,,,,fx,web_csv
2026-08-07,COPX,,JAPANESE YEN,,,-18239780.0,-115489.16,-0.0,USD,,,,fx,web_csv
2026-08-07,COPX,HBM CN,HUDBAY MINERALS INC,CA4436281022,B05BDX1,17013435.0,468944814.09,5.71,USD,,,,equity,web_csv
2026-08-07,COPX,TECK/B CN,TECK RESOURCES LTD-CLS B,CA8787422044,2879327,6577988.0,437588945.31,5.33,USD,,,,equity,web_csv
2026-08-07,COPX,BHP AU,BHP GROUP LTD,AU000000BHP4,6144690,9482433.0,421588758.28,5.14,USD,,,,equity,web_csv
2026-08-07,COPX,FM CN,FIRST QUANTUM MINERALS LTD,CA3359341052,2347608,13356421.0,418343127.18,5.1,USD,,,,equity,web_csv
2026-08-07,COPX,SCCO,SOUTHERN COPPER CORP,US84265V1052,2823777,2040134.0,406109074.04,4.95,USD,,,,equity,web_csv
2026-08-07,COPX,KGH PW,KGHM POLSKA MIEDZ SA,PLKGHM000017,5263251,4247347.0,403070854.93,4.91,USD,,,,equity,web_csv
2026-08-07,COPX,ANTO LN,ANTOFAGASTA PLC,GB0000456144,0045614,7461762.0,400680827.68,4.88,USD,,,,equity,web_csv
2026-08-07,COPX,FCX,FREEPORT-MCMORAN INC,US35671D8570,2352118,5571223.0,387868545.26,4.73,USD,,,,equity,web_csv
2026-08-07,COPX,GLEN LN,GLENCORE PLC,JE00B4T3BW64,B4T3BW6,50342133.0,378226365.8,4.61,USD,,,,equity,web_csv
2026-08-07,COPX,2899 HK,ZIJIN MINING GROUP CO LTD-H,CNE100000502,6725299,78492535.0,364162543.29,4.44,USD,,,,equity,web_csv
2026-08-07,COPX,BOL SS,BOLIDEN AB,SE0020050417,BPYTZ57,6378692.0,350243871.53,4.27,USD,,,,equity,web_csv
2026-08-07,COPX,LUN CN,LUNDIN MINING CORP,CA5503721063,2866857,12721233.0,343612433.05,4.19,USD,,,,equity,web_csv
2026-08-07,COPX,5713 JP,SUMITOMO METAL MINING CO LTD,JP3402600005,6858849,5482300.0,312376722.7,3.81,USD,,,,equity,web_csv
2026-08-07,COPX,CS CN,CAPSTONE COPPER CORP,CA14071L1085,BMY5XY9,27697612.0,306526199.15,3.74,USD,,,,equity,web_csv
2026-08-07,COPX,SFR AU,SANDFIRE RESOURCES LTD,AU000000SFR8,6739739,19479701.0,290201924.06,3.54,USD,,,,equity,web_csv
2026-08-07,COPX,IVN CN,IVANHOE MINES LTD-CL A,CA46579R1047,BD73C40,33071753.0,273492782.56,3.33,USD,,,,equity,web_csv
2026-08-07,COPX,2099 HK,CHINA GOLD INTERNATIONAL RES,CA16890P1036,B60FNV8,10010400.0,272787626.42,3.33,USD,,,,equity,web_csv
2026-08-07,COPX,358 HK,JIANGXI COPPER CO LTD-H,CNE1000003K3,6000305,42554401.0,215978873.63,2.63,USD,,,,equity,web_csv
2026-08-07,COPX,NDA GR,AURUBIS AG,DE0006766504,5485527,1066570.0,214043497.7,2.61,USD,,,,equity,web_csv
2026-08-07,COPX,1208 HK,MMG LTD,HK1208013172,6728793,166711760.0,197187666.29,2.4,USD,,,,equity,web_csv
2026-08-07,COPX,5711 JP,MITSUBISHI MATERIALS CORP,JP3903000002,6597089,5208393.0,170067956.44,2.07,USD,,,,equity,web_csv
2026-08-07,COPX,ERO CN,ERO COPPER CORP,CA2960061091,BF02Z72,4136562.0,141757168.63,1.73,USD,,,,equity,web_csv
2026-08-07,COPX,TGB,TREKOR METALS LTD,CA89472Y1079,BRSCTS7,15125013.0,125840108.16,1.53,USD,,,,equity,web_csv
2026-08-07,COPX,NGEX CN,NGEX MINERALS LTD,CA62930A1021,BVBCQW5,5861093.0,121530714.46,1.48,USD,,,,equity,web_csv
2026-08-07,COPX,1258 HK,CHINA NONFERROUS MINING CORP,HK0000112026,B890GY2,54503100.0,111982917.12,1.36,USD,,,,equity,web_csv
2026-08-07,COPX,ALS CN,ALTIUS MINERALS CORPORATION,CA0209361009,2122355,1950002.0,88349740.96,1.08,USD,,,,equity,web_csv
2026-08-07,COPX,3939 HK,WANGUO GOLD GROUP LTD,KYG9430L1150,BV106D0,49480560.0,79968581.82,0.97,USD,,,,equity,web_csv
2026-08-07,COPX,ATYM LN,ATALAYA MINING COPPER SA,CY0106002112,BYZTVM8,4998649.0,65300613.14,0.8,USD,,,,equity,web_csv
2026-08-07,COPX,IE,IVANHOE ELECTRIC INC / US,US46578C1080,BPF0KH6,5109159.0,56302932.18,0.69,USD,,,,equity,web_csv
2026-08-07,COPX,AMAK AB,AL MASANE AL KOBRA MINING CO,SA15HG50KL10,BNNVLT6,2210886.0,46105514.1,0.56,USD,,,,equity,web_csv
2026-08-07,COPX,FFM AU,FIREFLY METALS LTD,AU0000313769,BPDXXB2,31027843.0,41623704.72,0.51,USD,,,,equity,web_csv
2026-08-07,COPX,FDY CN,FARADAY COPPER CORP,CA3073571034,BLNNJN8,9102377.0,40346200.37,0.49,USD,,,,equity,web_csv
2026-08-07,COPX,DVP AU,DEVELOP GLOBAL LTD,AU0000179707,BNVQGB0,10787989.0,39912352.6,0.49,USD,,,,equity,web_csv
2026-08-07,COPX,NDM CN,NORTHERN DYNASTY MINERALS,CA66510M2040,2637848,22906244.0,39101209.05,0.48,USD,,,,equity,web_csv
2026-08-07,COPX,1515 JP,NITTETSU MINING CO LTD,JP3680800004,6641027,1759440.0,35370386.55,0.43,USD,,,,equity,web_csv
2026-08-07,COPX,ARG CN,AMERIGO RESOURCES LTD,CA03074G1090,2855822,5830008.0,34957049.94,0.43,USD,,,,equity,web_csv
2026-08-07,COPX,OM CN,OSISKO METALS INC,CA6882741094,BYW9WY0,24996844.0,34422765.27,0.42,USD,,,,equity,web_csv
2026-08-07,COPX,SLS CN,SOLARIS RESOURCES INC,CA83419D2014,BMQ5701,3925598.0,31449833.0,0.38,USD,,,,equity,web_csv
2026-08-07,COPX,CNL CN,COLLECTIVE MINING LTD,CA19425C1005,BN79Z49,1980835.0,27988129.46,0.34,USD,,,,equity,web_csv
2026-08-10,COPX,,OTHER PAYABLE & RECEIVABLES,CASH,,6798905.55,6798905.55,0.08,USD,,,,cash,web_csv
2026-08-10,COPX,,CASH,CASH,,4127692.28,4127692.28,0.05,USD,,,,cash,web_csv
2026-08-10,COPX,BVR AU,BELLAVISTA RESOURCES LTD,AU0000216913,BNNFYB1,2251813.0,588468.11,0.01,USD,,,,equity,web_csv
2026-08-10,COPX,,CANADIAN DOLLAR,,,-0.01,-0.01,0.0,USD,,,,fx,web_csv
2026-08-10,COPX,,HONG KONG DOLLAR,,,-61011.85,-7776.52,0.0,USD,,,,fx,web_csv
2026-08-10,COPX,,JAPANESE YEN,,,-18239780.0,-114748.07,-0.0,USD,,,,fx,web_csv
2026-08-10,COPX,HBM CN,HUDBAY MINERALS INC,CA4436281022,B05BDX1,16965855.0,473075226.74,5.7,USD,,,,equity,web_csv
2026-08-10,COPX,TECK/B CN,TECK RESOURCES LTD-CLS B,CA8787422044,2879327,6559580.0,438779378.64,5.29,USD,,,,equity,web_csv
2026-08-10,COPX,FM CN,FIRST QUANTUM MINERALS LTD,CA3359341052,2347608,13319033.0,424306268.77,5.11,USD,,,,equity,web_csv
2026-08-10,COPX,BHP AU,BHP GROUP LTD,AU000000BHP4,6144690,9455861.0,424229102.87,5.11,USD,,,,equity,web_csv
2026-08-10,COPX,KGH PW,KGHM POLSKA MIEDZ SA,PLKGHM000017,5263251,4235465.0,408226624.04,4.92,USD,,,,equity,web_csv
2026-08-10,COPX,SCCO,SOUTHERN COPPER CORP,US84265V1052,2823777,2058826.97,404868730.9,4.88,USD,,,,equity,web_csv
2026-08-10,COPX,ANTO LN,ANTOFAGASTA PLC,GB0000456144,0045614,7440884.0,404015333.73,4.87,USD,,,,equity,web_csv
2026-08-10,COPX,FCX,FREEPORT-MCMORAN INC,US35671D8570,2352118,5555623.0,391726977.73,4.72,USD,,,,equity,web_csv
2026-08-10,COPX,GLEN LN,GLENCORE PLC,JE00B4T3BW64,B4T3BW6,50201031.0,385989485.83,4.65,USD,,,,equity,web_csv
2026-08-10,COPX,2899 HK,ZIJIN MINING GROUP CO LTD-H,CNE100000502,6725299,78271535.0,374714504.8,4.52,USD,,,,equity,web_csv
2026-08-10,COPX,BOL SS,BOLIDEN AB,SE0020050417,BPYTZ57,6360804.0,352957227.68,4.25,USD,,,,equity,web_csv
2026-08-10,COPX,5713 JP,SUMITOMO METAL MINING CO LTD,JP3402600005,6858849,5466908.0,346163562.14,4.17,USD,,,,equity,web_csv
2026-08-10,COPX,LUN CN,LUNDIN MINING CORP,CA5503721063,2866857,12685639.0,344355030.05,4.15,USD,,,,equity,web_csv
2026-08-10,COPX,CS CN,CAPSTONE COPPER CORP,CA14071L1085,BMY5XY9,27620106.0,313371877.16,3.78,USD,,,,equity,web_csv
2026-08-10,COPX,SFR AU,SANDFIRE RESOURCES LTD,AU000000SFR8,6739739,19425023.0,290175541.17,3.5,USD,,,,equity,web_csv
2026-08-10,COPX,IVN CN,IVANHOE MINES LTD-CL A,CA46579R1047,BD73C40,32979193.0,277201665.26,3.34,USD,,,,equity,web_csv
2026-08-10,COPX,2099 HK,CHINA GOLD INTERNATIONAL RES,CA16890P1036,B60FNV8,9981800.0,269721641.93,3.25,USD,,,,equity,web_csv
2026-08-10,COPX,NDA GR,AURUBIS AG,DE0006766504,5485527,1063580.0,213519462.19,2.57,USD,,,,equity,web_csv
2026-08-10,COPX,358 HK,JIANGXI COPPER CO LTD-H,CNE1000003K3,6000305,42434801.0,210939468.24,2.54,USD,,,,equity,web_csv
2026-08-10,COPX,1208 HK,MMG LTD,HK1208013172,6728793,166246360.0,197699175.82,2.38,USD,,,,equity,web_csv
2026-08-10,COPX,5711 JP,MITSUBISHI MATERIALS CORP,JP3903000002,6597089,5193781.0,167032232.22,2.01,USD,,,,equity,web_csv
2026-08-10,COPX,ERO CN,ERO COPPER CORP,CA2960061091,BF02Z72,4124992.0,150669374.66,1.82,USD,,,,equity,web_csv
2026-08-10,COPX,TGB,TREKOR METALS LTD,CA89472Y1079,BRSCTS7,15082685.0,132275147.45,1.59,USD,,,,equity,web_csv
2026-08-10,COPX,NGEX CN,NGEX MINERALS LTD,CA62930A1021,BVBCQW5,5844687.0,120133918.61,1.45,USD,,,,equity,web_csv
2026-08-10,COPX,1258 HK,CHINA NONFERROUS MINING CORP,HK0000112026,B890GY2,54349700.0,108482573.4,1.31,USD,,,,equity,web_csv
2026-08-10,COPX,ALS CN,ALTIUS MINERALS CORPORATION,CA0209361009,2122355,1944542.0,86938536.44,1.05,USD,,,,equity,web_csv
2026-08-10,COPX,3939 HK,WANGUO GOLD GROUP LTD,KYG9430L1150,BV106D0,49342760.0,81633647.28,0.98,USD,,,,equity,web_csv
2026-08-10,COPX,ATYM LN,ATALAYA MINING COPPER SA,CY0106002112,BYZTVM8,4984609.0,66853227.62,0.81,USD,,,,equity,web_csv
2026-08-10,COPX,IE,IVANHOE ELECTRIC INC / US,US46578C1080,BPF0KH6,5094859.0,56043449.0,0.68,USD,,,,equity,web_csv
2026-08-10,COPX,AMAK AB,AL MASANE AL KOBRA MINING CO,SA15HG50KL10,BNNVLT6,2198748.0,48016547.98,0.58,USD,,,,equity,web_csv
2026-08-10,COPX,FFM AU,FIREFLY METALS LTD,AU0000313769,BPDXXB2,30940769.0,41630820.75,0.5,USD,,,,equity,web_csv
2026-08-10,COPX,DVP AU,DEVELOP GLOBAL LTD,AU0000179707,BNVQGB0,10757725.0,38750695.7,0.47,USD,,,,equity,web_csv
2026-08-10,COPX,NDM CN,NORTHERN DYNASTY MINERALS,CA66510M2040,2637848,22842128.0,38497508.37,0.46,USD,,,,equity,web_csv
2026-08-10,COPX,FDY CN,FARADAY COPPER CORP,CA3073571034,BLNNJN8,9076897.0,38277444.23,0.46,USD,,,,equity,web_csv
2026-08-10,COPX,1515 JP,NITTETSU MINING CO LTD,JP3680800004,6641027,1754500.0,36534836.9,0.44,USD,,,,equity,web_csv
2026-08-10,COPX,ARG CN,AMERIGO RESOURCES LTD,CA03074G1090,2855822,5813680.0,34439700.79,0.41,USD,,,,equity,web_csv
2026-08-10,COPX,OM CN,OSISKO METALS INC,CA6882741094,BYW9WY0,24926878.0,32357477.81,0.39,USD,,,,equity,web_csv
2026-08-10,COPX,SLS CN,SOLARIS RESOURCES INC,CA83419D2014,BMQ5701,3914600.0,32229790.22,0.39,USD,,,,equity,web_csv
2026-08-10,COPX,CNL CN,COLLECTIVE MINING LTD,CA19425C1005,BN79Z49,1975297.0,28021210.36,0.34,USD,,,,equity,web_csv
2026-08-11,COPX,BVR AU,BELLAVISTA RESOURCES LTD,AU0000216913,BNNFYB1,2251813.0,620408.66,0.01,USD,,,,equity,web_csv
2026-08-11,COPX,,SAUDI RIYAL,,,978163.68,260510.19,0.0,USD,,,,fx,web_csv
2026-08-11,COPX,,CANADIAN DOLLAR,,,-0.01,-0.01,0.0,USD,,,,fx,web_csv
2026-08-11,COPX,,HONG KONG DOLLAR,,,-61011.85,-7775.68,0.0,USD,,,,fx,web_csv
2026-08-11,COPX,,JAPANESE YEN,,,-18239780.0,-114542.7,-0.0,USD,,,,fx,web_csv
2026-08-11,COPX,,OTHER PAYABLE & RECEIVABLES,CASH,,6530501.86,6530501.86,0.08,USD,,,,cash,web_csv
2026-08-11,COPX,,CASH,CASH,,4005116.5,4005116.5,0.05,USD,,,,cash,web_csv
2026-08-11,COPX,IE,IVANHOE ELECTRIC INC / US,US46578C1080,BPF0KH6,5094859.0,56654832.08,0.69,USD,,,,equity,web_csv
2026-08-11,COPX,AMAK AB,AL MASANE AL KOBRA MINING CO,SA15HG50KL10,BNNVLT6,2198748.0,49452505.75,0.6,USD,,,,equity,web_csv
2026-08-11,COPX,FFM AU,FIREFLY METALS LTD,AU0000313769,BPDXXB2,30940769.0,43716161.44,0.53,USD,,,,equity,web_csv
2026-08-11,COPX,NDM CN,NORTHERN DYNASTY MINERALS,CA66510M2040,2637848,22842128.0,38869749.32,0.47,USD,,,,equity,web_csv
2026-08-11,COPX,DVP AU,DEVELOP GLOBAL LTD,AU0000179707,BNVQGB0,10757725.0,37694938.29,0.46,USD,,,,equity,web_csv
2026-08-11,COPX,1515 JP,NITTETSU MINING CO LTD,JP3680800004,6641027,1754500.0,36469448.63,0.44,USD,,,,equity,web_csv
2026-08-11,COPX,FDY CN,FARADAY COPPER CORP,CA3073571034,BLNNJN8,9076897.0,35844863.4,0.44,USD,,,,equity,web_csv
2026-08-11,COPX,ARG CN,AMERIGO RESOURCES LTD,CA03074G1090,2855822,5813680.0,33519188.94,0.41,USD,,,,equity,web_csv
2026-08-11,COPX,OM CN,OSISKO METALS INC,CA6882741094,BYW9WY0,24926878.0,31678746.41,0.39,USD,,,,equity,web_csv
2026-08-11,COPX,SLS CN,SOLARIS RESOURCES INC,CA83419D2014,BMQ5701,3914600.0,31592248.43,0.39,USD,,,,equity,web_csv
2026-08-11,COPX,CNL CN,COLLECTIVE MINING LTD,CA19425C1005,BN79Z49,1975297.0,28478882.61,0.35,USD,,,,equity,web_csv
2026-08-11,COPX,HBM CN,HUDBAY MINERALS INC,CA4436281022,B05BDX1,16965855.0,468502447.17,5.7,USD,,,,equity,web_csv
2026-08-11,COPX,TECK/B CN,TECK RESOURCES LTD-CLS B,CA8787422044,2879327,6559580.0,433867176.16,5.28,USD,,,,equity,web_csv
2026-08-11,COPX,BHP AU,BHP GROUP LTD,AU000000BHP4,6144690,9455861.0,427057846.69,5.2,USD,,,,equity,web_csv
2026-08-11,COPX,FM CN,FIRST QUANTUM MINERALS LTD,CA3359341052,2347608,13319033.0,422116041.37,5.14,USD,,,,equity,web_csv
2026-08-11,COPX,KGH PW,KGHM POLSKA MIEDZ SA,PLKGHM000017,5263251,4235465.0,414316728.17,5.04,USD,,,,equity,web_csv
2026-08-11,COPX,ANTO LN,ANTOFAGASTA PLC,GB0000456144,0045614,7440884.0,404576142.49,4.93,USD,,,,equity,web_csv
2026-08-11,COPX,SCCO,SOUTHERN COPPER CORP,US84265V1052,2823777,2058826.97,400400668.74,4.88,USD,,,,equity,web_csv
2026-08-11,COPX,GLEN LN,GLENCORE PLC,JE00B4T3BW64,B4T3BW6,50201031.0,389390789.85,4.74,USD,,,,equity,web_csv
2026-08-11,COPX,FCX,FREEPORT-MCMORAN INC,US35671D8570,2352118,5555623.0,382615756.01,4.66,USD,,,,equity,web_csv
2026-08-11,COPX,BOL SS,BOLIDEN AB,SE0020050417,BPYTZ57,6360804.0,354291927.84,4.31,USD,,,,equity,web_csv
2026-08-11,COPX,2899 HK,ZIJIN MINING GROUP CO LTD-H,CNE100000502,6725299,78271535.0,352927663.07,4.3,USD,,,,equity,web_csv
2026-08-11,COPX,5713 JP,SUMITOMO METAL MINING CO LTD,JP3402600005,6858849,5466908.0,345544015.45,4.21,USD,,,,equity,web_csv
2026-08-11,COPX,LUN CN,LUNDIN MINING CORP,CA5503721063,2866857,12685639.0,336188788.72,4.09,USD,,,,equity,web_csv
2026-08-11,COPX,CS CN,CAPSTONE COPPER CORP,CA14071L1085,BMY5XY9,27620106.0,310558865.53,3.78,USD,,,,equity,web_csv
2026-08-11,COPX,SFR AU,SANDFIRE RESOURCES LTD,AU000000SFR8,6739739,19425023.0,292569914.0,3.56,USD,,,,equity,web_csv
2026-08-11,COPX,IVN CN,IVANHOE MINES LTD-CL A,CA46579R1047,BD73C40,32979193.0,280361619.19,3.41,USD,,,,equity,web_csv
2026-08-11,COPX,2099 HK,CHINA GOLD INTERNATIONAL RES,CA16890P1036,B60FNV8,9981800.0,254681241.32,3.1,USD,,,,equity,web_csv
2026-08-11,COPX,NDA GR,AURUBIS AG,DE0006766504,5485527,1063580.0,210908910.85,2.57,USD,,,,equity,web_csv
2026-08-11,COPX,358 HK,JIANGXI COPPER CO LTD-H,CNE1000003K3,6000305,42434801.0,203561576.45,2.48,USD,,,,equity,web_csv
2026-08-11,COPX,1208 HK,MMG LTD,HK1208013172,6728793,166246360.0,190368131.6,2.32,USD,,,,equity,web_csv
2026-08-11,COPX,5711 JP,MITSUBISHI MATERIALS CORP,JP3903000002,6597089,5193781.0,166733286.06,2.03,USD,,,,equity,web_csv
2026-08-11,COPX,ERO CN,ERO COPPER CORP,CA2960061091,BF02Z72,4124992.0,149450437.14,1.82,USD,,,,equity,web_csv
2026-08-11,COPX,TGB,TREKOR METALS LTD,CA89472Y1079,BRSCTS7,15082685.0,133029281.7,1.62,USD,,,,equity,web_csv
2026-08-11,COPX,NGEX CN,NGEX MINERALS LTD,CA62930A1021,BVBCQW5,5844687.0,118173675.05,1.44,USD,,,,equity,web_csv
2026-08-11,COPX,1258 HK,CHINA NONFERROUS MINING CORP,HK0000112026,B890GY2,54349700.0,105353844.01,1.28,USD,,,,equity,web_csv
2026-08-11,COPX,ALS CN,ALTIUS MINERALS CORPORATION,CA0209361009,2122355,1944542.0,88169324.93,1.07,USD,,,,equity,web_csv
2026-08-11,COPX,3939 HK,WANGUO GOLD GROUP LTD,KYG9430L1150,BV106D0,49342760.0,75776493.72,0.92,USD,,,,equity,web_csv
2026-08-11,COPX,ATYM LN,ATALAYA MINING COPPER SA,CY0106002112,BYZTVM8,4984609.0,66964670.33,0.81,USD,,,,equity,web_csv
2026-08-12,COPX,BVR AU,BELLAVISTA RESOURCES LTD,AU0000216913,BNNFYB1,2251813.0,589133.88,0.01,USD,,,,equity,web_csv
2026-08-12,COPX,,SAUDI RIYAL,,,978163.68,260524.07,0.0,USD,,,,fx,web_csv
2026-08-12,COPX,,CANADIAN DOLLAR,,,-0.01,-0.01,0.0,USD,,,,fx,web_csv
2026-08-12,COPX,,HONG KONG DOLLAR,,,-61011.85,-7774.98,0.0,USD,,,,fx,web_csv
2026-08-12,COPX,,JAPANESE YEN,,,-18239780.0,-114553.49,-0.0,USD,,,,fx,web_csv
2026-08-12,COPX,,OTHER PAYABLE & RECEIVABLES,CASH,,6389549.45,6389549.45,0.08,USD,,,,cash,web_csv
2026-08-12,COPX,,CASH,CASH,,4004074.94,4004074.94,0.05,USD,,,,cash,web_csv
2026-08-12,COPX,IE,IVANHOE ELECTRIC INC / US,US46578C1080,BPF0KH6,5094859.0,54311196.94,0.66,USD,,,,equity,web_csv
2026-08-12,COPX,AMAK AB,AL MASANE AL KOBRA MINING CO,SA15HG50KL10,BNNVLT6,2198748.0,50567807.44,0.61,USD,,,,equity,web_csv
2026-08-12,COPX,FFM AU,FIREFLY METALS LTD,AU0000313769,BPDXXB2,30940769.0,43537564.83,0.53,USD,,,,equity,web_csv
2026-08-12,COPX,DVP AU,DEVELOP GLOBAL LTD,AU0000179707,BNVQGB0,10757725.0,38870604.32,0.47,USD,,,,equity,web_csv
2026-08-12,COPX,NDM CN,NORTHERN DYNASTY MINERALS,CA66510M2040,2637848,22842128.0,38716861.48,0.47,USD,,,,equity,web_csv
2026-08-12,COPX,FDY CN,FARADAY COPPER CORP,CA3073571034,BLNNJN8,9076897.0,38202044.33,0.46,USD,,,,equity,web_csv
2026-08-12,COPX,1515 JP,NITTETSU MINING CO LTD,JP3680800004,6641027,1754500.0,36417789.29,0.44,USD,,,,equity,web_csv
2026-08-12,COPX,ARG CN,AMERIGO RESOURCES LTD,CA03074G1090,2855822,5813680.0,32693729.59,0.4,USD,,,,equity,web_csv
2026-08-12,COPX,OM CN,OSISKO METALS INC,CA6882741094,BYW9WY0,24926878.0,31687847.21,0.39,USD,,,,equity,web_csv
2026-08-12,COPX,SLS CN,SOLARIS RESOURCES INC,CA83419D2014,BMQ5701,3914600.0,31151483.46,0.38,USD,,,,equity,web_csv
2026-08-12,COPX,CNL CN,COLLECTIVE MINING LTD,CA19425C1005,BN79Z49,1975297.0,28217515.23,0.34,USD,,,,equity,web_csv
2026-08-12,COPX,HBM CN,HUDBAY MINERALS INC,CA4436281022,B05BDX1,16965855.0,472658107.12,5.74,USD,,,,equity,web_csv
2026-08-12,COPX,TECK/B CN,TECK RESOURCES LTD-CLS B,CA8787422044,2879327,6559580.0,433426480.41,5.26,USD,,,,equity,web_csv
2026-08-12,COPX,BHP AU,BHP GROUP LTD,AU000000BHP4,6144690,9455861.0,424241021.93,5.15,USD,,,,equity,web_csv
2026-08-12,COPX,FM CN,FIRST QUANTUM MINERALS LTD,CA3359341052,2347608,13319033.0,422619943.22,5.13,USD,,,,equity,web_csv
2026-08-12,COPX,KGH PW,KGHM POLSKA MIEDZ SA,PLKGHM000017,5263251,4235465.0,416965229.39,5.07,USD,,,,equity,web_csv
2026-08-12,COPX,ANTO LN,ANTOFAGASTA PLC,GB0000456144,0045614,7440884.0,404978205.74,4.92,USD,,,,equity,web_csv
2026-08-12,COPX,SCCO,SOUTHERN COPPER CORP,US84265V1052,2823777,2058826.97,401244787.79,4.87,USD,,,,equity,web_csv
2026-08-12,COPX,GLEN LN,GLENCORE PLC,JE00B4T3BW64,B4T3BW6,50201031.0,388509201.51,4.72,USD,,,,equity,web_csv
2026-08-12,COPX,FCX,FREEPORT-MCMORAN INC,US35671D8570,2352118,5555623.0,384560224.06,4.67,USD,,,,equity,web_csv
2026-08-12,COPX,BOL SS,BOLIDEN AB,SE0020050417,BPYTZ57,6360804.0,359382525.6,4.37,USD,,,,equity,web_csv
2026-08-12,COPX,2899 HK,ZIJIN MINING GROUP CO LTD-H,CNE100000502,6725299,78271535.0,358282385.72,4.35,USD,,,,equity,web_csv
2026-08-12,COPX,LUN CN,LUNDIN MINING CORP,CA5503721063,2866857,12685639.0,332914316.85,4.04,USD,,,,equity,web_csv
2026-08-12,COPX,5713 JP,SUMITOMO METAL MINING CO LTD,JP3402600005,6858849,5466908.0,332495129.99,4.04,USD,,,,equity,web_csv
2026-08-12,COPX,CS CN,CAPSTONE COPPER CORP,CA14071L1085,BMY5XY9,27620106.0,314615492.63,3.82,USD,,,,equity,web_csv
2026-08-12,COPX,SFR AU,SANDFIRE RESOURCES LTD,AU000000SFR8,6739739,19425023.0,296272703.95,3.6,USD,,,,equity,web_csv
2026-08-12,COPX,IVN CN,IVANHOE MINES LTD-CL A,CA46579R1047,BD73C40,32979193.0,280205302.68,3.4,USD,,,,equity,web_csv
2026-08-12,COPX,2099 HK,CHINA GOLD INTERNATIONAL RES,CA16890P1036,B60FNV8,9981800.0,257965776.33,3.13,USD,,,,equity,web_csv
2026-08-12,COPX,NDA GR,AURUBIS AG,DE0006766504,5485527,1063580.0,216177790.86,2.63,USD,,,,equity,web_csv
2026-08-12,COPX,358 HK,JIANGXI COPPER CO LTD-H,CNE1000003K3,6000305,42434801.0,205382014.22,2.5,USD,,,,equity,web_csv
2026-08-12,COPX,1208 HK,MMG LTD,HK1208013172,6728793,166246360.0,188126679.17,2.29,USD,,,,equity,web_csv
2026-08-12,COPX,5711 JP,MITSUBISHI MATERIALS CORP,JP3903000002,6597089,5193781.0,172555198.56,2.1,USD,,,,equity,web_csv
2026-08-12,COPX,ERO CN,ERO COPPER CORP,CA2960061091,BF02Z72,4124992.0,148841597.36,1.81,USD,,,,equity,web_csv
2026-08-12,COPX,TGB,TREKOR METALS LTD,CA89472Y1079,BRSCTS7,15082685.0,131671840.05,1.6,USD,,,,equity,web_csv
2026-08-12,COPX,NGEX CN,NGEX MINERALS LTD,CA62930A1021,BVBCQW5,5844687.0,117284127.4,1.43,USD,,,,equity,web_csv
2026-08-12,COPX,1258 HK,CHINA NONFERROUS MINING CORP,HK0000112026,B890GY2,54349700.0,104859626.11,1.27,USD,,,,equity,web_csv
2026-08-12,COPX,ALS CN,ALTIUS MINERALS CORPORATION,CA0209361009,2122355,1944542.0,87594120.9,1.06,USD,,,,equity,web_csv
2026-08-12,COPX,3939 HK,WANGUO GOLD GROUP LTD,KYG9430L1150,BV106D0,49342760.0,78033394.28,0.95,USD,,,,equity,web_csv
2026-08-12,COPX,ATYM LN,ATALAYA MINING COPPER SA,CY0106002112,BYZTVM8,4984609.0,64473274.85,0.78,USD,,,,equity,web_csv
2026-08-13,COPX,BVR AU,BELLAVISTA RESOURCES LTD,AU0000216913,BNNFYB1,2251813.0,564810.76,0.01,USD,,,,equity,web_csv
2026-08-13,COPX,,CANADIAN DOLLAR,,,-0.01,-0.01,0.0,USD,,,,fx,web_csv
2026-08-13,COPX,,HONG KONG DOLLAR,,,-61011.85,-7774.98,0.0,USD,,,,fx,web_csv
2026-08-13,COPX,,JAPANESE YEN,,,-18239780.0,-114589.48,-0.0,USD,,,,fx,web_csv
2026-08-13,COPX,IE,IVANHOE ELECTRIC INC / US,US46578C1080,BPF0KH6,5094859.0,53037482.19,0.67,USD,,,,equity,web_csv
2026-08-13,COPX,AMAK AB,AL MASANE AL KOBRA MINING CO,SA15HG50KL10,BNNVLT6,2198748.0,50778182.2,0.64,USD,,,,equity,web_csv
2026-08-13,COPX,FFM AU,FIREFLY METALS LTD,AU0000313769,BPDXXB2,30940769.0,42629280.49,0.54,USD,,,,equity,web_csv
2026-08-13,COPX,DVP AU,DEVELOP GLOBAL LTD,AU0000179707,BNVQGB0,10757725.0,38536359.54,0.48,USD,,,,equity,web_csv
2026-08-13,COPX,NDM CN,NORTHERN DYNASTY MINERALS,CA66510M2040,2637848,22842128.0,37515938.55,0.47,USD,,,,equity,web_csv
2026-08-13,COPX,FDY CN,FARADAY COPPER CORP,CA3073571034,BLNNJN8,9076897.0,37302316.44,0.47,USD,,,,equity,web_csv
2026-08-13,COPX,1515 JP,NITTETSU MINING CO LTD,JP3680800004,6641027,1754500.0,35878105.86,0.45,USD,,,,equity,web_csv
2026-08-13,COPX,OM CN,OSISKO METALS INC,CA6882741094,BYW9WY0,24926878.0,32001084.14,0.4,USD,,,,equity,web_csv
2026-08-13,COPX,ARG CN,AMERIGO RESOURCES LTD,CA03074G1090,2855822,5813680.0,31563908.48,0.4,USD,,,,equity,web_csv
2026-08-13,COPX,SLS CN,SOLARIS RESOURCES INC,CA83419D2014,BMQ5701,3914600.0,30321795.88,0.38,USD,,,,equity,web_csv
2026-08-13,COPX,CNL CN,COLLECTIVE MINING LTD,CA19425C1005,BN79Z49,1975297.0,28645560.74,0.36,USD,,,,equity,web_csv
2026-08-13,COPX,HBM CN,HUDBAY MINERALS INC,CA4436281022,B05BDX1,16965855.0,448269452.92,5.63,USD,,,,equity,web_csv
2026-08-13,COPX,BHP AU,BHP GROUP LTD,AU000000BHP4,6144690,9455861.0,423911300.16,5.32,USD,,,,equity,web_csv
2026-08-13,COPX,TECK/B CN,TECK RESOURCES LTD-CLS B,CA8787422044,2879327,6559580.0,418000920.17,5.25,USD,,,,equity,web_csv
2026-08-13,COPX,FM CN,FIRST QUANTUM MINERALS LTD,CA3359341052,2347608,13319033.0,413049549.54,5.18,USD,,,,equity,web_csv
2026-08-13,COPX,KGH PW,KGHM POLSKA MIEDZ SA,PLKGHM000017,5263251,4235465.0,403977762.68,5.07,USD,,,,equity,web_csv
2026-08-13,COPX,SCCO,SOUTHERN COPPER CORP,US84265V1052,2823777,2058826.97,386215350.93,4.85,USD,,,,equity,web_csv
2026-08-13,COPX,GLEN LN,GLENCORE PLC,JE00B4T3BW64,B4T3BW6,50201031.0,380371462.95,4.78,USD,,,,equity,web_csv
2026-08-13,COPX,ANTO LN,ANTOFAGASTA PLC,GB0000456144,0045614,7440884.0,377537389.11,4.74,USD,,,,equity,web_csv
2026-08-13,COPX,FCX,FREEPORT-MCMORAN INC,US35671D8570,2352118,5555623.0,371282285.09,4.66,USD,,,,equity,web_csv
2026-08-13,COPX,BOL SS,BOLIDEN AB,SE0020050417,BPYTZ57,6360804.0,351573946.5,4.41,USD,,,,equity,web_csv
2026-08-13,COPX,2899 HK,ZIJIN MINING GROUP CO LTD-H,CNE100000502,6725299,78271535.0,343719682.96,4.31,USD,,,,equity,web_csv
2026-08-13,COPX,5713 JP,SUMITOMO METAL MINING CO LTD,JP3402600005,6858849,5466908.0,337373565.47,4.24,USD,,,,equity,web_csv
2026-08-13,COPX,LUN CN,LUNDIN MINING CORP,CA5503721063,2866857,12685639.0,319165327.49,4.01,USD,,,,equity,web_csv
2026-08-13,COPX,CS CN,CAPSTONE COPPER CORP,CA14071L1085,BMY5XY9,27620106.0,304270837.09,3.82,USD,,,,equity,web_csv
2026-08-13,COPX,SFR AU,SANDFIRE RESOURCES LTD,AU000000SFR8,6739739,19425023.0,289866310.87,3.64,USD,,,,equity,web_csv
2026-08-13,COPX,IVN CN,IVANHOE MINES LTD-CL A,CA46579R1047,BD73C40,32979193.0,273663675.69,3.44,USD,,,,equity,web_csv
2026-08-13,COPX,2099 HK,CHINA GOLD INTERNATIONAL RES,CA16890P1036,B60FNV8,9981800.0,238122255.07,2.99,USD,,,,equity,web_csv
2026-08-13,COPX,NDA GR,AURUBIS AG,DE0006766504,5485527,1063580.0,206034014.85,2.59,USD,,,,equity,web_csv
2026-08-13,COPX,358 HK,JIANGXI COPPER CO LTD-H,CNE1000003K3,6000305,42434801.0,197162407.54,2.48,USD,,,,equity,web_csv
2026-08-13,COPX,1208 HK,MMG LTD,HK1208013172,6728793,166246360.0,177110252.01,2.22,USD,,,,equity,web_csv
2026-08-13,COPX,5711 JP,MITSUBISHI MATERIALS CORP,JP3903000002,6597089,5193781.0,173261989.07,2.17,USD,,,,equity,web_csv
2026-08-13,COPX,ERO CN,ERO COPPER CORP,CA2960061091,BF02Z72,4124992.0,141681034.84,1.78,USD,,,,equity,web_csv
2026-08-13,COPX,TGB,TREKOR METALS LTD,CA89472Y1079,BRSCTS7,15082685.0,126845380.85,1.59,USD,,,,equity,web_csv
2026-08-13,COPX,NGEX CN,NGEX MINERALS LTD,CA62930A1021,BVBCQW5,5844687.0,114856504.2,1.44,USD,,,,equity,web_csv
2026-08-13,COPX,1258 HK,CHINA NONFERROUS MINING CORP,HK0000112026,B890GY2,54349700.0,98210666.99,1.23,USD,,,,equity,web_csv
2026-08-13,COPX,ALS CN,ALTIUS MINERALS CORPORATION,CA0209361009,2122355,1944542.0,87067171.38,1.09,USD,,,,equity,web_csv
2026-08-13,COPX,3939 HK,WANGUO GOLD GROUP LTD,KYG9430L1150,BV106D0,49342760.0,72814400.14,0.91,USD,,,,equity,web_csv
2026-08-13,COPX,ATYM LN,ATALAYA MINING COPPER SA,CY0106002112,BYZTVM8,4984609.0,62049214.39,0.78,USD,,,,equity,web_csv
2026-08-13,COPX,,OTHER PAYABLE & RECEIVABLES,CASH,,6249011.08,6249011.08,0.08,USD,,,,cash,web_csv
2026-08-13,COPX,,CASH,CASH,,4264331.82,4264331.82,0.05,USD,,,,cash,web_csv
2026-08-14,COPX,HBM CN,HUDBAY MINERALS INC,CA4436281022,B05BDX1,16802985.0,447813260.67,5.69,USD,,,,equity,web_csv
2026-08-14,COPX,FM CN,FIRST QUANTUM MINERALS LTD,CA3359341052,2347608,13191051.0,414848788.61,5.27,USD,,,,equity,web_csv
2026-08-14,COPX,TECK/B CN,TECK RESOURCES LTD-CLS B,CA8787422044,2879327,6496568.0,412696711.38,5.24,USD,,,,equity,web_csv
2026-08-14,COPX,BHP AU,BHP GROUP LTD,AU000000BHP4,6144690,9364903.0,407461347.94,5.18,USD,,,,equity,web_csv
2026-08-14,COPX,KGH PW,KGHM POLSKA MIEDZ SA,PLKGHM000017,5263251,4194792.0,397784432.04,5.05,USD,,,,equity,web_csv
2026-08-14,COPX,SCCO,SOUTHERN COPPER CORP,US84265V1052,2823777,2039068.97,376432522.18,4.78,USD,,,,equity,web_csv
2026-08-14,COPX,GLEN LN,GLENCORE PLC,JE00B4T3BW64,B4T3BW6,49718028.0,369741163.94,4.7,USD,,,,equity,web_csv
2026-08-14,COPX,FCX,FREEPORT-MCMORAN INC,US35671D8570,2352118,5502223.0,365842807.27,4.65,USD,,,,equity,web_csv
2026-08-14,COPX,ANTO LN,ANTOFAGASTA PLC,GB0000456144,0045614,7369417.0,357942255.62,4.55,USD,,,,equity,web_csv
2026-08-14,COPX,BOL SS,BOLIDEN AB,SE0020050417,BPYTZ57,6299572.0,347941958.39,4.42,USD,,,,equity,web_csv
2026-08-14,COPX,2899 HK,ZIJIN MINING GROUP CO LTD-H,CNE100000502,6725299,77515035.0,343745193.41,4.37,USD,,,,equity,web_csv
2026-08-14,COPX,5713 JP,SUMITOMO METAL MINING CO LTD,JP3402600005,6858849,5414220.0,326293179.29,4.15,USD,,,,equity,web_csv
2026-08-14,COPX,LUN CN,LUNDIN MINING CORP,CA5503721063,2866857,12563798.0,319718538.39,4.06,USD,,,,equity,web_csv
2026-08-14,COPX,CS CN,CAPSTONE COPPER CORP,CA14071L1085,BMY5XY9,27354797.0,297602532.3,3.78,USD,,,,equity,web_csv
2026-08-14,COPX,SFR AU,SANDFIRE RESOURCES LTD,AU000000SFR8,6739739,19237856.0,284330174.35,3.61,USD,,,,equity,web_csv
2026-08-14,COPX,2099 HK,CHINA GOLD INTERNATIONAL RES,CA16890P1036,B60FNV8,9883900.0,270289704.3,3.44,USD,,,,equity,web_csv
2026-08-14,COPX,IVN CN,IVANHOE MINES LTD-CL A,CA46579R1047,BD73C40,32662353.0,268509274.64,3.41,USD,,,,equity,web_csv
2026-08-14,COPX,NDA GR,AURUBIS AG,DE0006766504,5485527,1053345.0,204574462.06,2.6,USD,,,,equity,web_csv
2026-08-14,COPX,358 HK,JIANGXI COPPER CO LTD-H,CNE1000003K3,6000305,42025401.0,193540321.01,2.46,USD,,,,equity,web_csv
2026-08-14,COPX,1208 HK,MMG LTD,HK1208013172,6728793,164653260.0,176561454.09,2.24,USD,,,,equity,web_csv
2026-08-14,COPX,5711 JP,MITSUBISHI MATERIALS CORP,JP3903000002,6597089,5143763.0,167205851.87,2.12,USD,,,,equity,web_csv
2026-08-14,COPX,ERO CN,ERO COPPER CORP,CA2960061091,BF02Z72,4085387.0,138107538.48,1.75,USD,,,,equity,web_csv
2026-08-14,COPX,TGB,TREKOR METALS LTD,CA89472Y1079,BRSCTS7,14937793.0,124730571.55,1.58,USD,,,,equity,web_csv
2026-08-14,COPX,NGEX CN,NGEX MINERALS LTD,CA62930A1021,BVBCQW5,5788528.0,114648679.51,1.46,USD,,,,equity,web_csv
2026-08-14,COPX,1258 HK,CHINA NONFERROUS MINING CORP,HK0000112026,B890GY2,53824600.0,97464471.39,1.24,USD,,,,equity,web_csv
2026-08-14,COPX,ALS CN,ALTIUS MINERALS CORPORATION,CA0209361009,2122355,1925852.0,87776503.13,1.11,USD,,,,equity,web_csv
2026-08-14,COPX,3939 HK,WANGUO GOLD GROUP LTD,KYG9430L1150,BV106D0,48871060.0,73797483.39,0.94,USD,,,,equity,web_csv
2026-08-14,COPX,ATYM LN,ATALAYA MINING COPPER SA,CY0106002112,BYZTVM8,4936549.0,61331483.06,0.78,USD,,,,equity,web_csv
2026-08-14,COPX,BVR AU,BELLAVISTA RESOURCES LTD,AU0000216913,BNNFYB1,2228495.0,568961.31,0.01,USD,,,,equity,web_csv
2026-08-14,COPX,,CANADIAN DOLLAR,,,-0.01,-0.01,0.0,USD,,,,fx,web_csv
2026-08-14,COPX,,HONG KONG DOLLAR,,,-61011.85,-7774.74,0.0,USD,,,,fx,web_csv
2026-08-14,COPX,,JAPANESE YEN,,,-18239780.0,-114683.14,-0.0,USD,,,,fx,web_csv
2026-08-14,COPX,,OTHER PAYABLE & RECEIVABLES,CASH,,5641572.87,5641572.87,0.07,USD,,,,cash,web_csv
2026-08-14,COPX,,CASH,CASH,,4264331.82,4264331.82,0.05,USD,,,,cash,web_csv
2026-08-14,COPX,IE,IVANHOE ELECTRIC INC / US,US46578C1080,BPF0KH6,5045909.0,52527912.69,0.67,USD,,,,equity,web_csv
2026-08-14,COPX,AMAK AB,AL MASANE AL KOBRA MINING CO,SA15HG50KL10,BNNVLT6,2198748.0,50774124.81,0.65,USD,,,,equity,web_csv
2026-08-14,COPX,FFM AU,FIREFLY METALS LTD,AU0000313769,BPDXXB2,30642708.0,40421148.96,0.51,USD,,,,equity,web_csv
2026-08-14,COPX,NDM CN,NORTHERN DYNASTY MINERALS,CA66510M2040,2637848,22622654.0,36836484.05,0.47,USD,,,,equity,web_csv
2026-08-14,COPX,1515 JP,NITTETSU MINING CO LTD,JP3680800004,6641027,1737590.0,36763119.56,0.47,USD,,,,equity,web_csv
2026-08-14,COPX,FDY CN,FARADAY COPPER CORP,CA3073571034,BLNNJN8,8989677.0,35882280.04,0.46,USD,,,,equity,web_csv
2026-08-14,COPX,DVP AU,DEVELOP GLOBAL LTD,AU0000179707,BNVQGB0,10654129.0,35739433.04,0.45,USD,,,,equity,web_csv
2026-08-14,COPX,ARG CN,AMERIGO RESOURCES LTD,CA03074G1090,2855822,5757788.0,31652381.17,0.4,USD,,,,equity,web_csv
2026-08-14,COPX,OM CN,OSISKO METALS INC,CA6882741094,BYW9WY0,24687379.0,30771400.75,0.39,USD,,,,equity,web_csv
2026-08-14,COPX,SLS CN,SOLARIS RESOURCES INC,CA83419D2014,BMQ5701,3876953.0,29916183.31,0.38,USD,,,,equity,web_csv
2026-08-14,COPX,CNL CN,COLLECTIVE MINING LTD,CA19425C1005,BN79Z49,1956340.0,28881016.32,0.37,USD,,,,equity,web_csv
2026-08-17,COPX,BVR AU,BELLAVISTA RESOURCES LTD,AU0000216913,BNNFYB1,2228495.0,602265.96,0.01,USD,,,,equity,web_csv
2026-08-17,COPX,,CANADIAN DOLLAR,,,-0.01,-0.01,0.0,USD,,,,fx,web_csv
2026-08-17,COPX,,HONG KONG DOLLAR,,,-61011.85,-7776.97,0.0,USD,,,,fx,web_csv
2026-08-17,COPX,,JAPANESE YEN,,,-18239780.0,-114503.15,-0.0,USD,,,,fx,web_csv
2026-08-17,COPX,,OTHER PAYABLE & RECEIVABLES,CASH,,6075491.08,6075491.08,0.08,USD,,,,cash,web_csv
2026-08-17,COPX,,CASH,CASH,,3901865.73,3901865.73,0.05,USD,,,,cash,web_csv
2026-08-17,COPX,HBM CN,HUDBAY MINERALS INC,CA4436281022,B05BDX1,16802985.0,460471950.38,5.72,USD,,,,equity,web_csv
2026-08-17,COPX,FM CN,FIRST QUANTUM MINERALS LTD,CA3359341052,2347608,13191051.0,425131121.18,5.29,USD,,,,equity,web_csv
2026-08-17,COPX,TECK/B CN,TECK RESOURCES LTD-CLS B,CA8787422044,2879327,6496568.0,421563616.37,5.24,USD,,,,equity,web_csv
2026-08-17,COPX,BHP AU,BHP GROUP LTD,AU000000BHP4,6144690,9364903.0,414273092.09,5.15,USD,,,,equity,web_csv
2026-08-17,COPX,SCCO,SOUTHERN COPPER CORP,US84265V1052,2823777,2039068.97,391582804.61,4.87,USD,,,,equity,web_csv
2026-08-17,COPX,KGH PW,KGHM POLSKA MIEDZ SA,PLKGHM000017,5263251,4194792.0,389201112.31,4.84,USD,,,,equity,web_csv
2026-08-17,COPX,FCX,FREEPORT-MCMORAN INC,US35671D8570,2352118,5502223.0,376242008.74,4.68,USD,,,,equity,web_csv
2026-08-17,COPX,GLEN LN,GLENCORE PLC,JE00B4T3BW64,B4T3BW6,49718028.0,373153047.37,4.64,USD,,,,equity,web_csv
2026-08-17,COPX,ANTO LN,ANTOFAGASTA PLC,GB0000456144,0045614,7369417.0,361145078.02,4.49,USD,,,,equity,web_csv
2026-08-17,COPX,2899 HK,ZIJIN MINING GROUP CO LTD-H,CNE100000502,6725299,77515035.0,354910015.96,4.41,USD,,,,equity,web_csv
2026-08-17,COPX,BOL SS,BOLIDEN AB,SE0020050417,BPYTZ57,6299572.0,351260846.38,4.37,USD,,,,equity,web_csv
2026-08-17,COPX,5713 JP,SUMITOMO METAL MINING CO LTD,JP3402600005,6858849,5414220.0,338084976.55,4.2,USD,,,,equity,web_csv
2026-08-17,COPX,LUN CN,LUNDIN MINING CORP,CA5503721063,2866857,12563798.0,327719737.25,4.07,USD,,,,equity,web_csv
2026-08-17,COPX,CS CN,CAPSTONE COPPER CORP,CA14071L1085,BMY5XY9,27354797.0,298670628.19,3.71,USD,,,,equity,web_csv
2026-08-17,COPX,SFR AU,SANDFIRE RESOURCES LTD,AU000000SFR8,6739739,19237856.0,291153054.74,3.62,USD,,,,equity,web_csv
2026-08-17,COPX,2099 HK,CHINA GOLD INTERNATIONAL RES,CA16890P1036,B60FNV8,9883900.0,278430365.06,3.46,USD,,,,equity,web_csv
2026-08-17,COPX,IVN CN,IVANHOE MINES LTD-CL A,CA46579R1047,BD73C40,32662353.0,275591915.84,3.43,USD,,,,equity,web_csv
2026-08-17,COPX,NDA GR,AURUBIS AG,DE0006766504,5485527,1053345.0,207852073.48,2.58,USD,,,,equity,web_csv
2026-08-17,COPX,358 HK,JIANGXI COPPER CO LTD-H,CNE1000003K3,6000305,42025401.0,200988253.39,2.5,USD,,,,equity,web_csv
2026-08-17,COPX,1208 HK,MMG LTD,HK1208013172,6728793,164653260.0,189414632.07,2.35,USD,,,,equity,web_csv
2026-08-17,COPX,5711 JP,MITSUBISHI MATERIALS CORP,JP3903000002,6597089,5143763.0,169978771.66,2.11,USD,,,,equity,web_csv
2026-08-17,COPX,ERO CN,ERO COPPER CORP,CA2960061091,BF02Z72,4085387.0,142715282.36,1.77,USD,,,,equity,web_csv
2026-08-17,COPX,TGB,TREKOR METALS LTD,CA89472Y1079,BRSCTS7,14937793.0,131004444.61,1.63,USD,,,,equity,web_csv
2026-08-17,COPX,NGEX CN,NGEX MINERALS LTD,CA62930A1021,BVBCQW5,5788528.0,116759909.25,1.45,USD,,,,equity,web_csv
2026-08-17,COPX,1258 HK,CHINA NONFERROUS MINING CORP,HK0000112026,B890GY2,53824600.0,102912481.52,1.28,USD,,,,equity,web_csv
2026-08-17,COPX,ALS CN,ALTIUS MINERALS CORPORATION,CA0209361009,2122355,1925852.0,86581050.5,1.08,USD,,,,equity,web_csv
2026-08-17,COPX,3939 HK,WANGUO GOLD GROUP LTD,KYG9430L1150,BV106D0,48871060.0,79113657.01,0.98,USD,,,,equity,web_csv
2026-08-17,COPX,ATYM LN,ATALAYA MINING COPPER SA,CY0106002112,BYZTVM8,4936549.0,61884990.92,0.77,USD,,,,equity,web_csv
2026-08-17,COPX,IE,IVANHOE ELECTRIC INC / US,US46578C1080,BPF0KH6,5045909.0,53436176.31,0.66,USD,,,,equity,web_csv
2026-08-17,COPX,AMAK AB,AL MASANE AL KOBRA MINING CO,SA15HG50KL10,BNNVLT6,2177566.0,48429021.44,0.6,USD,,,,equity,web_csv
2026-08-17,COPX,FFM AU,FIREFLY METALS LTD,AU0000313769,BPDXXB2,30642708.0,41298037.55,0.51,USD,,,,equity,web_csv
2026-08-17,COPX,DVP AU,DEVELOP GLOBAL LTD,AU0000179707,BNVQGB0,10654129.0,37431562.62,0.47,USD,,,,equity,web_csv
2026-08-17,COPX,FDY CN,FARADAY COPPER CORP,CA3073571034,BLNNJN8,8989677.0,37407014.24,0.47,USD,,,,equity,web_csv
2026-08-17,COPX,1515 JP,NITTETSU MINING CO LTD,JP3680800004,6641027,1737590.0,37359903.01,0.46,USD,,,,equity,web_csv
2026-08-17,COPX,NDM CN,NORTHERN DYNASTY MINERALS,CA66510M2040,2637848,22622654.0,36544726.47,0.45,USD,,,,equity,web_csv
2026-08-17,COPX,ARG CN,AMERIGO RESOURCES LTD,CA03074G1090,2855822,5757788.0,32138808.73,0.4,USD,,,,equity,web_csv
2026-08-17,COPX,OM CN,OSISKO METALS INC,CA6882741094,BYW9WY0,24687379.0,31690429.9,0.39,USD,,,,equity,web_csv
2026-08-17,COPX,SLS CN,SOLARIS RESOURCES INC,CA83419D2014,BMQ5701,3876953.0,30950758.81,0.39,USD,,,,equity,web_csv
2026-08-17,COPX,CNL CN,COLLECTIVE MINING LTD,CA19425C1005,BN79Z49,1956340.0,28456624.09,0.35,USD,,,,equity,web_csv
2026-08-18,COPX,,OTHER PAYABLE & RECEIVABLES,CASH,,5472853.27,5472853.27,0.07,USD,,,,cash,web_csv
2026-08-18,COPX,,CASH,CASH,,3908535.89,3908535.89,0.05,USD,,,,cash,web_csv
2026-08-18,COPX,IE,IVANHOE ELECTRIC INC / US,US46578C1080,BPF0KH6,5034909.0,51104326.35,0.65,USD,,,,equity,web_csv
2026-08-18,COPX,AMAK AB,AL MASANE AL KOBRA MINING CO,SA15HG50KL10,BNNVLT6,2172806.0,48583583.35,0.62,USD,,,,equity,web_csv
2026-08-18,COPX,FFM AU,FIREFLY METALS LTD,AU0000313769,BPDXXB2,30575728.0,40809604.66,0.52,USD,,,,equity,web_csv
2026-08-18,COPX,1515 JP,NITTETSU MINING CO LTD,JP3680800004,6641027,1733790.0,38139902.86,0.48,USD,,,,equity,web_csv
2026-08-18,COPX,DVP AU,DEVELOP GLOBAL LTD,AU0000179707,BNVQGB0,10630849.0,36604747.9,0.46,USD,,,,equity,web_csv
2026-08-18,COPX,NDM CN,NORTHERN DYNASTY MINERALS,CA66510M2040,2637848,22573334.0,35274644.28,0.45,USD,,,,equity,web_csv
2026-08-18,COPX,FDY CN,FARADAY COPPER CORP,CA3073571034,BLNNJN8,8970077.0,35075446.02,0.45,USD,,,,equity,web_csv
2026-08-18,COPX,ARG CN,AMERIGO RESOURCES LTD,CA03074G1090,2855822,5745228.0,30698586.22,0.39,USD,,,,equity,web_csv
2026-08-18,COPX,OM CN,OSISKO METALS INC,CA6882741094,BYW9WY0,24633559.0,30688839.57,0.39,USD,,,,equity,web_csv
2026-08-18,COPX,SLS CN,SOLARIS RESOURCES INC,CA83419D2014,BMQ5701,3868493.0,30309439.99,0.38,USD,,,,equity,web_csv
2026-08-18,COPX,CNL CN,COLLECTIVE MINING LTD,CA19425C1005,BN79Z49,1952080.0,28381878.23,0.36,USD,,,,equity,web_csv
2026-08-18,COPX,HBM CN,HUDBAY MINERALS INC,CA4436281022,B05BDX1,16766385.0,442507478.67,5.61,USD,,,,equity,web_csv
2026-08-18,COPX,BHP AU,BHP GROUP LTD,AU000000BHP4,6144690,9344463.0,423587350.5,5.37,USD,,,,equity,web_csv
2026-08-18,COPX,TECK/B CN,TECK RESOURCES LTD-CLS B,CA8787422044,2879327,6482408.0,414950669.44,5.26,USD,,,,equity,web_csv
2026-08-18,COPX,FM CN,FIRST QUANTUM MINERALS LTD,CA3359341052,2347608,13162291.0,411934732.91,5.22,USD,,,,equity,web_csv
2026-08-18,COPX,SCCO,SOUTHERN COPPER CORP,US84265V1052,2823777,2034628.97,382103320.19,4.84,USD,,,,equity,web_csv
2026-08-18,COPX,KGH PW,KGHM POLSKA MIEDZ SA,PLKGHM000017,5263251,4185652.0,374909785.51,4.75,USD,,,,equity,web_csv
2026-08-18,COPX,GLEN LN,GLENCORE PLC,JE00B4T3BW64,B4T3BW6,49609488.0,370329362.34,4.7,USD,,,,equity,web_csv
2026-08-18,COPX,FCX,FREEPORT-MCMORAN INC,US35671D8570,2352118,5490223.0,364111589.36,4.62,USD,,,,equity,web_csv
2026-08-18,COPX,ANTO LN,ANTOFAGASTA PLC,GB0000456144,0045614,7353357.0,354029498.44,4.49,USD,,,,equity,web_csv
2026-08-18,COPX,2899 HK,ZIJIN MINING GROUP CO LTD-H,CNE100000502,6725299,77345035.0,350048922.41,4.44,USD,,,,equity,web_csv
2026-08-18,COPX,BOL SS,BOLIDEN AB,SE0020050417,BPYTZ57,6285812.0,341814876.87,4.33,USD,,,,equity,web_csv
2026-08-18,COPX,5713 JP,SUMITOMO METAL MINING CO LTD,JP3402600005,6858849,5402380.0,334957040.24,4.25,USD,,,,equity,web_csv
2026-08-18,COPX,LUN CN,LUNDIN MINING CORP,CA5503721063,2866857,12536418.0,320756800.88,4.07,USD,,,,equity,web_csv
2026-08-18,COPX,CS CN,CAPSTONE COPPER CORP,CA14071L1085,BMY5XY9,27295177.0,291300560.36,3.69,USD,,,,equity,web_csv
2026-08-18,COPX,2099 HK,CHINA GOLD INTERNATIONAL RES,CA16890P1036,B60FNV8,9861900.0,289926457.5,3.68,USD,,,,equity,web_csv
2026-08-18,COPX,SFR AU,SANDFIRE RESOURCES LTD,AU000000SFR8,6739739,19195796.0,284144933.87,3.6,USD,,,,equity,web_csv
2026-08-18,COPX,IVN CN,IVANHOE MINES LTD-CL A,CA46579R1047,BD73C40,32591153.0,263094966.43,3.34,USD,,,,equity,web_csv
2026-08-18,COPX,NDA GR,AURUBIS AG,DE0006766504,5485527,1051045.0,201466218.25,2.55,USD,,,,equity,web_csv
2026-08-18,COPX,358 HK,JIANGXI COPPER CO LTD-H,CNE1000003K3,6000305,41933401.0,195235508.42,2.48,USD,,,,equity,web_csv
2026-08-18,COPX,1208 HK,MMG LTD,HK1208013172,6728793,164295260.0,192699599.94,2.44,USD,,,,equity,web_csv
2026-08-18,COPX,5711 JP,MITSUBISHI MATERIALS CORP,JP3903000002,6597089,5132523.0,168746651.15,2.14,USD,,,,equity,web_csv
2026-08-18,COPX,ERO CN,ERO COPPER CORP,CA2960061091,BF02Z72,4076487.0,134508072.11,1.71,USD,,,,equity,web_csv
2026-08-18,COPX,TGB,TREKOR METALS LTD,CA89472Y1079,BRSCTS7,14905233.0,124607747.88,1.58,USD,,,,equity,web_csv
2026-08-18,COPX,NGEX CN,NGEX MINERALS LTD,CA62930A1021,BVBCQW5,5775908.0,112386155.01,1.43,USD,,,,equity,web_csv
2026-08-18,COPX,1258 HK,CHINA NONFERROUS MINING CORP,HK0000112026,B890GY2,53706600.0,100375929.83,1.27,USD,,,,equity,web_csv
2026-08-18,COPX,ALS CN,ALTIUS MINERALS CORPORATION,CA0209361009,2122355,1921652.0,85105388.69,1.08,USD,,,,equity,web_csv
2026-08-18,COPX,3939 HK,WANGUO GOLD GROUP LTD,KYG9430L1150,BV106D0,48765060.0,80820227.18,1.02,USD,,,,equity,web_csv
2026-08-18,COPX,ATYM LN,ATALAYA MINING COPPER SA,CY0106002112,BYZTVM8,4925749.0,60572056.66,0.77,USD,,,,equity,web_csv
2026-08-18,COPX,BVR AU,BELLAVISTA RESOURCES LTD,AU0000216913,BNNFYB1,2223255.0,552439.92,0.01,USD,,,,equity,web_csv
2026-08-18,COPX,,SAUDI RIYAL,,,1827645.37,486787.95,0.01,USD,,,,fx,web_csv
2026-08-18,COPX,,CANADIAN DOLLAR,,,-0.01,-0.01,0.0,USD,,,,fx,web_csv
2026-08-18,COPX,,HONG KONG DOLLAR,,,-61011.85,-7778.25,0.0,USD,,,,fx,web_csv
2026-08-18,COPX,,JAPANESE YEN,,,-18239780.0,-114312.99,-0.0,USD,,,,fx,web_csv
2026-08-19,COPX,,SAUDI RIYAL,,,2224544.54,592469.32,0.01,USD,,,,fx,web_csv
2026-08-19,COPX,BVR AU,BELLAVISTA RESOURCES LTD,AU0000216913,BNNFYB1,2223255.0,554072.38,0.01,USD,,,,equity,web_csv
2026-08-19,COPX,,CANADIAN DOLLAR,,,-0.01,-0.01,0.0,USD,,,,fx,web_csv
2026-08-19,COPX,,HONG KONG DOLLAR,,,-61011.85,-7781.43,0.0,USD,,,,fx,web_csv
2026-08-19,COPX,,JAPANESE YEN,,,-18239780.0,-115168.3,-0.0,USD,,,,fx,web_csv
2026-08-19,COPX,,OTHER PAYABLE & RECEIVABLES,CASH,,5342186.94,5342186.94,0.07,USD,,,,cash,web_csv
2026-08-19,COPX,,CASH,CASH,,3810258.79,3810258.79,0.05,USD,,,,cash,web_csv
2026-08-19,COPX,HBM CN,HUDBAY MINERALS INC,CA4436281022,B05BDX1,16766385.0,459256584.31,5.71,USD,,,,equity,web_csv
2026-08-19,COPX,TECK/B CN,TECK RESOURCES LTD-CLS B,CA8787422044,2879327,6482408.0,427906030.27,5.32,USD,,,,equity,web_csv
2026-08-19,COPX,BHP AU,BHP GROUP LTD,AU000000BHP4,6144690,9344463.0,423907531.85,5.27,USD,,,,equity,web_csv
2026-08-19,COPX,FM CN,FIRST QUANTUM MINERALS LTD,CA3359341052,2347608,13162291.0,421418169.99,5.24,USD,,,,equity,web_csv
2026-08-19,COPX,SCCO,SOUTHERN COPPER CORP,US84265V1052,2823777,2034628.97,396101567.49,4.92,USD,,,,equity,web_csv
2026-08-19,COPX,KGH PW,KGHM POLSKA MIEDZ SA,PLKGHM000017,5263251,4185652.0,393565851.85,4.89,USD,,,,equity,web_csv
2026-08-19,COPX,GLEN LN,GLENCORE PLC,JE00B4T3BW64,B4T3BW6,49609488.0,391634309.82,4.87,USD,,,,equity,web_csv
2026-08-19,COPX,FCX,FREEPORT-MCMORAN INC,US35671D8570,2352118,5490223.0,379319507.07,4.72,USD,,,,equity,web_csv
2026-08-19,COPX,ANTO LN,ANTOFAGASTA PLC,GB0000456144,0045614,7353357.0,370454766.6,4.61,USD,,,,equity,web_csv
2026-08-19,COPX,BOL SS,BOLIDEN AB,SE0020050417,BPYTZ57,6285812.0,355276785.09,4.42,USD,,,,equity,web_csv
2026-08-19,COPX,2899 HK,ZIJIN MINING GROUP CO LTD-H,CNE100000502,6725299,77345035.0,344273052.34,4.28,USD,,,,equity,web_csv
2026-08-19,COPX,5713 JP,SUMITOMO METAL MINING CO LTD,JP3402600005,6858849,5402380.0,327366319.56,4.07,USD,,,,equity,web_csv
2026-08-19,COPX,LUN CN,LUNDIN MINING CORP,CA5503721063,2866857,12536418.0,319887606.86,3.98,USD,,,,equity,web_csv
2026-08-19,COPX,CS CN,CAPSTONE COPPER CORP,CA14071L1085,BMY5XY9,27295177.0,300326968.33,3.73,USD,,,,equity,web_csv
2026-08-19,COPX,2099 HK,CHINA GOLD INTERNATIONAL RES,CA16890P1036,B60FNV8,9861900.0,289541671.02,3.6,USD,,,,equity,web_csv
2026-08-19,COPX,SFR AU,SANDFIRE RESOURCES LTD,AU000000SFR8,6739739,19195796.0,285667998.01,3.55,USD,,,,equity,web_csv
2026-08-19,COPX,IVN CN,IVANHOE MINES LTD-CL A,CA46579R1047,BD73C40,32591153.0,272487471.24,3.39,USD,,,,equity,web_csv
2026-08-19,COPX,NDA GR,AURUBIS AG,DE0006766504,5485527,1051045.0,211824653.32,2.63,USD,,,,equity,web_csv
2026-08-19,COPX,358 HK,JIANGXI COPPER CO LTD-H,CNE1000003K3,6000305,41933401.0,191143616.23,2.38,USD,,,,equity,web_csv
2026-08-19,COPX,1208 HK,MMG LTD,HK1208013172,6728793,164295260.0,190263746.96,2.37,USD,,,,equity,web_csv
2026-08-19,COPX,5711 JP,MITSUBISHI MATERIALS CORP,JP3903000002,6597089,5132523.0,163657402.68,2.04,USD,,,,equity,web_csv
2026-08-19,COPX,ERO CN,ERO COPPER CORP,CA2960061091,BF02Z72,4076487.0,138838693.66,1.73,USD,,,,equity,web_csv
2026-08-19,COPX,TGB,TREKOR METALS LTD,CA89472Y1079,BRSCTS7,14905233.0,126247323.51,1.57,USD,,,,equity,web_csv
2026-08-19,COPX,NGEX CN,NGEX MINERALS LTD,CA62930A1021,BVBCQW5,5775908.0,115815014.37,1.44,USD,,,,equity,web_csv
2026-08-19,COPX,1258 HK,CHINA NONFERROUS MINING CORP,HK0000112026,B890GY2,53706600.0,98293482.72,1.22,USD,,,,equity,web_csv
2026-08-19,COPX,ALS CN,ALTIUS MINERALS CORPORATION,CA0209361009,2122355,1921652.0,86689603.42,1.08,USD,,,,equity,web_csv
2026-08-19,COPX,3939 HK,WANGUO GOLD GROUP LTD,KYG9430L1150,BV106D0,48765060.0,80231264.3,1.0,USD,,,,equity,web_csv
2026-08-19,COPX,ATYM LN,ATALAYA MINING COPPER SA,CY0106002112,BYZTVM8,4925749.0,62943514.98,0.78,USD,,,,equity,web_csv
2026-08-19,COPX,IE,IVANHOE ELECTRIC INC / US,US46578C1080,BPF0KH6,5034909.0,53269337.22,0.66,USD,,,,equity,web_csv
2026-08-19,COPX,AMAK AB,AL MASANE AL KOBRA MINING CO,SA15HG50KL10,BNNVLT6,2172806.0,46468778.28,0.58,USD,,,,equity,web_csv
2026-08-19,COPX,FFM AU,FIREFLY METALS LTD,AU0000313769,BPDXXB2,30575728.0,39732771.01,0.49,USD,,,,equity,web_csv
2026-08-19,COPX,NDM CN,NORTHERN DYNASTY MINERALS,CA66510M2040,2637848,22573334.0,37909540.61,0.47,USD,,,,equity,web_csv
2026-08-19,COPX,DVP AU,DEVELOP GLOBAL LTD,AU0000179707,BNVQGB0,10630849.0,36637218.14,0.46,USD,,,,equity,web_csv
2026-08-19,COPX,1515 JP,NITTETSU MINING CO LTD,JP3680800004,6641027,1733790.0,36400011.05,0.45,USD,,,,equity,web_csv
2026-08-19,COPX,FDY CN,FARADAY COPPER CORP,CA3073571034,BLNNJN8,8970077.0,35258256.26,0.44,USD,,,,equity,web_csv
2026-08-19,COPX,ARG CN,AMERIGO RESOURCES LTD,CA03074G1090,2855822,5745228.0,31066526.59,0.39,USD,,,,equity,web_csv
2026-08-19,COPX,OM CN,OSISKO METALS INC,CA6882741094,BYW9WY0,24633559.0,30848787.19,0.38,USD,,,,equity,web_csv
2026-08-19,COPX,SLS CN,SOLARIS RESOURCES INC,CA83419D2014,BMQ5701,3868493.0,30803447.83,0.38,USD,,,,equity,web_csv
2026-08-19,COPX,CNL CN,COLLECTIVE MINING LTD,CA19425C1005,BN79Z49,1952080.0,30070044.08,0.37,USD,,,,equity,web_csv
2026-08-20,COPX,,OTHER PAYABLE & RECEIVABLES,CASH,,5209235.52,5209235.52,0.06,USD,,,,cash,web_csv
2026-08-20,COPX,,CASH,CASH,,4297381.66,4297381.66,0.05,USD,,,,cash,web_csv
2026-08-20,COPX,BVR AU,BELLAVISTA RESOURCES LTD,AU0000216913,BNNFYB1,2223255.0,601821.41,0.01,USD,,,,equity,web_csv
2026-08-20,COPX,,SAUDI RIYAL,,,396899.17,105707.29,0.0,USD,,,,fx,web_csv
2026-08-20,COPX,,CANADIAN DOLLAR,,,-0.01,-0.01,0.0,USD,,,,fx,web_csv
2026-08-20,COPX,,HONG KONG DOLLAR,,,-61011.85,-7779.05,0.0,USD,,,,fx,web_csv
2026-08-20,COPX,,JAPANESE YEN,,,-18239780.0,-114917.97,-0.0,USD,,,,fx,web_csv
2026-08-20,COPX,HBM CN,HUDBAY MINERALS INC,CA4436281022,B05BDX1,16766385.0,472417625.39,5.74,USD,,,,equity,web_csv
2026-08-20,COPX,FM CN,FIRST QUANTUM MINERALS LTD,CA3359341052,2347608,13162291.0,439443443.08,5.34,USD,,,,equity,web_csv
2026-08-20,COPX,BHP AU,BHP GROUP LTD,AU000000BHP4,6144690,9344463.0,437668073.98,5.32,USD,,,,equity,web_csv
2026-08-20,COPX,TECK/B CN,TECK RESOURCES LTD-CLS B,CA8787422044,2879327,6482408.0,429839955.77,5.22,USD,,,,equity,web_csv
2026-08-20,COPX,SCCO,SOUTHERN COPPER CORP,US84265V1052,2823777,2034628.97,404341814.81,4.92,USD,,,,equity,web_csv
2026-08-20,COPX,GLEN LN,GLENCORE PLC,JE00B4T3BW64,B4T3BW6,49609488.0,395298766.75,4.8,USD,,,,equity,web_csv
2026-08-20,COPX,FCX,FREEPORT-MCMORAN INC,US35671D8570,2352118,5490223.0,391013682.06,4.75,USD,,,,equity,web_csv
2026-08-20,COPX,KGH PW,KGHM POLSKA MIEDZ SA,PLKGHM000017,5263251,4185652.0,376646368.22,4.58,USD,,,,equity,web_csv
2026-08-20,COPX,ANTO LN,ANTOFAGASTA PLC,GB0000456144,0045614,7353357.0,371507225.81,4.52,USD,,,,equity,web_csv
2026-08-20,COPX,2899 HK,ZIJIN MINING GROUP CO LTD-H,CNE100000502,6725299,77345035.0,362510166.46,4.41,USD,,,,equity,web_csv
2026-08-20,COPX,5713 JP,SUMITOMO METAL MINING CO LTD,JP3402600005,6858849,5402380.0,361815142.39,4.4,USD,,,,equity,web_csv
2026-08-20,COPX,BOL SS,BOLIDEN AB,SE0020050417,BPYTZ57,6285812.0,357464324.68,4.34,USD,,,,equity,web_csv
2026-08-20,COPX,LUN CN,LUNDIN MINING CORP,CA5503721063,2866857,12536418.0,328488537.83,3.99,USD,,,,equity,web_csv
2026-08-20,COPX,2099 HK,CHINA GOLD INTERNATIONAL RES,CA16890P1036,B60FNV8,9861900.0,310577360.99,3.77,USD,,,,equity,web_csv
2026-08-20,COPX,CS CN,CAPSTONE COPPER CORP,CA14071L1085,BMY5XY9,27295177.0,305018304.77,3.71,USD,,,,equity,web_csv
2026-08-20,COPX,SFR AU,SANDFIRE RESOURCES LTD,AU000000SFR8,6739739,19195796.0,293584371.08,3.57,USD,,,,equity,web_csv
2026-08-20,COPX,IVN CN,IVANHOE MINES LTD-CL A,CA46579R1047,BD73C40,32591153.0,270075442.46,3.28,USD,,,,equity,web_csv
2026-08-20,COPX,NDA GR,AURUBIS AG,DE0006766504,5485527,1051045.0,211459089.16,2.57,USD,,,,equity,web_csv
2026-08-20,COPX,358 HK,JIANGXI COPPER CO LTD-H,CNE1000003K3,6000305,41933401.0,193330670.29,2.35,USD,,,,equity,web_csv
2026-08-20,COPX,1208 HK,MMG LTD,HK1208013172,6728793,164295260.0,188739183.82,2.29,USD,,,,equity,web_csv
2026-08-20,COPX,5711 JP,MITSUBISHI MATERIALS CORP,JP3903000002,6597089,5132523.0,172841075.07,2.1,USD,,,,equity,web_csv
2026-08-20,COPX,ERO CN,ERO COPPER CORP,CA2960061091,BF02Z72,4076487.0,146748799.12,1.78,USD,,,,equity,web_csv
2026-08-20,COPX,TGB,TREKOR METALS LTD,CA89472Y1079,BRSCTS7,14905233.0,129526474.77,1.57,USD,,,,equity,web_csv
2026-08-20,COPX,NGEX CN,NGEX MINERALS LTD,CA62930A1021,BVBCQW5,5775908.0,116515668.24,1.42,USD,,,,equity,web_csv
2026-08-20,COPX,1258 HK,CHINA NONFERROUS MINING CORP,HK0000112026,B890GY2,53706600.0,98057976.06,1.19,USD,,,,equity,web_csv
2026-08-20,COPX,ALS CN,ALTIUS MINERALS CORPORATION,CA0209361009,2122355,1921652.0,88015872.75,1.07,USD,,,,equity,web_csv
2026-08-20,COPX,3939 HK,WANGUO GOLD GROUP LTD,KYG9430L1150,BV106D0,48765060.0,84745542.94,1.03,USD,,,,equity,web_csv
2026-08-20,COPX,ATYM LN,ATALAYA MINING COPPER SA,CY0106002112,BYZTVM8,4925749.0,63087782.34,0.77,USD,,,,equity,web_csv
2026-08-20,COPX,IE,IVANHOE ELECTRIC INC / US,US46578C1080,BPF0KH6,5034909.0,51809213.61,0.63,USD,,,,equity,web_csv
2026-08-20,COPX,AMAK AB,AL MASANE AL KOBRA MINING CO,SA15HG50KL10,BNNVLT6,2172806.0,49275423.04,0.6,USD,,,,equity,web_csv
2026-08-20,COPX,FFM AU,FIREFLY METALS LTD,AU0000313769,BPDXXB2,30575728.0,40838787.58,0.5,USD,,,,equity,web_csv
2026-08-20,COPX,DVP AU,DEVELOP GLOBAL LTD,AU0000179707,BNVQGB0,10630849.0,39151937.12,0.48,USD,,,,equity,web_csv
2026-08-20,COPX,1515 JP,NITTETSU MINING CO LTD,JP3680800004,6641027,1733790.0,38450987.9,0.47,USD,,,,equity,web_csv
2026-08-20,COPX,NDM CN,NORTHERN DYNASTY MINERALS,CA66510M2040,2637848,22573334.0,37510293.06,0.46,USD,,,,equity,web_csv
2026-08-20,COPX,FDY CN,FARADAY COPPER CORP,CA3073571034,BLNNJN8,8970077.0,34627973.04,0.42,USD,,,,equity,web_csv
2026-08-20,COPX,SLS CN,SOLARIS RESOURCES INC,CA83419D2014,BMQ5701,3868493.0,31523965.16,0.38,USD,,,,equity,web_csv
2026-08-20,COPX,ARG CN,AMERIGO RESOURCES LTD,CA03074G1090,2855822,5745228.0,31517251.06,0.38,USD,,,,equity,web_csv
2026-08-20,COPX,OM CN,OSISKO METALS INC,CA6882741094,BYW9WY0,24633559.0,30923776.99,0.38,USD,,,,equity,web_csv
2026-08-20,COPX,CNL CN,COLLECTIVE MINING LTD,CA19425C1005,BN79Z49,1952080.0,29647365.5,0.36,USD,,,,equity,web_csv
2026-08-21,COPX,IE,IVANHOE ELECTRIC INC / US,US46578C1080,BPF0KH6,5018409.0,56557469.43,0.66,USD,,,,equity,web_csv
2026-08-21,COPX,AMAK AB,AL MASANE AL KOBRA MINING CO,SA15HG50KL10,BNNVLT6,2172806.0,49276735.44,0.57,USD,,,,equity,web_csv
2026-08-21,COPX,FFM AU,FIREFLY METALS LTD,AU0000313769,BPDXXB2,30475258.0,41481649.58,0.48,USD,,,,equity,web_csv
2026-08-21,COPX,DVP AU,DEVELOP GLOBAL LTD,AU0000179707,BNVQGB0,10595929.0,39700479.75,0.46,USD,,,,equity,web_csv
2026-08-21,COPX,1515 JP,NITTETSU MINING CO LTD,JP3680800004,6641027,1728090.0,39406952.79,0.46,USD,,,,equity,web_csv
2026-08-21,COPX,NDM CN,NORTHERN DYNASTY MINERALS,CA66510M2040,2637848,22499354.0,39204595.49,0.46,USD,,,,equity,web_csv
2026-08-21,COPX,FDY CN,FARADAY COPPER CORP,CA3073571034,BLNNJN8,8940677.0,37389406.85,0.44,USD,,,,equity,web_csv
2026-08-21,COPX,SLS CN,SOLARIS RESOURCES INC,CA83419D2014,BMQ5701,3855803.0,34237100.73,0.4,USD,,,,equity,web_csv
2026-08-21,COPX,ARG CN,AMERIGO RESOURCES LTD,CA03074G1090,2855822,5726388.0,33509774.04,0.39,USD,,,,equity,web_csv
2026-08-21,COPX,OM CN,OSISKO METALS INC,CA6882741094,BYW9WY0,24552829.0,32087045.56,0.37,USD,,,,equity,web_csv
2026-08-21,COPX,CNL CN,COLLECTIVE MINING LTD,CA19425C1005,BN79Z49,1945690.0,30399861.18,0.35,USD,,,,equity,web_csv
2026-08-21,COPX,HBM CN,HUDBAY MINERALS INC,CA4436281022,B05BDX1,16711485.0,501702475.59,5.85,USD,,,,equity,web_csv
2026-08-21,COPX,FM CN,FIRST QUANTUM MINERALS LTD,CA3359341052,2347608,13119151.0,452529033.3,5.28,USD,,,,equity,web_csv
2026-08-21,COPX,TECK/B CN,TECK RESOURCES LTD-CLS B,CA8787422044,2879327,6461168.0,447053625.0,5.21,USD,,,,equity,web_csv
2026-08-21,COPX,SCCO,SOUTHERN COPPER CORP,US84265V1052,2823777,2027968.97,438041297.09,5.11,USD,,,,equity,web_csv
2026-08-21,COPX,BHP AU,BHP GROUP LTD,AU000000BHP4,6144690,9313803.0,434773584.56,5.07,USD,,,,equity,web_csv
2026-08-21,COPX,FCX,FREEPORT-MCMORAN INC,US35671D8570,2352118,5472223.0,419500615.18,4.89,USD,,,,equity,web_csv
2026-08-21,COPX,GLEN LN,GLENCORE PLC,JE00B4T3BW64,B4T3BW6,49446678.0,402056997.29,4.69,USD,,,,equity,web_csv
2026-08-21,COPX,ANTO LN,ANTOFAGASTA PLC,GB0000456144,0045614,7329267.0,389944924.66,4.55,USD,,,,equity,web_csv
2026-08-21,COPX,KGH PW,KGHM POLSKA MIEDZ SA,PLKGHM000017,5263251,4171942.0,386597286.12,4.51,USD,,,,equity,web_csv
2026-08-21,COPX,2899 HK,ZIJIN MINING GROUP CO LTD-H,CNE100000502,6725299,77090035.0,379142602.91,4.42,USD,,,,equity,web_csv
2026-08-21,COPX,BOL SS,BOLIDEN AB,SE0020050417,BPYTZ57,6265172.0,374269252.56,4.37,USD,,,,equity,web_csv
2026-08-21,COPX,5713 JP,SUMITOMO METAL MINING CO LTD,JP3402600005,6858849,5384620.0,364473382.19,4.25,USD,,,,equity,web_csv
2026-08-21,COPX,LUN CN,LUNDIN MINING CORP,CA5503721063,2866857,12495348.0,345371836.03,4.03,USD,,,,equity,web_csv
2026-08-21,COPX,2099 HK,CHINA GOLD INTERNATIONAL RES,CA16890P1036,B60FNV8,9828900.0,326948856.55,3.81,USD,,,,equity,web_csv
2026-08-21,COPX,CS CN,CAPSTONE COPPER CORP,CA14071L1085,BMY5XY9,27205747.0,317616010.28,3.71,USD,,,,equity,web_csv
2026-08-21,COPX,SFR AU,SANDFIRE RESOURCES LTD,AU000000SFR8,6739739,19132706.0,296749041.74,3.46,USD,,,,equity,web_csv
2026-08-21,COPX,IVN CN,IVANHOE MINES LTD-CL A,CA46579R1047,BD73C40,32484353.0,291742437.73,3.4,USD,,,,equity,web_csv
2026-08-21,COPX,NDA GR,AURUBIS AG,DE0006766504,5485527,1047595.0,218890956.95,2.55,USD,,,,equity,web_csv
2026-08-21,COPX,358 HK,JIANGXI COPPER CO LTD-H,CNE1000003K3,6000305,41795401.0,199586726.71,2.33,USD,,,,equity,web_csv
2026-08-21,COPX,1208 HK,MMG LTD,HK1208013172,6728793,163758260.0,194768793.86,2.27,USD,,,,equity,web_csv
2026-08-21,COPX,5711 JP,MITSUBISHI MATERIALS CORP,JP3903000002,6597089,5115663.0,179087626.8,2.09,USD,,,,equity,web_csv
2026-08-21,COPX,ERO CN,ERO COPPER CORP,CA2960061091,BF02Z72,4063137.0,159829210.19,1.86,USD,,,,equity,web_csv
2026-08-21,COPX,TGB,TREKOR METALS LTD,CA89472Y1079,BRSCTS7,14856393.0,136530251.67,1.59,USD,,,,equity,web_csv
2026-08-21,COPX,NGEX CN,NGEX MINERALS LTD,CA62930A1021,BVBCQW5,5756978.0,121505318.52,1.42,USD,,,,equity,web_csv
2026-08-21,COPX,1258 HK,CHINA NONFERROUS MINING CORP,HK0000112026,B890GY2,53529600.0,104665480.66,1.22,USD,,,,equity,web_csv
2026-08-21,COPX,3939 HK,WANGUO GOLD GROUP LTD,KYG9430L1150,BV106D0,48606060.0,90078957.67,1.05,USD,,,,equity,web_csv
2026-08-21,COPX,ALS CN,ALTIUS MINERALS CORPORATION,CA0209361009,2122355,1915352.0,89374286.16,1.04,USD,,,,equity,web_csv
2026-08-21,COPX,ATYM LN,ATALAYA MINING COPPER SA,CY0106002112,BYZTVM8,4909549.0,66890322.49,0.78,USD,,,,equity,web_csv
2026-08-21,COPX,BVR AU,BELLAVISTA RESOURCES LTD,AU0000216913,BNNFYB1,2215395.0,618971.72,0.01,USD,,,,equity,web_csv
2026-08-21,COPX,,CANADIAN DOLLAR,,,-0.01,-0.01,0.0,USD,,,,fx,web_csv
2026-08-21,COPX,,HONG KONG DOLLAR,,,-61011.79,-7781.82,0.0,USD,,,,fx,web_csv
2026-08-21,COPX,,JAPANESE YEN,,,-18239780.0,-114740.85,-0.0,USD,,,,fx,web_csv
2026-08-21,COPX,,CASH,CASH,,-144882.88,-144882.88,-0.0,USD,,,,cash,web_csv
2026-08-21,COPX,,OTHER PAYABLE & RECEIVABLES,CASH,,9476900.65,9476900.65,0.11,USD,,,,cash,web_csv
2026-08-24,COPX,HBM CN,HUDBAY MINERALS INC,CA4436281022,B05BDX1,16696845.0,494909012.14,5.73,USD,,,,equity,web_csv
2026-08-24,COPX,TECK/B CN,TECK RESOURCES LTD-CLS B,CA8787422044,2879327,6455504.0,453690526.08,5.25,USD,,,,equity,web_csv
2026-08-24,COPX,FM CN,FIRST QUANTUM MINERALS LTD,CA3359341052,2347608,13107647.0,451223573.29,5.22,USD,,,,equity,web_csv
2026-08-24,COPX,BHP AU,BHP GROUP LTD,AU000000BHP4,6144690,9305627.0,446866099.25,5.17,USD,,,,equity,web_csv
2026-08-24,COPX,SCCO,SOUTHERN COPPER CORP,US84265V1052,2823777,2026192.97,434111843.39,5.02,USD,,,,equity,web_csv
2026-08-24,COPX,FCX,FREEPORT-MCMORAN INC,US35671D8570,2352118,5467423.0,425365509.4,4.92,USD,,,,equity,web_csv
2026-08-24,COPX,KGH PW,KGHM POLSKA MIEDZ SA,PLKGHM000017,5263251,4168286.0,404690153.7,4.68,USD,,,,equity,web_csv
2026-08-24,COPX,GLEN LN,GLENCORE PLC,JE00B4T3BW64,B4T3BW6,49403262.0,399507447.09,4.62,USD,,,,equity,web_csv
2026-08-24,COPX,ANTO LN,ANTOFAGASTA PLC,GB0000456144,0045614,7322843.0,396579529.01,4.59,USD,,,,equity,web_csv
2026-08-24,COPX,5713 JP,SUMITOMO METAL MINING CO LTD,JP3402600005,6858849,5379884.0,387789622.16,4.49,USD,,,,equity,web_csv
2026-08-24,COPX,2899 HK,ZIJIN MINING GROUP CO LTD-H,CNE100000502,6725299,77022035.0,377805187.85,4.37,USD,,,,equity,web_csv
2026-08-24,COPX,BOL SS,BOLIDEN AB,SE0020050417,BPYTZ57,6259668.0,375112178.3,4.34,USD,,,,equity,web_csv
2026-08-24,COPX,LUN CN,LUNDIN MINING CORP,CA5503721063,2866857,12484396.0,343706544.98,3.98,USD,,,,equity,web_csv
2026-08-24,COPX,CS CN,CAPSTONE COPPER CORP,CA14071L1085,BMY5XY9,27181899.0,326442056.06,3.78,USD,,,,equity,web_csv
2026-08-24,COPX,2099 HK,CHINA GOLD INTERNATIONAL RES,CA16890P1036,B60FNV8,9820100.0,315279763.67,3.65,USD,,,,equity,web_csv
2026-08-24,COPX,SFR AU,SANDFIRE RESOURCES LTD,AU000000SFR8,6739739,19115882.0,306900088.77,3.55,USD,,,,equity,web_csv
2026-08-24,COPX,IVN CN,IVANHOE MINES LTD-CL A,CA46579R1047,BD73C40,32455873.0,284947508.45,3.3,USD,,,,equity,web_csv
2026-08-24,COPX,NDA GR,AURUBIS AG,DE0006766504,5485527,1046675.0,215393868.34,2.49,USD,,,,equity,web_csv
2026-08-24,COPX,358 HK,JIANGXI COPPER CO LTD-H,CNE1000003K3,6000305,41758601.0,197692138.49,2.29,USD,,,,equity,web_csv
2026-08-24,COPX,1208 HK,MMG LTD,HK1208013172,6728793,163615060.0,194689112.63,2.25,USD,,,,equity,web_csv
2026-08-24,COPX,5711 JP,MITSUBISHI MATERIALS CORP,JP3903000002,6597089,5111167.0,185317729.35,2.15,USD,,,,equity,web_csv
2026-08-24,COPX,ERO CN,ERO COPPER CORP,CA2960061091,BF02Z72,4059577.0,156703955.01,1.81,USD,,,,equity,web_csv
2026-08-24,COPX,TGB,TREKOR METALS LTD,CA89472Y1079,BRSCTS7,14843369.0,138637066.46,1.6,USD,,,,equity,web_csv
2026-08-24,COPX,NGEX CN,NGEX MINERALS LTD,CA62930A1021,BVBCQW5,5751930.0,120824196.18,1.4,USD,,,,equity,web_csv
2026-08-24,COPX,1258 HK,CHINA NONFERROUS MINING CORP,HK0000112026,B890GY2,53482400.0,107897729.77,1.25,USD,,,,equity,web_csv
2026-08-24,COPX,3939 HK,WANGUO GOLD GROUP LTD,KYG9430L1150,BV106D0,48563660.0,94813982.76,1.1,USD,,,,equity,web_csv
2026-08-24,COPX,ALS CN,ALTIUS MINERALS CORPORATION,CA0209361009,2122355,1913672.0,90090129.92,1.04,USD,,,,equity,web_csv
2026-08-24,COPX,ATYM LN,ATALAYA MINING COPPER SA,CY0106002112,BYZTVM8,4905229.0,67549476.98,0.78,USD,,,,equity,web_csv
2026-08-24,COPX,BVR AU,BELLAVISTA RESOURCES LTD,AU0000216913,BNNFYB1,2213299.0,633402.68,0.01,USD,,,,equity,web_csv
2026-08-24,COPX,,OTHER PAYABLE & RECEIVABLES,CASH,,468357.4,468357.4,0.01,USD,,,,cash,web_csv
2026-08-24,COPX,,CANADIAN DOLLAR,,,-0.01,-0.01,0.0,USD,,,,fx,web_csv
2026-08-24,COPX,,HONG KONG DOLLAR,,,-61011.79,-7785.44,0.0,USD,,,,fx,web_csv
2026-08-24,COPX,,JAPANESE YEN,,,-18239780.0,-114575.08,-0.0,USD,,,,fx,web_csv
2026-08-24,COPX,,CASH,CASH,,8590788.47,8590788.47,0.1,USD,,,,cash,web_csv
2026-08-24,COPX,IE,IVANHOE ELECTRIC INC / US,US46578C1080,BPF0KH6,5014009.0,56457741.34,0.65,USD,,,,equity,web_csv
2026-08-24,COPX,AMAK AB,AL MASANE AL KOBRA MINING CO,SA15HG50KL10,BNNVLT6,2163762.0,50972048.07,0.59,USD,,,,equity,web_csv
2026-08-24,COPX,1515 JP,NITTETSU MINING CO LTD,JP3680800004,6641027,1726570.0,41430304.97,0.48,USD,,,,equity,web_csv
2026-08-24,COPX,FFM AU,FIREFLY METALS LTD,AU0000313769,BPDXXB2,30448466.0,41390325.24,0.48,USD,,,,equity,web_csv
2026-08-24,COPX,NDM CN,NORTHERN DYNASTY MINERALS,CA66510M2040,2637848,22479626.0,39797011.13,0.46,USD,,,,equity,web_csv
2026-08-24,COPX,DVP AU,DEVELOP GLOBAL LTD,AU0000179707,BNVQGB0,10586617.0,39688831.15,0.46,USD,,,,equity,web_csv
2026-08-24,COPX,FDY CN,FARADAY COPPER CORP,CA3073571034,BLNNJN8,8932837.0,38599873.73,0.45,USD,,,,equity,web_csv
2026-08-24,COPX,ARG CN,AMERIGO RESOURCES LTD,CA03074G1090,2855822,5721364.0,33983389.03,0.39,USD,,,,equity,web_csv
2026-08-24,COPX,SLS CN,SOLARIS RESOURCES INC,CA83419D2014,BMQ5701,3852419.0,33182191.26,0.38,USD,,,,equity,web_csv
2026-08-24,COPX,CNL CN,COLLECTIVE MINING LTD,CA19425C1005,BN79Z49,1943986.0,31226829.09,0.36,USD,,,,equity,web_csv
2026-08-24,COPX,OM CN,OSISKO METALS INC,CA6882741094,BYW9WY0,24531301.0,30666342.03,0.35,USD,,,,equity,web_csv
2026-08-25,COPX,HBM CN,HUDBAY MINERALS INC,CA4436281022,B05BDX1,16682205.0,513048189.62,5.88,USD,,,,equity,web_csv
2026-08-25,COPX,TECK/B CN,TECK RESOURCES LTD-CLS B,CA8787422044,2879327,6449840.0,461425436.88,5.29,USD,,,,equity,web_csv
2026-08-25,COPX,FM CN,FIRST QUANTUM MINERALS LTD,CA3359341052,2347608,13096143.0,460880490.53,5.28,USD,,,,equity,web_csv
2026-08-25,COPX,BHP AU,BHP GROUP LTD,AU000000BHP4,6144690,9297451.0,450257640.76,5.16,USD,,,,equity,web_csv
2026-08-25,COPX,SCCO,SOUTHERN COPPER CORP,US84265V1052,2823777,2025110.0,444916667.0,5.1,USD,,,,equity,web_csv
2026-08-25,COPX,FCX,FREEPORT-MCMORAN INC,US35671D8570,2352118,5462623.0,436518203.93,5.0,USD,,,,equity,web_csv
2026-08-25,COPX,KGH PW,KGHM POLSKA MIEDZ SA,PLKGHM000017,5263251,4164630.0,413469301.51,4.74,USD,,,,equity,web_csv
2026-08-25,COPX,GLEN LN,GLENCORE PLC,JE00B4T3BW64,B4T3BW6,49359846.0,405180210.73,4.65,USD,,,,equity,web_csv
2026-08-25,COPX,ANTO LN,ANTOFAGASTA PLC,GB0000456144,0045614,7316419.0,399889893.13,4.58,USD,,,,equity,web_csv
2026-08-25,COPX,5713 JP,SUMITOMO METAL MINING CO LTD,JP3402600005,6858849,5375148.0,379708109.64,4.35,USD,,,,equity,web_csv
2026-08-25,COPX,BOL SS,BOLIDEN AB,SE0020050417,BPYTZ57,6254164.0,379558502.54,4.35,USD,,,,equity,web_csv
2026-08-25,COPX,2899 HK,ZIJIN MINING GROUP CO LTD-H,CNE100000502,6725299,76954035.0,363626529.28,4.17,USD,,,,equity,web_csv
2026-08-25,COPX,LUN CN,LUNDIN MINING CORP,CA5503721063,2866857,12473444.0,347098112.83,3.98,USD,,,,equity,web_csv
2026-08-25,COPX,CS CN,CAPSTONE COPPER CORP,CA14071L1085,BMY5XY9,27158051.0,324667820.85,3.72,USD,,,,equity,web_csv
2026-08-25,COPX,2099 HK,CHINA GOLD INTERNATIONAL RES,CA16890P1036,B60FNV8,9811300.0,315914159.78,3.62,USD,,,,equity,web_csv
2026-08-25,COPX,SFR AU,SANDFIRE RESOURCES LTD,AU000000SFR8,6739739,19099058.0,311362771.31,3.57,USD,,,,equity,web_csv
2026-08-25,COPX,IVN CN,IVANHOE MINES LTD-CL A,CA46579R1047,BD73C40,32427393.0,292503967.79,3.35,USD,,,,equity,web_csv
2026-08-25,COPX,NDA GR,AURUBIS AG,DE0006766504,5485527,1045755.0,215147802.62,2.47,USD,,,,equity,web_csv
2026-08-25,COPX,358 HK,JIANGXI COPPER CO LTD-H,CNE1000003K3,6000305,41721801.0,193207000.64,2.21,USD,,,,equity,web_csv
2026-08-25,COPX,1208 HK,MMG LTD,HK1208013172,6728793,163471860.0,192068356.64,2.2,USD,,,,equity,web_csv
2026-08-25,COPX,5711 JP,MITSUBISHI MATERIALS CORP,JP3903000002,6597089,5106671.0,180467454.01,2.07,USD,,,,equity,web_csv
2026-08-25,COPX,ERO CN,ERO COPPER CORP,CA2960061091,BF02Z72,4056017.0,163729933.47,1.88,USD,,,,equity,web_csv
2026-08-25,COPX,TGB,TREKOR METALS LTD,CA89472Y1079,BRSCTS7,14830345.0,141036580.95,1.62,USD,,,,equity,web_csv
2026-08-25,COPX,NGEX CN,NGEX MINERALS LTD,CA62930A1021,BVBCQW5,5746882.0,125608551.68,1.44,USD,,,,equity,web_csv
2026-08-25,COPX,1258 HK,CHINA NONFERROUS MINING CORP,HK0000112026,B890GY2,53435200.0,106682937.97,1.22,USD,,,,equity,web_csv
2026-08-25,COPX,ALS CN,ALTIUS MINERALS CORPORATION,CA0209361009,2122355,1916322.0,93257171.96,1.07,USD,,,,equity,web_csv
2026-08-25,COPX,3939 HK,WANGUO GOLD GROUP LTD,KYG9430L1150,BV106D0,48521260.0,88515900.88,1.01,USD,,,,equity,web_csv
2026-08-25,COPX,ATYM LN,ATALAYA MINING COPPER SA,CY0106002112,BYZTVM8,4900909.0,68820791.97,0.79,USD,,,,equity,web_csv
2026-08-25,COPX,,CASH,CASH,,8399788.95,8399788.95,0.1,USD,,,,cash,web_csv
2026-08-25,COPX,BVR AU,BELLAVISTA RESOURCES LTD,AU0000216913,BNNFYB1,2211203.0,609242.74,0.01,USD,,,,equity,web_csv
2026-08-25,COPX,,SAUDI RIYAL,,,790329.87,210496.42,0.0,USD,,,,fx,web_csv
2026-08-25,COPX,,OTHER PAYABLE & RECEIVABLES,CASH,,200912.21,200912.21,0.0,USD,,,,cash,web_csv
2026-08-25,COPX,,HONG KONG DOLLAR,,,-61011.79,-7783.36,0.0,USD,,,,fx,web_csv
2026-08-25,COPX,,JAPANESE YEN,,,-18239780.0,-114531.91,-0.0,USD,,,,fx,web_csv
2026-08-25,COPX,,CANADIAN DOLLAR,,,-290638.03,-210066.88,-0.0,USD,,,,fx,web_csv
2026-08-25,COPX,IE,IVANHOE ELECTRIC INC / US,US46578C1080,BPF0KH6,5009609.0,59664443.19,0.68,USD,,,,equity,web_csv
2026-08-25,COPX,AMAK AB,AL MASANE AL KOBRA MINING CO,SA15HG50KL10,BNNVLT6,2161858.0,50784604.38,0.58,USD,,,,equity,web_csv
2026-08-25,COPX,FFM AU,FIREFLY METALS LTD,AU0000313769,BPDXXB2,30421674.0,41365447.39,0.47,USD,,,,equity,web_csv
2026-08-25,COPX,NDM CN,NORTHERN DYNASTY MINERALS,CA66510M2040,2637848,22459898.0,40259150.04,0.46,USD,,,,equity,web_csv
2026-08-25,COPX,1515 JP,NITTETSU MINING CO LTD,JP3680800004,6641027,1725050.0,40186716.27,0.46,USD,,,,equity,web_csv
2026-08-25,COPX,DVP AU,DEVELOP GLOBAL LTD,AU0000179707,BNVQGB0,10577305.0,39740684.91,0.46,USD,,,,equity,web_csv
2026-08-25,COPX,FDY CN,FARADAY COPPER CORP,CA3073571034,BLNNJN8,8924997.0,38188704.59,0.44,USD,,,,equity,web_csv
2026-08-25,COPX,ARG CN,AMERIGO RESOURCES LTD,CA03074G1090,2855822,5716340.0,35904011.13,0.41,USD,,,,equity,web_csv
2026-08-25,COPX,SLS CN,SOLARIS RESOURCES INC,CA83419D2014,BMQ5701,3849035.0,34413330.17,0.4,USD,,,,equity,web_csv
2026-08-25,COPX,CNL CN,COLLECTIVE MINING LTD,CA19425C1005,BN79Z49,1942282.0,31923307.93,0.37,USD,,,,equity,web_csv
2026-08-25,COPX,OM CN,OSISKO METALS INC,CA6882741094,BYW9WY0,24509773.0,31532937.69,0.36,USD,,,,equity,web_csv
