as_of_date,etf_ticker,constituent_ticker,constituent_name,isin,sedol,shares_held,market_value,weight_pct,currency,sector,country,asset_class,instrument_type,source
2026-06-15,GDX-ASX,-AUD CASH-,,CASH,,940.0,666.0,0.0,AUD,,Australia,,cash,web_csv
2026-06-15,GDX-ASX,-CAD CASH-,,CASH,,424.0,303.0,0.0,CAD,,Canada,,cash,web_csv
2026-06-15,GDX-ASX,-EUR CASH-,,CASH,,0.0,0.0,0.0,EUR,,Europe,,cash,web_csv
2026-06-15,GDX-ASX,-HKD CASH-,,CASH,,0.0,0.0,0.0,HKD,,China,,cash,web_csv
2026-06-15,GDX-ASX,-IDR CASH-,,CASH,,1.0,0.0,0.0,IDR,,Indonesia,,cash,web_csv
2026-06-15,GDX-ASX,-MXN CASH-,,CASH,,-5362.0,-312.0,0.0,MXN,,Mexico,,cash,web_csv
2026-06-15,GDX-ASX,-USD CASH-,,CASH,,35658990.0,35658990.0,0.14,USD,,United States,,cash,web_csv
2026-06-15,GDX-ASX,1818 HK,Zhaojin Mining Industry Co Ltd,CNE1000004R6,,74639500.0,201032794.0,0.78,HKD,Materials,China,,equity,web_csv
2026-06-15,GDX-ASX,2259 HK,Zijin Gold International Co Ltd,HK0001200002,,1601500.0,24919090.0,0.1,HKD,Materials,China,,equity,web_csv
2026-06-15,GDX-ASX,AEM,Agnico Eagle Mines Ltd,CA0084741085,,16581827.0,2848757879.0,10.99,USD,Materials,Canada,,equity,web_csv
2026-06-15,GDX-ASX,AG,First Majestic Silver Corp,CA32076V1031,,20386200.0,385299180.0,1.49,USD,Materials,Canada,,equity,web_csv
2026-06-15,GDX-ASX,AGI,Alamos Gold Inc,CA0115321089,,16027603.0,603278977.0,2.33,USD,Materials,Canada,,equity,web_csv
2026-06-15,GDX-ASX,AMMN IJ,Amman Mineral Internasional Pt,ID1000191109,,658634200.0,141091780.0,0.54,IDR,Materials,Indonesia,,equity,web_csv
2026-06-15,GDX-ASX,ARMN,Aris Mining Corp,CA04040Y1097,,8686281.0,150272661.0,0.58,USD,Materials,Colombia,,equity,web_csv
2026-06-15,GDX-ASX,ARTG CN,Artemis Gold Inc,CA04302L1004,,6107970.0,155731490.0,0.6,CAD,Materials,Canada,,equity,web_csv
2026-06-15,GDX-ASX,AU,Anglogold Ashanti Plc,GB00BRXH2664,,14561383.0,1343870037.0,5.18,USD,Materials,United States,,equity,web_csv
2026-06-15,GDX-ASX,B,Barrick Mining Corp,CA06849F1080,,52120127.0,2180184912.0,8.41,USD,Materials,Canada,,equity,web_csv
2026-06-15,GDX-ASX,BRMS IJ,Bumi Resources Minerals Tbk Pt,ID1000117609,,3219327500.0,120347332.0,0.46,IDR,Materials,Indonesia,,equity,web_csv
2026-06-15,GDX-ASX,BTG,B2gold Corp,CA11777Q2099,,51119138.0,228502547.0,0.88,USD,Materials,Canada,,equity,web_csv
2026-06-15,GDX-ASX,BVN,Cia De Minas Buenaventura Saa,US2044481040,,7869924.0,274345551.0,1.06,USD,Materials,Peru,,equity,web_csv
2026-06-15,GDX-ASX,CDE,Coeur Mining Inc,US1921085049,,36192596.0,675353841.0,2.6,USD,Materials,United States,,equity,web_csv
2026-06-15,GDX-ASX,CGAU,Centerra Gold Inc,CA1520061021,,7990271.0,135435093.0,0.52,USD,Materials,Canada,,equity,web_csv
2026-06-15,GDX-ASX,CMM AU,Capricorn Metals Ltd,AU000000CMM9,,14320794.0,136170765.0,0.53,AUD,Materials,Australia,,equity,web_csv
2026-06-15,GDX-ASX,DPM CN,Dundee Precious Metals Inc,CA26139R1091,,6958777.0,237727299.0,0.92,CAD,Materials,Canada,,equity,web_csv
2026-06-15,GDX-ASX,DSV CN,Discovery Silver Corp,CA2546771072,,28207839.0,175005878.0,0.67,CAD,Materials,Canada,,equity,web_csv
2026-06-15,GDX-ASX,EDV LN,Endeavour Mining Plc,GB00BL6K5J42,,7264970.0,397011237.0,1.53,GBP,Materials,United Kingdom,,equity,web_csv
2026-06-15,GDX-ASX,EGO,Eldorado Gold Corp,CA2849025093,,8946432.0,302031544.0,1.16,USD,Materials,Turkey,,equity,web_csv
2026-06-15,GDX-ASX,EQX,Equinox Gold Corp,CA29446Y5020,,31523500.0,353063200.0,1.36,USD,Materials,Canada,,equity,web_csv
2026-06-15,GDX-ASX,EVN AU,Evolution Mining Ltd,AU000000EVN4,,48907458.0,431158399.0,1.66,AUD,Materials,Australia,,equity,web_csv
2026-06-15,GDX-ASX,EXK,Endeavour Silver Corp,CA29258Y1034,,12631522.0,115073165.0,0.44,USD,Materials,Canada,,equity,web_csv
2026-06-15,GDX-ASX,FNV,Franco-Nevada Corp,CA3518581051,,5823538.0,1294863674.0,4.99,USD,Materials,Canada,,equity,web_csv
2026-06-15,GDX-ASX,FRES LN,Fresnillo Plc,GB00B2QPKJ12,,8371704.0,358421555.0,1.38,GBP,Materials,Mexico,,equity,web_csv
2026-06-15,GDX-ASX,FSM,Fortuna Silver Mines Inc,CA3499421020,,11097646.0,104872755.0,0.4,USD,Materials,Canada,,equity,web_csv
2026-06-15,GDX-ASX,GFI,Gold Fields Ltd,US38059T1060,,27529007.0,1089873387.0,4.2,USD,Materials,South Africa,,equity,web_csv
2026-06-15,GDX-ASX,GGP AU,Greatland Resources Ltd,AU0000397705,,20487983.0,199781856.0,0.77,AUD,Materials,Australia,,equity,web_csv
2026-06-15,GDX-ASX,GMD AU,Genesis Minerals Ltd,AU000000GMD9,,33223160.0,130058886.0,0.5,AUD,Materials,Australia,,equity,web_csv
2026-06-15,GDX-ASX,GMIN CN,G Mining Ventures Corp,CA36270K1021,,7050852.0,212769279.0,0.82,CAD,Materials,Canada,,equity,web_csv
2026-06-15,GDX-ASX,HL,Hecla Mining Co,US4227041062,,18886986.0,314657187.0,1.21,USD,Materials,United States,,equity,web_csv
2026-06-15,GDX-ASX,HMY,Harmony Gold Mining Co Ltd,US4132163001,,17941689.0,314338391.0,1.21,USD,Materials,South Africa,,equity,web_csv
2026-06-15,GDX-ASX,HOC LN,Hochschild Mining Plc,GB00B1FW5029,,532662.0,4262488.0,0.02,GBP,Materials,Peru,,equity,web_csv
2026-06-15,GDX-ASX,IAG,Iamgold Corp,CA4509131088,,19555989.0,350638883.0,1.35,USD,Materials,Burkina Faso,,equity,web_csv
2026-06-15,GDX-ASX,KGC,Kinross Gold Corp,CA4969024047,,42773065.0,1169415597.0,4.51,USD,Materials,Canada,,equity,web_csv
2026-06-15,GDX-ASX,KNT CN,K92 Mining Inc,CA4991131083,,8534257.0,145713530.0,0.56,CAD,Materials,Canada,,equity,web_csv
2026-06-15,GDX-ASX,LUG CN,Lundin Gold Inc,CA5503711080,,4613790.0,270168117.0,1.04,CAD,Materials,Canada,,equity,web_csv
2026-06-15,GDX-ASX,LUNR CN,Lunr Royalties Corp,CA5504281067,,965075.0,17610228.0,0.07,CAD,,Canada,,equity,web_csv
2026-06-15,GDX-ASX,NEM,Newmont Corp,US6516391066,,27722901.0,2933082926.0,11.31,USD,Materials,United States,,equity,web_csv
2026-06-15,GDX-ASX,NST AU,Northern Star Resources Ltd,AU000000NST8,,50063360.0,740311438.0,2.85,AUD,Materials,Australia,,equity,web_csv
2026-06-15,GDX-ASX,OGC CN,Oceanagold Corp,CA6752224007,,9411868.0,261790625.0,1.01,CAD,Materials,Canada,,equity,web_csv
2026-06-15,GDX-ASX,OR,Or Royalties Inc,CA68390D1069,,5026835.0,181770354.0,0.7,USD,Materials,Canada,,equity,web_csv
2026-06-15,GDX-ASX,ORLA,Orla Mining Ltd,CA68634K1066,,10957579.0,122724885.0,0.47,USD,Materials,Mexico,,equity,web_csv
2026-06-15,GDX-ASX,PAAS,Pan American Silver Corp,CA6979001089,,16296015.0,830607885.0,3.2,USD,Materials,Canada,,equity,web_csv
2026-06-15,GDX-ASX,PE&OLES* MF,Industrias Penoles Sab De Cv,MXP554091415,,8489553.0,419576813.0,1.62,MXN,Materials,Mexico,,equity,web_csv
2026-06-15,GDX-ASX,PRU AU,Perseus Mining Ltd,AU000000PRU3,,41141820.0,150080991.0,0.58,AUD,Materials,Australia,,equity,web_csv
2026-06-15,GDX-ASX,RGLD,Royal Gold Inc,US7802871084,,2428053.0,523293983.0,2.02,USD,Materials,United States,,equity,web_csv
2026-06-15,GDX-ASX,RMS AU,Ramelius Resources Ltd,AU000000RMS4,,74297209.0,161662114.0,0.62,AUD,Materials,Australia,,equity,web_csv
2026-06-15,GDX-ASX,SA,Seabridge Gold Inc,CA8119271028,,3504988.0,106446486.0,0.41,USD,Materials,Canada,,equity,web_csv
2026-06-15,GDX-ASX,SKE,Skeena Resources Ltd,CA83056P7157,,107192.0,3216520.0,0.01,USD,Materials,Canada,,equity,web_csv
2026-06-15,GDX-ASX,SSRM,Ssr Mining Inc,CA7847301032,,7287781.0,210908382.0,0.81,USD,Materials,Canada,,equity,web_csv
2026-06-15,GDX-ASX,SVM,Silvercorp Metals Inc,CA82835P1036,,314710.0,3838087.0,0.01,USD,Materials,Canada,,equity,web_csv
2026-06-15,GDX-ASX,TXG CN,Torex Gold Resources Inc,CA8910546032,,3348235.0,148525591.0,0.57,CAD,Materials,Canada,,equity,web_csv
2026-06-15,GDX-ASX,VLGDF,Valor Gold Corp,CA9199211066,,0.0,0.0,0.0,USD,,Canada,,derivative,web_csv
2026-06-15,GDX-ASX,WDO CN,Wesdome Gold Mines Ltd/Canada,CA95083R1001,,6150468.0,120196988.0,0.46,CAD,Materials,Canada,,equity,web_csv
2026-06-15,GDX-ASX,WGX AU,Westgold Resources Ltd,AU000000WGX6,,30484749.0,106912328.0,0.41,AUD,Materials,Australia,,equity,web_csv
2026-06-15,GDX-ASX,WPM,Wheaton Precious Metals Corp,CA9628791027,,10408499.0,1290029366.0,4.97,USD,Materials,Brazil,,equity,web_csv
2026-06-15,GDX-ASX,,Other/Cash,CASH,,0.0,-11253783.0,-0.04,USD,,,,cash,web_csv
2026-06-17,GDX-ASX,-AUD CASH-,,CASH,,940.0,665.0,0.0,AUD,,Australia,,cash,web_csv
2026-06-17,GDX-ASX,-CAD CASH-,,CASH,,424.0,302.0,0.0,CAD,,Canada,,cash,web_csv
2026-06-17,GDX-ASX,-EUR CASH-,,CASH,,0.0,0.0,0.0,EUR,,Europe,,cash,web_csv
2026-06-17,GDX-ASX,-HKD CASH-,,CASH,,0.0,0.0,0.0,HKD,,China,,cash,web_csv
2026-06-17,GDX-ASX,-IDR CASH-,,CASH,,1.0,0.0,0.0,IDR,,Indonesia,,cash,web_csv
2026-06-17,GDX-ASX,-MXN CASH-,,CASH,,-5362.0,-312.0,0.0,MXN,,Mexico,,cash,web_csv
2026-06-17,GDX-ASX,-USD CASH-,,CASH,,-80705272.0,-80705272.0,-0.31,USD,,United States,,cash,web_csv
2026-06-17,GDX-ASX,1818 HK,Zhaojin Mining Industry Co Ltd,CNE1000004R6,,74764500.0,200124031.0,0.77,HKD,Materials,China,,equity,web_csv
2026-06-17,GDX-ASX,2259 HK,Zijin Gold International Co Ltd,HK0001200002,,5601700.0,82741958.0,0.32,HKD,Materials,China,,equity,web_csv
2026-06-17,GDX-ASX,AEM,Agnico Eagle Mines Ltd,CA0084741085,,16609077.0,2873204230.0,11.08,USD,Materials,Canada,,equity,web_csv
2026-06-17,GDX-ASX,AG,First Majestic Silver Corp,CA32076V1031,,20419700.0,378785435.0,1.46,USD,Materials,Canada,,equity,web_csv
2026-06-17,GDX-ASX,AGI,Alamos Gold Inc,CA0115321089,,16053943.0,598972613.0,2.31,USD,Materials,Canada,,equity,web_csv
2026-06-17,GDX-ASX,AMMN IJ,Amman Mineral Internasional Pt,ID1000191109,,659717200.0,136967196.0,0.53,IDR,Materials,Indonesia,,equity,web_csv
2026-06-17,GDX-ASX,ARMN,Aris Mining Corp,CA04040Y1097,,8700553.0,148605445.0,0.57,USD,Materials,Colombia,,equity,web_csv
2026-06-17,GDX-ASX,ARTG CN,Artemis Gold Inc,CA04302L1004,,6118010.0,147092302.0,0.57,CAD,Materials,Canada,,equity,web_csv
2026-06-17,GDX-ASX,AU,Anglogold Ashanti Plc,GB00BRXH2664,,14585313.0,1326096658.0,5.12,USD,Materials,United States,,equity,web_csv
2026-06-17,GDX-ASX,AUGO,Aura Minerals Inc,VGG069731120,,224799.0,15494117.0,0.06,USD,Materials,United States,,equity,web_csv
2026-06-17,GDX-ASX,B,Barrick Mining Corp,CA06849F1080,,52205771.0,2155576285.0,8.31,USD,Materials,Canada,,equity,web_csv
2026-06-17,GDX-ASX,BRMS IJ,Bumi Resources Minerals Tbk Pt,ID1000117609,,3224621500.0,119729303.0,0.46,IDR,Materials,Indonesia,,equity,web_csv
2026-06-17,GDX-ASX,BTG,B2gold Corp,CA11777Q2099,,51203140.0,225805847.0,0.87,USD,Materials,Canada,,equity,web_csv
2026-06-17,GDX-ASX,BVN,Cia De Minas Buenaventura Saa,US2044481040,,7882854.0,269908921.0,1.04,USD,Materials,Peru,,equity,web_csv
2026-06-17,GDX-ASX,CDE,Coeur Mining Inc,US1921085049,,36252068.0,635498752.0,2.45,USD,Materials,United States,,equity,web_csv
2026-06-17,GDX-ASX,CGAU,Centerra Gold Inc,CA1520061021,,8003401.0,139339211.0,0.54,USD,Materials,Canada,,equity,web_csv
2026-06-17,GDX-ASX,CMM AU,Capricorn Metals Ltd,AU000000CMM9,,14344326.0,133778042.0,0.52,AUD,Materials,Australia,,equity,web_csv
2026-06-17,GDX-ASX,DPM CN,Dundee Precious Metals Inc,CA26139R1091,,6970209.0,233997388.0,0.9,CAD,Materials,Canada,,equity,web_csv
2026-06-17,GDX-ASX,DSV CN,Discovery Silver Corp,CA2546771072,,28254191.0,178339341.0,0.69,CAD,Materials,Canada,,equity,web_csv
2026-06-17,GDX-ASX,EDV LN,Endeavour Mining Plc,GB00BL6K5J42,,7166216.0,409914118.0,1.58,GBP,Materials,United Kingdom,,equity,web_csv
2026-06-17,GDX-ASX,EGO,Eldorado Gold Corp,CA2849025093,,8961132.0,305664213.0,1.18,USD,Materials,Turkey,,equity,web_csv
2026-06-17,GDX-ASX,EQX,Equinox Gold Corp,CA29446Y5020,,31575302.0,348275581.0,1.34,USD,Materials,Canada,,equity,web_csv
2026-06-17,GDX-ASX,EVN AU,Evolution Mining Ltd,AU000000EVN4,,48987822.0,450245225.0,1.74,AUD,Materials,Australia,,equity,web_csv
2026-06-17,GDX-ASX,EXK,Endeavour Silver Corp,CA29258Y1034,,12652282.0,112099219.0,0.43,USD,Materials,Canada,,equity,web_csv
2026-06-17,GDX-ASX,FNV,Franco-Nevada Corp,CA3518581051,,5833108.0,1323707198.0,5.11,USD,Materials,Canada,,equity,web_csv
2026-06-17,GDX-ASX,FRES LN,Fresnillo Plc,GB00B2QPKJ12,,8385464.0,352286221.0,1.36,GBP,Materials,Mexico,,equity,web_csv
2026-06-17,GDX-ASX,FSM,Fortuna Silver Mines Inc,CA3499421020,,11115886.0,104822805.0,0.4,USD,Materials,Canada,,equity,web_csv
2026-06-17,GDX-ASX,GFI,Gold Fields Ltd,US38059T1060,,27574239.0,1072362155.0,4.14,USD,Materials,South Africa,,equity,web_csv
2026-06-17,GDX-ASX,GGP AU,Greatland Resources Ltd,AU0000397705,,20521653.0,202636712.0,0.78,AUD,Materials,Australia,,equity,web_csv
2026-06-17,GDX-ASX,GMD AU,Genesis Minerals Ltd,AU000000GMD9,,33277752.0,140613923.0,0.54,AUD,Materials,Australia,,equity,web_csv
2026-06-17,GDX-ASX,GMIN CN,G Mining Ventures Corp,CA36270K1021,,7062442.0,218255197.0,0.84,CAD,Materials,Canada,,equity,web_csv
2026-06-17,GDX-ASX,HL,Hecla Mining Co,US4227041062,,18918018.0,303823369.0,1.17,USD,Materials,United States,,equity,web_csv
2026-06-17,GDX-ASX,HMY,Harmony Gold Mining Co Ltd,US4132163001,,17971171.0,307307024.0,1.19,USD,Materials,South Africa,,equity,web_csv
2026-06-17,GDX-ASX,HOC LN,Hochschild Mining Plc,GB00B1FW5029,,1190870.0,9349240.0,0.04,GBP,Materials,Peru,,equity,web_csv
2026-06-17,GDX-ASX,IAG,Iamgold Corp,CA4509131088,,19588121.0,344359167.0,1.33,USD,Materials,Burkina Faso,,equity,web_csv
2026-06-17,GDX-ASX,KGC,Kinross Gold Corp,CA4969024047,,42843349.0,1168766561.0,4.51,USD,Materials,Canada,,equity,web_csv
2026-06-17,GDX-ASX,KNT CN,K92 Mining Inc,CA4991131083,,8548279.0,142847284.0,0.55,CAD,Materials,Canada,,equity,web_csv
2026-06-17,GDX-ASX,LUG CN,Lundin Gold Inc,CA5503711080,,4621370.0,267539122.0,1.03,CAD,Materials,Canada,,equity,web_csv
2026-06-17,GDX-ASX,LUNR CN,Lunr Royalties Corp,CA5504281067,,959758.0,14101003.0,0.05,CAD,,Canada,,equity,web_csv
2026-06-17,GDX-ASX,MAU CN,Montage Gold Corp,CA61178L1013,,481300.0,5895921.0,0.02,CAD,Materials,Côte D'Ivoire,,equity,web_csv
2026-06-17,GDX-ASX,NEM,Newmont Corp,US6516391066,,27768453.0,2934292429.0,11.32,USD,Materials,United States,,equity,web_csv
2026-06-17,GDX-ASX,NST AU,Northern Star Resources Ltd,AU000000NST8,,50145624.0,752195877.0,2.9,AUD,Materials,Australia,,equity,web_csv
2026-06-17,GDX-ASX,OGC CN,Oceanagold Corp,CA6752224007,,9427338.0,261889177.0,1.01,CAD,Materials,Canada,,equity,web_csv
2026-06-17,GDX-ASX,OR,Or Royalties Inc,CA68390D1069,,5035095.0,181565526.0,0.7,USD,Materials,Canada,,equity,web_csv
2026-06-17,GDX-ASX,ORLA,Orla Mining Ltd,CA68634K1066,,10975589.0,122158306.0,0.47,USD,Materials,Mexico,,equity,web_csv
2026-06-17,GDX-ASX,PAAS,Pan American Silver Corp,CA6979001089,,16322795.0,823648236.0,3.18,USD,Materials,Canada,,equity,web_csv
2026-06-17,GDX-ASX,PE&OLES* MF,Industrias Penoles Sab De Cv,MXP554091415,,8503503.0,408053580.0,1.57,MXN,Materials,Mexico,,equity,web_csv
2026-06-17,GDX-ASX,PRU AU,Perseus Mining Ltd,AU000000PRU3,,41209422.0,158773499.0,0.61,AUD,Materials,Australia,,equity,web_csv
2026-06-17,GDX-ASX,RGLD,Royal Gold Inc,US7802871084,,2432043.0,531206832.0,2.05,USD,Materials,United States,,equity,web_csv
2026-06-17,GDX-ASX,RMS AU,Ramelius Resources Ltd,AU000000RMS4,,74419293.0,168780037.0,0.65,AUD,Materials,Australia,,equity,web_csv
2026-06-17,GDX-ASX,SA,Seabridge Gold Inc,CA8119271028,,3510748.0,107709749.0,0.42,USD,Materials,Canada,,equity,web_csv
2026-06-17,GDX-ASX,SKE,Skeena Resources Ltd,CA83056P7157,,688323.0,20649690.0,0.08,USD,Materials,Canada,,equity,web_csv
2026-06-17,GDX-ASX,SSRM,Ssr Mining Inc,CA7847301032,,7299761.0,231913407.0,0.89,USD,Materials,Canada,,equity,web_csv
2026-06-17,GDX-ASX,SVM,Silvercorp Metals Inc,CA82835P1036,,1572520.0,18681538.0,0.07,USD,Materials,Canada,,equity,web_csv
2026-06-17,GDX-ASX,TXG CN,Torex Gold Resources Inc,CA8910546032,,3353735.0,149878778.0,0.58,CAD,Materials,Canada,,equity,web_csv
2026-06-17,GDX-ASX,VAU AU,Vault Minerals Ltd,AU0000427775,,4772860.0,16313083.0,0.06,AUD,Materials,Australia,,equity,web_csv
2026-06-17,GDX-ASX,VLGDF,Valor Gold Corp,CA9199211066,,0.0,0.0,0.0,USD,,Canada,,derivative,web_csv
2026-06-17,GDX-ASX,WDO CN,Wesdome Gold Mines Ltd/Canada,CA95083R1001,,6160578.0,114239375.0,0.44,CAD,Materials,Canada,,equity,web_csv
2026-06-17,GDX-ASX,WGX AU,Westgold Resources Ltd,AU000000WGX6,,30534841.0,113185172.0,0.44,AUD,Materials,Australia,,equity,web_csv
2026-06-17,GDX-ASX,WPM,Wheaton Precious Metals Corp,CA9628791027,,10425601.0,1312061886.0,5.06,USD,Materials,Brazil,,equity,web_csv
2026-06-17,GDX-ASX,,Other/Cash,CASH,,0.0,-25879344.0,-0.1,USD,,,,cash,web_csv
2026-06-18,GDX-ASX,NEM,Newmont Corp,US6516391066,,25534618.0,2650238002.0,10.53,USD,Materials,United States,Stock,equity,web_csv
2026-06-18,GDX-ASX,AEM,Agnico Eagle Mines Ltd,CA0084741085,,15749981.0,2624891833.0,10.43,USD,Materials,Canada,Stock,equity,web_csv
2026-06-18,GDX-ASX,B,Barrick Mining Corp,CA06849F1080,,49562955.0,1999369605.0,7.95,USD,Materials,Canada,Stock,equity,web_csv
2026-06-18,GDX-ASX,WPM,Wheaton Precious Metals Corp,CA9628791027,,11427906.0,1400718438.0,5.57,USD,Materials,Brazil,Stock,equity,web_csv
2026-06-18,GDX-ASX,AU,Anglogold Ashanti Plc,GB00BRXH2664,,14276447.0,1297300739.0,5.16,USD,Materials,United States,Stock,equity,web_csv
2026-06-18,GDX-ASX,FNV,Franco-Nevada Corp,CA3518581051,,5375046.0,1178532586.0,4.68,USD,Materials,Canada,Stock,equity,web_csv
2026-06-18,GDX-ASX,KGC,Kinross Gold Corp,CA4969024047,,42611864.0,1136458413.0,4.52,USD,Materials,Canada,Stock,equity,web_csv
2026-06-18,GDX-ASX,GFI,Gold Fields Ltd,US38059T1060,,27735488.0,1070589837.0,4.26,USD,Materials,South Africa,Stock,equity,web_csv
2026-06-18,GDX-ASX,PAAS,Pan American Silver Corp,CA6979001089,,15207623.0,745173527.0,2.96,USD,Materials,Canada,Stock,equity,web_csv
2026-06-18,GDX-ASX,NST AU,Northern Star Resources Ltd,AU000000NST8,,45544634.0,671770357.0,2.67,AUD,Materials,Australia,Stock,equity,web_csv
2026-06-18,GDX-ASX,CDE,Coeur Mining Inc,US1921085049,,33384484.0,584562315.0,2.32,USD,Materials,United States,Stock,equity,web_csv
2026-06-18,GDX-ASX,AGI,Alamos Gold Inc,CA0115321089,,14267574.0,518483639.0,2.06,USD,Materials,Canada,Stock,equity,web_csv
2026-06-18,GDX-ASX,RGLD,Royal Gold Inc,US7802871084,,2234237.0,479958792.0,1.91,USD,Materials,United States,Stock,equity,web_csv
2026-06-18,GDX-ASX,EVN AU,Evolution Mining Ltd,AU000000EVN4,,45715729.0,412138107.0,1.64,AUD,Materials,Australia,Stock,equity,web_csv
2026-06-18,GDX-ASX,PE&OLES* MF,Industrias Penoles Sab De Cv,MXP554091415,,7933623.0,368750720.0,1.47,MXN,Materials,Mexico,Stock,equity,web_csv
2026-06-18,GDX-ASX,EDV LN,Endeavour Mining Plc,GB00BL6K5J42,,6485561.0,356904573.0,1.42,GBP,Materials,United Kingdom,Stock,equity,web_csv
2026-06-18,GDX-ASX,AG,First Majestic Silver Corp,CA32076V1031,,19256441.0,346615938.0,1.38,USD,Materials,Canada,Stock,equity,web_csv
2026-06-18,GDX-ASX,IAG,Iamgold Corp,CA4509131088,,19874985.0,335489747.0,1.33,USD,Materials,Burkina Faso,Stock,equity,web_csv
2026-06-18,GDX-ASX,HL,Hecla Mining Co,US4227041062,,20495335.0,327105547.0,1.3,USD,Materials,United States,Stock,equity,web_csv
2026-06-18,GDX-ASX,FRES LN,Fresnillo Plc,GB00B2QPKJ12,,7823592.0,322680881.0,1.28,GBP,Materials,Mexico,Stock,equity,web_csv
2026-06-18,GDX-ASX,EGO,Eldorado Gold Corp,CA2849025093,,9637223.0,318510220.0,1.27,USD,Materials,Turkey,Stock,equity,web_csv
2026-06-18,GDX-ASX,EQX,Equinox Gold Corp,CA29446Y5020,,29817517.0,313382104.0,1.25,USD,Materials,Canada,Stock,equity,web_csv
2026-06-18,GDX-ASX,HMY,Harmony Gold Mining Co Ltd,US4132163001,,16224741.0,275982844.0,1.1,USD,Materials,South Africa,Stock,equity,web_csv
2026-06-18,GDX-ASX,LUG CN,Lundin Gold Inc,CA5503711080,,4313442.0,245801582.0,0.98,CAD,Materials,Canada,Stock,equity,web_csv
2026-06-18,GDX-ASX,2259 HK,Zijin Gold International Co Ltd,HK0001200002,,15859500.0,219099865.0,0.87,HKD,Materials,China,Stock,equity,web_csv
2026-06-18,GDX-ASX,BTG,B2gold Corp,CA11777Q2099,,49214956.0,211624311.0,0.84,USD,Materials,Canada,Stock,equity,web_csv
2026-06-18,GDX-ASX,SSRM,Ssr Mining Inc,CA7847301032,,6783814.0,209959043.0,0.83,USD,Materials,Canada,Stock,equity,web_csv
2026-06-18,GDX-ASX,OGC CN,Oceanagold Corp,CA6752224007,,7927846.0,209769699.0,0.83,CAD,Materials,Canada,Stock,equity,web_csv
2026-06-18,GDX-ASX,DPM CN,Dundee Precious Metals Inc,CA26139R1091,,6488697.0,207443452.0,0.82,CAD,Materials,Canada,Stock,equity,web_csv
2026-06-18,GDX-ASX,GMIN CN,G Mining Ventures Corp,CA36270K1021,,6864258.0,202288874.0,0.8,CAD,Materials,Canada,Stock,equity,web_csv
2026-06-18,GDX-ASX,BVN,Cia De Minas Buenaventura Saa,US2044481040,,6144272.0,200180382.0,0.8,USD,Materials,Peru,Stock,equity,web_csv
2026-06-18,GDX-ASX,GGP AU,Greatland Resources Ltd,AU0000397705,,18910885.0,183806063.0,0.73,AUD,Materials,Australia,Stock,equity,web_csv
2026-06-18,GDX-ASX,OR,Or Royalties Inc,CA68390D1069,,5252519.0,183102812.0,0.73,USD,Materials,Canada,Stock,equity,web_csv
2026-06-18,GDX-ASX,DSV CN,Discovery Silver Corp,CA2546771072,,28572471.0,176661831.0,0.7,CAD,Materials,Canada,Stock,equity,web_csv
2026-06-18,GDX-ASX,1818 HK,Zhaojin Mining Industry Co Ltd,CNE1000004R6,,69743500.0,173302157.0,0.69,HKD,Materials,China,Stock,equity,web_csv
2026-06-18,GDX-ASX,PRU AU,Perseus Mining Ltd,AU000000PRU3,,42096190.0,159221893.0,0.63,AUD,Materials,Australia,Stock,equity,web_csv
2026-06-18,GDX-ASX,AMMN IJ,Amman Mineral Internasional Pt,ID1000191109,,646638300.0,146347925.0,0.58,IDR,Materials,Indonesia,Stock,equity,web_csv
2026-06-18,GDX-ASX,RMS AU,Ramelius Resources Ltd,AU000000RMS4,,63644081.0,139598581.0,0.55,AUD,Materials,Australia,Stock,equity,web_csv
2026-06-18,GDX-ASX,MAU CN,Montage Gold Corp,CA61178L1013,,12109148.0,138505429.0,0.55,CAD,Materials,Côte D'Ivoire,Stock,equity,web_csv
2026-06-18,GDX-ASX,ARMN,Aris Mining Corp,CA04040Y1097,,8150831.0,135466811.0,0.54,USD,Materials,Colombia,Stock,equity,web_csv
2026-06-18,GDX-ASX,ARTG CN,Artemis Gold Inc,CA04302L1004,,5838198.0,135168166.0,0.54,CAD,Materials,Canada,Stock,equity,web_csv
2026-06-18,GDX-ASX,KNT CN,K92 Mining Inc,CA4991131083,,8119145.0,133407106.0,0.53,CAD,Materials,Canada,Stock,equity,web_csv
2026-06-18,GDX-ASX,GMD AU,Genesis Minerals Ltd,AU000000GMD9,,31047872.0,131333498.0,0.52,AUD,Materials,Australia,Stock,equity,web_csv
2026-06-18,GDX-ASX,TXG CN,Torex Gold Resources Inc,CA8910546032,,2934150.0,126202011.0,0.5,CAD,Materials,Canada,Stock,equity,web_csv
2026-06-18,GDX-ASX,CMM AU,Capricorn Metals Ltd,AU000000CMM9,,13385180.0,125283370.0,0.5,AUD,Materials,Australia,Stock,equity,web_csv
2026-06-18,GDX-ASX,VAU AU,Vault Minerals Ltd,AU0000427775,,33723541.0,116584257.0,0.46,AUD,Materials,Australia,Stock,equity,web_csv
2026-06-18,GDX-ASX,RRL AU,Regis Resources Ltd,AU000000RRL8,,23855600.0,116568060.0,0.46,AUD,Materials,Australia,Stock,equity,web_csv
2026-06-18,GDX-ASX,BRMS IJ,Bumi Resources Minerals Tbk Pt,ID1000117609,,3070659800.0,116098003.0,0.46,IDR,Materials,Indonesia,Stock,equity,web_csv
2026-06-18,GDX-ASX,SKE,Skeena Resources Ltd,CA83056P7157,,4018697.0,115336604.0,0.46,USD,Materials,Canada,Stock,equity,web_csv
2026-06-18,GDX-ASX,AYA CN,Aya Gold & Silver Inc,CA05466C1095,,5492346.0,109382738.0,0.43,CAD,Materials,Canada,Stock,equity,web_csv
2026-06-18,GDX-ASX,CGAU,Centerra Gold Inc,CA1520061021,,6578160.0,109000111.0,0.43,USD,Materials,Canada,Stock,equity,web_csv
2026-06-18,GDX-ASX,SA,Seabridge Gold Inc,CA8119271028,,3517856.0,104304430.0,0.41,USD,Materials,Canada,Stock,equity,web_csv
2026-06-18,GDX-ASX,FSM,Fortuna Silver Mines Inc,CA3499421020,,11247583.0,104152619.0,0.41,USD,Materials,Canada,Stock,equity,web_csv
2026-06-18,GDX-ASX,AUGO,Aura Minerals Inc,VGG069731120,,1631340.0,103655344.0,0.41,USD,Materials,United States,Stock,equity,web_csv
2026-06-18,GDX-ASX,WDO CN,Wesdome Gold Mines Ltd/Canada,CA95083R1001,,5668233.0,99719471.0,0.4,CAD,Materials,Canada,Stock,equity,web_csv
2026-06-18,GDX-ASX,ORLA,Orla Mining Ltd,CA68634K1066,,9551171.0,99141155.0,0.39,USD,Materials,Mexico,Stock,equity,web_csv
2026-06-18,GDX-ASX,SVM,Silvercorp Metals Inc,CA82835P1036,,8612197.0,97490070.0,0.39,USD,Materials,Canada,Stock,equity,web_csv
2026-06-18,GDX-ASX,HOC LN,Hochschild Mining Plc,GB00B1FW5029,,12413931.0,93862151.0,0.37,GBP,Materials,Peru,Stock,equity,web_csv
2026-06-18,GDX-ASX,WGX AU,Westgold Resources Ltd,AU000000WGX6,,26488864.0,93580280.0,0.37,AUD,Materials,Australia,Stock,equity,web_csv
2026-06-18,GDX-ASX,EXK,Endeavour Silver Corp,CA29258Y1034,,10809380.0,93068762.0,0.37,USD,Materials,Canada,Stock,equity,web_csv
2026-06-18,GDX-ASX,OGC,Oceanagold Corp,CA6752224007,,718548.0,19018899.0,0.08,USD,Materials,Canada,Stock,equity,web_csv
2026-06-18,GDX-ASX,LUNR CN,Lunr Royalties Corp,CA5504281067,,959758.0,13492827.0,0.05,CAD,,Canada,Stock,equity,web_csv
2026-06-18,GDX-ASX,VLGDF,Valor Gold Corp,CA9199211066,,0.0,0.0,0.0,USD,,Canada,Stock,equity,web_csv
2026-06-18,GDX-ASX,-USD CASH-,,CASH,,352774880.0,352774880.0,1.4,USD,,United States,Cash Bal,cash,web_csv
2026-06-18,GDX-ASX,-CAD CASH-,,CASH,,10677666.0,7562354.0,0.03,CAD,,Canada,Cash Bal,cash,web_csv
2026-06-18,GDX-ASX,-MXN CASH-,,CASH,,-5362.0,-309.0,0.0,MXN,,Mexico,Cash Bal,cash,web_csv
2026-06-18,GDX-ASX,-IDR CASH-,,CASH,,1.0,0.0,0.0,IDR,,Indonesia,Cash Bal,cash,web_csv
2026-06-18,GDX-ASX,-HKD CASH-,,CASH,,0.0,0.0,0.0,HKD,,China,Cash Bal,cash,web_csv
2026-06-18,GDX-ASX,-EUR CASH-,,CASH,,0.0,0.0,0.0,EUR,,Europe,Cash Bal,cash,web_csv
2026-06-18,GDX-ASX,-AUD CASH-,,CASH,,940.0,662.0,0.0,AUD,,Australia,Cash Bal,cash,web_csv
2026-06-18,GDX-ASX,,Other/Cash,CASH,,0.0,-335946440.0,-1.34,USD,,,Cash,cash,web_csv
2026-06-22,GDX-ASX,AEM,Agnico Eagle Mines Ltd,CA0084741085,,15713651.0,2621822669.0,10.61,USD,Materials,Canada,Stock,equity,web_csv
2026-06-22,GDX-ASX,NEM,Newmont Corp,US6516391066,,25475720.0,2593428296.0,10.49,USD,Materials,United States,Stock,equity,web_csv
2026-06-22,GDX-ASX,B,Barrick Mining Corp,CA06849F1080,,49448617.0,1984867486.0,8.03,USD,Materials,Canada,Stock,equity,web_csv
2026-06-22,GDX-ASX,WPM,Wheaton Precious Metals Corp,CA9628791027,,11401530.0,1387794232.0,5.62,USD,Materials,Brazil,Stock,equity,web_csv
2026-06-22,GDX-ASX,AU,Anglogold Ashanti Plc,GB00BRXH2664,,14243505.0,1228217436.0,4.97,USD,Materials,United States,Stock,equity,web_csv
2026-06-22,GDX-ASX,FNV,Franco-Nevada Corp,CA3518581051,,5362642.0,1183695969.0,4.79,USD,Materials,Canada,Stock,equity,web_csv
2026-06-22,GDX-ASX,KGC,Kinross Gold Corp,CA4969024047,,42513556.0,1118106523.0,4.52,USD,Materials,Canada,Stock,equity,web_csv
2026-06-22,GDX-ASX,GFI,Gold Fields Ltd,US38059T1060,,27671494.0,958263837.0,3.88,USD,Materials,South Africa,Stock,equity,web_csv
2026-06-22,GDX-ASX,PAAS,Pan American Silver Corp,CA6979001089,,15172539.0,742088882.0,3.0,USD,Materials,Canada,Stock,equity,web_csv
2026-06-22,GDX-ASX,NST AU,Northern Star Resources Ltd,AU000000NST8,,45439606.0,674500395.0,2.73,AUD,Materials,Australia,Stock,equity,web_csv
2026-06-22,GDX-ASX,CDE,Coeur Mining Inc,US1921085049,,33307484.0,581881745.0,2.35,USD,Materials,United States,Stock,equity,web_csv
2026-06-22,GDX-ASX,RGLD,Royal Gold Inc,US7802871084,,2229085.0,478473095.0,1.94,USD,Materials,United States,Stock,equity,web_csv
2026-06-22,GDX-ASX,AGI,Alamos Gold Inc,CA0115321089,,14234674.0,456078955.0,1.85,USD,Materials,Canada,Stock,equity,web_csv
2026-06-22,GDX-ASX,EVN AU,Evolution Mining Ltd,AU000000EVN4,,45610295.0,417985442.0,1.69,AUD,Materials,Australia,Stock,equity,web_csv
2026-06-22,GDX-ASX,PE&OLES* MF,Industrias Penoles Sab De Cv,MXP554091415,,7915353.0,362594437.0,1.47,MXN,Materials,Mexico,Stock,equity,web_csv
2026-06-22,GDX-ASX,EDV LN,Endeavour Mining Plc,GB00BL6K5J42,,6470609.0,346275489.0,1.4,GBP,Materials,United Kingdom,Stock,equity,web_csv
2026-06-22,GDX-ASX,AG,First Majestic Silver Corp,CA32076V1031,,19212019.0,340436977.0,1.38,USD,Materials,Canada,Stock,equity,web_csv
2026-06-22,GDX-ASX,IAG,Iamgold Corp,CA4509131088,,19829121.0,335310436.0,1.36,USD,Materials,Burkina Faso,Stock,equity,web_csv
2026-06-22,GDX-ASX,HL,Hecla Mining Co,US4227041062,,20448043.0,326759727.0,1.32,USD,Materials,United States,Stock,equity,web_csv
2026-06-22,GDX-ASX,FRES LN,Fresnillo Plc,GB00B2QPKJ12,,7805546.0,312374865.0,1.26,GBP,Materials,Mexico,Stock,equity,web_csv
2026-06-22,GDX-ASX,EGO,Eldorado Gold Corp,CA2849025093,,9614977.0,311236805.0,1.26,USD,Materials,Turkey,Stock,equity,web_csv
2026-06-22,GDX-ASX,EQX,Equinox Gold Corp,CA29446Y5020,,29748735.0,304924534.0,1.23,USD,Materials,Canada,Stock,equity,web_csv
2026-06-22,GDX-ASX,HMY,Harmony Gold Mining Co Ltd,US4132163001,,16187319.0,261263329.0,1.06,USD,Materials,South Africa,Stock,equity,web_csv
2026-06-22,GDX-ASX,LUG CN,Lundin Gold Inc,CA5503711080,,4303488.0,245127309.0,0.99,CAD,Materials,Canada,Stock,equity,web_csv
2026-06-22,GDX-ASX,OGC,Oceanagold Corp,CA6752224007,,8626444.0,226185362.0,0.92,USD,Materials,Canada,Stock,equity,web_csv
2026-06-22,GDX-ASX,DPM CN,Dundee Precious Metals Inc,CA26139R1091,,6473731.0,217742789.0,0.88,CAD,Materials,Canada,Stock,equity,web_csv
2026-06-22,GDX-ASX,2259 HK,Zijin Gold International Co Ltd,HK0001200002,,15823100.0,217357378.0,0.88,HKD,Materials,China,Stock,equity,web_csv
2026-06-22,GDX-ASX,SSRM,Ssr Mining Inc,CA7847301032,,6768162.0,207917937.0,0.84,USD,Materials,Canada,Stock,equity,web_csv
2026-06-22,GDX-ASX,BTG,B2gold Corp,CA11777Q2099,,49101416.0,206225947.0,0.83,USD,Materials,Canada,Stock,equity,web_csv
2026-06-22,GDX-ASX,GMIN CN,G Mining Ventures Corp,CA36270K1021,,6848424.0,204697806.0,0.83,CAD,Materials,Canada,Stock,equity,web_csv
2026-06-22,GDX-ASX,BVN,Cia De Minas Buenaventura Saa,US2044481040,,6130104.0,198676671.0,0.8,USD,Materials,Peru,Stock,equity,web_csv
2026-06-22,GDX-ASX,GGP AU,Greatland Resources Ltd,AU0000397705,,18867275.0,180547385.0,0.73,AUD,Materials,Australia,Stock,equity,web_csv
2026-06-22,GDX-ASX,OR,Or Royalties Inc,CA68390D1069,,5240395.0,177596987.0,0.72,USD,Materials,Canada,Stock,equity,web_csv
2026-06-22,GDX-ASX,DSV CN,Discovery Silver Corp,CA2546771072,,28506559.0,173835221.0,0.7,CAD,Materials,Canada,Stock,equity,web_csv
2026-06-22,GDX-ASX,1818 HK,Zhaojin Mining Industry Co Ltd,CNE1000004R6,,69582500.0,169361350.0,0.69,HKD,Materials,China,Stock,equity,web_csv
2026-06-22,GDX-ASX,PRU AU,Perseus Mining Ltd,AU000000PRU3,,41999072.0,161029174.0,0.65,AUD,Materials,Australia,Stock,equity,web_csv
2026-06-22,GDX-ASX,RMS AU,Ramelius Resources Ltd,AU000000RMS4,,63497347.0,143173156.0,0.58,AUD,Materials,Australia,Stock,equity,web_csv
2026-06-22,GDX-ASX,MAU CN,Montage Gold Corp,CA61178L1013,,12081134.0,141709175.0,0.57,CAD,Materials,Côte D'Ivoire,Stock,equity,web_csv
2026-06-22,GDX-ASX,AMMN IJ,Amman Mineral Internasional Pt,ID1000191109,,645147300.0,136958770.0,0.55,IDR,Materials,Indonesia,Stock,equity,web_csv
2026-06-22,GDX-ASX,ARTG CN,Artemis Gold Inc,CA04302L1004,,5824730.0,135616770.0,0.55,CAD,Materials,Canada,Stock,equity,web_csv
2026-06-22,GDX-ASX,GMD AU,Genesis Minerals Ltd,AU000000GMD9,,30976262.0,135083310.0,0.55,AUD,Materials,Australia,Stock,equity,web_csv
2026-06-22,GDX-ASX,KNT CN,K92 Mining Inc,CA4991131083,,8100413.0,134911486.0,0.55,CAD,Materials,Canada,Stock,equity,web_csv
2026-06-22,GDX-ASX,ARMN,Aris Mining Corp,CA04040Y1097,,8132029.0,133690557.0,0.54,USD,Materials,Colombia,Stock,equity,web_csv
2026-06-22,GDX-ASX,CMM AU,Capricorn Metals Ltd,AU000000CMM9,,13354310.0,127792712.0,0.52,AUD,Materials,Australia,Stock,equity,web_csv
2026-06-22,GDX-ASX,TXG CN,Torex Gold Resources Inc,CA8910546032,,2927388.0,123057032.0,0.5,CAD,Materials,Canada,Stock,equity,web_csv
2026-06-22,GDX-ASX,RRL AU,Regis Resources Ltd,AU000000RRL8,,23667406.0,117895616.0,0.48,AUD,Materials,Australia,Stock,equity,web_csv
2026-06-22,GDX-ASX,VAU AU,Vault Minerals Ltd,AU0000427775,,33645519.0,115883097.0,0.47,AUD,Materials,Australia,Stock,equity,web_csv
2026-06-22,GDX-ASX,SKE,Skeena Resources Ltd,CA83056P7157,,4009401.0,112463698.0,0.46,USD,Materials,Canada,Stock,equity,web_csv
2026-06-22,GDX-ASX,BRMS IJ,Bumi Resources Minerals Tbk Pt,ID1000117609,,3063577200.0,109723427.0,0.44,IDR,Materials,Indonesia,Stock,equity,web_csv
2026-06-22,GDX-ASX,CGAU,Centerra Gold Inc,CA1520061021,,6562998.0,108880137.0,0.44,USD,Materials,Canada,Stock,equity,web_csv
2026-06-22,GDX-ASX,AYA CN,Aya Gold & Silver Inc,CA05466C1095,,5449002.0,107540013.0,0.44,CAD,Materials,Canada,Stock,equity,web_csv
2026-06-22,GDX-ASX,AUGO,Aura Minerals Inc,VGG069731120,,1627560.0,106214566.0,0.43,USD,Materials,United States,Stock,equity,web_csv
2026-06-22,GDX-ASX,SA,Seabridge Gold Inc,CA8119271028,,3509736.0,103010752.0,0.42,USD,Materials,Canada,Stock,equity,web_csv
2026-06-22,GDX-ASX,FSM,Fortuna Silver Mines Inc,CA3499421020,,11221627.0,101555724.0,0.41,USD,Materials,Canada,Stock,equity,web_csv
2026-06-22,GDX-ASX,WDO CN,Wesdome Gold Mines Ltd/Canada,CA95083R1001,,5655157.0,101258959.0,0.41,CAD,Materials,Canada,Stock,equity,web_csv
2026-06-22,GDX-ASX,ORLA,Orla Mining Ltd,CA68634K1066,,9529149.0,97483194.0,0.39,USD,Materials,Mexico,Stock,equity,web_csv
2026-06-22,GDX-ASX,SVM,Silvercorp Metals Inc,CA82835P1036,,8592261.0,95975555.0,0.39,USD,Materials,Canada,Stock,equity,web_csv
2026-06-22,GDX-ASX,WGX AU,Westgold Resources Ltd,AU000000WGX6,,26427782.0,95880599.0,0.39,AUD,Materials,Australia,Stock,equity,web_csv
2026-06-22,GDX-ASX,EXK,Endeavour Silver Corp,CA29258Y1034,,10784446.0,92207013.0,0.37,USD,Materials,Canada,Stock,equity,web_csv
2026-06-22,GDX-ASX,HOC LN,Hochschild Mining Plc,GB00B1FW5029,,12385203.0,90455284.0,0.37,GBP,Materials,Peru,Stock,equity,web_csv
2026-06-22,GDX-ASX,LUNR CN,Lunr Royalties Corp,CA5504281067,,959758.0,13685640.0,0.06,CAD,,Canada,Stock,equity,web_csv
2026-06-22,GDX-ASX,VLGDF,Valor Gold Corp,CA9199211066,,0.0,0.0,0.0,USD,,Canada,Stock,equity,web_csv
2026-06-22,GDX-ASX,-USD CASH-,,CASH,,14825060.0,14825060.0,0.06,USD,,United States,Cash Bal,cash,web_csv
2026-06-22,GDX-ASX,-CAD CASH-,,CASH,,10677683.0,7544999.0,0.03,CAD,,Canada,Cash Bal,cash,web_csv
2026-06-22,GDX-ASX,-MXN CASH-,,CASH,,-5362.0,-310.0,0.0,MXN,,Mexico,Cash Bal,cash,web_csv
2026-06-22,GDX-ASX,-IDR CASH-,,CASH,,1.0,0.0,0.0,IDR,,Indonesia,Cash Bal,cash,web_csv
2026-06-22,GDX-ASX,-HKD CASH-,,CASH,,0.0,0.0,0.0,HKD,,China,Cash Bal,cash,web_csv
2026-06-22,GDX-ASX,-EUR CASH-,,CASH,,0.0,0.0,0.0,EUR,,Europe,Cash Bal,cash,web_csv
2026-06-22,GDX-ASX,-AUD CASH-,,CASH,,940.0,659.0,0.0,AUD,,Australia,Cash Bal,cash,web_csv
2026-06-22,GDX-ASX,,Other/Cash,CASH,,0.0,-5017634.0,-0.02,USD,,,Cash,cash,web_csv
2026-06-23,GDX-ASX,AEM,Agnico Eagle Mines Ltd,CA0084741085,,15656583.0,2507558333.0,10.65,USD,Materials,Canada,Stock,equity,web_csv
2026-06-23,GDX-ASX,NEM,Newmont Corp,US6516391066,,25383188.0,2483491114.0,10.55,USD,Materials,United States,Stock,equity,web_csv
2026-06-23,GDX-ASX,B,Barrick Mining Corp,CA06849F1080,,49269009.0,1881090764.0,7.99,USD,Materials,Canada,Stock,equity,web_csv
2026-06-23,GDX-ASX,WPM,Wheaton Precious Metals Corp,CA9628791027,,11360104.0,1322997712.0,5.62,USD,Materials,Brazil,Stock,equity,web_csv
2026-06-23,GDX-ASX,AU,Anglogold Ashanti Plc,GB00BRXH2664,,14191761.0,1189127654.0,5.05,USD,Materials,United States,Stock,equity,web_csv
2026-06-23,GDX-ASX,FNV,Franco-Nevada Corp,CA3518581051,,5343172.0,1143011354.0,4.86,USD,Materials,Canada,Stock,equity,web_csv
2026-06-23,GDX-ASX,KGC,Kinross Gold Corp,CA4969024047,,42359116.0,1059401491.0,4.5,USD,Materials,Canada,Stock,equity,web_csv
2026-06-23,GDX-ASX,GFI,Gold Fields Ltd,US38059T1060,,27570976.0,926660503.0,3.94,USD,Materials,South Africa,Stock,equity,web_csv
2026-06-23,GDX-ASX,PAAS,Pan American Silver Corp,CA6979001089,,15117429.0,698727568.0,2.97,USD,Materials,Canada,Stock,equity,web_csv
2026-06-23,GDX-ASX,NST AU,Northern Star Resources Ltd,AU000000NST8,,45274628.0,644829214.0,2.74,AUD,Materials,Australia,Stock,equity,web_csv
2026-06-23,GDX-ASX,CDE,Coeur Mining Inc,US1921085049,,33186528.0,541604137.0,2.3,USD,Materials,United States,Stock,equity,web_csv
2026-06-23,GDX-ASX,RGLD,Royal Gold Inc,US7802871084,,2220989.0,458878537.0,1.95,USD,Materials,United States,Stock,equity,web_csv
2026-06-23,GDX-ASX,AGI,Alamos Gold Inc,CA0115321089,,14182974.0,437970237.0,1.86,USD,Materials,Canada,Stock,equity,web_csv
2026-06-23,GDX-ASX,EVN AU,Evolution Mining Ltd,AU000000EVN4,,45444679.0,396019793.0,1.68,AUD,Materials,Australia,Stock,equity,web_csv
2026-06-23,GDX-ASX,PE&OLES* MF,Industrias Penoles Sab De Cv,MXP554091415,,7886643.0,354055148.0,1.5,MXN,Materials,Mexico,Stock,equity,web_csv
2026-06-23,GDX-ASX,EDV LN,Endeavour Mining Plc,GB00BL6K5J42,,6447113.0,331091497.0,1.41,GBP,Materials,United Kingdom,Stock,equity,web_csv
2026-06-23,GDX-ASX,IAG,Iamgold Corp,CA4509131088,,19757093.0,319669765.0,1.36,USD,Materials,Burkina Faso,Stock,equity,web_csv
2026-06-23,GDX-ASX,AG,First Majestic Silver Corp,CA32076V1031,,19142235.0,315846878.0,1.34,USD,Materials,Canada,Stock,equity,web_csv
2026-06-23,GDX-ASX,HL,Hecla Mining Co,US4227041062,,20373749.0,307032397.0,1.3,USD,Materials,United States,Stock,equity,web_csv
2026-06-23,GDX-ASX,EGO,Eldorado Gold Corp,CA2849025093,,9580041.0,301100689.0,1.28,USD,Materials,Turkey,Stock,equity,web_csv
2026-06-23,GDX-ASX,FRES LN,Fresnillo Plc,GB00B2QPKJ12,,7777210.0,293372626.0,1.25,GBP,Materials,Mexico,Stock,equity,web_csv
2026-06-23,GDX-ASX,EQX,Equinox Gold Corp,CA29446Y5020,,29640693.0,289589571.0,1.23,USD,Materials,Canada,Stock,equity,web_csv
2026-06-23,GDX-ASX,HMY,Harmony Gold Mining Co Ltd,US4132163001,,16128535.0,248540724.0,1.06,USD,Materials,South Africa,Stock,equity,web_csv
2026-06-23,GDX-ASX,LUG CN,Lundin Gold Inc,CA5503711080,,4287868.0,230709799.0,0.98,CAD,Materials,Canada,Stock,equity,web_csv
2026-06-23,GDX-ASX,OGC,Oceanagold Corp,CA6752224007,,8595116.0,214963851.0,0.91,USD,Materials,Canada,Stock,equity,web_csv
2026-06-23,GDX-ASX,DPM CN,Dundee Precious Metals Inc,CA26139R1091,,6450213.0,213257967.0,0.91,CAD,Materials,Canada,Stock,equity,web_csv
2026-06-23,GDX-ASX,2259 HK,Zijin Gold International Co Ltd,HK0001200002,,15765900.0,201620170.0,0.86,HKD,Materials,China,Stock,equity,web_csv
2026-06-23,GDX-ASX,SSRM,Ssr Mining Inc,CA7847301032,,6743588.0,197317385.0,0.84,USD,Materials,Canada,Stock,equity,web_csv
2026-06-23,GDX-ASX,BTG,B2gold Corp,CA11777Q2099,,48923062.0,196181479.0,0.83,USD,Materials,Canada,Stock,equity,web_csv
2026-06-23,GDX-ASX,BVN,Cia De Minas Buenaventura Saa,US2044481040,,6107862.0,189343722.0,0.8,USD,Materials,Peru,Stock,equity,web_csv
2026-06-23,GDX-ASX,GMIN CN,G Mining Ventures Corp,CA36270K1021,,6823542.0,183739398.0,0.78,CAD,Materials,Canada,Stock,equity,web_csv
2026-06-23,GDX-ASX,GGP AU,Greatland Resources Ltd,AU0000397705,,18798767.0,172587303.0,0.73,AUD,Materials,Australia,Stock,equity,web_csv
2026-06-23,GDX-ASX,OR,Or Royalties Inc,CA68390D1069,,5221365.0,168127953.0,0.71,USD,Materials,Canada,Stock,equity,web_csv
2026-06-23,GDX-ASX,1818 HK,Zhaojin Mining Industry Co Ltd,CNE1000004R6,,69329500.0,161590911.0,0.69,HKD,Materials,China,Stock,equity,web_csv
2026-06-23,GDX-ASX,DSV CN,Discovery Silver Corp,CA2546771072,,28403027.0,159245004.0,0.68,CAD,Materials,Canada,Stock,equity,web_csv
2026-06-23,GDX-ASX,PRU AU,Perseus Mining Ltd,AU000000PRU3,,41846524.0,152766918.0,0.65,AUD,Materials,Australia,Stock,equity,web_csv
2026-06-23,GDX-ASX,AMMN IJ,Amman Mineral Internasional Pt,ID1000191109,,642804300.0,135568794.0,0.58,IDR,Materials,Indonesia,Stock,equity,web_csv
2026-06-23,GDX-ASX,RMS AU,Ramelius Resources Ltd,AU000000RMS4,,63266831.0,135065605.0,0.57,AUD,Materials,Australia,Stock,equity,web_csv
2026-06-23,GDX-ASX,MAU CN,Montage Gold Corp,CA61178L1013,,12037134.0,130651336.0,0.56,CAD,Materials,Côte D'Ivoire,Stock,equity,web_csv
2026-06-23,GDX-ASX,ARTG CN,Artemis Gold Inc,CA04302L1004,,5803588.0,128314582.0,0.55,CAD,Materials,Canada,Stock,equity,web_csv
2026-06-23,GDX-ASX,ARMN,Aris Mining Corp,CA04040Y1097,,8102483.0,127695132.0,0.54,USD,Materials,Colombia,Stock,equity,web_csv
2026-06-23,GDX-ASX,KNT CN,K92 Mining Inc,CA4991131083,,8070999.0,126600562.0,0.54,CAD,Materials,Canada,Stock,equity,web_csv
2026-06-23,GDX-ASX,GMD AU,Genesis Minerals Ltd,AU000000GMD9,,30863776.0,123662967.0,0.53,AUD,Materials,Australia,Stock,equity,web_csv
2026-06-23,GDX-ASX,CMM AU,Capricorn Metals Ltd,AU000000CMM9,,13305822.0,122159631.0,0.52,AUD,Materials,Australia,Stock,equity,web_csv
2026-06-23,GDX-ASX,TXG CN,Torex Gold Resources Inc,CA8910546032,,2916762.0,116423950.0,0.49,CAD,Materials,Canada,Stock,equity,web_csv
2026-06-23,GDX-ASX,VAU AU,Vault Minerals Ltd,AU0000427775,,33522957.0,110119800.0,0.47,AUD,Materials,Australia,Stock,equity,web_csv
2026-06-23,GDX-ASX,RRL AU,Regis Resources Ltd,AU000000RRL8,,23581188.0,110043436.0,0.47,AUD,Materials,Australia,Stock,equity,web_csv
2026-06-23,GDX-ASX,BRMS IJ,Bumi Resources Minerals Tbk Pt,ID1000117609,,3052451800.0,109313583.0,0.46,IDR,Materials,Indonesia,Stock,equity,web_csv
2026-06-23,GDX-ASX,CGAU,Centerra Gold Inc,CA1520061021,,6539172.0,104757535.0,0.45,USD,Materials,Canada,Stock,equity,web_csv
2026-06-23,GDX-ASX,SKE,Skeena Resources Ltd,CA83056P7157,,3994793.0,104184201.0,0.44,USD,Materials,Canada,Stock,equity,web_csv
2026-06-23,GDX-ASX,AUGO,Aura Minerals Inc,VGG069731120,,1621620.0,99729630.0,0.42,USD,Materials,United States,Stock,equity,web_csv
2026-06-23,GDX-ASX,AYA CN,Aya Gold & Silver Inc,CA05466C1095,,5429158.0,99042220.0,0.42,CAD,Materials,Canada,Stock,equity,web_csv
2026-06-23,GDX-ASX,WDO CN,Wesdome Gold Mines Ltd/Canada,CA95083R1001,,5634631.0,98305906.0,0.42,CAD,Materials,Canada,Stock,equity,web_csv
2026-06-23,GDX-ASX,FSM,Fortuna Silver Mines Inc,CA3499421020,,11180861.0,96155405.0,0.41,USD,Materials,Canada,Stock,equity,web_csv
2026-06-23,GDX-ASX,SA,Seabridge Gold Inc,CA8119271028,,3496976.0,94628171.0,0.4,USD,Materials,Canada,Stock,equity,web_csv
2026-06-23,GDX-ASX,ORLA,Orla Mining Ltd,CA68634K1066,,9494543.0,92761685.0,0.39,USD,Materials,Mexico,Stock,equity,web_csv
2026-06-23,GDX-ASX,WGX AU,Westgold Resources Ltd,AU000000WGX6,,26331840.0,90765552.0,0.39,AUD,Materials,Australia,Stock,equity,web_csv
2026-06-23,GDX-ASX,SVM,Silvercorp Metals Inc,CA82835P1036,,8560955.0,90574904.0,0.38,USD,Materials,Canada,Stock,equity,web_csv
2026-06-23,GDX-ASX,EXK,Endeavour Silver Corp,CA29258Y1034,,10745286.0,86069741.0,0.37,USD,Materials,Canada,Stock,equity,web_csv
2026-06-23,GDX-ASX,HOC LN,Hochschild Mining Plc,GB00B1FW5029,,12340081.0,84168788.0,0.36,GBP,Materials,Peru,Stock,equity,web_csv
2026-06-23,GDX-ASX,LUNR CN,Lunr Royalties Corp,CA5504281067,,959758.0,13303778.0,0.06,CAD,,Canada,Stock,equity,web_csv
2026-06-23,GDX-ASX,VLGDF,Valor Gold Corp,CA9199211066,,0.0,0.0,0.0,USD,,Canada,Stock,equity,web_csv
2026-06-23,GDX-ASX,-USD CASH-,,CASH,,29601985.0,29601985.0,0.13,USD,,United States,Cash Bal,cash,web_csv
2026-06-23,GDX-ASX,-CAD CASH-,,CASH,,21355332.0,15041614.0,0.06,CAD,,Canada,Cash Bal,cash,web_csv
2026-06-23,GDX-ASX,-MXN CASH-,,CASH,,-10724.0,-612.0,0.0,MXN,,Mexico,Cash Bal,cash,web_csv
2026-06-23,GDX-ASX,-IDR CASH-,,CASH,,2.0,0.0,0.0,IDR,,Indonesia,Cash Bal,cash,web_csv
2026-06-23,GDX-ASX,-HKD CASH-,,CASH,,0.0,0.0,0.0,HKD,,China,Cash Bal,cash,web_csv
2026-06-23,GDX-ASX,-EUR CASH-,,CASH,,0.0,0.0,0.0,EUR,,Europe,Cash Bal,cash,web_csv
2026-06-23,GDX-ASX,-AUD CASH-,,CASH,,1881.0,1304.0,0.0,AUD,,Australia,Cash Bal,cash,web_csv
2026-06-23,GDX-ASX,,Other/Cash,CASH,,0.0,-5298136.0,-0.12,USD,,,Cash,cash,web_csv
2026-06-24,GDX-ASX,AEM,Agnico Eagle Mines Ltd,CA0084741085,,15578763.0,2390716970.0,10.66,USD,Materials,Canada,Stock,equity,web_csv
2026-06-24,GDX-ASX,NEM,Newmont Corp,US6516391066,,25257008.0,2375169032.0,10.59,USD,Materials,United States,Stock,equity,web_csv
2026-06-24,GDX-ASX,B,Barrick Mining Corp,CA06849F1080,,49024089.0,1787418285.0,7.97,USD,Materials,Canada,Stock,equity,web_csv
2026-06-24,GDX-ASX,WPM,Wheaton Precious Metals Corp,CA9628791027,,11303614.0,1274934623.0,5.68,USD,Materials,Brazil,Stock,equity,web_csv
2026-06-24,GDX-ASX,FNV,Franco-Nevada Corp,CA3518581051,,5316622.0,1115214631.0,4.97,USD,Materials,Canada,Stock,equity,web_csv
2026-06-24,GDX-ASX,AU,Anglogold Ashanti Plc,GB00BRXH2664,,14121201.0,1109785187.0,4.95,USD,Materials,United States,Stock,equity,web_csv
2026-06-24,GDX-ASX,KGC,Kinross Gold Corp,CA4969024047,,42148516.0,998919829.0,4.45,USD,Materials,Canada,Stock,equity,web_csv
2026-06-24,GDX-ASX,GFI,Gold Fields Ltd,US38059T1060,,27433906.0,874592923.0,3.9,USD,Materials,South Africa,Stock,equity,web_csv
2026-06-24,GDX-ASX,PAAS,Pan American Silver Corp,CA6979001089,,15042279.0,667726765.0,2.98,USD,Materials,Canada,Stock,equity,web_csv
2026-06-24,GDX-ASX,NST AU,Northern Star Resources Ltd,AU000000NST8,,45049628.0,617464624.0,2.75,AUD,Materials,Australia,Stock,equity,web_csv
2026-06-24,GDX-ASX,CDE,Coeur Mining Inc,US1921085049,,33021558.0,510843502.0,2.28,USD,Materials,United States,Stock,equity,web_csv
2026-06-24,GDX-ASX,RGLD,Royal Gold Inc,US7802871084,,2209949.0,446940086.0,1.99,USD,Materials,United States,Stock,equity,web_csv
2026-06-24,GDX-ASX,AGI,Alamos Gold Inc,CA0115321089,,14112474.0,424785467.0,1.89,USD,Materials,Canada,Stock,equity,web_csv
2026-06-24,GDX-ASX,EVN AU,Evolution Mining Ltd,AU000000EVN4,,45218839.0,379566352.0,1.69,AUD,Materials,Australia,Stock,equity,web_csv
2026-06-24,GDX-ASX,PE&OLES* MF,Industrias Penoles Sab De Cv,MXP554091415,,7847493.0,334697466.0,1.49,MXN,Materials,Mexico,Stock,equity,web_csv
2026-06-24,GDX-ASX,EDV LN,Endeavour Mining Plc,GB00BL6K5J42,,6415073.0,314181949.0,1.4,GBP,Materials,United Kingdom,Stock,equity,web_csv
2026-06-24,GDX-ASX,AG,First Majestic Silver Corp,CA32076V1031,,19047075.0,305896025.0,1.36,USD,Materials,Canada,Stock,equity,web_csv
2026-06-24,GDX-ASX,IAG,Iamgold Corp,CA4509131088,,19658873.0,299404636.0,1.33,USD,Materials,Burkina Faso,Stock,equity,web_csv
2026-06-24,GDX-ASX,HL,Hecla Mining Co,US4227041062,,20272439.0,294355814.0,1.31,USD,Materials,United States,Stock,equity,web_csv
2026-06-24,GDX-ASX,EGO,Eldorado Gold Corp,CA2849025093,,9532401.0,283493606.0,1.26,USD,Materials,Turkey,Stock,equity,web_csv
2026-06-24,GDX-ASX,FRES LN,Fresnillo Plc,GB00B2QPKJ12,,7738570.0,280853987.0,1.25,GBP,Materials,Mexico,Stock,equity,web_csv
2026-06-24,GDX-ASX,EQX,Equinox Gold Corp,CA29446Y5020,,29493363.0,276352811.0,1.23,USD,Materials,Canada,Stock,equity,web_csv
2026-06-24,GDX-ASX,HMY,Harmony Gold Mining Co Ltd,US4132163001,,16048375.0,234145791.0,1.04,USD,Materials,South Africa,Stock,equity,web_csv
2026-06-24,GDX-ASX,LUG CN,Lundin Gold Inc,CA5503711080,,4266568.0,223941269.0,1.0,CAD,Materials,Canada,Stock,equity,web_csv
2026-06-24,GDX-ASX,OGC,Oceanagold Corp,CA6752224007,,8552396.0,208165319.0,0.93,USD,Materials,Canada,Stock,equity,web_csv
2026-06-24,GDX-ASX,DPM CN,Dundee Precious Metals Inc,CA26139R1091,,6418143.0,201357041.0,0.9,CAD,Materials,Canada,Stock,equity,web_csv
2026-06-24,GDX-ASX,2259 HK,Zijin Gold International Co Ltd,HK0001200002,,15687900.0,198523909.0,0.89,HKD,Materials,China,Stock,equity,web_csv
2026-06-24,GDX-ASX,SSRM,Ssr Mining Inc,CA7847301032,,6710078.0,190230711.0,0.85,USD,Materials,Canada,Stock,equity,web_csv
2026-06-24,GDX-ASX,BTG,B2gold Corp,CA11777Q2099,,48679852.0,189364624.0,0.84,USD,Materials,Canada,Stock,equity,web_csv
2026-06-24,GDX-ASX,BVN,Cia De Minas Buenaventura Saa,US2044481040,,6077532.0,180806577.0,0.81,USD,Materials,Peru,Stock,equity,web_csv
2026-06-24,GDX-ASX,GMIN CN,G Mining Ventures Corp,CA36270K1021,,6789612.0,175538752.0,0.78,CAD,Materials,Canada,Stock,equity,web_csv
2026-06-24,GDX-ASX,OR,Or Royalties Inc,CA68390D1069,,5195415.0,163187985.0,0.73,USD,Materials,Canada,Stock,equity,web_csv
2026-06-24,GDX-ASX,GGP AU,Greatland Resources Ltd,AU0000397705,,18705347.0,159222077.0,0.71,AUD,Materials,Australia,Stock,equity,web_csv
2026-06-24,GDX-ASX,1818 HK,Zhaojin Mining Industry Co Ltd,CNE1000004R6,,68984500.0,159202169.0,0.71,HKD,Materials,China,Stock,equity,web_csv
2026-06-24,GDX-ASX,DSV CN,Discovery Silver Corp,CA2546771072,,28261847.0,150224472.0,0.67,CAD,Materials,Canada,Stock,equity,web_csv
2026-06-24,GDX-ASX,PRU AU,Perseus Mining Ltd,AU000000PRU3,,41638504.0,146662643.0,0.65,AUD,Materials,Australia,Stock,equity,web_csv
2026-06-24,GDX-ASX,RMS AU,Ramelius Resources Ltd,AU000000RMS4,,62952491.0,128714095.0,0.57,AUD,Materials,Australia,Stock,equity,web_csv
2026-06-24,GDX-ASX,AMMN IJ,Amman Mineral Internasional Pt,ID1000191109,,639609300.0,122858363.0,0.55,IDR,Materials,Indonesia,Stock,equity,web_csv
2026-06-24,GDX-ASX,ARTG CN,Artemis Gold Inc,CA04302L1004,,5774728.0,122781142.0,0.55,CAD,Materials,Canada,Stock,equity,web_csv
2026-06-24,GDX-ASX,KNT CN,K92 Mining Inc,CA4991131083,,8030889.0,122255151.0,0.55,CAD,Materials,Canada,Stock,equity,web_csv
2026-06-24,GDX-ASX,MAU CN,Montage Gold Corp,CA61178L1013,,11977134.0,121945331.0,0.54,CAD,Materials,Côte D'Ivoire,Stock,equity,web_csv
2026-06-24,GDX-ASX,ARMN,Aris Mining Corp,CA04040Y1097,,8062193.0,118594859.0,0.53,USD,Materials,Colombia,Stock,equity,web_csv
2026-06-24,GDX-ASX,GMD AU,Genesis Minerals Ltd,AU000000GMD9,,30710386.0,116330786.0,0.52,AUD,Materials,Australia,Stock,equity,web_csv
2026-06-24,GDX-ASX,CMM AU,Capricorn Metals Ltd,AU000000CMM9,,13239702.0,111054597.0,0.5,AUD,Materials,Australia,Stock,equity,web_csv
2026-06-24,GDX-ASX,TXG CN,Torex Gold Resources Inc,CA8910546032,,2902272.0,110209507.0,0.49,CAD,Materials,Canada,Stock,equity,web_csv
2026-06-24,GDX-ASX,RRL AU,Regis Resources Ltd,AU000000RRL8,,23463618.0,105637903.0,0.47,AUD,Materials,Australia,Stock,equity,web_csv
2026-06-24,GDX-ASX,VAU AU,Vault Minerals Ltd,AU0000427775,,33355827.0,104391329.0,0.47,AUD,Materials,Australia,Stock,equity,web_csv
2026-06-24,GDX-ASX,SKE,Skeena Resources Ltd,CA83056P7157,,3974873.0,101438759.0,0.45,USD,Materials,Canada,Stock,equity,web_csv
2026-06-24,GDX-ASX,CGAU,Centerra Gold Inc,CA1520061021,,6506682.0,100983705.0,0.45,USD,Materials,Canada,Stock,equity,web_csv
2026-06-24,GDX-ASX,AUGO,Aura Minerals Inc,VGG069731120,,1613520.0,93406673.0,0.42,USD,Materials,United States,Stock,equity,web_csv
2026-06-24,GDX-ASX,WDO CN,Wesdome Gold Mines Ltd/Canada,CA95083R1001,,5606641.0,92869895.0,0.41,CAD,Materials,Canada,Stock,equity,web_csv
2026-06-24,GDX-ASX,BRMS IJ,Bumi Resources Minerals Tbk Pt,ID1000117609,,3037280800.0,92716537.0,0.41,IDR,Materials,Indonesia,Stock,equity,web_csv
2026-06-24,GDX-ASX,FSM,Fortuna Silver Mines Inc,CA3499421020,,11125271.0,92673507.0,0.41,USD,Materials,Canada,Stock,equity,web_csv
2026-06-24,GDX-ASX,AYA CN,Aya Gold & Silver Inc,CA05466C1095,,5402098.0,92250833.0,0.41,CAD,Materials,Canada,Stock,equity,web_csv
2026-06-24,GDX-ASX,ORLA,Orla Mining Ltd,CA68634K1066,,9447353.0,88616171.0,0.4,USD,Materials,Mexico,Stock,equity,web_csv
2026-06-24,GDX-ASX,SVM,Silvercorp Metals Inc,CA82835P1036,,8518265.0,88589956.0,0.39,USD,Materials,Canada,Stock,equity,web_csv
2026-06-24,GDX-ASX,WGX AU,Westgold Resources Ltd,AU000000WGX6,,26201010.0,86950032.0,0.39,AUD,Materials,Australia,Stock,equity,web_csv
2026-06-24,GDX-ASX,SA,Seabridge Gold Inc,CA8119271028,,3479576.0,86119506.0,0.38,USD,Materials,Canada,Stock,equity,web_csv
2026-06-24,GDX-ASX,EXK,Endeavour Silver Corp,CA29258Y1034,,10691886.0,82434441.0,0.37,USD,Materials,Canada,Stock,equity,web_csv
2026-06-24,GDX-ASX,HOC LN,Hochschild Mining Plc,GB00B1FW5029,,12278551.0,75377482.0,0.34,GBP,Materials,Peru,Stock,equity,web_csv
2026-06-24,GDX-ASX,LUNR CN,Lunr Royalties Corp,CA5504281067,,959758.0,12662889.0,0.06,CAD,,Canada,Stock,equity,web_csv
2026-06-24,GDX-ASX,VLGDF,Valor Gold Corp,CA9199211066,,0.0,0.0,0.0,USD,,Canada,Stock,equity,web_csv
2026-06-24,GDX-ASX,-USD CASH-,,CASH,,37874154.0,37874154.0,0.17,USD,,United States,Cash Bal,cash,web_csv
2026-06-24,GDX-ASX,-CAD CASH-,,CASH,,21431049.0,15048309.0,0.07,CAD,,Canada,Cash Bal,cash,web_csv
2026-06-24,GDX-ASX,-MXN CASH-,,CASH,,-10724.0,-607.0,0.0,MXN,,Mexico,Cash Bal,cash,web_csv
2026-06-24,GDX-ASX,-IDR CASH-,,CASH,,2.0,0.0,0.0,IDR,,Indonesia,Cash Bal,cash,web_csv
2026-06-24,GDX-ASX,-HKD CASH-,,CASH,,0.0,0.0,0.0,HKD,,China,Cash Bal,cash,web_csv
2026-06-24,GDX-ASX,-EUR CASH-,,CASH,,0.0,0.0,0.0,EUR,,Europe,Cash Bal,cash,web_csv
2026-06-24,GDX-ASX,-AUD CASH-,,CASH,,1881.0,1296.0,0.0,AUD,,Australia,Cash Bal,cash,web_csv
2026-06-24,GDX-ASX,,Other/Cash,CASH,,0.0,-9778426.0,-0.16,USD,,,Cash,cash,web_csv
2026-06-25,GDX-ASX,AEM,Agnico Eagle Mines Ltd,CA0084741085,,15568387.0,2431470682.0,10.7,USD,Materials,Canada,Stock,equity,web_csv
2026-06-25,GDX-ASX,NEM,Newmont Corp,US6516391066,,25240184.0,2406651544.0,10.59,USD,Materials,United States,Stock,equity,web_csv
2026-06-25,GDX-ASX,B,Barrick Mining Corp,CA06849F1080,,48991433.0,1800435163.0,7.92,USD,Materials,Canada,Stock,equity,web_csv
2026-06-25,GDX-ASX,WPM,Wheaton Precious Metals Corp,CA9628791027,,11296082.0,1277360953.0,5.62,USD,Materials,Brazil,Stock,equity,web_csv
2026-06-25,GDX-ASX,AU,Anglogold Ashanti Plc,GB00BRXH2664,,14111793.0,1119629657.0,4.93,USD,Materials,United States,Stock,equity,web_csv
2026-06-25,GDX-ASX,FNV,Franco-Nevada Corp,CA3518581051,,5313082.0,1115747220.0,4.91,USD,Materials,Canada,Stock,equity,web_csv
2026-06-25,GDX-ASX,KGC,Kinross Gold Corp,CA4969024047,,42120436.0,1012575281.0,4.46,USD,Materials,Canada,Stock,equity,web_csv
2026-06-25,GDX-ASX,GFI,Gold Fields Ltd,US38059T1060,,27415630.0,899780977.0,3.96,USD,Materials,South Africa,Stock,equity,web_csv
2026-06-25,GDX-ASX,PAAS,Pan American Silver Corp,CA6979001089,,15032259.0,676301332.0,2.98,USD,Materials,Canada,Stock,equity,web_csv
2026-06-25,GDX-ASX,NST AU,Northern Star Resources Ltd,AU000000NST8,,45019628.0,628905609.0,2.77,AUD,Materials,Australia,Stock,equity,web_csv
2026-06-25,GDX-ASX,CDE,Coeur Mining Inc,US1921085049,,32999562.0,527662996.0,2.32,USD,Materials,United States,Stock,equity,web_csv
2026-06-25,GDX-ASX,RGLD,Royal Gold Inc,US7802871084,,2208477.0,451898564.0,1.99,USD,Materials,United States,Stock,equity,web_csv
2026-06-25,GDX-ASX,AGI,Alamos Gold Inc,CA0115321089,,14103074.0,438746632.0,1.93,USD,Materials,Canada,Stock,equity,web_csv
2026-06-25,GDX-ASX,EVN AU,Evolution Mining Ltd,AU000000EVN4,,45188723.0,374875914.0,1.65,AUD,Materials,Australia,Stock,equity,web_csv
2026-06-25,GDX-ASX,PE&OLES* MF,Industrias Penoles Sab De Cv,MXP554091415,,7842273.0,353905758.0,1.56,MXN,Materials,Mexico,Stock,equity,web_csv
2026-06-25,GDX-ASX,EDV LN,Endeavour Mining Plc,GB00BL6K5J42,,6410801.0,316600894.0,1.39,GBP,Materials,United Kingdom,Stock,equity,web_csv
2026-06-25,GDX-ASX,AG,First Majestic Silver Corp,CA32076V1031,,19034387.0,314067386.0,1.38,USD,Materials,Canada,Stock,equity,web_csv
2026-06-25,GDX-ASX,IAG,Iamgold Corp,CA4509131088,,19645773.0,310992587.0,1.37,USD,Materials,Burkina Faso,Stock,equity,web_csv
2026-06-25,GDX-ASX,HL,Hecla Mining Co,US4227041062,,20258931.0,306922805.0,1.35,USD,Materials,United States,Stock,equity,web_csv
2026-06-25,GDX-ASX,EGO,Eldorado Gold Corp,CA2849025093,,9526049.0,289877671.0,1.28,USD,Materials,Turkey,Stock,equity,web_csv
2026-06-25,GDX-ASX,FRES LN,Fresnillo Plc,GB00B2QPKJ12,,7733418.0,285939337.0,1.26,GBP,Materials,Mexico,Stock,equity,web_csv
2026-06-25,GDX-ASX,EQX,Equinox Gold Corp,CA29446Y5020,,29473715.0,277347658.0,1.22,USD,Materials,Canada,Stock,equity,web_csv
2026-06-25,GDX-ASX,HMY,Harmony Gold Mining Co Ltd,US4132163001,,16037687.0,242489827.0,1.07,USD,Materials,South Africa,Stock,equity,web_csv
2026-06-25,GDX-ASX,LUG CN,Lundin Gold Inc,CA5503711080,,4263728.0,229360197.0,1.01,CAD,Materials,Canada,Stock,equity,web_csv
2026-06-25,GDX-ASX,OGC,Oceanagold Corp,CA6752224007,,8546700.0,212385495.0,0.93,USD,Materials,Canada,Stock,equity,web_csv
2026-06-25,GDX-ASX,DPM CN,Dundee Precious Metals Inc,CA26139R1091,,6413867.0,202904449.0,0.89,CAD,Materials,Canada,Stock,equity,web_csv
2026-06-25,GDX-ASX,BTG,B2gold Corp,CA11777Q2099,,48647424.0,192643799.0,0.85,USD,Materials,Canada,Stock,equity,web_csv
2026-06-25,GDX-ASX,SSRM,Ssr Mining Inc,CA7847301032,,6705610.0,190841661.0,0.84,USD,Materials,Canada,Stock,equity,web_csv
2026-06-25,GDX-ASX,BVN,Cia De Minas Buenaventura Saa,US2044481040,,6073488.0,186334612.0,0.82,USD,Materials,Peru,Stock,equity,web_csv
2026-06-25,GDX-ASX,2259 HK,Zijin Gold International Co Ltd,HK0001200002,,15677500.0,185963349.0,0.82,HKD,Materials,China,Stock,equity,web_csv
2026-06-25,GDX-ASX,GMIN CN,G Mining Ventures Corp,CA36270K1021,,6785088.0,180871981.0,0.8,CAD,Materials,Canada,Stock,equity,web_csv
2026-06-25,GDX-ASX,OR,Or Royalties Inc,CA68390D1069,,5191955.0,163338904.0,0.72,USD,Materials,Canada,Stock,equity,web_csv
2026-06-25,GDX-ASX,GGP AU,Greatland Resources Ltd,AU0000397705,,18692891.0,156972357.0,0.69,AUD,Materials,Australia,Stock,equity,web_csv
2026-06-25,GDX-ASX,DSV CN,Discovery Silver Corp,CA2546771072,,28243019.0,153519526.0,0.68,CAD,Materials,Canada,Stock,equity,web_csv
2026-06-25,GDX-ASX,1818 HK,Zhaojin Mining Industry Co Ltd,CNE1000004R6,,68938500.0,147193639.0,0.65,HKD,Materials,China,Stock,equity,web_csv
2026-06-25,GDX-ASX,PRU AU,Perseus Mining Ltd,AU000000PRU3,,41610768.0,144529516.0,0.64,AUD,Materials,Australia,Stock,equity,web_csv
2026-06-25,GDX-ASX,RMS AU,Ramelius Resources Ltd,AU000000RMS4,,62910579.0,127187268.0,0.56,AUD,Materials,Australia,Stock,equity,web_csv
2026-06-25,GDX-ASX,MAU CN,Montage Gold Corp,CA61178L1013,,11969134.0,124726762.0,0.55,CAD,Materials,Côte D'Ivoire,Stock,equity,web_csv
2026-06-25,GDX-ASX,ARTG CN,Artemis Gold Inc,CA04302L1004,,5770880.0,124661573.0,0.55,CAD,Materials,Canada,Stock,equity,web_csv
2026-06-25,GDX-ASX,KNT CN,K92 Mining Inc,CA4991131083,,8025541.0,123752401.0,0.54,CAD,Materials,Canada,Stock,equity,web_csv
2026-06-25,GDX-ASX,AMMN IJ,Amman Mineral Internasional Pt,ID1000191109,,639183300.0,121597260.0,0.54,IDR,Materials,Indonesia,Stock,equity,web_csv
2026-06-25,GDX-ASX,ARMN,Aris Mining Corp,CA04040Y1097,,8056821.0,120852315.0,0.53,USD,Materials,Colombia,Stock,equity,web_csv
2026-06-25,GDX-ASX,GMD AU,Genesis Minerals Ltd,AU000000GMD9,,30689934.0,114288016.0,0.5,AUD,Materials,Australia,Stock,equity,web_csv
2026-06-25,GDX-ASX,TXG CN,Torex Gold Resources Inc,CA8910546032,,2900340.0,113685568.0,0.5,CAD,Materials,Canada,Stock,equity,web_csv
2026-06-25,GDX-ASX,CMM AU,Capricorn Metals Ltd,AU000000CMM9,,13230886.0,112751678.0,0.5,AUD,Materials,Australia,Stock,equity,web_csv
2026-06-25,GDX-ASX,RRL AU,Regis Resources Ltd,AU000000RRL8,,23447942.0,104478602.0,0.46,AUD,Materials,Australia,Stock,equity,web_csv
2026-06-25,GDX-ASX,SKE,Skeena Resources Ltd,CA83056P7157,,3972217.0,103357086.0,0.45,USD,Materials,Canada,Stock,equity,web_csv
2026-06-25,GDX-ASX,VAU AU,Vault Minerals Ltd,AU0000427775,,33333543.0,103187631.0,0.45,AUD,Materials,Australia,Stock,equity,web_csv
2026-06-25,GDX-ASX,CGAU,Centerra Gold Inc,CA1520061021,,6502350.0,102802154.0,0.45,USD,Materials,Canada,Stock,equity,web_csv
2026-06-25,GDX-ASX,AUGO,Aura Minerals Inc,VGG069731120,,1612440.0,98568457.0,0.43,USD,Materials,United States,Stock,equity,web_csv
2026-06-25,GDX-ASX,AYA CN,Aya Gold & Silver Inc,CA05466C1095,,5398490.0,98448084.0,0.43,CAD,Materials,Canada,Stock,equity,web_csv
2026-06-25,GDX-ASX,WDO CN,Wesdome Gold Mines Ltd/Canada,CA95083R1001,,5602909.0,94640934.0,0.42,CAD,Materials,Canada,Stock,equity,web_csv
2026-06-25,GDX-ASX,FSM,Fortuna Silver Mines Inc,CA3499421020,,11117859.0,93501194.0,0.41,USD,Materials,Canada,Stock,equity,web_csv
2026-06-25,GDX-ASX,BRMS IJ,Bumi Resources Minerals Tbk Pt,ID1000117609,,3035258000.0,91918724.0,0.4,IDR,Materials,Indonesia,Stock,equity,web_csv
2026-06-25,GDX-ASX,SVM,Silvercorp Metals Inc,CA82835P1036,,8512573.0,90318400.0,0.4,USD,Materials,Canada,Stock,equity,web_csv
2026-06-25,GDX-ASX,ORLA,Orla Mining Ltd,CA68634K1066,,9441061.0,89595669.0,0.39,USD,Materials,Mexico,Stock,equity,web_csv
2026-06-25,GDX-ASX,SA,Seabridge Gold Inc,CA8119271028,,3477256.0,88809118.0,0.39,USD,Materials,Canada,Stock,equity,web_csv
2026-06-25,GDX-ASX,EXK,Endeavour Silver Corp,CA29258Y1034,,10684766.0,85905519.0,0.38,USD,Materials,Canada,Stock,equity,web_csv
2026-06-25,GDX-ASX,WGX AU,Westgold Resources Ltd,AU000000WGX6,,26183566.0,85715837.0,0.38,AUD,Materials,Australia,Stock,equity,web_csv
2026-06-25,GDX-ASX,HOC LN,Hochschild Mining Plc,GB00B1FW5029,,12270347.0,76293442.0,0.34,GBP,Materials,Peru,Stock,equity,web_csv
2026-06-25,GDX-ASX,LUNR CN,Lunr Royalties Corp,CA5504281067,,959758.0,12839573.0,0.06,CAD,,Canada,Stock,equity,web_csv
2026-06-25,GDX-ASX,VLGDF,Valor Gold Corp,CA9199211066,,0.0,0.0,0.0,USD,,Canada,Stock,equity,web_csv
2026-06-25,GDX-ASX,-USD CASH-,,CASH,,46023637.0,46023637.0,0.2,USD,,United States,Cash Bal,cash,web_csv
2026-06-25,GDX-ASX,-CAD CASH-,,CASH,,21431049.0,15089632.0,0.07,CAD,,Canada,Cash Bal,cash,web_csv
2026-06-25,GDX-ASX,-MXN CASH-,,CASH,,-10724.0,-611.0,0.0,MXN,,Mexico,Cash Bal,cash,web_csv
2026-06-25,GDX-ASX,-IDR CASH-,,CASH,,2.0,0.0,0.0,IDR,,Indonesia,Cash Bal,cash,web_csv
2026-06-25,GDX-ASX,-HKD CASH-,,CASH,,0.0,0.0,0.0,HKD,,China,Cash Bal,cash,web_csv
2026-06-25,GDX-ASX,-EUR CASH-,,CASH,,0.0,0.0,0.0,EUR,,Europe,Cash Bal,cash,web_csv
2026-06-25,GDX-ASX,-AUD CASH-,,CASH,,1881.0,1299.0,0.0,AUD,,Australia,Cash Bal,cash,web_csv
2026-06-25,GDX-ASX,,Other/Cash,CASH,,0.0,-14177557.0,-0.2,USD,,,Cash,cash,web_csv
2026-06-26,GDX-ASX,AEM,Agnico Eagle Mines Ltd,CA0084741085,,15596921.0,2452303889.0,10.6,USD,Materials,Canada,Stock,equity,web_csv
2026-06-26,GDX-ASX,NEM,Newmont Corp,US6516391066,,25286450.0,2430786439.0,10.51,USD,Materials,United States,Stock,equity,web_csv
2026-06-26,GDX-ASX,B,Barrick Mining Corp,CA06849F1080,,49081237.0,1830239328.0,7.91,USD,Materials,Canada,Stock,equity,web_csv
2026-06-26,GDX-ASX,WPM,Wheaton Precious Metals Corp,CA9628791027,,11316795.0,1282419209.0,5.55,USD,Materials,Brazil,Stock,equity,web_csv
2026-06-26,GDX-ASX,AU,Anglogold Ashanti Plc,GB00BRXH2664,,14137665.0,1153916217.0,4.99,USD,Materials,United States,Stock,equity,web_csv
2026-06-26,GDX-ASX,FNV,Franco-Nevada Corp,CA3518581051,,5322817.0,1145150849.0,4.95,USD,Materials,Canada,Stock,equity,web_csv
2026-06-26,GDX-ASX,KGC,Kinross Gold Corp,CA4969024047,,42197656.0,1023715135.0,4.43,USD,Materials,Canada,Stock,equity,web_csv
2026-06-26,GDX-ASX,GFI,Gold Fields Ltd,US38059T1060,,27465889.0,920931258.0,3.98,USD,Materials,South Africa,Stock,equity,web_csv
2026-06-26,GDX-ASX,PAAS,Pan American Silver Corp,CA6979001089,,15059814.0,684468546.0,2.96,USD,Materials,Canada,Stock,equity,web_csv
2026-06-26,GDX-ASX,NST AU,Northern Star Resources Ltd,AU000000NST8,,45102128.0,653712173.0,2.83,AUD,Materials,Australia,Stock,equity,web_csv
2026-06-26,GDX-ASX,CDE,Coeur Mining Inc,US1921085049,,33060051.0,529622017.0,2.29,USD,Materials,United States,Stock,equity,web_csv
2026-06-26,GDX-ASX,RGLD,Royal Gold Inc,US7802871084,,2212525.0,460094574.0,1.99,USD,Materials,United States,Stock,equity,web_csv
2026-06-26,GDX-ASX,AGI,Alamos Gold Inc,CA0115321089,,14128924.0,442517900.0,1.91,USD,Materials,Canada,Stock,equity,web_csv
2026-06-26,GDX-ASX,EVN AU,Evolution Mining Ltd,AU000000EVN4,,45271531.0,383110921.0,1.66,AUD,Materials,Australia,Stock,equity,web_csv
2026-06-26,GDX-ASX,PE&OLES* MF,Industrias Penoles Sab De Cv,MXP554091415,,7856628.0,349626817.0,1.51,MXN,Materials,Mexico,Stock,equity,web_csv
2026-06-26,GDX-ASX,EDV LN,Endeavour Mining Plc,GB00BL6K5J42,,6422549.0,324931951.0,1.41,GBP,Materials,United Kingdom,Stock,equity,web_csv
2026-06-26,GDX-ASX,AG,First Majestic Silver Corp,CA32076V1031,,19069279.0,322080122.0,1.39,USD,Materials,Canada,Stock,equity,web_csv
2026-06-26,GDX-ASX,HL,Hecla Mining Co,US4227041062,,20296078.0,315401052.0,1.36,USD,Materials,United States,Stock,equity,web_csv
2026-06-26,GDX-ASX,IAG,Iamgold Corp,CA4509131088,,19681787.0,312349960.0,1.35,USD,Materials,Burkina Faso,Stock,equity,web_csv
2026-06-26,GDX-ASX,EGO,Eldorado Gold Corp,CA2849025093,,9543517.0,299284693.0,1.29,USD,Materials,Turkey,Stock,equity,web_csv
2026-06-26,GDX-ASX,FRES LN,Fresnillo Plc,GB00B2QPKJ12,,7747586.0,290654134.0,1.26,GBP,Materials,Mexico,Stock,equity,web_csv
2026-06-26,GDX-ASX,EQX,Equinox Gold Corp,CA29446Y5020,,29527736.0,286714317.0,1.24,USD,Materials,Canada,Stock,equity,web_csv
2026-06-26,GDX-ASX,HMY,Harmony Gold Mining Co Ltd,US4132163001,,16067079.0,249521737.0,1.08,USD,Materials,South Africa,Stock,equity,web_csv
2026-06-26,GDX-ASX,LUG CN,Lundin Gold Inc,CA5503711080,,4271538.0,231784220.0,1.0,CAD,Materials,Canada,Stock,equity,web_csv
2026-06-26,GDX-ASX,OGC,Oceanagold Corp,CA6752224007,,8562364.0,212774745.0,0.92,USD,Materials,Canada,Stock,equity,web_csv
2026-06-26,GDX-ASX,DPM CN,Dundee Precious Metals Inc,CA26139R1091,,6425626.0,208749694.0,0.9,CAD,Materials,Canada,Stock,equity,web_csv
2026-06-26,GDX-ASX,SSRM,Ssr Mining Inc,CA7847301032,,6717897.0,197371814.0,0.85,USD,Materials,Canada,Stock,equity,web_csv
2026-06-26,GDX-ASX,BTG,B2gold Corp,CA11777Q2099,,48736601.0,192022208.0,0.83,USD,Materials,Canada,Stock,equity,web_csv
2026-06-26,GDX-ASX,GMIN CN,G Mining Ventures Corp,CA36270K1021,,6797529.0,191821534.0,0.83,CAD,Materials,Canada,Stock,equity,web_csv
2026-06-26,GDX-ASX,2259 HK,Zijin Gold International Co Ltd,HK0001200002,,15706100.0,189644135.0,0.82,HKD,Materials,China,Stock,equity,web_csv
2026-06-26,GDX-ASX,BVN,Cia De Minas Buenaventura Saa,US2044481040,,6084609.0,185093806.0,0.8,USD,Materials,Peru,Stock,equity,web_csv
2026-06-26,GDX-ASX,OR,Or Royalties Inc,CA68390D1069,,5201470.0,167747408.0,0.73,USD,Materials,Canada,Stock,equity,web_csv
2026-06-26,GDX-ASX,DSV CN,Discovery Silver Corp,CA2546771072,,28294785.0,167383495.0,0.72,CAD,Materials,Canada,Stock,equity,web_csv
2026-06-26,GDX-ASX,GGP AU,Greatland Resources Ltd,AU0000397705,,18727145.0,160378406.0,0.69,AUD,Materials,Australia,Stock,equity,web_csv
2026-06-26,GDX-ASX,PRU AU,Perseus Mining Ltd,AU000000PRU3,,41687042.0,148366828.0,0.64,AUD,Materials,Australia,Stock,equity,web_csv
2026-06-26,GDX-ASX,1818 HK,Zhaojin Mining Industry Co Ltd,CNE1000004R6,,69065000.0,147455966.0,0.64,HKD,Materials,China,Stock,equity,web_csv
2026-06-26,GDX-ASX,MAU CN,Montage Gold Corp,CA61178L1013,,11991134.0,134524994.0,0.58,CAD,Materials,Côte D'Ivoire,Stock,equity,web_csv
2026-06-26,GDX-ASX,RMS AU,Ramelius Resources Ltd,AU000000RMS4,,63025837.0,130696729.0,0.57,AUD,Materials,Australia,Stock,equity,web_csv
2026-06-26,GDX-ASX,ARTG CN,Artemis Gold Inc,CA04302L1004,,5781451.0,129272910.0,0.56,CAD,Materials,Canada,Stock,equity,web_csv
2026-06-26,GDX-ASX,KNT CN,K92 Mining Inc,CA4991131083,,8040248.0,125987195.0,0.54,CAD,Materials,Canada,Stock,equity,web_csv
2026-06-26,GDX-ASX,ARMN,Aris Mining Corp,CA04040Y1097,,8071594.0,122446081.0,0.53,USD,Materials,Colombia,Stock,equity,web_csv
2026-06-26,GDX-ASX,AMMN IJ,Amman Mineral Internasional Pt,ID1000191109,,640354800.0,120268623.0,0.52,IDR,Materials,Indonesia,Stock,equity,web_csv
2026-06-26,GDX-ASX,TXG CN,Torex Gold Resources Inc,CA8910546032,,2905653.0,116537159.0,0.5,CAD,Materials,Canada,Stock,equity,web_csv
2026-06-26,GDX-ASX,GMD AU,Genesis Minerals Ltd,AU000000GMD9,,30746177.0,114849172.0,0.5,AUD,Materials,Australia,Stock,equity,web_csv
2026-06-26,GDX-ASX,CMM AU,Capricorn Metals Ltd,AU000000CMM9,,13255130.0,114696375.0,0.5,AUD,Materials,Australia,Stock,equity,web_csv
2026-06-26,GDX-ASX,AYA CN,Aya Gold & Silver Inc,CA05466C1095,,5408412.0,107143653.0,0.46,CAD,Materials,Canada,Stock,equity,web_csv
2026-06-26,GDX-ASX,RRL AU,Regis Resources Ltd,AU000000RRL8,,23491051.0,107117471.0,0.46,AUD,Materials,Australia,Stock,equity,web_csv
2026-06-26,GDX-ASX,SKE,Skeena Resources Ltd,CA83056P7157,,3979521.0,107049115.0,0.46,USD,Materials,Canada,Stock,equity,web_csv
2026-06-26,GDX-ASX,CGAU,Centerra Gold Inc,CA1520061021,,6514263.0,105465918.0,0.46,USD,Materials,Canada,Stock,equity,web_csv
2026-06-26,GDX-ASX,VAU AU,Vault Minerals Ltd,AU0000427775,,33394824.0,105183452.0,0.45,AUD,Materials,Australia,Stock,equity,web_csv
2026-06-26,GDX-ASX,AUGO,Aura Minerals Inc,VGG069731120,,1615410.0,103515473.0,0.45,USD,Materials,United States,Stock,equity,web_csv
2026-06-26,GDX-ASX,WDO CN,Wesdome Gold Mines Ltd/Canada,CA95083R1001,,5613172.0,97482884.0,0.42,CAD,Materials,Canada,Stock,equity,web_csv
2026-06-26,GDX-ASX,FSM,Fortuna Silver Mines Inc,CA3499421020,,11138242.0,94786439.0,0.41,USD,Materials,Canada,Stock,equity,web_csv
2026-06-26,GDX-ASX,SVM,Silvercorp Metals Inc,CA82835P1036,,8528226.0,92701817.0,0.4,USD,Materials,Canada,Stock,equity,web_csv
2026-06-26,GDX-ASX,ORLA,Orla Mining Ltd,CA68634K1066,,9458364.0,91178629.0,0.39,USD,Materials,Mexico,Stock,equity,web_csv
2026-06-26,GDX-ASX,SA,Seabridge Gold Inc,CA8119271028,,3483636.0,91097081.0,0.39,USD,Materials,Canada,Stock,equity,web_csv
2026-06-26,GDX-ASX,EXK,Endeavour Silver Corp,CA29258Y1034,,10704346.0,89167202.0,0.39,USD,Materials,Canada,Stock,equity,web_csv
2026-06-26,GDX-ASX,WGX AU,Westgold Resources Ltd,AU000000WGX6,,26231537.0,87629013.0,0.38,AUD,Materials,Australia,Stock,equity,web_csv
2026-06-26,GDX-ASX,BRMS IJ,Bumi Resources Minerals Tbk Pt,ID1000117609,,3040820700.0,85004149.0,0.37,IDR,Materials,Indonesia,Stock,equity,web_csv
2026-06-26,GDX-ASX,HOC LN,Hochschild Mining Plc,GB00B1FW5029,,12292908.0,78721235.0,0.34,GBP,Materials,Peru,Stock,equity,web_csv
2026-06-26,GDX-ASX,LUNR CN,Lunr Royalties Corp,CA5504281067,,959757.0,12889585.0,0.06,CAD,,Canada,Stock,equity,web_csv
2026-06-26,GDX-ASX,VLGDF,Valor Gold Corp,CA9199211066,,0.0,0.0,0.0,USD,,Canada,Stock,equity,web_csv
2026-06-26,GDX-ASX,-USD CASH-,,CASH,,24480253.0,24480253.0,0.11,USD,,United States,Cash Bal,cash,web_csv
2026-06-26,GDX-ASX,-CAD CASH-,,CASH,,10715525.0,7546410.0,0.03,CAD,,Canada,Cash Bal,cash,web_csv
2026-06-26,GDX-ASX,-MXN CASH-,,CASH,,-5362.0,-307.0,0.0,MXN,,Mexico,Cash Bal,cash,web_csv
2026-06-26,GDX-ASX,-IDR CASH-,,CASH,,1.0,0.0,0.0,IDR,,Indonesia,Cash Bal,cash,web_csv
2026-06-26,GDX-ASX,-HKD CASH-,,CASH,,0.0,0.0,0.0,HKD,,China,Cash Bal,cash,web_csv
2026-06-26,GDX-ASX,-EUR CASH-,,CASH,,0.0,0.0,0.0,EUR,,Europe,Cash Bal,cash,web_csv
2026-06-26,GDX-ASX,-AUD CASH-,,CASH,,940.0,649.0,0.0,AUD,,Australia,Cash Bal,cash,web_csv
2026-06-26,GDX-ASX,,Other/Cash,CASH,,0.0,-15957363.0,-0.07,USD,,,Cash,cash,web_csv
2026-06-29,GDX-ASX,AEM,Agnico Eagle Mines Ltd,CA0084741085,,15646207.0,2405760788.0,10.52,USD,Materials,Canada,Stock,equity,web_csv
2026-06-29,GDX-ASX,NEM,Newmont Corp,US6516391066,,25366345.0,2397373266.0,10.49,USD,Materials,United States,Stock,equity,web_csv
2026-06-29,GDX-ASX,B,Barrick Mining Corp,CA06849F1080,,49236353.0,1818298516.0,7.95,USD,Materials,Canada,Stock,equity,web_csv
2026-06-29,GDX-ASX,WPM,Wheaton Precious Metals Corp,CA9628791027,,11352572.0,1259340812.0,5.51,USD,Materials,Brazil,Stock,equity,web_csv
2026-06-29,GDX-ASX,AU,Anglogold Ashanti Plc,GB00BRXH2664,,14182353.0,1159974652.0,5.07,USD,Materials,United States,Stock,equity,web_csv
2026-06-29,GDX-ASX,FNV,Franco-Nevada Corp,CA3518581051,,5339632.0,1106692128.0,4.84,USD,Materials,Canada,Stock,equity,web_csv
2026-06-29,GDX-ASX,KGC,Kinross Gold Corp,CA4969024047,,42331036.0,1006632036.0,4.4,USD,Materials,Canada,Stock,equity,web_csv
2026-06-29,GDX-ASX,GFI,Gold Fields Ltd,US38059T1060,,27552700.0,918055964.0,4.02,USD,Materials,South Africa,Stock,equity,web_csv
2026-06-29,GDX-ASX,PAAS,Pan American Silver Corp,CA6979001089,,15107409.0,674847960.0,2.95,USD,Materials,Canada,Stock,equity,web_csv
2026-06-29,GDX-ASX,NST AU,Northern Star Resources Ltd,AU000000NST8,,45244609.0,617748116.0,2.7,AUD,Materials,Australia,Stock,equity,web_csv
2026-06-29,GDX-ASX,CDE,Coeur Mining Inc,US1921085049,,33164513.0,541576497.0,2.37,USD,Materials,United States,Stock,equity,web_csv
2026-06-29,GDX-ASX,RGLD,Royal Gold Inc,US7802871084,,2219517.0,448608776.0,1.96,USD,Materials,United States,Stock,equity,web_csv
2026-06-29,GDX-ASX,AGI,Alamos Gold Inc,CA0115321089,,14173574.0,435695665.0,1.91,USD,Materials,Canada,Stock,equity,web_csv
2026-06-29,GDX-ASX,EVN AU,Evolution Mining Ltd,AU000000EVN4,,45414563.0,385577493.0,1.69,AUD,Materials,Australia,Stock,equity,web_csv
2026-06-29,GDX-ASX,PE&OLES* MF,Industrias Penoles Sab De Cv,MXP554091415,,7881423.0,350838549.0,1.53,MXN,Materials,Mexico,Stock,equity,web_csv
2026-06-29,GDX-ASX,AG,First Majestic Silver Corp,CA32076V1031,,19129547.0,321567685.0,1.41,USD,Materials,Canada,Stock,equity,web_csv
2026-06-29,GDX-ASX,EDV LN,Endeavour Mining Plc,GB00BL6K5J42,,6442841.0,318893584.0,1.4,GBP,Materials,United Kingdom,Stock,equity,web_csv
2026-06-29,GDX-ASX,IAG,Iamgold Corp,CA4509131088,,19743993.0,314719248.0,1.38,USD,Materials,Burkina Faso,Stock,equity,web_csv
2026-06-29,GDX-ASX,HL,Hecla Mining Co,US4227041062,,20360241.0,313547711.0,1.37,USD,Materials,United States,Stock,equity,web_csv
2026-06-29,GDX-ASX,EGO,Eldorado Gold Corp,CA2849025093,,9573689.0,297933202.0,1.3,USD,Materials,Turkey,Stock,equity,web_csv
2026-06-29,GDX-ASX,EQX,Equinox Gold Corp,CA29446Y5020,,29621045.0,288212768.0,1.26,USD,Materials,Canada,Stock,equity,web_csv
2026-06-29,GDX-ASX,FRES LN,Fresnillo Plc,GB00B2QPKJ12,,7772058.0,287778290.0,1.26,GBP,Materials,Mexico,Stock,equity,web_csv
2026-06-29,GDX-ASX,HMY,Harmony Gold Mining Co Ltd,US4132163001,,16117847.0,244668917.0,1.07,USD,Materials,South Africa,Stock,equity,web_csv
2026-06-29,GDX-ASX,LUG CN,Lundin Gold Inc,CA5503711080,,4285028.0,231522079.0,1.01,CAD,Materials,Canada,Stock,equity,web_csv
2026-06-29,GDX-ASX,OGC,Oceanagold Corp,CA6752224007,,8589420.0,215508548.0,0.94,USD,Materials,Canada,Stock,equity,web_csv
2026-06-29,GDX-ASX,DPM CN,Dundee Precious Metals Inc,CA26139R1091,,6445937.0,207523745.0,0.91,CAD,Materials,Canada,Stock,equity,web_csv
2026-06-29,GDX-ASX,GMIN CN,G Mining Ventures Corp,CA36270K1021,,6819018.0,198421163.0,0.87,CAD,Materials,Canada,Stock,equity,web_csv
2026-06-29,GDX-ASX,SSRM,Ssr Mining Inc,CA7847301032,,6739120.0,191222530.0,0.84,USD,Materials,Canada,Stock,equity,web_csv
2026-06-29,GDX-ASX,2259 HK,Zijin Gold International Co Ltd,HK0001200002,,15755500.0,186761898.0,0.82,HKD,Materials,China,Stock,equity,web_csv
2026-06-29,GDX-ASX,BTG,B2gold Corp,CA11777Q2099,,48890634.0,185295503.0,0.81,USD,Materials,Canada,Stock,equity,web_csv
2026-06-29,GDX-ASX,BVN,Cia De Minas Buenaventura Saa,US2044481040,,6103818.0,174447118.0,0.76,USD,Materials,Peru,Stock,equity,web_csv
2026-06-29,GDX-ASX,DSV CN,Discovery Silver Corp,CA2546771072,,28384199.0,173574955.0,0.76,CAD,Materials,Canada,Stock,equity,web_csv
2026-06-29,GDX-ASX,OR,Or Royalties Inc,CA68390D1069,,5217905.0,166529438.0,0.73,USD,Materials,Canada,Stock,equity,web_csv
2026-06-29,GDX-ASX,GGP AU,Greatland Resources Ltd,AU0000397705,,18786311.0,152813085.0,0.67,AUD,Materials,Australia,Stock,equity,web_csv
2026-06-29,GDX-ASX,1818 HK,Zhaojin Mining Industry Co Ltd,CNE1000004R6,,69283500.0,151823161.0,0.66,HKD,Materials,China,Stock,equity,web_csv
2026-06-29,GDX-ASX,PRU AU,Perseus Mining Ltd,AU000000PRU3,,41818788.0,147685666.0,0.65,AUD,Materials,Australia,Stock,equity,web_csv
2026-06-29,GDX-ASX,MAU CN,Montage Gold Corp,CA61178L1013,,12029134.0,135439389.0,0.59,CAD,Materials,Côte D'Ivoire,Stock,equity,web_csv
2026-06-29,GDX-ASX,RMS AU,Ramelius Resources Ltd,AU000000RMS4,,63224900.0,132800205.0,0.58,AUD,Materials,Australia,Stock,equity,web_csv
2026-06-29,GDX-ASX,KNT CN,K92 Mining Inc,CA4991131083,,8065651.0,126571210.0,0.55,CAD,Materials,Canada,Stock,equity,web_csv
2026-06-29,GDX-ASX,ARTG CN,Artemis Gold Inc,CA04302L1004,,5799710.0,126070893.0,0.55,CAD,Materials,Canada,Stock,equity,web_csv
2026-06-29,GDX-ASX,ARMN,Aris Mining Corp,CA04040Y1097,,8097092.0,121213467.0,0.53,USD,Materials,Colombia,Stock,equity,web_csv
2026-06-29,GDX-ASX,AMMN IJ,Amman Mineral Internasional Pt,ID1000191109,,642378300.0,118873944.0,0.52,IDR,Materials,Indonesia,Stock,equity,web_csv
2026-06-29,GDX-ASX,TXG CN,Torex Gold Resources Inc,CA8910546032,,2914830.0,116178862.0,0.51,CAD,Materials,Canada,Stock,equity,web_csv
2026-06-29,GDX-ASX,GMD AU,Genesis Minerals Ltd,AU000000GMD9,,30843324.0,115863196.0,0.51,AUD,Materials,Australia,Stock,equity,web_csv
2026-06-29,GDX-ASX,CMM AU,Capricorn Metals Ltd,AU000000CMM9,,13297006.0,113135323.0,0.49,AUD,Materials,Australia,Stock,equity,web_csv
2026-06-29,GDX-ASX,SKE,Skeena Resources Ltd,CA83056P7157,,3992137.0,106949350.0,0.47,USD,Materials,Canada,Stock,equity,web_csv
2026-06-29,GDX-ASX,CGAU,Centerra Gold Inc,CA1520061021,,6534840.0,105537666.0,0.46,USD,Materials,Canada,Stock,equity,web_csv
2026-06-29,GDX-ASX,RRL AU,Regis Resources Ltd,AU000000RRL8,,23565512.0,104479408.0,0.46,AUD,Materials,Australia,Stock,equity,web_csv
2026-06-29,GDX-ASX,AUGO,Aura Minerals Inc,VGG069731120,,1620540.0,103147371.0,0.45,USD,Materials,United States,Stock,equity,web_csv
2026-06-29,GDX-ASX,VAU AU,Vault Minerals Ltd,AU0000427775,,33500673.0,102998003.0,0.45,AUD,Materials,Australia,Stock,equity,web_csv
2026-06-29,GDX-ASX,AYA CN,Aya Gold & Silver Inc,CA05466C1095,,5425550.0,101634806.0,0.44,CAD,Materials,Canada,Stock,equity,web_csv
2026-06-29,GDX-ASX,WDO CN,Wesdome Gold Mines Ltd/Canada,CA95083R1001,,5630899.0,96090427.0,0.42,CAD,Materials,Canada,Stock,equity,web_csv
2026-06-29,GDX-ASX,FSM,Fortuna Silver Mines Inc,CA3499421020,,11173449.0,93521768.0,0.41,USD,Materials,Canada,Stock,equity,web_csv
2026-06-29,GDX-ASX,SVM,Silvercorp Metals Inc,CA82835P1036,,8555263.0,93423472.0,0.41,USD,Materials,Canada,Stock,equity,web_csv
2026-06-29,GDX-ASX,ORLA,Orla Mining Ltd,CA68634K1066,,9488251.0,92320682.0,0.4,USD,Materials,Mexico,Stock,equity,web_csv
2026-06-29,GDX-ASX,SA,Seabridge Gold Inc,CA8119271028,,3494656.0,88624476.0,0.39,USD,Materials,Canada,Stock,equity,web_csv
2026-06-29,GDX-ASX,EXK,Endeavour Silver Corp,CA29258Y1034,,10738166.0,88375106.0,0.39,USD,Materials,Canada,Stock,equity,web_csv
2026-06-29,GDX-ASX,WGX AU,Westgold Resources Ltd,AU000000WGX6,,26314396.0,87380768.0,0.38,AUD,Materials,Australia,Stock,equity,web_csv
2026-06-29,GDX-ASX,BRMS IJ,Bumi Resources Minerals Tbk Pt,ID1000117609,,3050425300.0,85476627.0,0.37,IDR,Materials,Indonesia,Stock,equity,web_csv
2026-06-29,GDX-ASX,HOC LN,Hochschild Mining Plc,GB00B1FW5029,,12331877.0,78172005.0,0.34,GBP,Materials,Peru,Stock,equity,web_csv
2026-06-29,GDX-ASX,LUNR CN,Lunr Royalties Corp,CA5504281067,,959757.0,13122746.0,0.06,CAD,,Canada,Stock,equity,web_csv
2026-06-29,GDX-ASX,VLGDF,Valor Gold Corp,CA9199211066,,0.0,0.0,0.0,USD,,Canada,Stock,equity,web_csv
2026-06-29,GDX-ASX,-USD CASH-,,CASH,,24607162.0,24607162.0,0.11,USD,,United States,Cash Bal,cash,web_csv
2026-06-29,GDX-ASX,-HKD CASH-,,CASH,,7678683.0,979049.0,0.0,HKD,,China,Cash Bal,cash,web_csv
2026-06-29,GDX-ASX,-MXN CASH-,,CASH,,-5362.0,-306.0,0.0,MXN,,Mexico,Cash Bal,cash,web_csv
2026-06-29,GDX-ASX,-IDR CASH-,,CASH,,1.0,0.0,0.0,IDR,,Indonesia,Cash Bal,cash,web_csv
2026-06-29,GDX-ASX,-EUR CASH-,,CASH,,0.0,0.0,0.0,EUR,,Europe,Cash Bal,cash,web_csv
2026-06-29,GDX-ASX,-AUD CASH-,,CASH,,940.0,647.0,0.0,AUD,,Australia,Cash Bal,cash,web_csv
2026-06-29,GDX-ASX,-CAD CASH-,,CASH,,-2889508.0,-2033361.0,-0.01,CAD,,Canada,Cash Bal,cash,web_csv
2026-06-29,GDX-ASX,,Other/Cash,CASH,,0.0,-9983752.0,-0.04,USD,,,Cash,cash,web_csv
2026-06-30,GDX-ASX,AEM,Agnico Eagle Mines Ltd,CA0084741085,,15653989.0,2428403314.0,10.67,USD,Materials,Canada,Stock,equity,web_csv
2026-06-30,GDX-ASX,NEM,Newmont Corp,US6516391066,,25378960.0,2370394864.0,10.41,USD,Materials,United States,Stock,equity,web_csv
2026-06-30,GDX-ASX,B,Barrick Mining Corp,CA06849F1080,,49260842.0,1809350727.0,7.95,USD,Materials,Canada,Stock,equity,web_csv
2026-06-30,GDX-ASX,WPM,Wheaton Precious Metals Corp,CA9628791027,,11358221.0,1275755383.0,5.6,USD,Materials,Brazil,Stock,equity,web_csv
2026-06-30,GDX-ASX,AU,Anglogold Ashanti Plc,GB00BRXH2664,,14189409.0,1147781294.0,5.04,USD,Materials,United States,Stock,equity,web_csv
2026-06-30,GDX-ASX,FNV,Franco-Nevada Corp,CA3518581051,,5342287.0,1113546302.0,4.89,USD,Materials,Canada,Stock,equity,web_csv
2026-06-30,GDX-ASX,KGC,Kinross Gold Corp,CA4969024047,,42352093.0,1000356437.0,4.39,USD,Materials,Canada,Stock,equity,web_csv
2026-06-30,GDX-ASX,GFI,Gold Fields Ltd,US38059T1060,,27566407.0,925955611.0,4.07,USD,Materials,South Africa,Stock,equity,web_csv
2026-06-30,GDX-ASX,PAAS,Pan American Silver Corp,CA6979001089,,15114921.0,676997312.0,2.97,USD,Materials,Canada,Stock,equity,web_csv
2026-06-30,GDX-ASX,NST AU,Northern Star Resources Ltd,AU000000NST8,,45267106.0,599711269.0,2.63,AUD,Materials,Australia,Stock,equity,web_csv
2026-06-30,GDX-ASX,CDE,Coeur Mining Inc,US1921085049,,33181007.0,541514034.0,2.38,USD,Materials,United States,Stock,equity,web_csv
2026-06-30,GDX-ASX,RGLD,Royal Gold Inc,US7802871084,,2220621.0,443258158.0,1.95,USD,Materials,United States,Stock,equity,web_csv
2026-06-30,GDX-ASX,AGI,Alamos Gold Inc,CA0115321089,,14180621.0,430240041.0,1.89,USD,Materials,Canada,Stock,equity,web_csv
2026-06-30,GDX-ASX,EVN AU,Evolution Mining Ltd,AU000000EVN4,,45437144.0,375952484.0,1.65,AUD,Materials,Australia,Stock,equity,web_csv
2026-06-30,GDX-ASX,PE&OLES* MF,Industrias Penoles Sab De Cv,MXP554091415,,7885338.0,344894835.0,1.52,MXN,Materials,Mexico,Stock,equity,web_csv
2026-06-30,GDX-ASX,AG,First Majestic Silver Corp,CA32076V1031,,19139060.0,324598458.0,1.43,USD,Materials,Canada,Stock,equity,web_csv
2026-06-30,GDX-ASX,EDV LN,Endeavour Mining Plc,GB00BL6K5J42,,6446045.0,315924102.0,1.39,GBP,Materials,United Kingdom,Stock,equity,web_csv
2026-06-30,GDX-ASX,HL,Hecla Mining Co,US4227041062,,20370372.0,314314840.0,1.38,USD,Materials,United States,Stock,equity,web_csv
2026-06-30,GDX-ASX,IAG,Iamgold Corp,CA4509131088,,19753815.0,312900430.0,1.37,USD,Materials,Burkina Faso,Stock,equity,web_csv
2026-06-30,GDX-ASX,EGO,Eldorado Gold Corp,CA2849025093,,9578453.0,297794104.0,1.31,USD,Materials,Turkey,Stock,equity,web_csv
2026-06-30,GDX-ASX,EQX,Equinox Gold Corp,CA29446Y5020,,29635778.0,288059762.0,1.27,USD,Materials,Canada,Stock,equity,web_csv
2026-06-30,GDX-ASX,FRES LN,Fresnillo Plc,GB00B2QPKJ12,,7775922.0,283348377.0,1.24,GBP,Materials,Mexico,Stock,equity,web_csv
2026-06-30,GDX-ASX,HMY,Harmony Gold Mining Co Ltd,US4132163001,,16125863.0,245274376.0,1.08,USD,Materials,South Africa,Stock,equity,web_csv
2026-06-30,GDX-ASX,LUG CN,Lundin Gold Inc,CA5503711080,,4287158.0,231196799.0,1.02,CAD,Materials,Canada,Stock,equity,web_csv
2026-06-30,GDX-ASX,OGC,Oceanagold Corp,CA6752224007,,8593692.0,215529795.0,0.95,USD,Materials,Canada,Stock,equity,web_csv
2026-06-30,GDX-ASX,DPM CN,Dundee Precious Metals Inc,CA26139R1091,,6449141.0,209372641.0,0.92,CAD,Materials,Canada,Stock,equity,web_csv
2026-06-30,GDX-ASX,GMIN CN,G Mining Ventures Corp,CA36270K1021,,6822408.0,199707210.0,0.88,CAD,Materials,Canada,Stock,equity,web_csv
2026-06-30,GDX-ASX,SSRM,Ssr Mining Inc,CA7847301032,,6742471.0,190677080.0,0.84,USD,Materials,Canada,Stock,equity,web_csv
2026-06-30,GDX-ASX,BTG,B2gold Corp,CA11777Q2099,,48914952.0,182941920.0,0.8,USD,Materials,Canada,Stock,equity,web_csv
2026-06-30,GDX-ASX,2259 HK,Zijin Gold International Co Ltd,HK0001200002,,15763300.0,180159985.0,0.79,HKD,Materials,China,Stock,equity,web_csv
2026-06-30,GDX-ASX,BVN,Cia De Minas Buenaventura Saa,US2044481040,,6106851.0,178869666.0,0.79,USD,Materials,Peru,Stock,equity,web_csv
2026-06-30,GDX-ASX,DSV CN,Discovery Silver Corp,CA2546771072,,28398317.0,169739368.0,0.75,CAD,Materials,Canada,Stock,equity,web_csv
2026-06-30,GDX-ASX,OR,Or Royalties Inc,CA68390D1069,,5220500.0,165124415.0,0.73,USD,Materials,Canada,Stock,equity,web_csv
2026-06-30,GDX-ASX,GGP AU,Greatland Resources Ltd,AU0000397705,,18795653.0,150733241.0,0.66,AUD,Materials,Australia,Stock,equity,web_csv
2026-06-30,GDX-ASX,1818 HK,Zhaojin Mining Industry Co Ltd,CNE1000004R6,,69318000.0,146611682.0,0.64,HKD,Materials,China,Stock,equity,web_csv
2026-06-30,GDX-ASX,PRU AU,Perseus Mining Ltd,AU000000PRU3,,41839587.0,141460680.0,0.62,AUD,Materials,Australia,Stock,equity,web_csv
2026-06-30,GDX-ASX,MAU CN,Montage Gold Corp,CA61178L1013,,12035134.0,136829400.0,0.6,CAD,Materials,Côte D'Ivoire,Stock,equity,web_csv
2026-06-30,GDX-ASX,RMS AU,Ramelius Resources Ltd,AU000000RMS4,,63256328.0,130265172.0,0.57,AUD,Materials,Australia,Stock,equity,web_csv
2026-06-30,GDX-ASX,ARTG CN,Artemis Gold Inc,CA04302L1004,,5802593.0,127646821.0,0.56,CAD,Materials,Canada,Stock,equity,web_csv
2026-06-30,GDX-ASX,KNT CN,K92 Mining Inc,CA4991131083,,8069662.0,126611930.0,0.56,CAD,Materials,Canada,Stock,equity,web_csv
2026-06-30,GDX-ASX,ARMN,Aris Mining Corp,CA04040Y1097,,8101118.0,120787669.0,0.53,USD,Materials,Colombia,Stock,equity,web_csv
2026-06-30,GDX-ASX,CMM AU,Capricorn Metals Ltd,AU000000CMM9,,13303618.0,117763349.0,0.52,AUD,Materials,Australia,Stock,equity,web_csv
2026-06-30,GDX-ASX,TXG CN,Torex Gold Resources Inc,CA8910546032,,2916279.0,116034502.0,0.51,CAD,Materials,Canada,Stock,equity,web_csv
2026-06-30,GDX-ASX,GMD AU,Genesis Minerals Ltd,AU000000GMD9,,30858660.0,113448351.0,0.5,AUD,Materials,Australia,Stock,equity,web_csv
2026-06-30,GDX-ASX,AMMN IJ,Amman Mineral Internasional Pt,ID1000191109,,642697800.0,112735107.0,0.5,IDR,Materials,Indonesia,Stock,equity,web_csv
2026-06-30,GDX-ASX,SKE,Skeena Resources Ltd,CA83056P7157,,3994129.0,106483479.0,0.47,USD,Materials,Canada,Stock,equity,web_csv
2026-06-30,GDX-ASX,CGAU,Centerra Gold Inc,CA1520061021,,6538089.0,103694092.0,0.46,USD,Materials,Canada,Stock,equity,web_csv
2026-06-30,GDX-ASX,AYA CN,Aya Gold & Silver Inc,CA05466C1095,,5428256.0,102768603.0,0.45,CAD,Materials,Canada,Stock,equity,web_csv
2026-06-30,GDX-ASX,AUGO,Aura Minerals Inc,VGG069731120,,1621350.0,102063983.0,0.45,USD,Materials,United States,Stock,equity,web_csv
2026-06-30,GDX-ASX,RRL AU,Regis Resources Ltd,AU000000RRL8,,23577266.0,99986648.0,0.44,AUD,Materials,Australia,Stock,equity,web_csv
2026-06-30,GDX-ASX,VAU AU,Vault Minerals Ltd,AU0000427775,,33517383.0,98319186.0,0.43,AUD,Materials,Australia,Stock,equity,web_csv
2026-06-30,GDX-ASX,WDO CN,Wesdome Gold Mines Ltd/Canada,CA95083R1001,,5633698.0,96691134.0,0.42,CAD,Materials,Canada,Stock,equity,web_csv
2026-06-30,GDX-ASX,FSM,Fortuna Silver Mines Inc,CA3499421020,,11179008.0,94462618.0,0.42,USD,Materials,Canada,Stock,equity,web_csv
2026-06-30,GDX-ASX,ORLA,Orla Mining Ltd,CA68634K1066,,9492970.0,92936176.0,0.41,USD,Materials,Mexico,Stock,equity,web_csv
2026-06-30,GDX-ASX,SA,Seabridge Gold Inc,CA8119271028,,3496393.0,89997156.0,0.4,USD,Materials,Canada,Stock,equity,web_csv
2026-06-30,GDX-ASX,EXK,Endeavour Silver Corp,CA29258Y1034,,10743506.0,88956230.0,0.39,USD,Materials,Canada,Stock,equity,web_csv
2026-06-30,GDX-ASX,WGX AU,Westgold Resources Ltd,AU000000WGX6,,26327479.0,87399009.0,0.38,AUD,Materials,Australia,Stock,equity,web_csv
2026-06-30,GDX-ASX,SVM,Silvercorp Metals Inc,CA82835P1036,,8559532.0,86451273.0,0.38,USD,Materials,Canada,Stock,equity,web_csv
2026-06-30,GDX-ASX,BRMS IJ,Bumi Resources Minerals Tbk Pt,ID1000117609,,3051942100.0,81783253.0,0.36,IDR,Materials,Indonesia,Stock,equity,web_csv
2026-06-30,GDX-ASX,HOC LN,Hochschild Mining Plc,GB00B1FW5029,,12338030.0,75837492.0,0.33,GBP,Materials,Peru,Stock,equity,web_csv
2026-06-30,GDX-ASX,LUNR CN,Lunr Royalties Corp,CA5504281067,,959757.0,12785485.0,0.06,CAD,,Canada,Stock,equity,web_csv
2026-06-30,GDX-ASX,VLGDF,Valor Gold Corp,CA9199211066,,0.0,0.0,0.0,USD,,Canada,Stock,equity,web_csv
2026-06-30,GDX-ASX,-USD CASH-,,CASH,,13299287.0,13299287.0,0.06,USD,,United States,Cash Bal,cash,web_csv
2026-06-30,GDX-ASX,-HKD CASH-,,CASH,,7678683.0,979168.0,0.0,HKD,,China,Cash Bal,cash,web_csv
2026-06-30,GDX-ASX,-MXN CASH-,,CASH,,-5362.0,-307.0,0.0,MXN,,Mexico,Cash Bal,cash,web_csv
2026-06-30,GDX-ASX,-IDR CASH-,,CASH,,1.0,0.0,0.0,IDR,,Indonesia,Cash Bal,cash,web_csv
2026-06-30,GDX-ASX,-GBP CASH-,,CASH,,31.0,41.0,0.0,GBP,,United Kingdom,Cash Bal,cash,web_csv
2026-06-30,GDX-ASX,-EUR CASH-,,CASH,,0.0,0.0,0.0,EUR,,Europe,Cash Bal,cash,web_csv
2026-06-30,GDX-ASX,-AUD CASH-,,CASH,,1078.0,747.0,0.0,AUD,,Australia,Cash Bal,cash,web_csv
2026-06-30,GDX-ASX,-CAD CASH-,,CASH,,-2890439.0,-2037314.0,-0.01,CAD,,Canada,Cash Bal,cash,web_csv
2026-06-30,GDX-ASX,,Other/Cash,CASH,,0.0,1000588.0,0.0,USD,,,Cash,cash,web_csv
2026-07-01,GDX-ASX,AEM,Agnico Eagle Mines Ltd,CA0084741085,,15700681.0,2431250453.0,10.69,USD,Materials,Canada,Stock,equity,web_csv
2026-07-01,GDX-ASX,NEM,Newmont Corp,US6516391066,,25454650.0,2374918845.0,10.44,USD,Materials,United States,Stock,equity,web_csv
2026-07-01,GDX-ASX,B,Barrick Mining Corp,CA06849F1080,,49407776.0,1800913435.0,7.92,USD,Materials,Canada,Stock,equity,web_csv
2026-07-01,GDX-ASX,WPM,Wheaton Precious Metals Corp,CA9628791027,,11392115.0,1269537296.0,5.58,USD,Materials,Brazil,Stock,equity,web_csv
2026-07-01,GDX-ASX,AU,Anglogold Ashanti Plc,GB00BRXH2664,,14231745.0,1151205853.0,5.06,USD,Materials,United States,Stock,equity,web_csv
2026-07-01,GDX-ASX,FNV,Franco-Nevada Corp,CA3518581051,,5358217.0,1117134662.0,4.91,USD,Materials,Canada,Stock,equity,web_csv
2026-07-01,GDX-ASX,KGC,Kinross Gold Corp,CA4969024047,,42478435.0,996968869.0,4.38,USD,Materials,Canada,Stock,equity,web_csv
2026-07-01,GDX-ASX,GFI,Gold Fields Ltd,US38059T1060,,27648649.0,932588931.0,4.1,USD,Materials,South Africa,Stock,equity,web_csv
2026-07-01,GDX-ASX,PAAS,Pan American Silver Corp,CA6979001089,,15159993.0,672042490.0,2.95,USD,Materials,Canada,Stock,equity,web_csv
2026-07-01,GDX-ASX,NST AU,Northern Star Resources Ltd,AU000000NST8,,45402088.0,603311594.0,2.65,AUD,Materials,Australia,Stock,equity,web_csv
2026-07-01,GDX-ASX,CDE,Coeur Mining Inc,US1921085049,,33279971.0,550450720.0,2.42,USD,Materials,United States,Stock,equity,web_csv
2026-07-01,GDX-ASX,RGLD,Royal Gold Inc,US7802871084,,2227245.0,441696092.0,1.94,USD,Materials,United States,Stock,equity,web_csv
2026-07-01,GDX-ASX,AGI,Alamos Gold Inc,CA0115321089,,14222903.0,431096190.0,1.9,USD,Materials,Canada,Stock,equity,web_csv
2026-07-01,GDX-ASX,EVN AU,Evolution Mining Ltd,AU000000EVN4,,45572630.0,359407109.0,1.58,AUD,Materials,Australia,Stock,equity,web_csv
2026-07-01,GDX-ASX,PE&OLES* MF,Industrias Penoles Sab De Cv,MXP554091415,,7908828.0,347777283.0,1.53,MXN,Materials,Mexico,Stock,equity,web_csv
2026-07-01,GDX-ASX,EDV LN,Endeavour Mining Plc,GB00BL6K5J42,,6465269.0,327116752.0,1.44,GBP,Materials,United Kingdom,Stock,equity,web_csv
2026-07-01,GDX-ASX,AG,First Majestic Silver Corp,CA32076V1031,,19196138.0,327102192.0,1.44,USD,Materials,Canada,Stock,equity,web_csv
2026-07-01,GDX-ASX,HL,Hecla Mining Co,US4227041062,,20431158.0,318521753.0,1.4,USD,Materials,United States,Stock,equity,web_csv
2026-07-01,GDX-ASX,IAG,Iamgold Corp,CA4509131088,,19812747.0,312447020.0,1.37,USD,Materials,Burkina Faso,Stock,equity,web_csv
2026-07-01,GDX-ASX,EGO,Eldorado Gold Corp,CA2849025093,,9607037.0,304158791.0,1.34,USD,Materials,Turkey,Stock,equity,web_csv
2026-07-01,GDX-ASX,EQX,Equinox Gold Corp,CA29446Y5020,,29724176.0,289810716.0,1.27,USD,Materials,Canada,Stock,equity,web_csv
2026-07-01,GDX-ASX,FRES LN,Fresnillo Plc,GB00B2QPKJ12,,7799106.0,285503498.0,1.26,GBP,Materials,Mexico,Stock,equity,web_csv
2026-07-01,GDX-ASX,HMY,Harmony Gold Mining Co Ltd,US4132163001,,16173959.0,245520698.0,1.08,USD,Materials,South Africa,Stock,equity,web_csv
2026-07-01,GDX-ASX,LUG CN,Lundin Gold Inc,CA5503711080,,4299938.0,227673398.0,1.0,CAD,Materials,Canada,Stock,equity,web_csv
2026-07-01,GDX-ASX,OGC,Oceanagold Corp,CA6752224007,,8619324.0,215655486.0,0.95,USD,Materials,Canada,Stock,equity,web_csv
2026-07-01,GDX-ASX,DPM CN,Dundee Precious Metals Inc,CA26139R1091,,6468365.0,206509197.0,0.91,CAD,Materials,Canada,Stock,equity,web_csv
2026-07-01,GDX-ASX,GMIN CN,G Mining Ventures Corp,CA36270K1021,,6842748.0,195251228.0,0.86,CAD,Materials,Canada,Stock,equity,web_csv
2026-07-01,GDX-ASX,SSRM,Ssr Mining Inc,CA7847301032,,6762577.0,194965095.0,0.86,USD,Materials,Canada,Stock,equity,web_csv
2026-07-01,GDX-ASX,BTG,B2gold Corp,CA11777Q2099,,49060860.0,187412485.0,0.82,USD,Materials,Canada,Stock,equity,web_csv
2026-07-01,GDX-ASX,BVN,Cia De Minas Buenaventura Saa,US2044481040,,6125049.0,178851431.0,0.79,USD,Materials,Peru,Stock,equity,web_csv
2026-07-01,GDX-ASX,2259 HK,Zijin Gold International Co Ltd,HK0001200002,,15794500.0,177038404.0,0.78,HKD,Materials,China,Stock,equity,web_csv
2026-07-01,GDX-ASX,DSV CN,Discovery Silver Corp,CA2546771072,,28483025.0,167171747.0,0.74,CAD,Materials,Canada,Stock,equity,web_csv
2026-07-01,GDX-ASX,OR,Or Royalties Inc,CA68390D1069,,5236070.0,164412598.0,0.72,USD,Materials,Canada,Stock,equity,web_csv
2026-07-01,GDX-ASX,GGP AU,Greatland Resources Ltd,AU0000397705,,18851705.0,146083738.0,0.64,AUD,Materials,Australia,Stock,equity,web_csv
2026-07-01,GDX-ASX,1818 HK,Zhaojin Mining Industry Co Ltd,CNE1000004R6,,69456000.0,144014788.0,0.63,HKD,Materials,China,Stock,equity,web_csv
2026-07-01,GDX-ASX,PRU AU,Perseus Mining Ltd,AU000000PRU3,,41964381.0,137435820.0,0.6,AUD,Materials,Australia,Stock,equity,web_csv
2026-07-01,GDX-ASX,MAU CN,Montage Gold Corp,CA61178L1013,,12071134.0,135122857.0,0.59,CAD,Materials,Côte D'Ivoire,Stock,equity,web_csv
2026-07-01,GDX-ASX,KNT CN,K92 Mining Inc,CA4991131083,,8093728.0,127846409.0,0.56,CAD,Materials,Canada,Stock,equity,web_csv
2026-07-01,GDX-ASX,ARTG CN,Artemis Gold Inc,CA04302L1004,,5819891.0,126721878.0,0.56,CAD,Materials,Canada,Stock,equity,web_csv
2026-07-01,GDX-ASX,RMS AU,Ramelius Resources Ltd,AU000000RMS4,,63444896.0,124947790.0,0.55,AUD,Materials,Australia,Stock,equity,web_csv
2026-07-01,GDX-ASX,ARMN,Aris Mining Corp,CA04040Y1097,,8125274.0,118791506.0,0.52,USD,Materials,Colombia,Stock,equity,web_csv
2026-07-01,GDX-ASX,CMM AU,Capricorn Metals Ltd,AU000000CMM9,,13343290.0,118240187.0,0.52,AUD,Materials,Australia,Stock,equity,web_csv
2026-07-01,GDX-ASX,AMMN IJ,Amman Mineral Internasional Pt,ID1000191109,,644614800.0,114343227.0,0.5,IDR,Materials,Indonesia,Stock,equity,web_csv
2026-07-01,GDX-ASX,TXG CN,Torex Gold Resources Inc,CA8910546032,,2924973.0,114320342.0,0.5,CAD,Materials,Canada,Stock,equity,web_csv
2026-07-01,GDX-ASX,GMD AU,Genesis Minerals Ltd,AU000000GMD9,,30950676.0,109731298.0,0.48,AUD,Materials,Australia,Stock,equity,web_csv
2026-07-01,GDX-ASX,SKE,Skeena Resources Ltd,CA83056P7157,,4006081.0,108364491.0,0.48,USD,Materials,Canada,Stock,equity,web_csv
2026-07-01,GDX-ASX,CGAU,Centerra Gold Inc,CA1520061021,,6557583.0,101904840.0,0.45,USD,Materials,Canada,Stock,equity,web_csv
2026-07-01,GDX-ASX,AYA CN,Aya Gold & Silver Inc,CA05466C1095,,5444492.0,100802875.0,0.44,CAD,Materials,Canada,Stock,equity,web_csv
2026-07-01,GDX-ASX,AUGO,Aura Minerals Inc,VGG069731120,,1626210.0,98385705.0,0.43,USD,Materials,United States,Stock,equity,web_csv
2026-07-01,GDX-ASX,WDO CN,Wesdome Gold Mines Ltd/Canada,CA95083R1001,,5650492.0,97633951.0,0.43,CAD,Materials,Canada,Stock,equity,web_csv
2026-07-01,GDX-ASX,RRL AU,Regis Resources Ltd,AU000000RRL8,,23647790.0,96396797.0,0.42,AUD,Materials,Australia,Stock,equity,web_csv
2026-07-01,GDX-ASX,VAU AU,Vault Minerals Ltd,AU0000427775,,33617643.0,94292568.0,0.41,AUD,Materials,Australia,Stock,equity,web_csv
2026-07-01,GDX-ASX,FSM,Fortuna Silver Mines Inc,CA3499421020,,11212362.0,93623223.0,0.41,USD,Materials,Canada,Stock,equity,web_csv
2026-07-01,GDX-ASX,ORLA,Orla Mining Ltd,CA68634K1066,,9521284.0,93213370.0,0.41,USD,Materials,Mexico,Stock,equity,web_csv
2026-07-01,GDX-ASX,SA,Seabridge Gold Inc,CA8119271028,,3506815.0,91562940.0,0.4,USD,Materials,Canada,Stock,equity,web_csv
2026-07-01,GDX-ASX,EXK,Endeavour Silver Corp,CA29258Y1034,,10775546.0,89868054.0,0.4,USD,Materials,Canada,Stock,equity,web_csv
2026-07-01,GDX-ASX,SVM,Silvercorp Metals Inc,CA82835P1036,,8585146.0,86366569.0,0.38,USD,Materials,Canada,Stock,equity,web_csv
2026-07-01,GDX-ASX,WGX AU,Westgold Resources Ltd,AU000000WGX6,,26405977.0,84353080.0,0.37,AUD,Materials,Australia,Stock,equity,web_csv
2026-07-01,GDX-ASX,BRMS IJ,Bumi Resources Minerals Tbk Pt,ID1000117609,,3061042900.0,80521479.0,0.35,IDR,Materials,Indonesia,Stock,equity,web_csv
2026-07-01,GDX-ASX,HOC LN,Hochschild Mining Plc,GB00B1FW5029,,12374948.0,78050378.0,0.34,GBP,Materials,Peru,Stock,equity,web_csv
2026-07-01,GDX-ASX,LUNR CN,Lunr Royalties Corp,CA5504281067,,959757.0,12567466.0,0.06,CAD,,Canada,Stock,equity,web_csv
2026-07-01,GDX-ASX,-USD CASH-,,CASH,,15368111.0,15368111.0,0.07,USD,,United States,Cash Bal,cash,web_csv
2026-07-01,GDX-ASX,-HKD CASH-,,CASH,,7678683.0,978956.0,0.0,HKD,,China,Cash Bal,cash,web_csv
2026-07-01,GDX-ASX,-MXN CASH-,,CASH,,-5362.0,-306.0,0.0,MXN,,Mexico,Cash Bal,cash,web_csv
2026-07-01,GDX-ASX,-IDR CASH-,,CASH,,1.0,0.0,0.0,IDR,,Indonesia,Cash Bal,cash,web_csv
2026-07-01,GDX-ASX,-GBP CASH-,,CASH,,31.0,41.0,0.0,GBP,,United Kingdom,Cash Bal,cash,web_csv
2026-07-01,GDX-ASX,-EUR CASH-,,CASH,,0.0,0.0,0.0,EUR,,Europe,Cash Bal,cash,web_csv
2026-07-01,GDX-ASX,-AUD CASH-,,CASH,,1078.0,744.0,0.0,AUD,,Australia,Cash Bal,cash,web_csv
2026-07-01,GDX-ASX,-CAD CASH-,,CASH,,-2890439.0,-2034733.0,-0.01,CAD,,Canada,Cash Bal,cash,web_csv
2026-07-01,GDX-ASX,,Other/Cash,CASH,,0.0,-2274.0,0.0,USD,,,Cash,cash,web_csv
2026-07-02,GDX-ASX,NEM,Newmont Corp,US6516391066,,25454650.0,2470119236.0,10.42,USD,Materials,United States,Stock,equity,web_csv
2026-07-02,GDX-ASX,AEM,Agnico Eagle Mines Ltd,CA0084741085,,15700681.0,2415706779.0,10.19,USD,Materials,Canada,Stock,equity,web_csv
2026-07-02,GDX-ASX,B,Barrick Mining Corp,CA06849F1080,,49407776.0,1887871121.0,7.97,USD,Materials,Canada,Stock,equity,web_csv
2026-07-02,GDX-ASX,WPM,Wheaton Precious Metals Corp,CA9628791027,,11392115.0,1318409469.0,5.56,USD,Materials,Brazil,Stock,equity,web_csv
2026-07-02,GDX-ASX,AU,Anglogold Ashanti Plc,GB00BRXH2664,,14231745.0,1204717214.0,5.08,USD,Materials,United States,Stock,equity,web_csv
2026-07-02,GDX-ASX,FNV,Franco-Nevada Corp,CA3518581051,,5358217.0,1165840855.0,4.92,USD,Materials,Canada,Stock,equity,web_csv
2026-07-02,GDX-ASX,KGC,Kinross Gold Corp,CA4969024047,,42478435.0,1049642129.0,4.43,USD,Materials,Canada,Stock,equity,web_csv
2026-07-02,GDX-ASX,GFI,Gold Fields Ltd,US38059T1060,,27648649.0,980421094.0,4.14,USD,Materials,South Africa,Stock,equity,web_csv
2026-07-02,GDX-ASX,PAAS,Pan American Silver Corp,CA6979001089,,15159993.0,701756076.0,2.96,USD,Materials,Canada,Stock,equity,web_csv
2026-07-02,GDX-ASX,NST AU,Northern Star Resources Ltd,AU000000NST8,,45402088.0,634725389.0,2.68,AUD,Materials,Australia,Stock,equity,web_csv
2026-07-02,GDX-ASX,CDE,Coeur Mining Inc,US1921085049,,33279971.0,575743498.0,2.43,USD,Materials,United States,Stock,equity,web_csv
2026-07-02,GDX-ASX,RGLD,Royal Gold Inc,US7802871084,,2227245.0,454647522.0,1.92,USD,Materials,United States,Stock,equity,web_csv
2026-07-02,GDX-ASX,AGI,Alamos Gold Inc,CA0115321089,,14222903.0,449159277.0,1.9,USD,Materials,Canada,Stock,equity,web_csv
2026-07-02,GDX-ASX,EVN AU,Evolution Mining Ltd,AU000000EVN4,,45572630.0,377020215.0,1.59,AUD,Materials,Australia,Stock,equity,web_csv
2026-07-02,GDX-ASX,PE&OLES* MF,Industrias Penoles Sab De Cv,MXP554091415,,7908828.0,349956356.0,1.48,MXN,Materials,Mexico,Stock,equity,web_csv
2026-07-02,GDX-ASX,EDV LN,Endeavour Mining Plc,GB00BL6K5J42,,6465269.0,344918345.0,1.46,GBP,Materials,United Kingdom,Stock,equity,web_csv
2026-07-02,GDX-ASX,AG,First Majestic Silver Corp,CA32076V1031,,19196138.0,342075179.0,1.44,USD,Materials,Canada,Stock,equity,web_csv
2026-07-02,GDX-ASX,HL,Hecla Mining Co,US4227041062,,20431158.0,333640810.0,1.41,USD,Materials,United States,Stock,equity,web_csv
2026-07-02,GDX-ASX,IAG,Iamgold Corp,CA4509131088,,19812747.0,328099090.0,1.38,USD,Materials,Burkina Faso,Stock,equity,web_csv
2026-07-02,GDX-ASX,EGO,Eldorado Gold Corp,CA2849025093,,9607037.0,323565006.0,1.37,USD,Materials,Turkey,Stock,equity,web_csv
2026-07-02,GDX-ASX,EQX,Equinox Gold Corp,CA29446Y5020,,29724176.0,301403145.0,1.27,USD,Materials,Canada,Stock,equity,web_csv
2026-07-02,GDX-ASX,FRES LN,Fresnillo Plc,GB00B2QPKJ12,,7799106.0,300718838.0,1.27,GBP,Materials,Mexico,Stock,equity,web_csv
2026-07-02,GDX-ASX,HMY,Harmony Gold Mining Co Ltd,US4132163001,,16173959.0,260239000.0,1.1,USD,Materials,South Africa,Stock,equity,web_csv
2026-07-02,GDX-ASX,LUG CN,Lundin Gold Inc,CA5503711080,,4299938.0,245022029.0,1.03,CAD,Materials,Canada,Stock,equity,web_csv
2026-07-02,GDX-ASX,OGC,Oceanagold Corp,CA6752224007,,8619324.0,224964356.0,0.95,USD,Materials,Canada,Stock,equity,web_csv
2026-07-02,GDX-ASX,DPM CN,Dundee Precious Metals Inc,CA26139R1091,,6468365.0,221534032.0,0.93,CAD,Materials,Canada,Stock,equity,web_csv
2026-07-02,GDX-ASX,GMIN CN,G Mining Ventures Corp,CA36270K1021,,6842748.0,208155801.0,0.88,CAD,Materials,Canada,Stock,equity,web_csv
2026-07-02,GDX-ASX,SSRM,Ssr Mining Inc,CA7847301032,,6762577.0,207070108.0,0.87,USD,Materials,Canada,Stock,equity,web_csv
2026-07-02,GDX-ASX,BTG,B2gold Corp,CA11777Q2099,,49060860.0,200168309.0,0.84,USD,Materials,Canada,Stock,equity,web_csv
2026-07-02,GDX-ASX,2259 HK,Zijin Gold International Co Ltd,HK0001200002,,15810100.0,190693827.0,0.8,HKD,Materials,China,Stock,equity,web_csv
2026-07-02,GDX-ASX,BVN,Cia De Minas Buenaventura Saa,US2044481040,,6125049.0,182036456.0,0.77,USD,Materials,Peru,Stock,equity,web_csv
2026-07-02,GDX-ASX,DSV CN,Discovery Silver Corp,CA2546771072,,28483025.0,170775842.0,0.72,CAD,Materials,Canada,Stock,equity,web_csv
2026-07-02,GDX-ASX,OR,Or Royalties Inc,CA68390D1069,,5236070.0,164622041.0,0.69,USD,Materials,Canada,Stock,equity,web_csv
2026-07-02,GDX-ASX,1818 HK,Zhaojin Mining Industry Co Ltd,CNE1000004R6,,69525000.0,154819422.0,0.65,HKD,Materials,China,Stock,equity,web_csv
2026-07-02,GDX-ASX,GGP AU,Greatland Resources Ltd,AU0000397705,,18851705.0,150818973.0,0.64,AUD,Materials,Australia,Stock,equity,web_csv
2026-07-02,GDX-ASX,MAU CN,Montage Gold Corp,CA61178L1013,,12071134.0,145212810.0,0.61,CAD,Materials,Côte D'Ivoire,Stock,equity,web_csv
2026-07-02,GDX-ASX,PRU AU,Perseus Mining Ltd,AU000000PRU3,,41964381.0,143258017.0,0.6,AUD,Materials,Australia,Stock,equity,web_csv
2026-07-02,GDX-ASX,ARTG CN,Artemis Gold Inc,CA04302L1004,,5819891.0,136371313.0,0.58,CAD,Materials,Canada,Stock,equity,web_csv
2026-07-02,GDX-ASX,KNT CN,K92 Mining Inc,CA4991131083,,8093728.0,134234378.0,0.57,CAD,Materials,Canada,Stock,equity,web_csv
2026-07-02,GDX-ASX,RMS AU,Ramelius Resources Ltd,AU000000RMS4,,63444896.0,133606420.0,0.56,AUD,Materials,Australia,Stock,equity,web_csv
2026-07-02,GDX-ASX,ARMN,Aris Mining Corp,CA04040Y1097,,8125274.0,130004384.0,0.55,USD,Materials,Colombia,Stock,equity,web_csv
2026-07-02,GDX-ASX,TXG CN,Torex Gold Resources Inc,CA8910546032,,2924973.0,123380379.0,0.52,CAD,Materials,Canada,Stock,equity,web_csv
2026-07-02,GDX-ASX,CMM AU,Capricorn Metals Ltd,AU000000CMM9,,13343290.0,120176155.0,0.51,AUD,Materials,Australia,Stock,equity,web_csv
2026-07-02,GDX-ASX,GMD AU,Genesis Minerals Ltd,AU000000GMD9,,30950676.0,117652053.0,0.5,AUD,Materials,Australia,Stock,equity,web_csv
2026-07-02,GDX-ASX,AMMN IJ,Amman Mineral Internasional Pt,ID1000191109,,644614800.0,115834947.0,0.49,IDR,Materials,Indonesia,Stock,equity,web_csv
2026-07-02,GDX-ASX,SKE,Skeena Resources Ltd,CA83056P7157,,4006081.0,114974525.0,0.49,USD,Materials,Canada,Stock,equity,web_csv
2026-07-02,GDX-ASX,CGAU,Centerra Gold Inc,CA1520061021,,6557583.0,108724726.0,0.46,USD,Materials,Canada,Stock,equity,web_csv
2026-07-02,GDX-ASX,AYA CN,Aya Gold & Silver Inc,CA05466C1095,,5444492.0,106574832.0,0.45,CAD,Materials,Canada,Stock,equity,web_csv
2026-07-02,GDX-ASX,AUGO,Aura Minerals Inc,VGG069731120,,1626210.0,106451707.0,0.45,USD,Materials,United States,Stock,equity,web_csv
2026-07-02,GDX-ASX,WDO CN,Wesdome Gold Mines Ltd/Canada,CA95083R1001,,5650492.0,104152495.0,0.44,CAD,Materials,Canada,Stock,equity,web_csv
2026-07-02,GDX-ASX,RRL AU,Regis Resources Ltd,AU000000RRL8,,23647790.0,101897012.0,0.43,AUD,Materials,Australia,Stock,equity,web_csv
2026-07-02,GDX-ASX,VAU AU,Vault Minerals Ltd,AU0000427775,,33617643.0,99761742.0,0.42,AUD,Materials,Australia,Stock,equity,web_csv
2026-07-02,GDX-ASX,FSM,Fortuna Silver Mines Inc,CA3499421020,,11212362.0,97771797.0,0.41,USD,Materials,Canada,Stock,equity,web_csv
2026-07-02,GDX-ASX,ORLA,Orla Mining Ltd,CA68634K1066,,9521284.0,96926671.0,0.41,USD,Materials,Mexico,Stock,equity,web_csv
2026-07-02,GDX-ASX,SA,Seabridge Gold Inc,CA8119271028,,3506815.0,96858230.0,0.41,USD,Materials,Canada,Stock,equity,web_csv
2026-07-02,GDX-ASX,EXK,Endeavour Silver Corp,CA29258Y1034,,10775546.0,92238674.0,0.39,USD,Materials,Canada,Stock,equity,web_csv
2026-07-02,GDX-ASX,WGX AU,Westgold Resources Ltd,AU000000WGX6,,26405977.0,88179567.0,0.37,AUD,Materials,Australia,Stock,equity,web_csv
2026-07-02,GDX-ASX,SVM,Silvercorp Metals Inc,CA82835P1036,,8585146.0,88169449.0,0.37,USD,Materials,Canada,Stock,equity,web_csv
2026-07-02,GDX-ASX,BRMS IJ,Bumi Resources Minerals Tbk Pt,ID1000117609,,3061042900.0,82160233.0,0.35,IDR,Materials,Indonesia,Stock,equity,web_csv
2026-07-02,GDX-ASX,HOC LN,Hochschild Mining Plc,GB00B1FW5029,,12374948.0,81853903.0,0.35,GBP,Materials,Peru,Stock,equity,web_csv
2026-07-02,GDX-ASX,LUNR CN,Lunr Royalties Corp,CA5504281067,,959757.0,13312005.0,0.06,CAD,,Canada,Stock,equity,web_csv
2026-07-02,GDX-ASX,-USD CASH-,,CASH,,14892630.0,14892630.0,0.06,USD,,United States,Cash Bal,cash,web_csv
2026-07-02,GDX-ASX,-MXN CASH-,,CASH,,-5362.0,-307.0,0.0,MXN,,Mexico,Cash Bal,cash,web_csv
2026-07-02,GDX-ASX,-IDR CASH-,,CASH,,1.0,0.0,0.0,IDR,,Indonesia,Cash Bal,cash,web_csv
2026-07-02,GDX-ASX,-HKD CASH-,,CASH,,0.0,0.0,0.0,HKD,,China,Cash Bal,cash,web_csv
2026-07-02,GDX-ASX,-GBP CASH-,,CASH,,31.0,42.0,0.0,GBP,,United Kingdom,Cash Bal,cash,web_csv
2026-07-02,GDX-ASX,-EUR CASH-,,CASH,,0.0,0.0,0.0,EUR,,Europe,Cash Bal,cash,web_csv
2026-07-02,GDX-ASX,-AUD CASH-,,CASH,,1078.0,747.0,0.0,AUD,,Australia,Cash Bal,cash,web_csv
2026-07-02,GDX-ASX,-CAD CASH-,,CASH,,-2890439.0,-2038176.0,-0.01,CAD,,Canada,Cash Bal,cash,web_csv
2026-07-02,GDX-ASX,,Other/Cash,CASH,,0.0,13416738.0,0.06,USD,,,Cash,cash,web_csv
2026-07-06,GDX-ASX,NEM,Newmont Corp,US6516391066,,25542955.0,2508318181.0,10.48,USD,Materials,United States,Stock,equity,web_csv
2026-07-06,GDX-ASX,AEM,Agnico Eagle Mines Ltd,CA0084741085,,15755155.0,2441103716.0,10.2,USD,Materials,Canada,Stock,equity,web_csv
2026-07-06,GDX-ASX,B,Barrick Mining Corp,CA06849F1080,,49579199.0,1889463274.0,7.89,USD,Materials,Canada,Stock,equity,web_csv
2026-07-06,GDX-ASX,WPM,Wheaton Precious Metals Corp,CA9628791027,,11431658.0,1317384268.0,5.5,USD,Materials,Brazil,Stock,equity,web_csv
2026-07-06,GDX-ASX,AU,Anglogold Ashanti Plc,GB00BRXH2664,,14281116.0,1200327800.0,5.01,USD,Materials,United States,Stock,equity,web_csv
2026-07-06,GDX-ASX,FNV,Franco-Nevada Corp,CA3518581051,,5376802.0,1144022162.0,4.78,USD,Materials,Canada,Stock,equity,web_csv
2026-07-06,GDX-ASX,KGC,Kinross Gold Corp,CA4969024047,,42625834.0,1053710616.0,4.4,USD,Materials,Canada,Stock,equity,web_csv
2026-07-06,GDX-ASX,GFI,Gold Fields Ltd,US38059T1060,,27744598.0,960240537.0,4.01,USD,Materials,South Africa,Stock,equity,web_csv
2026-07-06,GDX-ASX,NST AU,Northern Star Resources Ltd,AU000000NST8,,45559567.0,690660356.0,2.89,AUD,Materials,Australia,Stock,equity,web_csv
2026-07-06,GDX-ASX,PAAS,Pan American Silver Corp,CA6979001089,,15212577.0,684870217.0,2.86,USD,Materials,Canada,Stock,equity,web_csv
2026-07-06,GDX-ASX,CDE,Coeur Mining Inc,US1921085049,,33395429.0,567388339.0,2.37,USD,Materials,United States,Stock,equity,web_csv
2026-07-06,GDX-ASX,RGLD,Royal Gold Inc,US7802871084,,2234973.0,451263398.0,1.89,USD,Materials,United States,Stock,equity,web_csv
2026-07-06,GDX-ASX,AGI,Alamos Gold Inc,CA0115321089,,14272232.0,450574364.0,1.88,USD,Materials,Canada,Stock,equity,web_csv
2026-07-06,GDX-ASX,EVN AU,Evolution Mining Ltd,AU000000EVN4,,45730697.0,400114038.0,1.67,AUD,Materials,Australia,Stock,equity,web_csv
2026-07-06,GDX-ASX,PE&OLES* MF,Industrias Penoles Sab De Cv,MXP554091415,,7936233.0,355321485.0,1.48,MXN,Materials,Mexico,Stock,equity,web_csv
2026-07-06,GDX-ASX,EDV LN,Endeavour Mining Plc,GB00BL6K5J42,,6487697.0,343251465.0,1.43,GBP,Materials,United Kingdom,Stock,equity,web_csv
2026-07-06,GDX-ASX,HL,Hecla Mining Co,US4227041062,,20502075.0,337464155.0,1.41,USD,Materials,United States,Stock,equity,web_csv
2026-07-06,GDX-ASX,AG,First Majestic Silver Corp,CA32076V1031,,19262729.0,333437839.0,1.39,USD,Materials,Canada,Stock,equity,web_csv
2026-07-06,GDX-ASX,IAG,Iamgold Corp,CA4509131088,,19881501.0,329237657.0,1.38,USD,Materials,Burkina Faso,Stock,equity,web_csv
2026-07-06,GDX-ASX,EGO,Eldorado Gold Corp,CA2849025093,,9640385.0,322085263.0,1.35,USD,Materials,Turkey,Stock,equity,web_csv
2026-07-06,GDX-ASX,EQX,Equinox Gold Corp,CA29446Y5020,,29827307.0,307519535.0,1.28,USD,Materials,Canada,Stock,equity,web_csv
2026-07-06,GDX-ASX,FRES LN,Fresnillo Plc,GB00B2QPKJ12,,7826154.0,300879082.0,1.26,GBP,Materials,Mexico,Stock,equity,web_csv
2026-07-06,GDX-ASX,HMY,Harmony Gold Mining Co Ltd,US4132163001,,16230071.0,264387857.0,1.1,USD,Materials,South Africa,Stock,equity,web_csv
2026-07-06,GDX-ASX,LUG CN,Lundin Gold Inc,CA5503711080,,4314848.0,248109827.0,1.04,CAD,Materials,Canada,Stock,equity,web_csv
2026-07-06,GDX-ASX,DPM CN,Dundee Precious Metals Inc,CA26139R1091,,6490793.0,232817955.0,0.97,CAD,Materials,Canada,Stock,equity,web_csv
2026-07-06,GDX-ASX,OGC,Oceanagold Corp,CA6752224007,,8649228.0,223150082.0,0.93,USD,Materials,Canada,Stock,equity,web_csv
2026-07-06,GDX-ASX,2259 HK,Zijin Gold International Co Ltd,HK0001200002,,15864700.0,217542257.0,0.91,HKD,Materials,China,Stock,equity,web_csv
2026-07-06,GDX-ASX,GMIN CN,G Mining Ventures Corp,CA36270K1021,,6866478.0,214818807.0,0.9,CAD,Materials,Canada,Stock,equity,web_csv
2026-07-06,GDX-ASX,SSRM,Ssr Mining Inc,CA7847301032,,6786034.0,207924082.0,0.87,USD,Materials,Canada,Stock,equity,web_csv
2026-07-06,GDX-ASX,BTG,B2gold Corp,CA11777Q2099,,49231086.0,199385898.0,0.83,USD,Materials,Canada,Stock,equity,web_csv
2026-07-06,GDX-ASX,DSV CN,Discovery Silver Corp,CA2546771072,,28581851.0,188683620.0,0.79,CAD,Materials,Canada,Stock,equity,web_csv
2026-07-06,GDX-ASX,BVN,Cia De Minas Buenaventura Saa,US2044481040,,6146280.0,184142549.0,0.77,USD,Materials,Peru,Stock,equity,web_csv
2026-07-06,GDX-ASX,1818 HK,Zhaojin Mining Industry Co Ltd,CNE1000004R6,,69766500.0,169107314.0,0.71,HKD,Materials,China,Stock,equity,web_csv
2026-07-06,GDX-ASX,OR,Or Royalties Inc,CA68390D1069,,5254235.0,161882980.0,0.68,USD,Materials,Canada,Stock,equity,web_csv
2026-07-06,GDX-ASX,GGP AU,Greatland Resources Ltd,AU0000397705,,18917099.0,155418840.0,0.65,AUD,Materials,Australia,Stock,equity,web_csv
2026-07-06,GDX-ASX,PRU AU,Perseus Mining Ltd,AU000000PRU3,,42109974.0,151057537.0,0.63,AUD,Materials,Australia,Stock,equity,web_csv
2026-07-06,GDX-ASX,MAU CN,Montage Gold Corp,CA61178L1013,,12113134.0,146389745.0,0.61,CAD,Materials,Côte D'Ivoire,Stock,equity,web_csv
2026-07-06,GDX-ASX,RMS AU,Ramelius Resources Ltd,AU000000RMS4,,63664892.0,137340664.0,0.57,AUD,Materials,Australia,Stock,equity,web_csv
2026-07-06,GDX-ASX,ARTG CN,Artemis Gold Inc,CA04302L1004,,5840072.0,133930785.0,0.56,CAD,Materials,Canada,Stock,equity,web_csv
2026-07-06,GDX-ASX,CMM AU,Capricorn Metals Ltd,AU000000CMM9,,13389574.0,132383776.0,0.55,AUD,Materials,Australia,Stock,equity,web_csv
2026-07-06,GDX-ASX,KNT CN,K92 Mining Inc,CA4991131083,,8121805.0,131442598.0,0.55,CAD,Materials,Canada,Stock,equity,web_csv
2026-07-06,GDX-ASX,ARMN,Aris Mining Corp,CA04040Y1097,,8153456.0,130292227.0,0.54,USD,Materials,Colombia,Stock,equity,web_csv
2026-07-06,GDX-ASX,GMD AU,Genesis Minerals Ltd,AU000000GMD9,,31058028.0,129913906.0,0.54,AUD,Materials,Australia,Stock,equity,web_csv
2026-07-06,GDX-ASX,AMMN IJ,Amman Mineral Internasional Pt,ID1000191109,,646851300.0,124302800.0,0.52,IDR,Materials,Indonesia,Stock,equity,web_csv
2026-07-06,GDX-ASX,TXG CN,Torex Gold Resources Inc,CA8910546032,,2935116.0,123603380.0,0.52,CAD,Materials,Canada,Stock,equity,web_csv
2026-07-06,GDX-ASX,VAU AU,Vault Minerals Ltd,AU0000427775,,33734613.0,119048109.0,0.5,AUD,Materials,Australia,Stock,equity,web_csv
2026-07-06,GDX-ASX,SKE,Skeena Resources Ltd,CA83056P7157,,4020025.0,113203904.0,0.47,USD,Materials,Canada,Stock,equity,web_csv
2026-07-06,GDX-ASX,AUGO,Aura Minerals Inc,VGG069731120,,1631880.0,110527232.0,0.46,USD,Materials,United States,Stock,equity,web_csv
2026-07-06,GDX-ASX,RRL AU,Regis Resources Ltd,AU000000RRL8,,23730068.0,110144931.0,0.46,AUD,Materials,Australia,Stock,equity,web_csv
2026-07-06,GDX-ASX,WDO CN,Wesdome Gold Mines Ltd/Canada,CA95083R1001,,5670085.0,109622706.0,0.46,CAD,Materials,Canada,Stock,equity,web_csv
2026-07-06,GDX-ASX,CGAU,Centerra Gold Inc,CA1520061021,,6580326.0,108641182.0,0.45,USD,Materials,Canada,Stock,equity,web_csv
2026-07-06,GDX-ASX,AYA CN,Aya Gold & Silver Inc,CA05466C1095,,5463434.0,108469753.0,0.45,CAD,Materials,Canada,Stock,equity,web_csv
2026-07-06,GDX-ASX,ORLA,Orla Mining Ltd,CA68634K1066,,9554317.0,98409465.0,0.41,USD,Materials,Mexico,Stock,equity,web_csv
2026-07-06,GDX-ASX,FSM,Fortuna Silver Mines Inc,CA3499421020,,11251275.0,97661067.0,0.41,USD,Materials,Canada,Stock,equity,web_csv
2026-07-06,GDX-ASX,SA,Seabridge Gold Inc,CA8119271028,,3518974.0,96419888.0,0.4,USD,Materials,Canada,Stock,equity,web_csv
2026-07-06,GDX-ASX,EXK,Endeavour Silver Corp,CA29258Y1034,,10812926.0,92018000.0,0.38,USD,Materials,Canada,Stock,equity,web_csv
2026-07-06,GDX-ASX,WGX AU,Westgold Resources Ltd,AU000000WGX6,,26497558.0,90630082.0,0.38,AUD,Materials,Australia,Stock,equity,web_csv
2026-07-06,GDX-ASX,BRMS IJ,Bumi Resources Minerals Tbk Pt,ID1000117609,,3071660500.0,89746121.0,0.38,IDR,Materials,Indonesia,Stock,equity,web_csv
2026-07-06,GDX-ASX,SVM,Silvercorp Metals Inc,CA82835P1036,,8615029.0,85805689.0,0.36,USD,Materials,Canada,Stock,equity,web_csv
2026-07-06,GDX-ASX,HOC LN,Hochschild Mining Plc,GB00B1FW5029,,12418019.0,82593239.0,0.35,GBP,Materials,Peru,Stock,equity,web_csv
2026-07-06,GDX-ASX,LUNR CN,Lunr Royalties Corp,CA5504281067,,959757.0,13171018.0,0.06,CAD,,Canada,Stock,equity,web_csv
2026-07-06,GDX-ASX,-MXN CASH-,,CASH,,-5362.0,-307.0,0.0,MXN,,Mexico,Cash Bal,cash,web_csv
2026-07-06,GDX-ASX,-IDR CASH-,,CASH,,1.0,0.0,0.0,IDR,,Indonesia,Cash Bal,cash,web_csv
2026-07-06,GDX-ASX,-HKD CASH-,,CASH,,0.0,0.0,0.0,HKD,,China,Cash Bal,cash,web_csv
2026-07-06,GDX-ASX,-GBP CASH-,,CASH,,31.0,42.0,0.0,GBP,,United Kingdom,Cash Bal,cash,web_csv
2026-07-06,GDX-ASX,-EUR CASH-,,CASH,,0.0,0.0,0.0,EUR,,Europe,Cash Bal,cash,web_csv
2026-07-06,GDX-ASX,-AUD CASH-,,CASH,,1078.0,748.0,0.0,AUD,,Australia,Cash Bal,cash,web_csv
2026-07-06,GDX-ASX,-CAD CASH-,,CASH,,-2890439.0,-2032086.0,-0.01,CAD,,Canada,Cash Bal,cash,web_csv
2026-07-06,GDX-ASX,-USD CASH-,,CASH,,-48976539.0,-48976539.0,-0.2,USD,,United States,Cash Bal,cash,web_csv
2026-07-06,GDX-ASX,,Other/Cash,CASH,,0.0,63375918.0,0.26,USD,,,Cash,cash,web_csv
2026-07-07,GDX-ASX,NEM,Newmont Corp,US6516391066,,25635465.0,2436907303.0,10.5,USD,Materials,United States,Stock,equity,web_csv
2026-07-07,GDX-ASX,AEM,Agnico Eagle Mines Ltd,CA0084741085,,15812223.0,2377051484.0,10.25,USD,Materials,Canada,Stock,equity,web_csv
2026-07-07,GDX-ASX,B,Barrick Mining Corp,CA06849F1080,,49758763.0,1834108004.0,7.91,USD,Materials,Canada,Stock,equity,web_csv
2026-07-07,GDX-ASX,WPM,Wheaton Precious Metals Corp,CA9628791027,,11473084.0,1283723369.0,5.53,USD,Materials,Brazil,Stock,equity,web_csv
2026-07-07,GDX-ASX,AU,Anglogold Ashanti Plc,GB00BRXH2664,,14332838.0,1176439343.0,5.07,USD,Materials,United States,Stock,equity,web_csv
2026-07-07,GDX-ASX,FNV,Franco-Nevada Corp,CA3518581051,,5396272.0,1131058611.0,4.88,USD,Materials,Canada,Stock,equity,web_csv
2026-07-07,GDX-ASX,KGC,Kinross Gold Corp,CA4969024047,,42780252.0,1021592418.0,4.4,USD,Materials,Canada,Stock,equity,web_csv
2026-07-07,GDX-ASX,GFI,Gold Fields Ltd,US38059T1060,,27845094.0,935316707.0,4.03,USD,Materials,South Africa,Stock,equity,web_csv
2026-07-07,GDX-ASX,PAAS,Pan American Silver Corp,CA6979001089,,15267665.0,674220086.0,2.91,USD,Materials,Canada,Stock,equity,web_csv
2026-07-07,GDX-ASX,NST AU,Northern Star Resources Ltd,AU000000NST8,,45724523.0,653794746.0,2.82,AUD,Materials,Australia,Stock,equity,web_csv
2026-07-07,GDX-ASX,CDE,Coeur Mining Inc,US1921085049,,33516363.0,537602463.0,2.32,USD,Materials,United States,Stock,equity,web_csv
2026-07-07,GDX-ASX,RGLD,Royal Gold Inc,US7802871084,,2243069.0,441009796.0,1.9,USD,Materials,United States,Stock,equity,web_csv
2026-07-07,GDX-ASX,AGI,Alamos Gold Inc,CA0115321089,,14323910.0,437165733.0,1.88,USD,Materials,Canada,Stock,equity,web_csv
2026-07-07,GDX-ASX,EVN AU,Evolution Mining Ltd,AU000000EVN4,,45896291.0,374255366.0,1.61,AUD,Materials,Australia,Stock,equity,web_csv
2026-07-07,GDX-ASX,PE&OLES* MF,Industrias Penoles Sab De Cv,MXP554091415,,7964943.0,351444866.0,1.51,MXN,Materials,Mexico,Stock,equity,web_csv
2026-07-07,GDX-ASX,EDV LN,Endeavour Mining Plc,GB00BL6K5J42,,6511193.0,331720094.0,1.43,GBP,Materials,United Kingdom,Stock,equity,web_csv
2026-07-07,GDX-ASX,HL,Hecla Mining Co,US4227041062,,20576369.0,320168302.0,1.38,USD,Materials,United States,Stock,equity,web_csv
2026-07-07,GDX-ASX,AG,First Majestic Silver Corp,CA32076V1031,,19332491.0,318019477.0,1.37,USD,Materials,Canada,Stock,equity,web_csv
2026-07-07,GDX-ASX,IAG,Iamgold Corp,CA4509131088,,19953529.0,316862041.0,1.37,USD,Materials,Burkina Faso,Stock,equity,web_csv
2026-07-07,GDX-ASX,EGO,Eldorado Gold Corp,CA2849025093,,9675321.0,309803778.0,1.34,USD,Materials,Turkey,Stock,equity,web_csv
2026-07-07,GDX-ASX,EQX,Equinox Gold Corp,CA29446Y5020,,29935327.0,293665558.0,1.27,USD,Materials,Canada,Stock,equity,web_csv
2026-07-07,GDX-ASX,FRES LN,Fresnillo Plc,GB00B2QPKJ12,,7854490.0,286443081.0,1.23,GBP,Materials,Mexico,Stock,equity,web_csv
2026-07-07,GDX-ASX,HMY,Harmony Gold Mining Co Ltd,US4132163001,,16288855.0,250848367.0,1.08,USD,Materials,South Africa,Stock,equity,web_csv
2026-07-07,GDX-ASX,LUG CN,Lundin Gold Inc,CA5503711080,,4330468.0,244138885.0,1.05,CAD,Materials,Canada,Stock,equity,web_csv
2026-07-07,GDX-ASX,DPM CN,Dundee Precious Metals Inc,CA26139R1091,,6514289.0,224538876.0,0.97,CAD,Materials,Canada,Stock,equity,web_csv
2026-07-07,GDX-ASX,OGC,Oceanagold Corp,CA6752224007,,8680556.0,213194455.0,0.92,USD,Materials,Canada,Stock,equity,web_csv
2026-07-07,GDX-ASX,2259 HK,Zijin Gold International Co Ltd,HK0001200002,,15921900.0,212211893.0,0.91,HKD,Materials,China,Stock,equity,web_csv
2026-07-07,GDX-ASX,GMIN CN,G Mining Ventures Corp,CA36270K1021,,6891338.0,204718202.0,0.88,CAD,Materials,Canada,Stock,equity,web_csv
2026-07-07,GDX-ASX,SSRM,Ssr Mining Inc,CA7847301032,,6810608.0,203705285.0,0.88,USD,Materials,Canada,Stock,equity,web_csv
2026-07-07,GDX-ASX,BTG,B2gold Corp,CA11777Q2099,,49409396.0,194673020.0,0.84,USD,Materials,Canada,Stock,equity,web_csv
2026-07-07,GDX-ASX,DSV CN,Discovery Silver Corp,CA25466C1077,,28685361.0,182876628.0,0.79,CAD,Materials,Canada,Stock,equity,web_csv
2026-07-07,GDX-ASX,BVN,Cia De Minas Buenaventura Saa,US2044481040,,6168522.0,178331971.0,0.77,USD,Materials,Peru,Stock,equity,web_csv
2026-07-07,GDX-ASX,1818 HK,Zhaojin Mining Industry Co Ltd,CNE1000004R6,,70019500.0,162493809.0,0.7,HKD,Materials,China,Stock,equity,web_csv
2026-07-07,GDX-ASX,OR,Or Royalties Inc,CA68390D1069,,5273265.0,158778009.0,0.68,USD,Materials,Canada,Stock,equity,web_csv
2026-07-07,GDX-ASX,GGP AU,Greatland Resources Ltd,AU0000397705,,18985585.0,147870220.0,0.64,AUD,Materials,Australia,Stock,equity,web_csv
2026-07-07,GDX-ASX,PRU AU,Perseus Mining Ltd,AU000000PRU3,,42262500.0,143494966.0,0.62,AUD,Materials,Australia,Stock,equity,web_csv
2026-07-07,GDX-ASX,MAU CN,Montage Gold Corp,CA61178L1013,,12157134.0,142334942.0,0.61,CAD,Materials,Côte D'Ivoire,Stock,equity,web_csv
2026-07-07,GDX-ASX,ARTG CN,Artemis Gold Inc,CA04302L1004,,5861214.0,134107450.0,0.58,CAD,Materials,Canada,Stock,equity,web_csv
2026-07-07,GDX-ASX,RMS AU,Ramelius Resources Ltd,AU000000RMS4,,63895364.0,130324923.0,0.56,AUD,Materials,Australia,Stock,equity,web_csv
2026-07-07,GDX-ASX,AMMN IJ,Amman Mineral Internasional Pt,ID1000191109,,649194300.0,127588871.0,0.55,IDR,Materials,Indonesia,Stock,equity,web_csv
2026-07-07,GDX-ASX,CMM AU,Capricorn Metals Ltd,AU000000CMM9,,13438062.0,126889848.0,0.55,AUD,Materials,Australia,Stock,equity,web_csv
2026-07-07,GDX-ASX,KNT CN,K92 Mining Inc,CA4991131083,,8151219.0,126096840.0,0.54,CAD,Materials,Canada,Stock,equity,web_csv
2026-07-07,GDX-ASX,ARMN,Aris Mining Corp,CA04040Y1097,,8182980.0,124381296.0,0.54,USD,Materials,Colombia,Stock,equity,web_csv
2026-07-07,GDX-ASX,GMD AU,Genesis Minerals Ltd,AU000000GMD9,,31170492.0,123017802.0,0.53,AUD,Materials,Australia,Stock,equity,web_csv
2026-07-07,GDX-ASX,TXG CN,Torex Gold Resources Inc,CA8910546032,,2945742.0,117784027.0,0.51,CAD,Materials,Canada,Stock,equity,web_csv
2026-07-07,GDX-ASX,VAU AU,Vault Minerals Ltd,AU0000427775,,33857153.0,115294947.0,0.5,AUD,Materials,Australia,Stock,equity,web_csv
2026-07-07,GDX-ASX,SKE,Skeena Resources Ltd,CA83056P7157,,4034633.0,108693013.0,0.47,USD,Materials,Canada,Stock,equity,web_csv
2026-07-07,GDX-ASX,RRL AU,Regis Resources Ltd,AU000000RRL8,,23816264.0,108502754.0,0.47,AUD,Materials,Australia,Stock,equity,web_csv
2026-07-07,GDX-ASX,WDO CN,Wesdome Gold Mines Ltd/Canada,CA95083R1001,,5690611.0,107314048.0,0.46,CAD,Materials,Canada,Stock,equity,web_csv
2026-07-07,GDX-ASX,CGAU,Centerra Gold Inc,CA1520061021,,6604152.0,106921221.0,0.46,USD,Materials,Canada,Stock,equity,web_csv
2026-07-07,GDX-ASX,AUGO,Aura Minerals Inc,VGG069731120,,1637798.0,103787259.0,0.45,USD,Materials,United States,Stock,equity,web_csv
2026-07-07,GDX-ASX,AYA CN,Aya Gold & Silver Inc,CA05466C1095,,5483278.0,103017875.0,0.44,CAD,Materials,Canada,Stock,equity,web_csv
2026-07-07,GDX-ASX,FSM,Fortuna Silver Mines Inc,CA3499421020,,11292041.0,95078985.0,0.41,USD,Materials,Canada,Stock,equity,web_csv
2026-07-07,GDX-ASX,SA,Seabridge Gold Inc,CA8119271028,,3531712.0,93766954.0,0.4,USD,Materials,Canada,Stock,equity,web_csv
2026-07-07,GDX-ASX,ORLA,Orla Mining Ltd,CA68634K1066,,9588901.0,93683563.0,0.4,USD,Materials,Mexico,Stock,equity,web_csv
2026-07-07,GDX-ASX,WGX AU,Westgold Resources Ltd,AU000000WGX6,,26593478.0,87407421.0,0.38,AUD,Materials,Australia,Stock,equity,web_csv
2026-07-07,GDX-ASX,EXK,Endeavour Silver Corp,CA29258Y1034,,10852086.0,87033730.0,0.38,USD,Materials,Canada,Stock,equity,web_csv
2026-07-07,GDX-ASX,BRMS IJ,Bumi Resources Minerals Tbk Pt,ID1000117609,,3082783700.0,86763261.0,0.37,IDR,Materials,Indonesia,Stock,equity,web_csv
2026-07-07,GDX-ASX,SVM,Silvercorp Metals Inc,CA82835P1036,,8646335.0,81016159.0,0.35,USD,Materials,Canada,Stock,equity,web_csv
2026-07-07,GDX-ASX,HOC LN,Hochschild Mining Plc,GB00B1FW5029,,12463119.0,79958679.0,0.34,GBP,Materials,Peru,Stock,equity,web_csv
2026-07-07,GDX-ASX,LUNR CN,Lunr Royalties Corp,CA5504281067,,959757.0,12663343.0,0.05,CAD,,Canada,Stock,equity,web_csv
2026-07-07,GDX-ASX,-MXN CASH-,,CASH,,-5362.0,-307.0,0.0,MXN,,Mexico,Cash Bal,cash,web_csv
2026-07-07,GDX-ASX,-IDR CASH-,,CASH,,1.0,0.0,0.0,IDR,,Indonesia,Cash Bal,cash,web_csv
2026-07-07,GDX-ASX,-HKD CASH-,,CASH,,0.0,0.0,0.0,HKD,,China,Cash Bal,cash,web_csv
2026-07-07,GDX-ASX,-GBP CASH-,,CASH,,31.0,42.0,0.0,GBP,,United Kingdom,Cash Bal,cash,web_csv
2026-07-07,GDX-ASX,-EUR CASH-,,CASH,,0.0,0.0,0.0,EUR,,Europe,Cash Bal,cash,web_csv
2026-07-07,GDX-ASX,-AUD CASH-,,CASH,,1078.0,748.0,0.0,AUD,,Australia,Cash Bal,cash,web_csv
2026-07-07,GDX-ASX,-CAD CASH-,,CASH,,-2928298.0,-2062835.0,-0.01,CAD,,Canada,Cash Bal,cash,web_csv
2026-07-07,GDX-ASX,-USD CASH-,,CASH,,-31047402.0,-31047402.0,-0.13,USD,,United States,Cash Bal,cash,web_csv
2026-07-07,GDX-ASX,,Other/Cash,CASH,,0.0,45107074.0,0.19,USD,,,Cash,cash,web_csv
2026-07-08,GDX-ASX,NEM,Newmont Corp,US6516391066,,25635465.0,2389225338.0,10.65,USD,Materials,United States,Stock,equity,web_csv
2026-07-08,GDX-ASX,AEM,Agnico Eagle Mines Ltd,CA0084741085,,15812223.0,2291032990.0,10.21,USD,Materials,Canada,Stock,equity,web_csv
2026-07-08,GDX-ASX,B,Barrick Mining Corp,CA06849F1080,,49758763.0,1778378190.0,7.93,USD,Materials,Canada,Stock,equity,web_csv
2026-07-08,GDX-ASX,WPM,Wheaton Precious Metals Corp,CA9628791027,,11473084.0,1234503838.0,5.5,USD,Materials,Brazil,Stock,equity,web_csv
2026-07-08,GDX-ASX,AU,Anglogold Ashanti Plc,GB00BRXH2664,,14332838.0,1144190458.0,5.1,USD,Materials,United States,Stock,equity,web_csv
2026-07-08,GDX-ASX,FNV,Franco-Nevada Corp,CA3518581051,,5396272.0,1099004756.0,4.9,USD,Materials,Canada,Stock,equity,web_csv
2026-07-08,GDX-ASX,KGC,Kinross Gold Corp,CA4969024047,,42780252.0,986512611.0,4.4,USD,Materials,Canada,Stock,equity,web_csv
2026-07-08,GDX-ASX,GFI,Gold Fields Ltd,US38059T1060,,27845094.0,915546691.0,4.08,USD,Materials,South Africa,Stock,equity,web_csv
2026-07-08,GDX-ASX,PAAS,Pan American Silver Corp,CA6979001089,,15267665.0,650402529.0,2.9,USD,Materials,Canada,Stock,equity,web_csv
2026-07-08,GDX-ASX,NST AU,Northern Star Resources Ltd,AU000000NST8,,45724523.0,631990303.0,2.82,AUD,Materials,Australia,Stock,equity,web_csv
2026-07-08,GDX-ASX,CDE,Coeur Mining Inc,US1921085049,,33516363.0,510789372.0,2.28,USD,Materials,United States,Stock,equity,web_csv
2026-07-08,GDX-ASX,RGLD,Royal Gold Inc,US7802871084,,2243069.0,430512233.0,1.92,USD,Materials,United States,Stock,equity,web_csv
2026-07-08,GDX-ASX,AGI,Alamos Gold Inc,CA0115321089,,14323910.0,418687889.0,1.87,USD,Materials,Canada,Stock,equity,web_csv
2026-07-08,GDX-ASX,EVN AU,Evolution Mining Ltd,AU000000EVN4,,45896291.0,358664885.0,1.6,AUD,Materials,Australia,Stock,equity,web_csv
2026-07-08,GDX-ASX,PE&OLES* MF,Industrias Penoles Sab De Cv,MXP554091415,,7964943.0,346407263.0,1.54,MXN,Materials,Mexico,Stock,equity,web_csv
2026-07-08,GDX-ASX,EDV LN,Endeavour Mining Plc,GB00BL6K5J42,,6511193.0,314737574.0,1.4,GBP,Materials,United Kingdom,Stock,equity,web_csv
2026-07-08,GDX-ASX,HL,Hecla Mining Co,US4227041062,,20576369.0,310497408.0,1.38,USD,Materials,United States,Stock,equity,web_csv
2026-07-08,GDX-ASX,AG,First Majestic Silver Corp,CA32076V1031,,19332491.0,305453358.0,1.36,USD,Materials,Canada,Stock,equity,web_csv
2026-07-08,GDX-ASX,IAG,Iamgold Corp,CA4509131088,,19953529.0,299901541.0,1.34,USD,Materials,Burkina Faso,Stock,equity,web_csv
2026-07-08,GDX-ASX,EGO,Eldorado Gold Corp,CA2849025093,,9675321.0,287550540.0,1.28,USD,Materials,Turkey,Stock,equity,web_csv
2026-07-08,GDX-ASX,EQX,Equinox Gold Corp,CA29446Y5020,,29935327.0,282589487.0,1.26,USD,Materials,Canada,Stock,equity,web_csv
2026-07-08,GDX-ASX,FRES LN,Fresnillo Plc,GB00B2QPKJ12,,7854490.0,274964358.0,1.23,GBP,Materials,Mexico,Stock,equity,web_csv
2026-07-08,GDX-ASX,HMY,Harmony Gold Mining Co Ltd,US4132163001,,16288855.0,235048178.0,1.05,USD,Materials,South Africa,Stock,equity,web_csv
2026-07-08,GDX-ASX,LUG CN,Lundin Gold Inc,CA5503711080,,4330468.0,234393912.0,1.05,CAD,Materials,Canada,Stock,equity,web_csv
2026-07-08,GDX-ASX,DPM CN,Dundee Precious Metals Inc,CA26139R1091,,6514289.0,211934967.0,0.94,CAD,Materials,Canada,Stock,equity,web_csv
2026-07-08,GDX-ASX,OGC,Oceanagold Corp,CA6752224007,,8680556.0,210677094.0,0.94,USD,Materials,Canada,Stock,equity,web_csv
2026-07-08,GDX-ASX,2259 HK,Zijin Gold International Co Ltd,HK0001200002,,15921900.0,209084572.0,0.93,HKD,Materials,China,Stock,equity,web_csv
2026-07-08,GDX-ASX,GMIN CN,G Mining Ventures Corp,CA36270K1021,,6891338.0,192409113.0,0.86,CAD,Materials,Canada,Stock,equity,web_csv
2026-07-08,GDX-ASX,SSRM,Ssr Mining Inc,CA7847301032,,6810608.0,192059146.0,0.86,USD,Materials,Canada,Stock,equity,web_csv
2026-07-08,GDX-ASX,BTG,B2gold Corp,CA11777Q2099,,49409396.0,186767517.0,0.83,USD,Materials,Canada,Stock,equity,web_csv
2026-07-08,GDX-ASX,DSV CN,Discovery Silver Corp,CA25466C1077,,28685361.0,176450584.0,0.79,CAD,Materials,Canada,Stock,equity,web_csv
2026-07-08,GDX-ASX,BVN,Cia De Minas Buenaventura Saa,US2044481040,,6168522.0,174939284.0,0.78,USD,Materials,Peru,Stock,equity,web_csv
2026-07-08,GDX-ASX,1818 HK,Zhaojin Mining Industry Co Ltd,CNE1000004R6,,70019500.0,163767846.0,0.73,HKD,Materials,China,Stock,equity,web_csv
2026-07-08,GDX-ASX,OR,Or Royalties Inc,CA68390D1069,,5273265.0,154137536.0,0.69,USD,Materials,Canada,Stock,equity,web_csv
2026-07-08,GDX-ASX,PRU AU,Perseus Mining Ltd,AU000000PRU3,,42262500.0,142030990.0,0.63,AUD,Materials,Australia,Stock,equity,web_csv
2026-07-08,GDX-ASX,GGP AU,Greatland Resources Ltd,AU0000397705,,18985585.0,140918752.0,0.63,AUD,Materials,Australia,Stock,equity,web_csv
2026-07-08,GDX-ASX,MAU CN,Montage Gold Corp,CA61178L1013,,12157134.0,139529183.0,0.62,CAD,Materials,Côte D'Ivoire,Stock,equity,web_csv
2026-07-08,GDX-ASX,ARTG CN,Artemis Gold Inc,CA04302L1004,,5861214.0,132307314.0,0.59,CAD,Materials,Canada,Stock,equity,web_csv
2026-07-08,GDX-ASX,RMS AU,Ramelius Resources Ltd,AU000000RMS4,,63895364.0,129315416.0,0.58,AUD,Materials,Australia,Stock,equity,web_csv
2026-07-08,GDX-ASX,KNT CN,K92 Mining Inc,CA4991131083,,8151219.0,125235292.0,0.56,CAD,Materials,Canada,Stock,equity,web_csv
2026-07-08,GDX-ASX,AMMN IJ,Amman Mineral Internasional Pt,ID1000191109,,649194300.0,122496984.0,0.55,IDR,Materials,Indonesia,Stock,equity,web_csv
2026-07-08,GDX-ASX,CMM AU,Capricorn Metals Ltd,AU000000CMM9,,13438062.0,120594768.0,0.54,AUD,Materials,Australia,Stock,equity,web_csv
2026-07-08,GDX-ASX,GMD AU,Genesis Minerals Ltd,AU000000GMD9,,31170492.0,117382012.0,0.52,AUD,Materials,Australia,Stock,equity,web_csv
2026-07-08,GDX-ASX,ARMN,Aris Mining Corp,CA04040Y1097,,8182980.0,114643550.0,0.51,USD,Materials,Colombia,Stock,equity,web_csv
2026-07-08,GDX-ASX,TXG CN,Torex Gold Resources Inc,CA8910546032,,2945742.0,111857570.0,0.5,CAD,Materials,Canada,Stock,equity,web_csv
2026-07-08,GDX-ASX,VAU AU,Vault Minerals Ltd,AU0000427775,,33857153.0,111547451.0,0.5,AUD,Materials,Australia,Stock,equity,web_csv
2026-07-08,GDX-ASX,SKE,Skeena Resources Ltd,CA83056P7157,,4034633.0,105102190.0,0.47,USD,Materials,Canada,Stock,equity,web_csv
2026-07-08,GDX-ASX,AYA CN,Aya Gold & Silver Inc,CA05466C1095,,5483278.0,104629423.0,0.47,CAD,Materials,Canada,Stock,equity,web_csv
2026-07-08,GDX-ASX,WDO CN,Wesdome Gold Mines Ltd/Canada,CA95083R1001,,5690611.0,104049547.0,0.46,CAD,Materials,Canada,Stock,equity,web_csv
2026-07-08,GDX-ASX,CGAU,Centerra Gold Inc,CA1520061021,,6604152.0,103156854.0,0.46,USD,Materials,Canada,Stock,equity,web_csv
2026-07-08,GDX-ASX,RRL AU,Regis Resources Ltd,AU000000RRL8,,23816264.0,103000864.0,0.46,AUD,Materials,Australia,Stock,equity,web_csv
2026-07-08,GDX-ASX,AUGO,Aura Minerals Inc,VGG069731120,,1637798.0,97973076.0,0.44,USD,Materials,United States,Stock,equity,web_csv
2026-07-08,GDX-ASX,FSM,Fortuna Silver Mines Inc,CA3499421020,,11292041.0,91804293.0,0.41,USD,Materials,Canada,Stock,equity,web_csv
2026-07-08,GDX-ASX,ORLA,Orla Mining Ltd,CA68634K1066,,9588901.0,90615114.0,0.4,USD,Materials,Mexico,Stock,equity,web_csv
2026-07-08,GDX-ASX,SA,Seabridge Gold Inc,CA8119271028,,3531712.0,88116214.0,0.39,USD,Materials,Canada,Stock,equity,web_csv
2026-07-08,GDX-ASX,WGX AU,Westgold Resources Ltd,AU000000WGX6,,26593478.0,85982299.0,0.38,AUD,Materials,Australia,Stock,equity,web_csv
2026-07-08,GDX-ASX,EXK,Endeavour Silver Corp,CA29258Y1034,,10852086.0,83778104.0,0.37,USD,Materials,Canada,Stock,equity,web_csv
2026-07-08,GDX-ASX,BRMS IJ,Bumi Resources Minerals Tbk Pt,ID1000117609,,3082783700.0,82385814.0,0.37,IDR,Materials,Indonesia,Stock,equity,web_csv
2026-07-08,GDX-ASX,SVM,Silvercorp Metals Inc,CA82835P1036,,8646335.0,78768112.0,0.35,USD,Materials,Canada,Stock,equity,web_csv
2026-07-08,GDX-ASX,HOC LN,Hochschild Mining Plc,GB00B1FW5029,,12463119.0,74212135.0,0.33,GBP,Materials,Peru,Stock,equity,web_csv
2026-07-08,GDX-ASX,LUNR CN,Lunr Royalties Corp,CA5504281067,,959757.0,12673992.0,0.06,CAD,,Canada,Stock,equity,web_csv
2026-07-08,GDX-ASX,-USD CASH-,,CASH,,33702393.0,33702393.0,0.15,USD,,United States,Cash Bal,cash,web_csv
2026-07-08,GDX-ASX,-EUR CASH-,,CASH,,0.0,0.0,0.0,EUR,,Europe,Cash Bal,cash,web_csv
2026-07-08,GDX-ASX,-IDR CASH-,,CASH,,-13312572688.0,-739834.0,-0.0,IDR,,Indonesia,Cash Bal,cash,web_csv
2026-07-08,GDX-ASX,-MXN CASH-,,CASH,,-21423740.0,-1216432.0,-0.01,MXN,,Mexico,Cash Bal,cash,web_csv
2026-07-08,GDX-ASX,-HKD CASH-,,CASH,,-10462820.0,-1334594.0,-0.01,HKD,,China,Cash Bal,cash,web_csv
2026-07-08,GDX-ASX,-GBP CASH-,,CASH,,-1881419.0,-2515741.0,-0.01,GBP,,United Kingdom,Cash Bal,cash,web_csv
2026-07-08,GDX-ASX,-AUD CASH-,,CASH,,-10548811.0,-7297670.0,-0.03,AUD,,Australia,Cash Bal,cash,web_csv
2026-07-08,GDX-ASX,-CAD CASH-,,CASH,,-10983937.0,-7748262.0,-0.03,CAD,,Canada,Cash Bal,cash,web_csv
2026-07-08,GDX-ASX,,Other/Cash,CASH,,0.0,-1149095.0,-0.01,USD,,,Cash,cash,web_csv
2026-07-09,GDX-ASX,NEM,Newmont Corp,US6516391066,,25652285.0,2432093141.0,10.53,USD,Materials,United States,Stock,equity,web_csv
2026-07-09,GDX-ASX,AEM,Agnico Eagle Mines Ltd,CA0084741085,,15822599.0,2358041929.0,10.21,USD,Materials,Canada,Stock,equity,web_csv
2026-07-09,GDX-ASX,B,Barrick Mining Corp,CA06849F1080,,49791411.0,1833817667.0,7.94,USD,Materials,Canada,Stock,equity,web_csv
2026-07-09,GDX-ASX,WPM,Wheaton Precious Metals Corp,CA9628791027,,11480616.0,1270330160.0,5.5,USD,Materials,Brazil,Stock,equity,web_csv
2026-07-09,GDX-ASX,AU,Anglogold Ashanti Plc,GB00BRXH2664,,14342242.0,1174773042.0,5.08,USD,Materials,United States,Stock,equity,web_csv
2026-07-09,GDX-ASX,FNV,Franco-Nevada Corp,CA3518581051,,5399812.0,1123646879.0,4.86,USD,Materials,Canada,Stock,equity,web_csv
2026-07-09,GDX-ASX,KGC,Kinross Gold Corp,CA4969024047,,42808328.0,1035961538.0,4.48,USD,Materials,Canada,Stock,equity,web_csv
2026-07-09,GDX-ASX,GFI,Gold Fields Ltd,US38059T1060,,27863370.0,948469115.0,4.1,USD,Materials,South Africa,Stock,equity,web_csv
2026-07-09,GDX-ASX,PAAS,Pan American Silver Corp,CA6979001089,,15277681.0,674051286.0,2.92,USD,Materials,Canada,Stock,equity,web_csv
2026-07-09,GDX-ASX,NST AU,Northern Star Resources Ltd,AU000000NST8,,45754515.0,645327066.0,2.79,AUD,Materials,Australia,Stock,equity,web_csv
2026-07-09,GDX-ASX,CDE,Coeur Mining Inc,US1921085049,,33538355.0,537284447.0,2.33,USD,Materials,United States,Stock,equity,web_csv
2026-07-09,GDX-ASX,RGLD,Royal Gold Inc,US7802871084,,2244541.0,446169860.0,1.93,USD,Materials,United States,Stock,equity,web_csv
2026-07-09,GDX-ASX,AGI,Alamos Gold Inc,CA0115321089,,14333306.0,428279183.0,1.85,USD,Materials,Canada,Stock,equity,web_csv
2026-07-09,GDX-ASX,EVN AU,Evolution Mining Ltd,AU000000EVN4,,45926399.0,358558746.0,1.55,AUD,Materials,Australia,Stock,equity,web_csv
2026-07-09,GDX-ASX,PE&OLES* MF,Industrias Penoles Sab De Cv,MXP554091415,,7970163.0,351867668.0,1.52,MXN,Materials,Mexico,Stock,equity,web_csv
2026-07-09,GDX-ASX,AG,First Majestic Silver Corp,CA32076V1031,,19345175.0,331963203.0,1.44,USD,Materials,Canada,Stock,equity,web_csv
2026-07-09,GDX-ASX,HL,Hecla Mining Co,US4227041062,,20589877.0,325114158.0,1.41,USD,Materials,United States,Stock,equity,web_csv
2026-07-09,GDX-ASX,EDV LN,Endeavour Mining Plc,GB00BL6K5J42,,6515465.0,323550909.0,1.4,GBP,Materials,United Kingdom,Stock,equity,web_csv
2026-07-09,GDX-ASX,IAG,Iamgold Corp,CA4509131088,,19966625.0,308883689.0,1.34,USD,Materials,Burkina Faso,Stock,equity,web_csv
2026-07-09,GDX-ASX,EGO,Eldorado Gold Corp,CA2849025093,,9681673.0,296259194.0,1.28,USD,Materials,Turkey,Stock,equity,web_csv
2026-07-09,GDX-ASX,EQX,Equinox Gold Corp,CA29446Y5020,,29954971.0,291761418.0,1.26,USD,Materials,Canada,Stock,equity,web_csv
2026-07-09,GDX-ASX,FRES LN,Fresnillo Plc,GB00B2QPKJ12,,7859642.0,278715974.0,1.21,GBP,Materials,Mexico,Stock,equity,web_csv
2026-07-09,GDX-ASX,LUG CN,Lundin Gold Inc,CA5503711080,,4333308.0,246591138.0,1.07,CAD,Materials,Canada,Stock,equity,web_csv
2026-07-09,GDX-ASX,HMY,Harmony Gold Mining Co Ltd,US4132163001,,16299543.0,244819136.0,1.06,USD,Materials,South Africa,Stock,equity,web_csv
2026-07-09,GDX-ASX,DPM CN,Dundee Precious Metals Inc,CA26139R1091,,6518561.0,230156142.0,1.0,CAD,Materials,Canada,Stock,equity,web_csv
2026-07-09,GDX-ASX,OGC,Oceanagold Corp,CA6752224007,,8686252.0,216548262.0,0.94,USD,Materials,Canada,Stock,equity,web_csv
2026-07-09,GDX-ASX,GMIN CN,G Mining Ventures Corp,CA36270K1021,,6895858.0,208152976.0,0.9,CAD,Materials,Canada,Stock,equity,web_csv
2026-07-09,GDX-ASX,2259 HK,Zijin Gold International Co Ltd,HK0001200002,,15932300.0,203373323.0,0.88,HKD,Materials,China,Stock,equity,web_csv
2026-07-09,GDX-ASX,SSRM,Ssr Mining Inc,CA7847301032,,6815076.0,198659465.0,0.86,USD,Materials,Canada,Stock,equity,web_csv
2026-07-09,GDX-ASX,BTG,B2gold Corp,CA11777Q2099,,49441816.0,190845410.0,0.83,USD,Materials,Canada,Stock,equity,web_csv
2026-07-09,GDX-ASX,BVN,Cia De Minas Buenaventura Saa,US2044481040,,6172566.0,182399325.0,0.79,USD,Materials,Peru,Stock,equity,web_csv
2026-07-09,GDX-ASX,DSV CN,Discovery Silver Corp,CA25466C1077,,28704185.0,179040392.0,0.77,CAD,Materials,Canada,Stock,equity,web_csv
2026-07-09,GDX-ASX,1818 HK,Zhaojin Mining Industry Co Ltd,CNE1000004R6,,70065500.0,161755616.0,0.7,HKD,Materials,China,Stock,equity,web_csv
2026-07-09,GDX-ASX,OR,Or Royalties Inc,CA68390D1069,,5276725.0,156982569.0,0.68,USD,Materials,Canada,Stock,equity,web_csv
2026-07-09,GDX-ASX,GGP AU,Greatland Resources Ltd,AU0000397705,,18998041.0,145090095.0,0.63,AUD,Materials,Australia,Stock,equity,web_csv
2026-07-09,GDX-ASX,MAU CN,Montage Gold Corp,CA61178L1013,,12165134.0,145063161.0,0.63,CAD,Materials,Côte D'Ivoire,Stock,equity,web_csv
2026-07-09,GDX-ASX,PRU AU,Perseus Mining Ltd,AU000000PRU3,,42290232.0,141932671.0,0.61,AUD,Materials,Australia,Stock,equity,web_csv
2026-07-09,GDX-ASX,ARTG CN,Artemis Gold Inc,CA04302L1004,,5865058.0,136399585.0,0.59,CAD,Materials,Canada,Stock,equity,web_csv
2026-07-09,GDX-ASX,RMS AU,Ramelius Resources Ltd,AU000000RMS4,,63937268.0,131675191.0,0.57,AUD,Materials,Australia,Stock,equity,web_csv
2026-07-09,GDX-ASX,KNT CN,K92 Mining Inc,CA4991131083,,8156567.0,129204395.0,0.56,CAD,Materials,Canada,Stock,equity,web_csv
2026-07-09,GDX-ASX,AMMN IJ,Amman Mineral Internasional Pt,ID1000191109,,649620300.0,124929698.0,0.54,IDR,Materials,Indonesia,Stock,equity,web_csv
2026-07-09,GDX-ASX,CMM AU,Capricorn Metals Ltd,AU000000CMM9,,13446878.0,123980351.0,0.54,AUD,Materials,Australia,Stock,equity,web_csv
2026-07-09,GDX-ASX,ARMN,Aris Mining Corp,CA04040Y1097,,8188348.0,120778133.0,0.52,USD,Materials,Colombia,Stock,equity,web_csv
2026-07-09,GDX-ASX,GMD AU,Genesis Minerals Ltd,AU000000GMD9,,31190940.0,118051655.0,0.51,AUD,Materials,Australia,Stock,equity,web_csv
2026-07-09,GDX-ASX,TXG CN,Torex Gold Resources Inc,CA8910546032,,2947674.0,112582532.0,0.49,CAD,Materials,Canada,Stock,equity,web_csv
2026-07-09,GDX-ASX,SKE,Skeena Resources Ltd,CA83056P7157,,4037289.0,110863956.0,0.48,USD,Materials,Canada,Stock,equity,web_csv
2026-07-09,GDX-ASX,VAU AU,Vault Minerals Ltd,AU0000427775,,33879433.0,110852079.0,0.48,AUD,Materials,Australia,Stock,equity,web_csv
2026-07-09,GDX-ASX,AYA CN,Aya Gold & Silver Inc,CA05466C1095,,5486886.0,108944062.0,0.47,CAD,Materials,Canada,Stock,equity,web_csv
2026-07-09,GDX-ASX,WDO CN,Wesdome Gold Mines Ltd/Canada,CA95083R1001,,5694343.0,108201557.0,0.47,CAD,Materials,Canada,Stock,equity,web_csv
2026-07-09,GDX-ASX,CGAU,Centerra Gold Inc,CA1520061021,,6608484.0,107123526.0,0.46,USD,Materials,Canada,Stock,equity,web_csv
2026-07-09,GDX-ASX,RRL AU,Regis Resources Ltd,AU000000RRL8,,23831936.0,104549570.0,0.45,AUD,Materials,Australia,Stock,equity,web_csv
2026-07-09,GDX-ASX,AUGO,Aura Minerals Inc,VGG069731120,,1638878.0,103855699.0,0.45,USD,Materials,United States,Stock,equity,web_csv
2026-07-09,GDX-ASX,FSM,Fortuna Silver Mines Inc,CA3499421020,,11299453.0,96836312.0,0.42,USD,Materials,Canada,Stock,equity,web_csv
2026-07-09,GDX-ASX,ORLA,Orla Mining Ltd,CA68634K1066,,9595193.0,93553132.0,0.4,USD,Materials,Mexico,Stock,equity,web_csv
2026-07-09,GDX-ASX,SA,Seabridge Gold Inc,CA8119271028,,3534028.0,92450172.0,0.4,USD,Materials,Canada,Stock,equity,web_csv
2026-07-09,GDX-ASX,EXK,Endeavour Silver Corp,CA29258Y1034,,10859206.0,89479857.0,0.39,USD,Materials,Canada,Stock,equity,web_csv
2026-07-09,GDX-ASX,WGX AU,Westgold Resources Ltd,AU000000WGX6,,26610918.0,85921344.0,0.37,AUD,Materials,Australia,Stock,equity,web_csv
2026-07-09,GDX-ASX,BRMS IJ,Bumi Resources Minerals Tbk Pt,ID1000117609,,3084806100.0,84465845.0,0.37,IDR,Materials,Indonesia,Stock,equity,web_csv
2026-07-09,GDX-ASX,SVM,Silvercorp Metals Inc,CA82835P1036,,8652027.0,82972939.0,0.36,USD,Materials,Canada,Stock,equity,web_csv
2026-07-09,GDX-ASX,HOC LN,Hochschild Mining Plc,GB00B1FW5029,,12471319.0,77470776.0,0.34,GBP,Materials,Peru,Stock,equity,web_csv
2026-07-09,GDX-ASX,LUNR CN,Lunr Royalties Corp,CA5504281067,,959757.0,13191791.0,0.06,CAD,,Canada,Stock,equity,web_csv
2026-07-09,GDX-ASX,-USD CASH-,,CASH,,33843124.0,33843124.0,0.15,USD,,United States,Cash Bal,cash,web_csv
2026-07-09,GDX-ASX,-EUR CASH-,,CASH,,0.0,0.0,0.0,EUR,,Europe,Cash Bal,cash,web_csv
2026-07-09,GDX-ASX,-IDR CASH-,,CASH,,-13312572688.0,-736519.0,-0.0,IDR,,Indonesia,Cash Bal,cash,web_csv
2026-07-09,GDX-ASX,-MXN CASH-,,CASH,,-21423740.0,-1221387.0,-0.01,MXN,,Mexico,Cash Bal,cash,web_csv
2026-07-09,GDX-ASX,-HKD CASH-,,CASH,,-10462820.0,-1335054.0,-0.01,HKD,,China,Cash Bal,cash,web_csv
2026-07-09,GDX-ASX,-GBP CASH-,,CASH,,-1881419.0,-2519504.0,-0.01,GBP,,United Kingdom,Cash Bal,cash,web_csv
2026-07-09,GDX-ASX,-AUD CASH-,,CASH,,-10548811.0,-7319291.0,-0.03,AUD,,Australia,Cash Bal,cash,web_csv
2026-07-09,GDX-ASX,-CAD CASH-,,CASH,,-10983937.0,-7750176.0,-0.03,CAD,,Canada,Cash Bal,cash,web_csv
2026-07-09,GDX-ASX,,Other/Cash,CASH,,0.0,-1599379.0,-0.01,USD,,,Cash,cash,web_csv
2026-07-10,GDX-ASX,NEM,Newmont Corp,US6516391066,,25669105.0,2446009015.0,10.61,USD,Materials,United States,Stock,equity,web_csv
2026-07-10,GDX-ASX,AEM,Agnico Eagle Mines Ltd,CA0084741085,,15832975.0,2325389038.0,10.08,USD,Materials,Canada,Stock,equity,web_csv
2026-07-10,GDX-ASX,B,Barrick Mining Corp,CA06849F1080,,49824059.0,1827546484.0,7.92,USD,Materials,Canada,Stock,equity,web_csv
2026-07-10,GDX-ASX,WPM,Wheaton Precious Metals Corp,CA9628791027,,11488148.0,1264270687.0,5.48,USD,Materials,Brazil,Stock,equity,web_csv
2026-07-10,GDX-ASX,AU,Anglogold Ashanti Plc,GB00BRXH2664,,14351646.0,1178270137.0,5.11,USD,Materials,United States,Stock,equity,web_csv
2026-07-10,GDX-ASX,FNV,Franco-Nevada Corp,CA3518581051,,5403352.0,1110496903.0,4.82,USD,Materials,Canada,Stock,equity,web_csv
2026-07-10,GDX-ASX,KGC,Kinross Gold Corp,CA4969024047,,42836404.0,1034070793.0,4.48,USD,Materials,Canada,Stock,equity,web_csv
2026-07-10,GDX-ASX,GFI,Gold Fields Ltd,US38059T1060,,27881642.0,951879258.0,4.13,USD,Materials,South Africa,Stock,equity,web_csv
2026-07-10,GDX-ASX,PAAS,Pan American Silver Corp,CA6979001089,,15287697.0,667613728.0,2.89,USD,Materials,Canada,Stock,equity,web_csv
2026-07-10,GDX-ASX,NST AU,Northern Star Resources Ltd,AU000000NST8,,45784507.0,649882321.0,2.82,AUD,Materials,Australia,Stock,equity,web_csv
2026-07-10,GDX-ASX,CDE,Coeur Mining Inc,US1921085049,,33560343.0,536294281.0,2.33,USD,Materials,United States,Stock,equity,web_csv
2026-07-10,GDX-ASX,RGLD,Royal Gold Inc,US7802871084,,2246013.0,442082739.0,1.92,USD,Materials,United States,Stock,equity,web_csv
2026-07-10,GDX-ASX,AGI,Alamos Gold Inc,CA0115321089,,14342702.0,422536001.0,1.83,USD,Materials,Canada,Stock,equity,web_csv
2026-07-10,GDX-ASX,EVN AU,Evolution Mining Ltd,AU000000EVN4,,45956507.0,372905141.0,1.62,AUD,Materials,Australia,Stock,equity,web_csv
2026-07-10,GDX-ASX,PE&OLES* MF,Industrias Penoles Sab De Cv,MXP554091415,,7975383.0,359533153.0,1.56,MXN,Materials,Mexico,Stock,equity,web_csv
2026-07-10,GDX-ASX,AG,First Majestic Silver Corp,CA32076V1031,,19357859.0,328115710.0,1.42,USD,Materials,Canada,Stock,equity,web_csv
2026-07-10,GDX-ASX,HL,Hecla Mining Co,US4227041062,,20603385.0,325945551.0,1.41,USD,Materials,United States,Stock,equity,web_csv
2026-07-10,GDX-ASX,EDV LN,Endeavour Mining Plc,GB00BL6K5J42,,6519737.0,321722895.0,1.4,GBP,Materials,United Kingdom,Stock,equity,web_csv
2026-07-10,GDX-ASX,IAG,Iamgold Corp,CA4509131088,,19979721.0,306089326.0,1.33,USD,Materials,Burkina Faso,Stock,equity,web_csv
2026-07-10,GDX-ASX,EGO,Eldorado Gold Corp,CA2849025093,,9688025.0,292965876.0,1.27,USD,Materials,Turkey,Stock,equity,web_csv
2026-07-10,GDX-ASX,EQX,Equinox Gold Corp,CA29446Y5020,,29974611.0,292552203.0,1.27,USD,Materials,Canada,Stock,equity,web_csv
2026-07-10,GDX-ASX,FRES LN,Fresnillo Plc,GB00B2QPKJ12,,7864794.0,277862033.0,1.2,GBP,Materials,Mexico,Stock,equity,web_csv
2026-07-10,GDX-ASX,HMY,Harmony Gold Mining Co Ltd,US4132163001,,16310231.0,246447590.0,1.07,USD,Materials,South Africa,Stock,equity,web_csv
2026-07-10,GDX-ASX,LUG CN,Lundin Gold Inc,CA5503711080,,4336148.0,239720758.0,1.04,CAD,Materials,Canada,Stock,equity,web_csv
2026-07-10,GDX-ASX,DPM CN,Dundee Precious Metals Inc,CA26139R1091,,6522833.0,225917137.0,0.98,CAD,Materials,Canada,Stock,equity,web_csv
2026-07-10,GDX-ASX,OGC,Oceanagold Corp,CA6752224007,,8691948.0,215560310.0,0.93,USD,Materials,Canada,Stock,equity,web_csv
2026-07-10,GDX-ASX,GMIN CN,G Mining Ventures Corp,CA36270K1021,,6900378.0,203395475.0,0.88,CAD,Materials,Canada,Stock,equity,web_csv
2026-07-10,GDX-ASX,2259 HK,Zijin Gold International Co Ltd,HK0001200002,,15942700.0,200545495.0,0.87,HKD,Materials,China,Stock,equity,web_csv
2026-07-10,GDX-ASX,SSRM,Ssr Mining Inc,CA7847301032,,6819544.0,194902568.0,0.85,USD,Materials,Canada,Stock,equity,web_csv
2026-07-10,GDX-ASX,BTG,B2gold Corp,CA11777Q2099,,49474236.0,190475809.0,0.83,USD,Materials,Canada,Stock,equity,web_csv
2026-07-10,GDX-ASX,BVN,Cia De Minas Buenaventura Saa,US2044481040,,6176610.0,185298300.0,0.8,USD,Materials,Peru,Stock,equity,web_csv
2026-07-10,GDX-ASX,DSV CN,Discovery Silver Corp,CA25466C1077,,28723005.0,175579657.0,0.76,CAD,Materials,Canada,Stock,equity,web_csv
2026-07-10,GDX-ASX,1818 HK,Zhaojin Mining Industry Co Ltd,CNE1000004R6,,70111500.0,165704315.0,0.72,HKD,Materials,China,Stock,equity,web_csv
2026-07-10,GDX-ASX,OR,Or Royalties Inc,CA68390D1069,,5280185.0,154603817.0,0.67,USD,Materials,Canada,Stock,equity,web_csv
2026-07-10,GDX-ASX,MAU CN,Montage Gold Corp,CA61178L1013,,12173134.0,148137075.0,0.64,CAD,Materials,Côte D'Ivoire,Stock,equity,web_csv
2026-07-10,GDX-ASX,GGP AU,Greatland Resources Ltd,AU0000397705,,19010493.0,146850536.0,0.64,AUD,Materials,Australia,Stock,equity,web_csv
2026-07-10,GDX-ASX,PRU AU,Perseus Mining Ltd,AU000000PRU3,,42317964.0,145588356.0,0.63,AUD,Materials,Australia,Stock,equity,web_csv
2026-07-10,GDX-ASX,ARTG CN,Artemis Gold Inc,CA04302L1004,,5868902.0,136784133.0,0.59,CAD,Materials,Canada,Stock,equity,web_csv
2026-07-10,GDX-ASX,RMS AU,Ramelius Resources Ltd,AU000000RMS4,,63979172.0,135489838.0,0.59,AUD,Materials,Australia,Stock,equity,web_csv
2026-07-10,GDX-ASX,KNT CN,K92 Mining Inc,CA4991131083,,8161915.0,127586700.0,0.55,CAD,Materials,Canada,Stock,equity,web_csv
2026-07-10,GDX-ASX,AMMN IJ,Amman Mineral Internasional Pt,ID1000191109,,650046300.0,126942474.0,0.55,IDR,Materials,Indonesia,Stock,equity,web_csv
2026-07-10,GDX-ASX,CMM AU,Capricorn Metals Ltd,AU000000CMM9,,13455694.0,124088995.0,0.54,AUD,Materials,Australia,Stock,equity,web_csv
2026-07-10,GDX-ASX,GMD AU,Genesis Minerals Ltd,AU000000GMD9,,31211388.0,123380605.0,0.54,AUD,Materials,Australia,Stock,equity,web_csv
2026-07-10,GDX-ASX,ARMN,Aris Mining Corp,CA04040Y1097,,8193716.0,119300505.0,0.52,USD,Materials,Colombia,Stock,equity,web_csv
2026-07-10,GDX-ASX,VAU AU,Vault Minerals Ltd,AU0000427775,,33901713.0,115031080.0,0.5,AUD,Materials,Australia,Stock,equity,web_csv
2026-07-10,GDX-ASX,TXG CN,Torex Gold Resources Inc,CA8910546032,,2949606.0,112477114.0,0.49,CAD,Materials,Canada,Stock,equity,web_csv
2026-07-10,GDX-ASX,AYA CN,Aya Gold & Silver Inc,CA05466C1095,,5490494.0,111280427.0,0.48,CAD,Materials,Canada,Stock,equity,web_csv
2026-07-10,GDX-ASX,SKE,Skeena Resources Ltd,CA83056P7157,,4039945.0,110048102.0,0.48,USD,Materials,Canada,Stock,equity,web_csv
2026-07-10,GDX-ASX,RRL AU,Regis Resources Ltd,AU000000RRL8,,23847608.0,108329263.0,0.47,AUD,Materials,Australia,Stock,equity,web_csv
2026-07-10,GDX-ASX,CGAU,Centerra Gold Inc,CA1520061021,,6612816.0,107259876.0,0.47,USD,Materials,Canada,Stock,equity,web_csv
2026-07-10,GDX-ASX,WDO CN,Wesdome Gold Mines Ltd/Canada,CA95083R1001,,5698075.0,105783139.0,0.46,CAD,Materials,Canada,Stock,equity,web_csv
2026-07-10,GDX-ASX,AUGO,Aura Minerals Inc,VGG069731120,,1639954.0,99725603.0,0.43,USD,Materials,United States,Stock,equity,web_csv
2026-07-10,GDX-ASX,FSM,Fortuna Silver Mines Inc,CA3499421020,,11306865.0,96334490.0,0.42,USD,Materials,Canada,Stock,equity,web_csv
2026-07-10,GDX-ASX,ORLA,Orla Mining Ltd,CA68634K1066,,9601481.0,93710455.0,0.41,USD,Materials,Mexico,Stock,equity,web_csv
2026-07-10,GDX-ASX,SA,Seabridge Gold Inc,CA8119271028,,3536344.0,91874217.0,0.4,USD,Materials,Canada,Stock,equity,web_csv
2026-07-10,GDX-ASX,WGX AU,Westgold Resources Ltd,AU000000WGX6,,26628358.0,88234815.0,0.38,AUD,Materials,Australia,Stock,equity,web_csv
2026-07-10,GDX-ASX,EXK,Endeavour Silver Corp,CA29258Y1034,,10866326.0,87799914.0,0.38,USD,Materials,Canada,Stock,equity,web_csv
2026-07-10,GDX-ASX,BRMS IJ,Bumi Resources Minerals Tbk Pt,ID1000117609,,3086828500.0,86673007.0,0.38,IDR,Materials,Indonesia,Stock,equity,web_csv
2026-07-10,GDX-ASX,SVM,Silvercorp Metals Inc,CA82835P1036,,8657719.0,82421485.0,0.36,USD,Materials,Canada,Stock,equity,web_csv
2026-07-10,GDX-ASX,HOC LN,Hochschild Mining Plc,GB00B1FW5029,,12479519.0,76268867.0,0.33,GBP,Materials,Peru,Stock,equity,web_csv
2026-07-10,GDX-ASX,LUNR CN,Lunr Royalties Corp,CA5504281067,,959757.0,12730744.0,0.06,CAD,,Canada,Stock,equity,web_csv
2026-07-10,GDX-ASX,-USD CASH-,,CASH,,34200733.0,34200733.0,0.15,USD,,United States,Cash Bal,cash,web_csv
2026-07-10,GDX-ASX,-EUR CASH-,,CASH,,0.0,0.0,0.0,EUR,,Europe,Cash Bal,cash,web_csv
2026-07-10,GDX-ASX,-IDR CASH-,,CASH,,-13312572688.0,-737539.0,-0.0,IDR,,Indonesia,Cash Bal,cash,web_csv
2026-07-10,GDX-ASX,-MXN CASH-,,CASH,,-21423740.0,-1223200.0,-0.01,MXN,,Mexico,Cash Bal,cash,web_csv
2026-07-10,GDX-ASX,-HKD CASH-,,CASH,,-10462820.0,-1334526.0,-0.01,HKD,,China,Cash Bal,cash,web_csv
2026-07-10,GDX-ASX,-GBP CASH-,,CASH,,-1881419.0,-2522984.0,-0.01,GBP,,United Kingdom,Cash Bal,cash,web_csv
2026-07-10,GDX-ASX,-AUD CASH-,,CASH,,-10548811.0,-7326678.0,-0.03,AUD,,Australia,Cash Bal,cash,web_csv
2026-07-10,GDX-ASX,-CAD CASH-,,CASH,,-10983937.0,-7762225.0,-0.03,CAD,,Canada,Cash Bal,cash,web_csv
2026-07-10,GDX-ASX,,Other/Cash,CASH,,0.0,-2276059.0,-0.01,USD,,,Cash,cash,web_csv
2026-07-13,GDX-ASX,NEM,Newmont Corp,US6516391066,,25681720.0,2390968132.0,10.63,USD,Materials,United States,Stock,equity,web_csv
2026-07-13,GDX-ASX,AEM,Agnico Eagle Mines Ltd,CA0084741085,,15840757.0,2273307037.0,10.11,USD,Materials,Canada,Stock,equity,web_csv
2026-07-13,GDX-ASX,B,Barrick Mining Corp,CA06849F1080,,49848545.0,1791556707.0,7.97,USD,Materials,Canada,Stock,equity,web_csv
2026-07-13,GDX-ASX,WPM,Wheaton Precious Metals Corp,CA9628791027,,11493797.0,1239376131.0,5.51,USD,Materials,Brazil,Stock,equity,web_csv
2026-07-13,GDX-ASX,AU,Anglogold Ashanti Plc,GB00BRXH2664,,14358699.0,1145249832.0,5.09,USD,Materials,United States,Stock,equity,web_csv
2026-07-13,GDX-ASX,FNV,Franco-Nevada Corp,CA3518581051,,5406007.0,1083850343.0,4.82,USD,Materials,Canada,Stock,equity,web_csv
2026-07-13,GDX-ASX,KGC,Kinross Gold Corp,CA4969024047,,42857458.0,1006293114.0,4.48,USD,Materials,Canada,Stock,equity,web_csv
2026-07-13,GDX-ASX,GFI,Gold Fields Ltd,US38059T1060,,27895346.0,935330951.0,4.16,USD,Materials,South Africa,Stock,equity,web_csv
2026-07-13,GDX-ASX,PAAS,Pan American Silver Corp,CA6979001089,,15295209.0,653105424.0,2.9,USD,Materials,Canada,Stock,equity,web_csv
2026-07-13,GDX-ASX,NST AU,Northern Star Resources Ltd,AU000000NST8,,45807001.0,622195247.0,2.77,AUD,Materials,Australia,Stock,equity,web_csv
2026-07-13,GDX-ASX,CDE,Coeur Mining Inc,US1921085049,,33576834.0,523462842.0,2.33,USD,Materials,United States,Stock,equity,web_csv
2026-07-13,GDX-ASX,RGLD,Royal Gold Inc,US7802871084,,2247117.0,434749726.0,1.93,USD,Materials,United States,Stock,equity,web_csv
2026-07-13,GDX-ASX,AGI,Alamos Gold Inc,CA0115321089,,14349749.0,414133756.0,1.84,USD,Materials,Canada,Stock,equity,web_csv
2026-07-13,GDX-ASX,EVN AU,Evolution Mining Ltd,AU000000EVN4,,45979088.0,363615810.0,1.62,AUD,Materials,Australia,Stock,equity,web_csv
2026-07-13,GDX-ASX,PE&OLES* MF,Industrias Penoles Sab De Cv,MXP554091415,,7979298.0,350704194.0,1.56,MXN,Materials,Mexico,Stock,equity,web_csv
2026-07-13,GDX-ASX,AG,First Majestic Silver Corp,CA32076V1031,,19367372.0,317624901.0,1.41,USD,Materials,Canada,Stock,equity,web_csv
2026-07-13,GDX-ASX,HL,Hecla Mining Co,US4227041062,,20613513.0,314356073.0,1.4,USD,Materials,United States,Stock,equity,web_csv
2026-07-13,GDX-ASX,EDV LN,Endeavour Mining Plc,GB00BL6K5J42,,6522941.0,311928281.0,1.39,GBP,Materials,United Kingdom,Stock,equity,web_csv
2026-07-13,GDX-ASX,IAG,Iamgold Corp,CA4509131088,,19989543.0,296245027.0,1.32,USD,Materials,Burkina Faso,Stock,equity,web_csv
2026-07-13,GDX-ASX,EQX,Equinox Gold Corp,CA29446Y5020,,29989341.0,283399272.0,1.26,USD,Materials,Canada,Stock,equity,web_csv
2026-07-13,GDX-ASX,EGO,Eldorado Gold Corp,CA2849025093,,9692789.0,282447871.0,1.26,USD,Materials,Turkey,Stock,equity,web_csv
2026-07-13,GDX-ASX,FRES LN,Fresnillo Plc,GB00B2QPKJ12,,7868658.0,267342134.0,1.19,GBP,Materials,Mexico,Stock,equity,web_csv
2026-07-13,GDX-ASX,HMY,Harmony Gold Mining Co Ltd,US4132163001,,16318244.0,244610478.0,1.09,USD,Materials,South Africa,Stock,equity,web_csv
2026-07-13,GDX-ASX,LUG CN,Lundin Gold Inc,CA5503711080,,4338278.0,235225212.0,1.05,CAD,Materials,Canada,Stock,equity,web_csv
2026-07-13,GDX-ASX,DPM CN,Dundee Precious Metals Inc,CA26139R1091,,6526037.0,216857847.0,0.96,CAD,Materials,Canada,Stock,equity,web_csv
2026-07-13,GDX-ASX,OGC,Oceanagold Corp,CA6752224007,,8696220.0,210013713.0,0.93,USD,Materials,Canada,Stock,equity,web_csv
2026-07-13,GDX-ASX,2259 HK,Zijin Gold International Co Ltd,HK0001200002,,15950500.0,197734520.0,0.88,HKD,Materials,China,Stock,equity,web_csv
2026-07-13,GDX-ASX,SSRM,Ssr Mining Inc,CA7847301032,,6822895.0,190290542.0,0.85,USD,Materials,Canada,Stock,equity,web_csv
2026-07-13,GDX-ASX,GMIN CN,G Mining Ventures Corp,CA36270K1021,,6903768.0,189238607.0,0.84,CAD,Materials,Canada,Stock,equity,web_csv
2026-07-13,GDX-ASX,BTG,B2gold Corp,CA11777Q2099,,49498551.0,187104523.0,0.83,USD,Materials,Canada,Stock,equity,web_csv
2026-07-13,GDX-ASX,BVN,Cia De Minas Buenaventura Saa,US2044481040,,6179643.0,184276954.0,0.82,USD,Materials,Peru,Stock,equity,web_csv
2026-07-13,GDX-ASX,DSV CN,Discovery Silver Corp,CA25466C1077,,28737120.0,164775200.0,0.73,CAD,Materials,Canada,Stock,equity,web_csv
2026-07-13,GDX-ASX,1818 HK,Zhaojin Mining Industry Co Ltd,CNE1000004R6,,70146000.0,161744105.0,0.72,HKD,Materials,China,Stock,equity,web_csv
2026-07-13,GDX-ASX,OR,Or Royalties Inc,CA68390D1069,,5282780.0,151774269.0,0.68,USD,Materials,Canada,Stock,equity,web_csv
2026-07-13,GDX-ASX,PRU AU,Perseus Mining Ltd,AU000000PRU3,,42338763.0,141846708.0,0.63,AUD,Materials,Australia,Stock,equity,web_csv
2026-07-13,GDX-ASX,GGP AU,Greatland Resources Ltd,AU0000397705,,19019832.0,139904580.0,0.62,AUD,Materials,Australia,Stock,equity,web_csv
2026-07-13,GDX-ASX,AMMN IJ,Amman Mineral Internasional Pt,ID1000191109,,650365800.0,134974920.0,0.6,IDR,Materials,Indonesia,Stock,equity,web_csv
2026-07-13,GDX-ASX,MAU CN,Montage Gold Corp,CA61178L1013,,12179134.0,132864846.0,0.59,CAD,Materials,Côte D'Ivoire,Stock,equity,web_csv
2026-07-13,GDX-ASX,RMS AU,Ramelius Resources Ltd,AU000000RMS4,,64010597.0,130689159.0,0.58,AUD,Materials,Australia,Stock,equity,web_csv
2026-07-13,GDX-ASX,ARTG CN,Artemis Gold Inc,CA04302L1004,,5871785.0,130645556.0,0.58,CAD,Materials,Canada,Stock,equity,web_csv
2026-07-13,GDX-ASX,GMD AU,Genesis Minerals Ltd,AU000000GMD9,,31226724.0,127159850.0,0.57,AUD,Materials,Australia,Stock,equity,web_csv
2026-07-13,GDX-ASX,KNT CN,K92 Mining Inc,CA4991131083,,8165926.0,123089326.0,0.55,CAD,Materials,Canada,Stock,equity,web_csv
2026-07-13,GDX-ASX,CMM AU,Capricorn Metals Ltd,AU000000CMM9,,13462306.0,117981146.0,0.52,AUD,Materials,Australia,Stock,equity,web_csv
2026-07-13,GDX-ASX,ARMN,Aris Mining Corp,CA04040Y1097,,8197742.0,116325959.0,0.52,USD,Materials,Colombia,Stock,equity,web_csv
2026-07-13,GDX-ASX,VAU AU,Vault Minerals Ltd,AU0000427775,,33918423.0,115356854.0,0.51,AUD,Materials,Australia,Stock,equity,web_csv
2026-07-13,GDX-ASX,TXG CN,Torex Gold Resources Inc,CA8910546032,,2951055.0,111207036.0,0.49,CAD,Materials,Canada,Stock,equity,web_csv
2026-07-13,GDX-ASX,RRL AU,Regis Resources Ltd,AU000000RRL8,,23859362.0,106767047.0,0.47,AUD,Materials,Australia,Stock,equity,web_csv
2026-07-13,GDX-ASX,SKE,Skeena Resources Ltd,CA83056P7157,,4041937.0,105292459.0,0.47,USD,Materials,Canada,Stock,equity,web_csv
2026-07-13,GDX-ASX,AYA CN,Aya Gold & Silver Inc,CA05466C1095,,5493200.0,105094734.0,0.47,CAD,Materials,Canada,Stock,equity,web_csv
2026-07-13,GDX-ASX,CGAU,Centerra Gold Inc,CA1520061021,,6616065.0,104996952.0,0.47,USD,Materials,Canada,Stock,equity,web_csv
2026-07-13,GDX-ASX,WDO CN,Wesdome Gold Mines Ltd/Canada,CA95083R1001,,5700874.0,104956702.0,0.47,CAD,Materials,Canada,Stock,equity,web_csv
2026-07-13,GDX-ASX,FSM,Fortuna Silver Mines Inc,CA3499421020,,11312424.0,94684989.0,0.42,USD,Materials,Canada,Stock,equity,web_csv
2026-07-13,GDX-ASX,ORLA,Orla Mining Ltd,CA68634K1066,,9606197.0,90586438.0,0.4,USD,Materials,Mexico,Stock,equity,web_csv
2026-07-13,GDX-ASX,BRMS IJ,Bumi Resources Minerals Tbk Pt,ID1000117609,,3088345300.0,89945888.0,0.4,IDR,Materials,Indonesia,Stock,equity,web_csv
2026-07-13,GDX-ASX,SA,Seabridge Gold Inc,CA8119271028,,3538081.0,88275121.0,0.39,USD,Materials,Canada,Stock,equity,web_csv
2026-07-13,GDX-ASX,AUGO,Aura Minerals Inc,VGG069731120,,1640761.0,87797121.0,0.39,USD,Materials,United States,Stock,equity,web_csv
2026-07-13,GDX-ASX,WGX AU,Westgold Resources Ltd,AU000000WGX6,,26641438.0,86103724.0,0.38,AUD,Materials,Australia,Stock,equity,web_csv
2026-07-13,GDX-ASX,EXK,Endeavour Silver Corp,CA29258Y1034,,10871663.0,85233838.0,0.38,USD,Materials,Canada,Stock,equity,web_csv
2026-07-13,GDX-ASX,SVM,Silvercorp Metals Inc,CA82835P1036,,8661988.0,79863529.0,0.36,USD,Materials,Canada,Stock,equity,web_csv
2026-07-13,GDX-ASX,HOC LN,Hochschild Mining Plc,GB00B1FW5029,,12485669.0,74025764.0,0.33,GBP,Materials,Peru,Stock,equity,web_csv
2026-07-13,GDX-ASX,-USD CASH-,,CASH,,46614647.0,46614647.0,0.21,USD,,United States,Cash Bal,cash,web_csv
2026-07-13,GDX-ASX,-EUR CASH-,,CASH,,0.0,0.0,0.0,EUR,,Europe,Cash Bal,cash,web_csv
2026-07-13,GDX-ASX,-IDR CASH-,,CASH,,-13312572688.0,-735298.0,-0.0,IDR,,Indonesia,Cash Bal,cash,web_csv
2026-07-13,GDX-ASX,-MXN CASH-,,CASH,,-21423740.0,-1224494.0,-0.01,MXN,,Mexico,Cash Bal,cash,web_csv
2026-07-13,GDX-ASX,-HKD CASH-,,CASH,,-10462820.0,-1334892.0,-0.01,HKD,,China,Cash Bal,cash,web_csv
2026-07-13,GDX-ASX,-GBP CASH-,,CASH,,-1881419.0,-2516680.0,-0.01,GBP,,United Kingdom,Cash Bal,cash,web_csv
2026-07-13,GDX-ASX,-AUD CASH-,,CASH,,-10548811.0,-7315601.0,-0.03,AUD,,Australia,Cash Bal,cash,web_csv
2026-07-13,GDX-ASX,-CAD CASH-,,CASH,,-10983937.0,-7765792.0,-0.03,CAD,,Canada,Cash Bal,cash,web_csv
2026-07-13,GDX-ASX,,Other/Cash,CASH,,0.0,-3259369.0,-0.01,USD,,,Cash,cash,web_csv
2026-07-14,GDX-ASX,NEM,Newmont Corp,US6516391066,,25664904.0,2431749654.0,10.66,USD,Materials,United States,Stock,equity,web_csv
2026-07-14,GDX-ASX,AEM,Agnico Eagle Mines Ltd,CA0084741085,,15830381.0,2286065320.0,10.02,USD,Materials,Canada,Stock,equity,web_csv
2026-07-14,GDX-ASX,B,Barrick Mining Corp,CA06849F1080,,49815897.0,1817782082.0,7.97,USD,Materials,Canada,Stock,equity,web_csv
2026-07-14,GDX-ASX,WPM,Wheaton Precious Metals Corp,CA9628791027,,11486265.0,1246144890.0,5.46,USD,Materials,Brazil,Stock,equity,web_csv
2026-07-14,GDX-ASX,AU,Anglogold Ashanti Plc,GB00BRXH2664,,14349295.0,1152822360.0,5.05,USD,Materials,United States,Stock,equity,web_csv
2026-07-14,GDX-ASX,FNV,Franco-Nevada Corp,CA3518581051,,5402467.0,1096430678.0,4.81,USD,Materials,Canada,Stock,equity,web_csv
2026-07-14,GDX-ASX,KGC,Kinross Gold Corp,CA4969024047,,42829386.0,1024050619.0,4.49,USD,Materials,Canada,Stock,equity,web_csv
2026-07-14,GDX-ASX,GFI,Gold Fields Ltd,US38059T1060,,27877074.0,929142876.0,4.07,USD,Materials,South Africa,Stock,equity,web_csv
2026-07-14,GDX-ASX,PAAS,Pan American Silver Corp,CA6979001089,,15285193.0,665058747.0,2.92,USD,Materials,Canada,Stock,equity,web_csv
2026-07-14,GDX-ASX,NST AU,Northern Star Resources Ltd,AU000000NST8,,45777009.0,641077211.0,2.81,AUD,Materials,Australia,Stock,equity,web_csv
2026-07-14,GDX-ASX,CDE,Coeur Mining Inc,US1921085049,,33554846.0,536877536.0,2.35,USD,Materials,United States,Stock,equity,web_csv
2026-07-14,GDX-ASX,RGLD,Royal Gold Inc,US7802871084,,2245645.0,434554764.0,1.9,USD,Materials,United States,Stock,equity,web_csv
2026-07-14,GDX-ASX,AGI,Alamos Gold Inc,CA0115321089,,14340353.0,421176168.0,1.85,USD,Materials,Canada,Stock,equity,web_csv
2026-07-14,GDX-ASX,EVN AU,Evolution Mining Ltd,AU000000EVN4,,45948984.0,377526952.0,1.65,AUD,Materials,Australia,Stock,equity,web_csv
2026-07-14,GDX-ASX,PE&OLES* MF,Industrias Penoles Sab De Cv,MXP554091415,,7974078.0,358335898.0,1.57,MXN,Materials,Mexico,Stock,equity,web_csv
2026-07-14,GDX-ASX,AG,First Majestic Silver Corp,CA32076V1031,,19354688.0,327674868.0,1.44,USD,Materials,Canada,Stock,equity,web_csv
2026-07-14,GDX-ASX,HL,Hecla Mining Co,US4227041062,,20600009.0,319300140.0,1.4,USD,Materials,United States,Stock,equity,web_csv
2026-07-14,GDX-ASX,EDV LN,Endeavour Mining Plc,GB00BL6K5J42,,6518669.0,312646860.0,1.37,GBP,Materials,United Kingdom,Stock,equity,web_csv
2026-07-14,GDX-ASX,IAG,Iamgold Corp,CA4509131088,,19976447.0,299446941.0,1.31,USD,Materials,Burkina Faso,Stock,equity,web_csv
2026-07-14,GDX-ASX,EGO,Eldorado Gold Corp,CA2849025093,,9686437.0,285556163.0,1.25,USD,Materials,Turkey,Stock,equity,web_csv
2026-07-14,GDX-ASX,EQX,Equinox Gold Corp,CA29446Y5020,,29969701.0,284712160.0,1.25,USD,Materials,Canada,Stock,equity,web_csv
2026-07-14,GDX-ASX,FRES LN,Fresnillo Plc,GB00B2QPKJ12,,7863506.0,270653464.0,1.19,GBP,Materials,Mexico,Stock,equity,web_csv
2026-07-14,GDX-ASX,HMY,Harmony Gold Mining Co Ltd,US4132163001,,16307560.0,248527214.0,1.09,USD,Materials,South Africa,Stock,equity,web_csv
2026-07-14,GDX-ASX,LUG CN,Lundin Gold Inc,CA5503711080,,4335438.0,237227025.0,1.04,CAD,Materials,Canada,Stock,equity,web_csv
2026-07-14,GDX-ASX,DPM CN,Dundee Precious Metals Inc,CA26139R1091,,6521765.0,221668100.0,0.97,CAD,Materials,Canada,Stock,equity,web_csv
2026-07-14,GDX-ASX,2259 HK,Zijin Gold International Co Ltd,HK0001200002,,15940100.0,207539038.0,0.91,HKD,Materials,China,Stock,equity,web_csv
2026-07-14,GDX-ASX,OGC,Oceanagold Corp,CA6752224007,,8690524.0,205878514.0,0.9,USD,Materials,Canada,Stock,equity,web_csv
2026-07-14,GDX-ASX,GMIN CN,G Mining Ventures Corp,CA36270K1021,,6899248.0,197492968.0,0.87,CAD,Materials,Canada,Stock,equity,web_csv
2026-07-14,GDX-ASX,BVN,Cia De Minas Buenaventura Saa,US2044481040,,6175599.0,191628837.0,0.84,USD,Materials,Peru,Stock,equity,web_csv
2026-07-14,GDX-ASX,SSRM,Ssr Mining Inc,CA7847301032,,6818427.0,189620455.0,0.83,USD,Materials,Canada,Stock,equity,web_csv
2026-07-14,GDX-ASX,BTG,B2gold Corp,CA11777Q2099,,49466131.0,187476636.0,0.82,USD,Materials,Canada,Stock,equity,web_csv
2026-07-14,GDX-ASX,DSV CN,Discovery Silver Corp,CA25466C1077,,28718300.0,165680536.0,0.73,CAD,Materials,Canada,Stock,equity,web_csv
2026-07-14,GDX-ASX,1818 HK,Zhaojin Mining Industry Co Ltd,CNE1000004R6,,70100000.0,164106855.0,0.72,HKD,Materials,China,Stock,equity,web_csv
2026-07-14,GDX-ASX,OR,Or Royalties Inc,CA68390D1069,,5279320.0,152572348.0,0.67,USD,Materials,Canada,Stock,equity,web_csv
2026-07-14,GDX-ASX,ARTG CN,Artemis Gold Inc,CA04302L1004,,5867941.0,144011357.0,0.63,CAD,Materials,Canada,Stock,equity,web_csv
2026-07-14,GDX-ASX,PRU AU,Perseus Mining Ltd,AU000000PRU3,,42311035.0,142613555.0,0.63,AUD,Materials,Australia,Stock,equity,web_csv
2026-07-14,GDX-ASX,GGP AU,Greatland Resources Ltd,AU0000397705,,19007380.0,142552647.0,0.62,AUD,Materials,Australia,Stock,equity,web_csv
2026-07-14,GDX-ASX,MAU CN,Montage Gold Corp,CA61178L1013,,12171134.0,139049199.0,0.61,CAD,Materials,Côte D'Ivoire,Stock,equity,web_csv
2026-07-14,GDX-ASX,RMS AU,Ramelius Resources Ltd,AU000000RMS4,,63968697.0,133365445.0,0.58,AUD,Materials,Australia,Stock,equity,web_csv
2026-07-14,GDX-ASX,AMMN IJ,Amman Mineral Internasional Pt,ID1000191109,,649939800.0,132278959.0,0.58,IDR,Materials,Indonesia,Stock,equity,web_csv
2026-07-14,GDX-ASX,GMD AU,Genesis Minerals Ltd,AU000000GMD9,,31206276.0,131237108.0,0.58,AUD,Materials,Australia,Stock,equity,web_csv
2026-07-14,GDX-ASX,KNT CN,K92 Mining Inc,CA4991131083,,8160578.0,125274959.0,0.55,CAD,Materials,Canada,Stock,equity,web_csv
2026-07-14,GDX-ASX,CMM AU,Capricorn Metals Ltd,AU000000CMM9,,13453490.0,120885200.0,0.53,AUD,Materials,Australia,Stock,equity,web_csv
2026-07-14,GDX-ASX,ARMN,Aris Mining Corp,CA04040Y1097,,8192374.0,119035194.0,0.52,USD,Materials,Colombia,Stock,equity,web_csv
2026-07-14,GDX-ASX,VAU AU,Vault Minerals Ltd,AU0000427775,,33896143.0,117965447.0,0.52,AUD,Materials,Australia,Stock,equity,web_csv
2026-07-14,GDX-ASX,TXG CN,Torex Gold Resources Inc,CA8910546032,,2949123.0,115363524.0,0.51,CAD,Materials,Canada,Stock,equity,web_csv
2026-07-14,GDX-ASX,AYA CN,Aya Gold & Silver Inc,CA05466C1095,,5489592.0,109889467.0,0.48,CAD,Materials,Canada,Stock,equity,web_csv
2026-07-14,GDX-ASX,RRL AU,Regis Resources Ltd,AU000000RRL8,,23843690.0,109476993.0,0.48,AUD,Materials,Australia,Stock,equity,web_csv
2026-07-14,GDX-ASX,SKE,Skeena Resources Ltd,CA83056P7157,,4039281.0,108858623.0,0.48,USD,Materials,Canada,Stock,equity,web_csv
2026-07-14,GDX-ASX,CGAU,Centerra Gold Inc,CA1520061021,,6611733.0,105919963.0,0.46,USD,Materials,Canada,Stock,equity,web_csv
2026-07-14,GDX-ASX,WDO CN,Wesdome Gold Mines Ltd/Canada,CA95083R1001,,5697142.0,100589055.0,0.44,CAD,Materials,Canada,Stock,equity,web_csv
2026-07-14,GDX-ASX,BRMS IJ,Bumi Resources Minerals Tbk Pt,ID1000117609,,3086322900.0,98268990.0,0.43,IDR,Materials,Indonesia,Stock,equity,web_csv
2026-07-14,GDX-ASX,FSM,Fortuna Silver Mines Inc,CA3499421020,,11305012.0,96205652.0,0.42,USD,Materials,Canada,Stock,equity,web_csv
2026-07-14,GDX-ASX,AUGO,Aura Minerals Inc,VGG069731120,,1639685.0,93576823.0,0.41,USD,Materials,United States,Stock,equity,web_csv
2026-07-14,GDX-ASX,SA,Seabridge Gold Inc,CA8119271028,,3535765.0,91399525.0,0.4,USD,Materials,Canada,Stock,equity,web_csv
2026-07-14,GDX-ASX,ORLA,Orla Mining Ltd,CA68634K1066,,9599909.0,91103136.0,0.4,USD,Materials,Mexico,Stock,equity,web_csv
2026-07-14,GDX-ASX,WGX AU,Westgold Resources Ltd,AU000000WGX6,,26623998.0,88066435.0,0.39,AUD,Materials,Australia,Stock,equity,web_csv
2026-07-14,GDX-ASX,EXK,Endeavour Silver Corp,CA29258Y1034,,10864547.0,87785540.0,0.38,USD,Materials,Canada,Stock,equity,web_csv
2026-07-14,GDX-ASX,SVM,Silvercorp Metals Inc,CA82835P1036,,8656296.0,81196056.0,0.36,USD,Materials,Canada,Stock,equity,web_csv
2026-07-14,GDX-ASX,HOC LN,Hochschild Mining Plc,GB00B1FW5029,,12477469.0,76530831.0,0.34,GBP,Materials,Peru,Stock,equity,web_csv
2026-07-14,GDX-ASX,-USD CASH-,,CASH,,46495421.0,46495421.0,0.2,USD,,United States,Cash Bal,cash,web_csv
2026-07-14,GDX-ASX,-EUR CASH-,,CASH,,0.0,0.0,0.0,EUR,,Europe,Cash Bal,cash,web_csv
2026-07-14,GDX-ASX,-IDR CASH-,,CASH,,-13312572688.0,-736111.0,-0.0,IDR,,Indonesia,Cash Bal,cash,web_csv
2026-07-14,GDX-ASX,-MXN CASH-,,CASH,,-21423740.0,-1231051.0,-0.01,MXN,,Mexico,Cash Bal,cash,web_csv
2026-07-14,GDX-ASX,-HKD CASH-,,CASH,,-10462820.0,-1334884.0,-0.01,HKD,,China,Cash Bal,cash,web_csv
2026-07-14,GDX-ASX,-GBP CASH-,,CASH,,-1881419.0,-2522324.0,-0.01,GBP,,United Kingdom,Cash Bal,cash,web_csv
2026-07-14,GDX-ASX,-AUD CASH-,,CASH,,-10548811.0,-7370982.0,-0.03,AUD,,Australia,Cash Bal,cash,web_csv
2026-07-14,GDX-ASX,-CAD CASH-,,CASH,,-10983937.0,-7813578.0,-0.03,CAD,,Canada,Cash Bal,cash,web_csv
2026-07-14,GDX-ASX,,Other/Cash,CASH,,0.0,-3477198.0,-0.02,USD,,,Cash,cash,web_csv
2026-07-15,GDX-ASX,NEM,Newmont Corp,US6516391066,,25664904.0,2443555510.0,10.79,USD,Materials,United States,Stock,equity,web_csv
2026-07-15,GDX-ASX,AEM,Agnico Eagle Mines Ltd,CA0084741085,,15830381.0,2251555090.0,9.95,USD,Materials,Canada,Stock,equity,web_csv
2026-07-15,GDX-ASX,B,Barrick Mining Corp,CA06849F1080,,49815897.0,1788888861.0,7.9,USD,Materials,Canada,Stock,equity,web_csv
2026-07-15,GDX-ASX,WPM,Wheaton Precious Metals Corp,CA9628791027,,11486265.0,1246604340.0,5.51,USD,Materials,Brazil,Stock,equity,web_csv
2026-07-15,GDX-ASX,AU,Anglogold Ashanti Plc,GB00BRXH2664,,14349295.0,1135603206.0,5.02,USD,Materials,United States,Stock,equity,web_csv
2026-07-15,GDX-ASX,FNV,Franco-Nevada Corp,CA3518581051,,5402467.0,1094269691.0,4.83,USD,Materials,Canada,Stock,equity,web_csv
2026-07-15,GDX-ASX,KGC,Kinross Gold Corp,CA4969024047,,42829386.0,1013343273.0,4.48,USD,Materials,Canada,Stock,equity,web_csv
2026-07-15,GDX-ASX,GFI,Gold Fields Ltd,US38059T1060,,27877074.0,919664671.0,4.06,USD,Materials,South Africa,Stock,equity,web_csv
2026-07-15,GDX-ASX,PAAS,Pan American Silver Corp,CA6979001089,,15285193.0,665975859.0,2.94,USD,Materials,Canada,Stock,equity,web_csv
2026-07-15,GDX-ASX,NST AU,Northern Star Resources Ltd,AU000000NST8,,45777009.0,649958403.0,2.87,AUD,Materials,Australia,Stock,equity,web_csv
2026-07-15,GDX-ASX,CDE,Coeur Mining Inc,US1921085049,,33554846.0,533857600.0,2.36,USD,Materials,United States,Stock,equity,web_csv
2026-07-15,GDX-ASX,RGLD,Royal Gold Inc,US7802871084,,2245645.0,433454398.0,1.91,USD,Materials,United States,Stock,equity,web_csv
2026-07-15,GDX-ASX,AGI,Alamos Gold Inc,CA0115321089,,14340353.0,416157044.0,1.84,USD,Materials,Canada,Stock,equity,web_csv
2026-07-15,GDX-ASX,EVN AU,Evolution Mining Ltd,AU000000EVN4,,45948984.0,366241229.0,1.62,AUD,Materials,Australia,Stock,equity,web_csv
2026-07-15,GDX-ASX,PE&OLES* MF,Industrias Penoles Sab De Cv,MXP554091415,,7974078.0,356095373.0,1.57,MXN,Materials,Mexico,Stock,equity,web_csv
2026-07-15,GDX-ASX,AG,First Majestic Silver Corp,CA32076V1031,,19354688.0,325932946.0,1.44,USD,Materials,Canada,Stock,equity,web_csv
2026-07-15,GDX-ASX,HL,Hecla Mining Co,US4227041062,,20600009.0,318476139.0,1.41,USD,Materials,United States,Stock,equity,web_csv
2026-07-15,GDX-ASX,EDV LN,Endeavour Mining Plc,GB00BL6K5J42,,6518669.0,310268125.0,1.37,GBP,Materials,United Kingdom,Stock,equity,web_csv
2026-07-15,GDX-ASX,IAG,Iamgold Corp,CA4509131088,,19976447.0,299446941.0,1.32,USD,Materials,Burkina Faso,Stock,equity,web_csv
2026-07-15,GDX-ASX,EGO,Eldorado Gold Corp,CA2849025093,,9686437.0,285168705.0,1.26,USD,Materials,Turkey,Stock,equity,web_csv
2026-07-15,GDX-ASX,EQX,Equinox Gold Corp,CA29446Y5020,,29969701.0,280216704.0,1.24,USD,Materials,Canada,Stock,equity,web_csv
2026-07-15,GDX-ASX,FRES LN,Fresnillo Plc,GB00B2QPKJ12,,7863506.0,269391712.0,1.19,GBP,Materials,Mexico,Stock,equity,web_csv
2026-07-15,GDX-ASX,HMY,Harmony Gold Mining Co Ltd,US4132163001,,16307560.0,247059534.0,1.09,USD,Materials,South Africa,Stock,equity,web_csv
2026-07-15,GDX-ASX,LUG CN,Lundin Gold Inc,CA5503711080,,4335438.0,234551469.0,1.04,CAD,Materials,Canada,Stock,equity,web_csv
2026-07-15,GDX-ASX,DPM CN,Dundee Precious Metals Inc,CA26139R1091,,6521765.0,219627741.0,0.97,CAD,Materials,Canada,Stock,equity,web_csv
2026-07-15,GDX-ASX,OGC,Oceanagold Corp,CA6752224007,,8690524.0,204053504.0,0.9,USD,Materials,Canada,Stock,equity,web_csv
2026-07-15,GDX-ASX,2259 HK,Zijin Gold International Co Ltd,HK0001200002,,15940100.0,203277962.0,0.9,HKD,Materials,China,Stock,equity,web_csv
2026-07-15,GDX-ASX,GMIN CN,G Mining Ventures Corp,CA36270K1021,,6899248.0,190801535.0,0.84,CAD,Materials,Canada,Stock,equity,web_csv
2026-07-15,GDX-ASX,BVN,Cia De Minas Buenaventura Saa,US2044481040,,6175599.0,189652645.0,0.84,USD,Materials,Peru,Stock,equity,web_csv
2026-07-15,GDX-ASX,BTG,B2gold Corp,CA11777Q2099,,49466131.0,187971298.0,0.83,USD,Materials,Canada,Stock,equity,web_csv
2026-07-15,GDX-ASX,SSRM,Ssr Mining Inc,CA7847301032,,6818427.0,185802136.0,0.82,USD,Materials,Canada,Stock,equity,web_csv
2026-07-15,GDX-ASX,1818 HK,Zhaojin Mining Industry Co Ltd,CNE1000004R6,,70100000.0,162612112.0,0.72,HKD,Materials,China,Stock,equity,web_csv
2026-07-15,GDX-ASX,DSV CN,Discovery Silver Corp,CA25466C1077,,28718300.0,161868082.0,0.72,CAD,Materials,Canada,Stock,equity,web_csv
2026-07-15,GDX-ASX,OR,Or Royalties Inc,CA68390D1069,,5279320.0,152044416.0,0.67,USD,Materials,Canada,Stock,equity,web_csv
2026-07-15,GDX-ASX,PRU AU,Perseus Mining Ltd,AU000000PRU3,,42311035.0,143288005.0,0.63,AUD,Materials,Australia,Stock,equity,web_csv
2026-07-15,GDX-ASX,GGP AU,Greatland Resources Ltd,AU0000397705,,19007380.0,143193015.0,0.63,AUD,Materials,Australia,Stock,equity,web_csv
2026-07-15,GDX-ASX,ARTG CN,Artemis Gold Inc,CA04302L1004,,5867941.0,136054882.0,0.6,CAD,Materials,Canada,Stock,equity,web_csv
2026-07-15,GDX-ASX,MAU CN,Montage Gold Corp,CA61178L1013,,12171134.0,135470616.0,0.6,CAD,Materials,Côte D'Ivoire,Stock,equity,web_csv
2026-07-15,GDX-ASX,AMMN IJ,Amman Mineral Internasional Pt,ID1000191109,,649939800.0,134786596.0,0.6,IDR,Materials,Indonesia,Stock,equity,web_csv
2026-07-15,GDX-ASX,RMS AU,Ramelius Resources Ltd,AU000000RMS4,,63968697.0,134454740.0,0.59,AUD,Materials,Australia,Stock,equity,web_csv
2026-07-15,GDX-ASX,GMD AU,Genesis Minerals Ltd,AU000000GMD9,,31206276.0,129684896.0,0.57,AUD,Materials,Australia,Stock,equity,web_csv
2026-07-15,GDX-ASX,KNT CN,K92 Mining Inc,CA4991131083,,8160578.0,123121555.0,0.54,CAD,Materials,Canada,Stock,equity,web_csv
2026-07-15,GDX-ASX,CMM AU,Capricorn Metals Ltd,AU000000CMM9,,13453490.0,121402211.0,0.54,AUD,Materials,Australia,Stock,equity,web_csv
2026-07-15,GDX-ASX,ARMN,Aris Mining Corp,CA04040Y1097,,8192374.0,118052109.0,0.52,USD,Materials,Colombia,Stock,equity,web_csv
2026-07-15,GDX-ASX,VAU AU,Vault Minerals Ltd,AU0000427775,,33896143.0,116581400.0,0.52,AUD,Materials,Australia,Stock,equity,web_csv
2026-07-15,GDX-ASX,TXG CN,Torex Gold Resources Inc,CA8910546032,,2949123.0,115076977.0,0.51,CAD,Materials,Canada,Stock,equity,web_csv
2026-07-15,GDX-ASX,SKE,Skeena Resources Ltd,CA83056P7157,,4039281.0,111201406.0,0.49,USD,Materials,Canada,Stock,equity,web_csv
2026-07-15,GDX-ASX,AYA CN,Aya Gold & Silver Inc,CA05466C1095,,5489592.0,108295549.0,0.48,CAD,Materials,Canada,Stock,equity,web_csv
2026-07-15,GDX-ASX,RRL AU,Regis Resources Ltd,AU000000RRL8,,23843690.0,104752448.0,0.46,AUD,Materials,Australia,Stock,equity,web_csv
2026-07-15,GDX-ASX,CGAU,Centerra Gold Inc,CA1520061021,,6611733.0,103870325.0,0.46,USD,Materials,Canada,Stock,equity,web_csv
2026-07-15,GDX-ASX,WDO CN,Wesdome Gold Mines Ltd/Canada,CA95083R1001,,5697142.0,102699788.0,0.45,CAD,Materials,Canada,Stock,equity,web_csv
2026-07-15,GDX-ASX,FSM,Fortuna Silver Mines Inc,CA3499421020,,11305012.0,95866502.0,0.42,USD,Materials,Canada,Stock,equity,web_csv
2026-07-15,GDX-ASX,BRMS IJ,Bumi Resources Minerals Tbk Pt,ID1000117609,,3086322900.0,94495981.0,0.42,IDR,Materials,Indonesia,Stock,equity,web_csv
2026-07-15,GDX-ASX,SA,Seabridge Gold Inc,CA8119271028,,3535765.0,90338796.0,0.4,USD,Materials,Canada,Stock,equity,web_csv
2026-07-15,GDX-ASX,AUGO,Aura Minerals Inc,VGG069731120,,1639685.0,90035103.0,0.4,USD,Materials,United States,Stock,equity,web_csv
2026-07-15,GDX-ASX,ORLA,Orla Mining Ltd,CA68634K1066,,9599909.0,89663150.0,0.4,USD,Materials,Mexico,Stock,equity,web_csv
2026-07-15,GDX-ASX,WGX AU,Westgold Resources Ltd,AU000000WGX6,,26623998.0,87511793.0,0.39,AUD,Materials,Australia,Stock,equity,web_csv
2026-07-15,GDX-ASX,EXK,Endeavour Silver Corp,CA29258Y1034,,10864547.0,86481794.0,0.38,USD,Materials,Canada,Stock,equity,web_csv
2026-07-15,GDX-ASX,SVM,Silvercorp Metals Inc,CA82835P1036,,8656296.0,80763242.0,0.36,USD,Materials,Canada,Stock,equity,web_csv
2026-07-15,GDX-ASX,HOC LN,Hochschild Mining Plc,GB00B1FW5029,,12477469.0,76904170.0,0.34,GBP,Materials,Peru,Stock,equity,web_csv
2026-07-15,GDX-ASX,-USD CASH-,,CASH,,47555537.0,47555537.0,0.21,USD,,United States,Cash Bal,cash,web_csv
2026-07-15,GDX-ASX,-EUR CASH-,,CASH,,0.0,0.0,0.0,EUR,,Europe,Cash Bal,cash,web_csv
2026-07-15,GDX-ASX,-IDR CASH-,,CASH,,-13312572688.0,-736926.0,-0.0,IDR,,Indonesia,Cash Bal,cash,web_csv
2026-07-15,GDX-ASX,-MXN CASH-,,CASH,,-21423740.0,-1232241.0,-0.01,MXN,,Mexico,Cash Bal,cash,web_csv
2026-07-15,GDX-ASX,-HKD CASH-,,CASH,,-10462820.0,-1334722.0,-0.01,HKD,,China,Cash Bal,cash,web_csv
2026-07-15,GDX-ASX,-GBP CASH-,,CASH,,-1881419.0,-2536060.0,-0.01,GBP,,United Kingdom,Cash Bal,cash,web_csv
2026-07-15,GDX-ASX,-AUD CASH-,,CASH,,-10548811.0,-7383643.0,-0.03,AUD,,Australia,Cash Bal,cash,web_csv
2026-07-15,GDX-ASX,-CAD CASH-,,CASH,,-10983937.0,-7816914.0,-0.03,CAD,,Canada,Cash Bal,cash,web_csv
2026-07-15,GDX-ASX,,Other/Cash,CASH,,0.0,-4851535.0,-0.02,USD,,,Cash,cash,web_csv
2026-07-16,GDX-ASX,NEM,Newmont Corp,US6516391066,,25664904.0,2331143230.0,10.66,USD,Materials,United States,Stock,equity,web_csv
2026-07-16,GDX-ASX,AEM,Agnico Eagle Mines Ltd,CA0084741085,,15830381.0,2173353007.0,9.94,USD,Materials,Canada,Stock,equity,web_csv
2026-07-16,GDX-ASX,B,Barrick Mining Corp,CA06849F1080,,49815897.0,1735585851.0,7.94,USD,Materials,Canada,Stock,equity,web_csv
2026-07-16,GDX-ASX,WPM,Wheaton Precious Metals Corp,CA9628791027,,11486265.0,1197443126.0,5.48,USD,Materials,Brazil,Stock,equity,web_csv
2026-07-16,GDX-ASX,AU,Anglogold Ashanti Plc,GB00BRXH2664,,14349295.0,1095568673.0,5.01,USD,Materials,United States,Stock,equity,web_csv
2026-07-16,GDX-ASX,FNV,Franco-Nevada Corp,CA3518581051,,5402467.0,1070444811.0,4.9,USD,Materials,Canada,Stock,equity,web_csv
2026-07-16,GDX-ASX,KGC,Kinross Gold Corp,CA4969024047,,42829386.0,981649527.0,4.49,USD,Materials,Canada,Stock,equity,web_csv
2026-07-16,GDX-ASX,GFI,Gold Fields Ltd,US38059T1060,,27877074.0,894575305.0,4.09,USD,Materials,South Africa,Stock,equity,web_csv
2026-07-16,GDX-ASX,PAAS,Pan American Silver Corp,CA6979001089,,15285193.0,641672402.0,2.93,USD,Materials,Canada,Stock,equity,web_csv
2026-07-16,GDX-ASX,NST AU,Northern Star Resources Ltd,AU000000NST8,,45777009.0,632552547.0,2.89,AUD,Materials,Australia,Stock,equity,web_csv
2026-07-16,GDX-ASX,CDE,Coeur Mining Inc,US1921085049,,33554846.0,496276172.0,2.27,USD,Materials,United States,Stock,equity,web_csv
2026-07-16,GDX-ASX,RGLD,Royal Gold Inc,US7802871084,,2245645.0,429311183.0,1.96,USD,Materials,United States,Stock,equity,web_csv
2026-07-16,GDX-ASX,AGI,Alamos Gold Inc,CA0115321089,,14340353.0,405114972.0,1.85,USD,Materials,Canada,Stock,equity,web_csv
2026-07-16,GDX-ASX,PE&OLES* MF,Industrias Penoles Sab De Cv,MXP554091415,,7974078.0,355813684.0,1.63,MXN,Materials,Mexico,Stock,equity,web_csv
2026-07-16,GDX-ASX,EVN AU,Evolution Mining Ltd,AU000000EVN4,,45948984.0,350742371.0,1.6,AUD,Materials,Australia,Stock,equity,web_csv
2026-07-16,GDX-ASX,AG,First Majestic Silver Corp,CA32076V1031,,19354688.0,307352445.0,1.41,USD,Materials,Canada,Stock,equity,web_csv
2026-07-16,GDX-ASX,HL,Hecla Mining Co,US4227041062,,20600009.0,299112131.0,1.37,USD,Materials,United States,Stock,equity,web_csv
2026-07-16,GDX-ASX,EDV LN,Endeavour Mining Plc,GB00BL6K5J42,,6518669.0,298174944.0,1.36,GBP,Materials,United Kingdom,Stock,equity,web_csv
2026-07-16,GDX-ASX,IAG,Iamgold Corp,CA4509131088,,19976447.0,283665547.0,1.3,USD,Materials,Burkina Faso,Stock,equity,web_csv
2026-07-16,GDX-ASX,EGO,Eldorado Gold Corp,CA2849025093,,9686437.0,271413965.0,1.24,USD,Materials,Turkey,Stock,equity,web_csv
2026-07-16,GDX-ASX,EQX,Equinox Gold Corp,CA29446Y5020,,29969701.0,262234884.0,1.2,USD,Materials,Canada,Stock,equity,web_csv
2026-07-16,GDX-ASX,FRES LN,Fresnillo Plc,GB00B2QPKJ12,,7863506.0,258373149.0,1.18,GBP,Materials,Mexico,Stock,equity,web_csv
2026-07-16,GDX-ASX,HMY,Harmony Gold Mining Co Ltd,US4132163001,,16307560.0,241025737.0,1.1,USD,Materials,South Africa,Stock,equity,web_csv
2026-07-16,GDX-ASX,LUG CN,Lundin Gold Inc,CA5503711080,,4335438.0,232520979.0,1.06,CAD,Materials,Canada,Stock,equity,web_csv
2026-07-16,GDX-ASX,DPM CN,Dundee Precious Metals Inc,CA26139R1091,,6521765.0,214673312.0,0.98,CAD,Materials,Canada,Stock,equity,web_csv
2026-07-16,GDX-ASX,2259 HK,Zijin Gold International Co Ltd,HK0001200002,,15940100.0,208431753.0,0.95,HKD,Materials,China,Stock,equity,web_csv
2026-07-16,GDX-ASX,OGC,Oceanagold Corp,CA6752224007,,8690524.0,196145127.0,0.9,USD,Materials,Canada,Stock,equity,web_csv
2026-07-16,GDX-ASX,BVN,Cia De Minas Buenaventura Saa,US2044481040,,6175599.0,186317822.0,0.85,USD,Materials,Peru,Stock,equity,web_csv
2026-07-16,GDX-ASX,GMIN CN,G Mining Ventures Corp,CA36270K1021,,6899248.0,186143260.0,0.85,CAD,Materials,Canada,Stock,equity,web_csv
2026-07-16,GDX-ASX,BTG,B2gold Corp,CA11777Q2099,,49466131.0,181046039.0,0.83,USD,Materials,Canada,Stock,equity,web_csv
2026-07-16,GDX-ASX,SSRM,Ssr Mining Inc,CA7847301032,,6818427.0,176529075.0,0.81,USD,Materials,Canada,Stock,equity,web_csv
2026-07-16,GDX-ASX,1818 HK,Zhaojin Mining Industry Co Ltd,CNE1000004R6,,70100000.0,165118283.0,0.76,HKD,Materials,China,Stock,equity,web_csv
2026-07-16,GDX-ASX,DSV CN,Discovery Silver Corp,CA25466C1077,,28718300.0,153491716.0,0.7,CAD,Materials,Canada,Stock,equity,web_csv
2026-07-16,GDX-ASX,OR,Or Royalties Inc,CA68390D1069,,5279320.0,148084926.0,0.68,USD,Materials,Canada,Stock,equity,web_csv
2026-07-16,GDX-ASX,PRU AU,Perseus Mining Ltd,AU000000PRU3,,42311035.0,141064326.0,0.65,AUD,Materials,Australia,Stock,equity,web_csv
2026-07-16,GDX-ASX,AMMN IJ,Amman Mineral Internasional Pt,ID1000191109,,649939800.0,140696213.0,0.64,IDR,Materials,Indonesia,Stock,equity,web_csv
2026-07-16,GDX-ASX,GGP AU,Greatland Resources Ltd,AU0000397705,,19007380.0,138512787.0,0.63,AUD,Materials,Australia,Stock,equity,web_csv
2026-07-16,GDX-ASX,RMS AU,Ramelius Resources Ltd,AU000000RMS4,,63968697.0,132771696.0,0.61,AUD,Materials,Australia,Stock,equity,web_csv
2026-07-16,GDX-ASX,ARTG CN,Artemis Gold Inc,CA04302L1004,,5867941.0,131012002.0,0.6,CAD,Materials,Canada,Stock,equity,web_csv
2026-07-16,GDX-ASX,GMD AU,Genesis Minerals Ltd,AU000000GMD9,,31206276.0,129925900.0,0.59,AUD,Materials,Australia,Stock,equity,web_csv
2026-07-16,GDX-ASX,MAU CN,Montage Gold Corp,CA61178L1013,,12171134.0,129495835.0,0.59,CAD,Materials,Côte D'Ivoire,Stock,equity,web_csv
2026-07-16,GDX-ASX,KNT CN,K92 Mining Inc,CA4991131083,,8160578.0,118635875.0,0.54,CAD,Materials,Canada,Stock,equity,web_csv
2026-07-16,GDX-ASX,VAU AU,Vault Minerals Ltd,AU0000427775,,33896143.0,116699275.0,0.53,AUD,Materials,Australia,Stock,equity,web_csv
2026-07-16,GDX-ASX,CMM AU,Capricorn Metals Ltd,AU000000CMM9,,13453490.0,115485871.0,0.53,AUD,Materials,Australia,Stock,equity,web_csv
2026-07-16,GDX-ASX,TXG CN,Torex Gold Resources Inc,CA8910546032,,2949123.0,111828138.0,0.51,CAD,Materials,Canada,Stock,equity,web_csv
2026-07-16,GDX-ASX,ARMN,Aris Mining Corp,CA04040Y1097,,8192374.0,111498210.0,0.51,USD,Materials,Colombia,Stock,equity,web_csv
2026-07-16,GDX-ASX,AYA CN,Aya Gold & Silver Inc,CA05466C1095,,5489592.0,103004424.0,0.47,CAD,Materials,Canada,Stock,equity,web_csv
2026-07-16,GDX-ASX,SKE,Skeena Resources Ltd,CA83056P7157,,4039281.0,102234202.0,0.47,USD,Materials,Canada,Stock,equity,web_csv
2026-07-16,GDX-ASX,RRL AU,Regis Resources Ltd,AU000000RRL8,,23843690.0,102078097.0,0.47,AUD,Materials,Australia,Stock,equity,web_csv
2026-07-16,GDX-ASX,CGAU,Centerra Gold Inc,CA1520061021,,6611733.0,100762811.0,0.46,USD,Materials,Canada,Stock,equity,web_csv
2026-07-16,GDX-ASX,WDO CN,Wesdome Gold Mines Ltd/Canada,CA95083R1001,,5697142.0,98657082.0,0.45,CAD,Materials,Canada,Stock,equity,web_csv
2026-07-16,GDX-ASX,BRMS IJ,Bumi Resources Minerals Tbk Pt,ID1000117609,,3086322900.0,95465629.0,0.44,IDR,Materials,Indonesia,Stock,equity,web_csv
2026-07-16,GDX-ASX,FSM,Fortuna Silver Mines Inc,CA3499421020,,11305012.0,93040249.0,0.43,USD,Materials,Canada,Stock,equity,web_csv
2026-07-16,GDX-ASX,WGX AU,Westgold Resources Ltd,AU000000WGX6,,26623998.0,86595064.0,0.4,AUD,Materials,Australia,Stock,equity,web_csv
2026-07-16,GDX-ASX,SA,Seabridge Gold Inc,CA8119271028,,3535765.0,86414097.0,0.4,USD,Materials,Canada,Stock,equity,web_csv
2026-07-16,GDX-ASX,ORLA,Orla Mining Ltd,CA68634K1066,,9599909.0,83327210.0,0.38,USD,Materials,Mexico,Stock,equity,web_csv
2026-07-16,GDX-ASX,AUGO,Aura Minerals Inc,VGG069731120,,1639685.0,82410568.0,0.38,USD,Materials,United States,Stock,equity,web_csv
2026-07-16,GDX-ASX,EXK,Endeavour Silver Corp,CA29258Y1034,,10864547.0,81375457.0,0.37,USD,Materials,Canada,Stock,equity,web_csv
2026-07-16,GDX-ASX,SVM,Silvercorp Metals Inc,CA82835P1036,,8656296.0,76348531.0,0.35,USD,Materials,Canada,Stock,equity,web_csv
2026-07-16,GDX-ASX,HOC LN,Hochschild Mining Plc,GB00B1FW5029,,12477469.0,73217554.0,0.33,GBP,Materials,Peru,Stock,equity,web_csv
2026-07-16,GDX-ASX,-USD CASH-,,CASH,,47898010.0,47898010.0,0.22,USD,,United States,Cash Bal,cash,web_csv
2026-07-16,GDX-ASX,-EUR CASH-,,CASH,,0.0,0.0,0.0,EUR,,Europe,Cash Bal,cash,web_csv
2026-07-16,GDX-ASX,-IDR CASH-,,CASH,,-13312572688.0,-740204.0,-0.0,IDR,,Indonesia,Cash Bal,cash,web_csv
2026-07-16,GDX-ASX,-MXN CASH-,,CASH,,-21423740.0,-1228355.0,-0.01,MXN,,Mexico,Cash Bal,cash,web_csv
2026-07-16,GDX-ASX,-HKD CASH-,,CASH,,-10462820.0,-1334637.0,-0.01,HKD,,China,Cash Bal,cash,web_csv
2026-07-16,GDX-ASX,-GBP CASH-,,CASH,,-1881419.0,-2537754.0,-0.01,GBP,,United Kingdom,Cash Bal,cash,web_csv
2026-07-16,GDX-ASX,-AUD CASH-,,CASH,,-10548811.0,-7388913.0,-0.03,AUD,,Australia,Cash Bal,cash,web_csv
2026-07-16,GDX-ASX,-CAD CASH-,,CASH,,-10983937.0,-7827498.0,-0.04,CAD,,Canada,Cash Bal,cash,web_csv
2026-07-16,GDX-ASX,,Other/Cash,CASH,,0.0,-5507215.0,-0.03,USD,,,Cash,cash,web_csv
2026-07-17,GDX-ASX,NEM,Newmont Corp,US6516391066,,25681720.0,2303650284.0,10.58,USD,Materials,United States,Stock,equity,web_csv
2026-07-17,GDX-ASX,AEM,Agnico Eagle Mines Ltd,CA0084741085,,15840757.0,2169708486.0,9.97,USD,Materials,Canada,Stock,equity,web_csv
2026-07-17,GDX-ASX,B,Barrick Mining Corp,CA06849F1080,,49848545.0,1741209677.0,8.0,USD,Materials,Canada,Stock,equity,web_csv
2026-07-17,GDX-ASX,WPM,Wheaton Precious Metals Corp,CA9628791027,,11493797.0,1197423771.0,5.5,USD,Materials,Brazil,Stock,equity,web_csv
2026-07-17,GDX-ASX,AU,Anglogold Ashanti Plc,GB00BRXH2664,,14358699.0,1102173735.0,5.06,USD,Materials,United States,Stock,equity,web_csv
2026-07-17,GDX-ASX,FNV,Franco-Nevada Corp,CA3518581051,,5406007.0,1085364025.0,4.99,USD,Materials,Canada,Stock,equity,web_csv
2026-07-17,GDX-ASX,KGC,Kinross Gold Corp,CA4969024047,,42857458.0,967292827.0,4.44,USD,Materials,Canada,Stock,equity,web_csv
2026-07-17,GDX-ASX,GFI,Gold Fields Ltd,US38059T1060,,27895346.0,892372119.0,4.1,USD,Materials,South Africa,Stock,equity,web_csv
2026-07-17,GDX-ASX,PAAS,Pan American Silver Corp,CA6979001089,,15295209.0,638880880.0,2.93,USD,Materials,Canada,Stock,equity,web_csv
2026-07-17,GDX-ASX,NST AU,Northern Star Resources Ltd,AU000000NST8,,45806997.0,618416555.0,2.84,AUD,Materials,Australia,Stock,equity,web_csv
2026-07-17,GDX-ASX,CDE,Coeur Mining Inc,US1921085049,,33576834.0,481827568.0,2.21,USD,Materials,United States,Stock,equity,web_csv
2026-07-17,GDX-ASX,RGLD,Royal Gold Inc,US7802871084,,2247117.0,425087123.0,1.95,USD,Materials,United States,Stock,equity,web_csv
2026-07-17,GDX-ASX,AGI,Alamos Gold Inc,CA0115321089,,14349749.0,405523907.0,1.86,USD,Materials,Canada,Stock,equity,web_csv
2026-07-17,GDX-ASX,PE&OLES* MF,Industrias Penoles Sab De Cv,MXP554091415,,7979298.0,365223095.0,1.68,MXN,Materials,Mexico,Stock,equity,web_csv
2026-07-17,GDX-ASX,EVN AU,Evolution Mining Ltd,AU000000EVN4,,45979088.0,343092018.0,1.58,AUD,Materials,Australia,Stock,equity,web_csv
2026-07-17,GDX-ASX,AG,First Majestic Silver Corp,CA32076V1031,,19367372.0,306198151.0,1.41,USD,Materials,Canada,Stock,equity,web_csv
2026-07-17,GDX-ASX,EDV LN,Endeavour Mining Plc,GB00BL6K5J42,,6522941.0,300657234.0,1.38,GBP,Materials,United Kingdom,Stock,equity,web_csv
2026-07-17,GDX-ASX,HL,Hecla Mining Co,US4227041062,,20613513.0,295391641.0,1.36,USD,Materials,United States,Stock,equity,web_csv
2026-07-17,GDX-ASX,IAG,Iamgold Corp,CA4509131088,,19989539.0,282652081.0,1.3,USD,Materials,Burkina Faso,Stock,equity,web_csv
2026-07-17,GDX-ASX,EGO,Eldorado Gold Corp,CA2849025093,,9692789.0,270913453.0,1.24,USD,Materials,Turkey,Stock,equity,web_csv
2026-07-17,GDX-ASX,EQX,Equinox Gold Corp,CA29446Y5020,,29989341.0,258508119.0,1.19,USD,Materials,Canada,Stock,equity,web_csv
2026-07-17,GDX-ASX,FRES LN,Fresnillo Plc,GB00B2QPKJ12,,7868658.0,256650939.0,1.18,GBP,Materials,Mexico,Stock,equity,web_csv
2026-07-17,GDX-ASX,HMY,Harmony Gold Mining Co Ltd,US4132163001,,16318244.0,239062275.0,1.1,USD,Materials,South Africa,Stock,equity,web_csv
2026-07-17,GDX-ASX,LUG CN,Lundin Gold Inc,CA5503711080,,4338278.0,237835159.0,1.09,CAD,Materials,Canada,Stock,equity,web_csv
2026-07-17,GDX-ASX,DPM CN,Dundee Precious Metals Inc,CA26139R1091,,6526037.0,218846372.0,1.01,CAD,Materials,Canada,Stock,equity,web_csv
2026-07-17,GDX-ASX,2259 HK,Zijin Gold International Co Ltd,HK0001200002,,15950500.0,198441889.0,0.91,HKD,Materials,China,Stock,equity,web_csv
2026-07-17,GDX-ASX,OGC,Oceanagold Corp,CA6752224007,,8696220.0,195751912.0,0.9,USD,Materials,Canada,Stock,equity,web_csv
2026-07-17,GDX-ASX,BVN,Cia De Minas Buenaventura Saa,US2044481040,,6179643.0,186872404.0,0.86,USD,Materials,Peru,Stock,equity,web_csv
2026-07-17,GDX-ASX,GMIN CN,G Mining Ventures Corp,CA36270K1021,,6903768.0,185053007.0,0.85,CAD,Materials,Canada,Stock,equity,web_csv
2026-07-17,GDX-ASX,BTG,B2gold Corp,CA11777Q2099,,49498551.0,181659682.0,0.83,USD,Materials,Canada,Stock,equity,web_csv
2026-07-17,GDX-ASX,SSRM,Ssr Mining Inc,CA7847301032,,6822895.0,174461425.0,0.8,USD,Materials,Canada,Stock,equity,web_csv
2026-07-17,GDX-ASX,DSV CN,Discovery Silver Corp,CA25466C1077,,28737120.0,158733494.0,0.73,CAD,Materials,Canada,Stock,equity,web_csv
2026-07-17,GDX-ASX,1818 HK,Zhaojin Mining Industry Co Ltd,CNE1000004R6,,70146000.0,158371674.0,0.73,HKD,Materials,China,Stock,equity,web_csv
2026-07-17,GDX-ASX,OR,Or Royalties Inc,CA68390D1069,,5282780.0,149502674.0,0.69,USD,Materials,Canada,Stock,equity,web_csv
2026-07-17,GDX-ASX,AMMN IJ,Amman Mineral Internasional Pt,ID1000191109,,650365800.0,145110661.0,0.67,IDR,Materials,Indonesia,Stock,equity,web_csv
2026-07-17,GDX-ASX,PRU AU,Perseus Mining Ltd,AU000000PRU3,,42338763.0,139263292.0,0.64,AUD,Materials,Australia,Stock,equity,web_csv
2026-07-17,GDX-ASX,ARTG CN,Artemis Gold Inc,CA04302L1004,,5871785.0,132709674.0,0.61,CAD,Materials,Canada,Stock,equity,web_csv
2026-07-17,GDX-ASX,GGP AU,Greatland Resources Ltd,AU0000397705,,19019832.0,132658337.0,0.61,AUD,Materials,Australia,Stock,equity,web_csv
2026-07-17,GDX-ASX,MAU CN,Montage Gold Corp,CA61178L1013,,12179134.0,132112640.0,0.61,CAD,Materials,Côte D'Ivoire,Stock,equity,web_csv
2026-07-17,GDX-ASX,RMS AU,Ramelius Resources Ltd,AU000000RMS4,,64010597.0,130129677.0,0.6,AUD,Materials,Australia,Stock,equity,web_csv
2026-07-17,GDX-ASX,GMD AU,Genesis Minerals Ltd,AU000000GMD9,,31226720.0,123416019.0,0.57,AUD,Materials,Australia,Stock,equity,web_csv
2026-07-17,GDX-ASX,KNT CN,K92 Mining Inc,CA4991131083,,8165926.0,120048582.0,0.55,CAD,Materials,Canada,Stock,equity,web_csv
2026-07-17,GDX-ASX,ARMN,Aris Mining Corp,CA04040Y1097,,8197742.0,114276523.0,0.52,USD,Materials,Colombia,Stock,equity,web_csv
2026-07-17,GDX-ASX,TXG CN,Torex Gold Resources Inc,CA8910546032,,2951055.0,111492490.0,0.51,CAD,Materials,Canada,Stock,equity,web_csv
2026-07-17,GDX-ASX,VAU AU,Vault Minerals Ltd,AU0000427775,,33918423.0,111094779.0,0.51,AUD,Materials,Australia,Stock,equity,web_csv
2026-07-17,GDX-ASX,CMM AU,Capricorn Metals Ltd,AU000000CMM9,,13462306.0,111078548.0,0.51,AUD,Materials,Australia,Stock,equity,web_csv
2026-07-17,GDX-ASX,AYA CN,Aya Gold & Silver Inc,CA05466C1095,,5493200.0,103062429.0,0.47,CAD,Materials,Canada,Stock,equity,web_csv
2026-07-17,GDX-ASX,WDO CN,Wesdome Gold Mines Ltd/Canada,CA95083R1001,,5700874.0,103012403.0,0.47,CAD,Materials,Canada,Stock,equity,web_csv
2026-07-17,GDX-ASX,SKE,Skeena Resources Ltd,CA83056P7157,,4041937.0,101775974.0,0.47,USD,Materials,Canada,Stock,equity,web_csv
2026-07-17,GDX-ASX,CGAU,Centerra Gold Inc,CA1520061021,,6616065.0,99836421.0,0.46,USD,Materials,Canada,Stock,equity,web_csv
2026-07-17,GDX-ASX,RRL AU,Regis Resources Ltd,AU000000RRL8,,23859362.0,95429320.0,0.44,AUD,Materials,Australia,Stock,equity,web_csv
2026-07-17,GDX-ASX,BRMS IJ,Bumi Resources Minerals Tbk Pt,ID1000117609,,3088345300.0,95175209.0,0.44,IDR,Materials,Indonesia,Stock,equity,web_csv
2026-07-17,GDX-ASX,FSM,Fortuna Silver Mines Inc,CA3499421020,,11312420.0,92309347.0,0.42,USD,Materials,Canada,Stock,equity,web_csv
2026-07-17,GDX-ASX,SA,Seabridge Gold Inc,CA8119271028,,3538081.0,87178316.0,0.4,USD,Materials,Canada,Stock,equity,web_csv
2026-07-17,GDX-ASX,ORLA,Orla Mining Ltd,CA68634K1066,,9606197.0,82709356.0,0.38,USD,Materials,Mexico,Stock,equity,web_csv
2026-07-17,GDX-ASX,AUGO,Aura Minerals Inc,VGG069731120,,1640761.0,82399017.0,0.38,USD,Materials,United States,Stock,equity,web_csv
2026-07-17,GDX-ASX,WGX AU,Westgold Resources Ltd,AU000000WGX6,,26641438.0,82202472.0,0.38,AUD,Materials,Australia,Stock,equity,web_csv
2026-07-17,GDX-ASX,EXK,Endeavour Silver Corp,CA29258Y1034,,10871663.0,80559023.0,0.37,USD,Materials,Canada,Stock,equity,web_csv
2026-07-17,GDX-ASX,SVM,Silvercorp Metals Inc,CA82835P1036,,8661988.0,77264933.0,0.35,USD,Materials,Canada,Stock,equity,web_csv
2026-07-17,GDX-ASX,HOC LN,Hochschild Mining Plc,GB00B1FW5029,,12485669.0,71214941.0,0.33,GBP,Materials,Peru,Stock,equity,web_csv
2026-07-17,GDX-ASX,-USD CASH-,,CASH,,48134686.0,48134686.0,0.22,USD,,United States,Cash Bal,cash,web_csv
2026-07-17,GDX-ASX,-EUR CASH-,,CASH,,0.0,0.0,0.0,EUR,,Europe,Cash Bal,cash,web_csv
2026-07-17,GDX-ASX,-IDR CASH-,,CASH,,-13312572688.0,-744135.0,-0.0,IDR,,Indonesia,Cash Bal,cash,web_csv
2026-07-17,GDX-ASX,-MXN CASH-,,CASH,,-21418378.0,-1221830.0,-0.01,MXN,,Mexico,Cash Bal,cash,web_csv
2026-07-17,GDX-ASX,-HKD CASH-,,CASH,,-10462820.0,-1334475.0,-0.01,HKD,,China,Cash Bal,cash,web_csv
2026-07-17,GDX-ASX,-GBP CASH-,,CASH,,-1881419.0,-2529473.0,-0.01,GBP,,United Kingdom,Cash Bal,cash,web_csv
2026-07-17,GDX-ASX,-AUD CASH-,,CASH,,-10548811.0,-7363598.0,-0.03,AUD,,Australia,Cash Bal,cash,web_csv
2026-07-17,GDX-ASX,-CAD CASH-,,CASH,,-10983937.0,-7838670.0,-0.04,CAD,,Canada,Cash Bal,cash,web_csv
2026-07-17,GDX-ASX,,Other/Cash,CASH,,0.0,-6046433.0,-0.03,USD,,,Cash,cash,web_csv
2026-07-20,GDX-ASX,NEM,Newmont Corp,US6516391066,,25698536.0,2292309411.0,10.6,USD,Materials,United States,Stock,equity,web_csv
2026-07-20,GDX-ASX,AEM,Agnico Eagle Mines Ltd,CA0084741085,,15851133.0,2161143473.0,9.99,USD,Materials,Canada,Stock,equity,web_csv
2026-07-20,GDX-ASX,B,Barrick Mining Corp,CA06849F1080,,49881193.0,1740354824.0,8.05,USD,Materials,Canada,Stock,equity,web_csv
2026-07-20,GDX-ASX,WPM,Wheaton Precious Metals Corp,CA9628791027,,11501329.0,1189812485.0,5.5,USD,Materials,Brazil,Stock,equity,web_csv
2026-07-20,GDX-ASX,FNV,Franco-Nevada Corp,CA3518581051,,5409547.0,1082829023.0,5.01,USD,Materials,Canada,Stock,equity,web_csv
2026-07-20,GDX-ASX,AU,Anglogold Ashanti Plc,GB00BRXH2664,,14368103.0,1075883553.0,4.97,USD,Materials,United States,Stock,equity,web_csv
2026-07-20,GDX-ASX,KGC,Kinross Gold Corp,CA4969024047,,42885530.0,966210991.0,4.47,USD,Materials,Canada,Stock,equity,web_csv
2026-07-20,GDX-ASX,GFI,Gold Fields Ltd,US38059T1060,,27913618.0,872300563.0,4.03,USD,Materials,South Africa,Stock,equity,web_csv
2026-07-20,GDX-ASX,PAAS,Pan American Silver Corp,CA6979001089,,15305225.0,645727443.0,2.99,USD,Materials,Canada,Stock,equity,web_csv
2026-07-20,GDX-ASX,NST AU,Northern Star Resources Ltd,AU000000NST8,,45836985.0,610818363.0,2.82,AUD,Materials,Australia,Stock,equity,web_csv
2026-07-20,GDX-ASX,CDE,Coeur Mining Inc,US1921085049,,33598822.0,475759320.0,2.2,USD,Materials,United States,Stock,equity,web_csv
2026-07-20,GDX-ASX,RGLD,Royal Gold Inc,US7802871084,,2248589.0,421295635.0,1.95,USD,Materials,United States,Stock,equity,web_csv
2026-07-20,GDX-ASX,AGI,Alamos Gold Inc,CA0115321089,,14359145.0,404497115.0,1.87,USD,Materials,Canada,Stock,equity,web_csv
2026-07-20,GDX-ASX,PE&OLES* MF,Industrias Penoles Sab De Cv,MXP554091415,,7984518.0,359154712.0,1.66,MXN,Materials,Mexico,Stock,equity,web_csv
2026-07-20,GDX-ASX,EVN AU,Evolution Mining Ltd,AU000000EVN4,,46009192.0,328524377.0,1.52,AUD,Materials,Australia,Stock,equity,web_csv
2026-07-20,GDX-ASX,AG,First Majestic Silver Corp,CA32076V1031,,19380056.0,307173888.0,1.42,USD,Materials,Canada,Stock,equity,web_csv
2026-07-20,GDX-ASX,EDV LN,Endeavour Mining Plc,GB00BL6K5J42,,6527213.0,299372277.0,1.38,GBP,Materials,United Kingdom,Stock,equity,web_csv
2026-07-20,GDX-ASX,HL,Hecla Mining Co,US4227041062,,20627017.0,294760073.0,1.36,USD,Materials,United States,Stock,equity,web_csv
2026-07-20,GDX-ASX,IAG,Iamgold Corp,CA4509131088,,20002631.0,279236729.0,1.29,USD,Materials,Burkina Faso,Stock,equity,web_csv
2026-07-20,GDX-ASX,EGO,Eldorado Gold Corp,CA2849025093,,9699141.0,268957180.0,1.24,USD,Materials,Turkey,Stock,equity,web_csv
2026-07-20,GDX-ASX,EQX,Equinox Gold Corp,CA29446Y5020,,30008981.0,260477955.0,1.2,USD,Materials,Canada,Stock,equity,web_csv
2026-07-20,GDX-ASX,FRES LN,Fresnillo Plc,GB00B2QPKJ12,,7873810.0,257920453.0,1.19,GBP,Materials,Mexico,Stock,equity,web_csv
2026-07-20,GDX-ASX,LUG CN,Lundin Gold Inc,CA5503711080,,4341118.0,237391862.0,1.1,CAD,Materials,Canada,Stock,equity,web_csv
2026-07-20,GDX-ASX,HMY,Harmony Gold Mining Co Ltd,US4132163001,,16328928.0,233993538.0,1.08,USD,Materials,South Africa,Stock,equity,web_csv
2026-07-20,GDX-ASX,DPM CN,Dundee Precious Metals Inc,CA26139R1091,,6530309.0,218017643.0,1.01,CAD,Materials,Canada,Stock,equity,web_csv
2026-07-20,GDX-ASX,2259 HK,Zijin Gold International Co Ltd,HK0001200002,,15960900.0,197500361.0,0.91,HKD,Materials,China,Stock,equity,web_csv
2026-07-20,GDX-ASX,OGC,Oceanagold Corp,CA6752224007,,8701916.0,193008497.0,0.89,USD,Materials,Canada,Stock,equity,web_csv
2026-07-20,GDX-ASX,GMIN CN,G Mining Ventures Corp,CA36270K1021,,6908288.0,187143492.0,0.87,CAD,Materials,Canada,Stock,equity,web_csv
2026-07-20,GDX-ASX,BVN,Cia De Minas Buenaventura Saa,US2044481040,,6183687.0,185881631.0,0.86,USD,Materials,Peru,Stock,equity,web_csv
2026-07-20,GDX-ASX,BTG,B2gold Corp,CA11777Q2099,,49530971.0,180788044.0,0.84,USD,Materials,Canada,Stock,equity,web_csv
2026-07-20,GDX-ASX,SSRM,Ssr Mining Inc,CA7847301032,,6827363.0,171025443.0,0.79,USD,Materials,Canada,Stock,equity,web_csv
2026-07-20,GDX-ASX,1818 HK,Zhaojin Mining Industry Co Ltd,CNE1000004R6,,70192000.0,163862410.0,0.76,HKD,Materials,China,Stock,equity,web_csv
2026-07-20,GDX-ASX,DSV CN,Discovery Silver Corp,CA25466C1077,,28755940.0,157925487.0,0.73,CAD,Materials,Canada,Stock,equity,web_csv
2026-07-20,GDX-ASX,OR,Or Royalties Inc,CA68390D1069,,5286240.0,148331894.0,0.69,USD,Materials,Canada,Stock,equity,web_csv
2026-07-20,GDX-ASX,AMMN IJ,Amman Mineral Internasional Pt,ID1000191109,,650791800.0,145159195.0,0.67,IDR,Materials,Indonesia,Stock,equity,web_csv
2026-07-20,GDX-ASX,PRU AU,Perseus Mining Ltd,AU000000PRU3,,42366491.0,136388291.0,0.63,AUD,Materials,Australia,Stock,equity,web_csv
2026-07-20,GDX-ASX,GGP AU,Greatland Resources Ltd,AU0000397705,,19032284.0,133733513.0,0.62,AUD,Materials,Australia,Stock,equity,web_csv
2026-07-20,GDX-ASX,ARTG CN,Artemis Gold Inc,CA04302L1004,,5875629.0,132794148.0,0.61,CAD,Materials,Canada,Stock,equity,web_csv
2026-07-20,GDX-ASX,MAU CN,Montage Gold Corp,CA61178L1013,,12187134.0,129613469.0,0.6,CAD,Materials,Côte D'Ivoire,Stock,equity,web_csv
2026-07-20,GDX-ASX,RMS AU,Ramelius Resources Ltd,AU000000RMS4,,64052497.0,128350206.0,0.59,AUD,Materials,Australia,Stock,equity,web_csv
2026-07-20,GDX-ASX,KNT CN,K92 Mining Inc,CA4991131083,,8171274.0,120270085.0,0.56,CAD,Materials,Canada,Stock,equity,web_csv
2026-07-20,GDX-ASX,GMD AU,Genesis Minerals Ltd,AU000000GMD9,,31247164.0,119542536.0,0.55,AUD,Materials,Australia,Stock,equity,web_csv
2026-07-20,GDX-ASX,ARMN,Aris Mining Corp,CA04040Y1097,,8203110.0,113777136.0,0.53,USD,Materials,Colombia,Stock,equity,web_csv
2026-07-20,GDX-ASX,CMM AU,Capricorn Metals Ltd,AU000000CMM9,,13471122.0,110685562.0,0.51,AUD,Materials,Australia,Stock,equity,web_csv
2026-07-20,GDX-ASX,TXG CN,Torex Gold Resources Inc,CA8910546032,,2952987.0,110414026.0,0.51,CAD,Materials,Canada,Stock,equity,web_csv
2026-07-20,GDX-ASX,VAU AU,Vault Minerals Ltd,AU0000427775,,33940703.0,108314333.0,0.5,AUD,Materials,Australia,Stock,equity,web_csv
2026-07-20,GDX-ASX,AYA CN,Aya Gold & Silver Inc,CA05466C1095,,5496808.0,101669636.0,0.47,CAD,Materials,Canada,Stock,equity,web_csv
2026-07-20,GDX-ASX,SKE,Skeena Resources Ltd,CA83056P7157,,4044593.0,101357501.0,0.47,USD,Materials,Canada,Stock,equity,web_csv
2026-07-20,GDX-ASX,WDO CN,Wesdome Gold Mines Ltd/Canada,CA95083R1001,,5704606.0,100967914.0,0.47,CAD,Materials,Canada,Stock,equity,web_csv
2026-07-20,GDX-ASX,CGAU,Centerra Gold Inc,CA1520061021,,6620397.0,100563830.0,0.46,USD,Materials,Canada,Stock,equity,web_csv
2026-07-20,GDX-ASX,BRMS IJ,Bumi Resources Minerals Tbk Pt,ID1000117609,,3090367700.0,98821546.0,0.46,IDR,Materials,Indonesia,Stock,equity,web_csv
2026-07-20,GDX-ASX,RRL AU,Regis Resources Ltd,AU000000RRL8,,23875034.0,93435537.0,0.43,AUD,Materials,Australia,Stock,equity,web_csv
2026-07-20,GDX-ASX,FSM,Fortuna Silver Mines Inc,CA3499421020,,11319828.0,90898219.0,0.42,USD,Materials,Canada,Stock,equity,web_csv
2026-07-20,GDX-ASX,SA,Seabridge Gold Inc,CA8119271028,,3540397.0,87766442.0,0.41,USD,Materials,Canada,Stock,equity,web_csv
2026-07-20,GDX-ASX,ORLA,Orla Mining Ltd,CA68634K1066,,9612485.0,83147995.0,0.38,USD,Materials,Mexico,Stock,equity,web_csv
2026-07-20,GDX-ASX,AUGO,Aura Minerals Inc,VGG069731120,,1641837.0,82206779.0,0.38,USD,Materials,United States,Stock,equity,web_csv
2026-07-20,GDX-ASX,WGX AU,Westgold Resources Ltd,AU000000WGX6,,26658878.0,82130829.0,0.38,AUD,Materials,Australia,Stock,equity,web_csv
2026-07-20,GDX-ASX,EXK,Endeavour Silver Corp,CA29258Y1034,,10878779.0,81590843.0,0.38,USD,Materials,Canada,Stock,equity,web_csv
2026-07-20,GDX-ASX,SVM,Silvercorp Metals Inc,CA82835P1036,,8667680.0,77229029.0,0.36,USD,Materials,Canada,Stock,equity,web_csv
2026-07-20,GDX-ASX,HOC LN,Hochschild Mining Plc,GB00B1FW5029,,12493869.0,70628121.0,0.33,GBP,Materials,Peru,Stock,equity,web_csv
2026-07-20,GDX-ASX,-USD CASH-,,CASH,,51119441.0,51119441.0,0.24,USD,,United States,Cash Bal,cash,web_csv
2026-07-20,GDX-ASX,-EUR CASH-,,CASH,,0.0,0.0,0.0,EUR,,Europe,Cash Bal,cash,web_csv
2026-07-20,GDX-ASX,-IDR CASH-,,CASH,,-13312572688.0,-742268.0,-0.0,IDR,,Indonesia,Cash Bal,cash,web_csv
2026-07-20,GDX-ASX,-MXN CASH-,,CASH,,-21418378.0,-1226500.0,-0.01,MXN,,Mexico,Cash Bal,cash,web_csv
2026-07-20,GDX-ASX,-HKD CASH-,,CASH,,-10462820.0,-1334416.0,-0.01,HKD,,China,Cash Bal,cash,web_csv
2026-07-20,GDX-ASX,-GBP CASH-,,CASH,,-1881419.0,-2527217.0,-0.01,GBP,,United Kingdom,Cash Bal,cash,web_csv
2026-07-20,GDX-ASX,-AUD CASH-,,CASH,,-10548811.0,-7384170.0,-0.03,AUD,,Australia,Cash Bal,cash,web_csv
2026-07-20,GDX-ASX,-CAD CASH-,,CASH,,-10983937.0,-7813856.0,-0.04,CAD,,Canada,Cash Bal,cash,web_csv
2026-07-20,GDX-ASX,,Other/Cash,CASH,,0.0,-9938836.0,-0.05,USD,,,Cash,cash,web_csv
2026-07-21,GDX-ASX,NEM,Newmont Corp,US6516391066,,25698536.0,2376857595.0,10.46,USD,Materials,United States,Stock,equity,web_csv
2026-07-21,GDX-ASX,AEM,Agnico Eagle Mines Ltd,CA0084741085,,15851133.0,2244837455.0,9.88,USD,Materials,Canada,Stock,equity,web_csv
2026-07-21,GDX-ASX,B,Barrick Mining Corp,CA06849F1080,,49881193.0,1814178989.0,7.99,USD,Materials,Canada,Stock,equity,web_csv
2026-07-21,GDX-ASX,WPM,Wheaton Precious Metals Corp,CA9628791027,,11501329.0,1264686137.0,5.57,USD,Materials,Brazil,Stock,equity,web_csv
2026-07-21,GDX-ASX,AU,Anglogold Ashanti Plc,GB00BRXH2664,,14368103.0,1127896086.0,4.97,USD,Materials,United States,Stock,equity,web_csv
2026-07-21,GDX-ASX,FNV,Franco-Nevada Corp,CA3518581051,,5409547.0,1121940048.0,4.94,USD,Materials,Canada,Stock,equity,web_csv
2026-07-21,GDX-ASX,KGC,Kinross Gold Corp,CA4969024047,,42885530.0,1003950257.0,4.42,USD,Materials,Canada,Stock,equity,web_csv
2026-07-21,GDX-ASX,GFI,Gold Fields Ltd,US38059T1060,,27913618.0,901330725.0,3.97,USD,Materials,South Africa,Stock,equity,web_csv
2026-07-21,GDX-ASX,PAAS,Pan American Silver Corp,CA6979001089,,15305225.0,680011147.0,2.99,USD,Materials,Canada,Stock,equity,web_csv
2026-07-21,GDX-ASX,NST AU,Northern Star Resources Ltd,AU000000NST8,,45836985.0,633903547.0,2.79,AUD,Materials,Australia,Stock,equity,web_csv
2026-07-21,GDX-ASX,CDE,Coeur Mining Inc,US1921085049,,33598822.0,514061977.0,2.26,USD,Materials,United States,Stock,equity,web_csv
2026-07-21,GDX-ASX,RGLD,Royal Gold Inc,US7802871084,,2248589.0,436248752.0,1.92,USD,Materials,United States,Stock,equity,web_csv
2026-07-21,GDX-ASX,AGI,Alamos Gold Inc,CA0115321089,,14359145.0,423881960.0,1.87,USD,Materials,Canada,Stock,equity,web_csv
2026-07-21,GDX-ASX,PE&OLES* MF,Industrias Penoles Sab De Cv,MXP554091415,,7984518.0,365781367.0,1.61,MXN,Materials,Mexico,Stock,equity,web_csv
2026-07-21,GDX-ASX,EVN AU,Evolution Mining Ltd,AU000000EVN4,,46009192.0,355837668.0,1.57,AUD,Materials,Australia,Stock,equity,web_csv
2026-07-21,GDX-ASX,AG,First Majestic Silver Corp,CA32076V1031,,19380056.0,326941545.0,1.44,USD,Materials,Canada,Stock,equity,web_csv
2026-07-21,GDX-ASX,HL,Hecla Mining Co,US4227041062,,20627017.0,315387090.0,1.39,USD,Materials,United States,Stock,equity,web_csv
2026-07-21,GDX-ASX,EDV LN,Endeavour Mining Plc,GB00BL6K5J42,,6527213.0,310668206.0,1.37,GBP,Materials,United Kingdom,Stock,equity,web_csv
2026-07-21,GDX-ASX,IAG,Iamgold Corp,CA4509131088,,20002631.0,299239360.0,1.32,USD,Materials,Burkina Faso,Stock,equity,web_csv
2026-07-21,GDX-ASX,EGO,Eldorado Gold Corp,CA2849025093,,9699141.0,295435835.0,1.3,USD,Materials,Turkey,Stock,equity,web_csv
2026-07-21,GDX-ASX,EQX,Equinox Gold Corp,CA29446Y5020,,30008981.0,271881368.0,1.2,USD,Materials,Canada,Stock,equity,web_csv
2026-07-21,GDX-ASX,FRES LN,Fresnillo Plc,GB00B2QPKJ12,,7873810.0,270376370.0,1.19,GBP,Materials,Mexico,Stock,equity,web_csv
2026-07-21,GDX-ASX,HMY,Harmony Gold Mining Co Ltd,US4132163001,,16328928.0,250322466.0,1.1,USD,Materials,South Africa,Stock,equity,web_csv
2026-07-21,GDX-ASX,LUG CN,Lundin Gold Inc,CA5503711080,,4341118.0,243663249.0,1.07,CAD,Materials,Canada,Stock,equity,web_csv
2026-07-21,GDX-ASX,DPM CN,Dundee Precious Metals Inc,CA26139R1091,,6530309.0,234382139.0,1.03,CAD,Materials,Canada,Stock,equity,web_csv
2026-07-21,GDX-ASX,2259 HK,Zijin Gold International Co Ltd,HK0001200002,,15960900.0,220821273.0,0.97,HKD,Materials,China,Stock,equity,web_csv
2026-07-21,GDX-ASX,OGC,Oceanagold Corp,CA6752224007,,8701916.0,204408007.0,0.9,USD,Materials,Canada,Stock,equity,web_csv
2026-07-21,GDX-ASX,GMIN CN,G Mining Ventures Corp,CA36270K1021,,6908288.0,201378372.0,0.89,CAD,Materials,Canada,Stock,equity,web_csv
2026-07-21,GDX-ASX,BVN,Cia De Minas Buenaventura Saa,US2044481040,,6183687.0,193240219.0,0.85,USD,Materials,Peru,Stock,equity,web_csv
2026-07-21,GDX-ASX,BTG,B2gold Corp,CA11777Q2099,,49530971.0,189208309.0,0.83,USD,Materials,Canada,Stock,equity,web_csv
2026-07-21,GDX-ASX,SSRM,Ssr Mining Inc,CA7847301032,,6827363.0,185772547.0,0.82,USD,Materials,Canada,Stock,equity,web_csv
2026-07-21,GDX-ASX,1818 HK,Zhaojin Mining Industry Co Ltd,CNE1000004R6,,70192000.0,183426604.0,0.81,HKD,Materials,China,Stock,equity,web_csv
2026-07-21,GDX-ASX,DSV CN,Discovery Silver Corp,CA25466C1077,,28755940.0,174055823.0,0.77,CAD,Materials,Canada,Stock,equity,web_csv
2026-07-21,GDX-ASX,AMMN IJ,Amman Mineral Internasional Pt,ID1000191109,,650791800.0,156957520.0,0.69,IDR,Materials,Indonesia,Stock,equity,web_csv
2026-07-21,GDX-ASX,OR,Or Royalties Inc,CA68390D1069,,5286240.0,154463933.0,0.68,USD,Materials,Canada,Stock,equity,web_csv
2026-07-21,GDX-ASX,PRU AU,Perseus Mining Ltd,AU000000PRU3,,42366491.0,143960467.0,0.63,AUD,Materials,Australia,Stock,equity,web_csv
2026-07-21,GDX-ASX,ARTG CN,Artemis Gold Inc,CA04302L1004,,5875629.0,143174809.0,0.63,CAD,Materials,Canada,Stock,equity,web_csv
2026-07-21,GDX-ASX,GGP AU,Greatland Resources Ltd,AU0000397705,,19032284.0,137474029.0,0.61,AUD,Materials,Australia,Stock,equity,web_csv
2026-07-21,GDX-ASX,RMS AU,Ramelius Resources Ltd,AU000000RMS4,,64052497.0,137345909.0,0.6,AUD,Materials,Australia,Stock,equity,web_csv
2026-07-21,GDX-ASX,MAU CN,Montage Gold Corp,CA61178L1013,,12187134.0,133005585.0,0.59,CAD,Materials,Côte D'Ivoire,Stock,equity,web_csv
2026-07-21,GDX-ASX,GMD AU,Genesis Minerals Ltd,AU000000GMD9,,31247164.0,127570871.0,0.56,AUD,Materials,Australia,Stock,equity,web_csv
2026-07-21,GDX-ASX,KNT CN,K92 Mining Inc,CA4991131083,,8171274.0,125185599.0,0.55,CAD,Materials,Canada,Stock,equity,web_csv
2026-07-21,GDX-ASX,ARMN,Aris Mining Corp,CA04040Y1097,,8203110.0,120585717.0,0.53,USD,Materials,Colombia,Stock,equity,web_csv
2026-07-21,GDX-ASX,VAU AU,Vault Minerals Ltd,AU0000427775,,33940703.0,115859040.0,0.51,AUD,Materials,Australia,Stock,equity,web_csv
2026-07-21,GDX-ASX,TXG CN,Torex Gold Resources Inc,CA8910546032,,2952987.0,115206830.0,0.51,CAD,Materials,Canada,Stock,equity,web_csv
2026-07-21,GDX-ASX,CMM AU,Capricorn Metals Ltd,AU000000CMM9,,13471122.0,114352299.0,0.5,AUD,Materials,Australia,Stock,equity,web_csv
2026-07-21,GDX-ASX,SKE,Skeena Resources Ltd,CA83056P7157,,4044593.0,108880444.0,0.48,USD,Materials,Canada,Stock,equity,web_csv
2026-07-21,GDX-ASX,BRMS IJ,Bumi Resources Minerals Tbk Pt,ID1000117609,,3090367700.0,107752978.0,0.47,IDR,Materials,Indonesia,Stock,equity,web_csv
2026-07-21,GDX-ASX,WDO CN,Wesdome Gold Mines Ltd/Canada,CA95083R1001,,5704606.0,107149846.0,0.47,CAD,Materials,Canada,Stock,equity,web_csv
2026-07-21,GDX-ASX,CGAU,Centerra Gold Inc,CA1520061021,,6620397.0,106257372.0,0.47,USD,Materials,Canada,Stock,equity,web_csv
2026-07-21,GDX-ASX,AYA CN,Aya Gold & Silver Inc,CA05466C1095,,5496808.0,105743101.0,0.47,CAD,Materials,Canada,Stock,equity,web_csv
2026-07-21,GDX-ASX,RRL AU,Regis Resources Ltd,AU000000RRL8,,23875034.0,100003995.0,0.44,AUD,Materials,Australia,Stock,equity,web_csv
2026-07-21,GDX-ASX,FSM,Fortuna Silver Mines Inc,CA3499421020,,11319828.0,95878943.0,0.42,USD,Materials,Canada,Stock,equity,web_csv
2026-07-21,GDX-ASX,SA,Seabridge Gold Inc,CA8119271028,,3540397.0,93289461.0,0.41,USD,Materials,Canada,Stock,equity,web_csv
2026-07-21,GDX-ASX,AUGO,Aura Minerals Inc,VGG069731120,,1641837.0,90021923.0,0.4,USD,Materials,United States,Stock,equity,web_csv
2026-07-21,GDX-ASX,EXK,Endeavour Silver Corp,CA29258Y1034,,10878779.0,89205988.0,0.39,USD,Materials,Canada,Stock,equity,web_csv
2026-07-21,GDX-ASX,ORLA,Orla Mining Ltd,CA68634K1066,,9612485.0,86992989.0,0.38,USD,Materials,Mexico,Stock,equity,web_csv
2026-07-21,GDX-ASX,WGX AU,Westgold Resources Ltd,AU000000WGX6,,26658878.0,86392748.0,0.38,AUD,Materials,Australia,Stock,equity,web_csv
2026-07-21,GDX-ASX,SVM,Silvercorp Metals Inc,CA82835P1036,,8667680.0,82602990.0,0.36,USD,Materials,Canada,Stock,equity,web_csv
2026-07-21,GDX-ASX,HOC LN,Hochschild Mining Plc,GB00B1FW5029,,12493869.0,74505349.0,0.33,GBP,Materials,Peru,Stock,equity,web_csv
2026-07-21,GDX-ASX,-USD CASH-,,CASH,,50886130.0,50886130.0,0.22,USD,,United States,Cash Bal,cash,web_csv
2026-07-21,GDX-ASX,-EUR CASH-,,CASH,,0.0,0.0,0.0,EUR,,Europe,Cash Bal,cash,web_csv
2026-07-21,GDX-ASX,-IDR CASH-,,CASH,,-13312572688.0,-744343.0,-0.0,IDR,,Indonesia,Cash Bal,cash,web_csv
2026-07-21,GDX-ASX,-HKD CASH-,,CASH,,-10462820.0,-1334288.0,-0.01,HKD,,China,Cash Bal,cash,web_csv
2026-07-21,GDX-ASX,-MXN CASH-,,CASH,,-25518740.0,-1466552.0,-0.01,MXN,,Mexico,Cash Bal,cash,web_csv
2026-07-21,GDX-ASX,-GBP CASH-,,CASH,,-1881419.0,-2515553.0,-0.01,GBP,,United Kingdom,Cash Bal,cash,web_csv
2026-07-21,GDX-ASX,-AUD CASH-,,CASH,,-10548811.0,-7388913.0,-0.03,AUD,,Australia,Cash Bal,cash,web_csv
2026-07-21,GDX-ASX,-CAD CASH-,,CASH,,-12360725.0,-8771137.0,-0.04,CAD,,Canada,Cash Bal,cash,web_csv
2026-07-21,GDX-ASX,,Other/Cash,CASH,,0.0,-8781401.0,-0.04,USD,,,Cash,cash,web_csv
2026-07-22,GDX-ASX,NEM,Newmont Corp,US6516391066,,25681720.0,2459024690.0,10.49,USD,Materials,United States,Stock,equity,web_csv
2026-07-22,GDX-ASX,AEM,Agnico Eagle Mines Ltd,CA0084741085,,15840761.0,2329383905.0,9.93,USD,Materials,Canada,Stock,equity,web_csv
2026-07-22,GDX-ASX,B,Barrick Mining Corp,CA06849F1080,,49848549.0,1869819073.0,7.97,USD,Materials,Canada,Stock,equity,web_csv
2026-07-22,GDX-ASX,WPM,Wheaton Precious Metals Corp,CA9628791027,,11493801.0,1279949679.0,5.46,USD,Materials,Brazil,Stock,equity,web_csv
2026-07-22,GDX-ASX,AU,Anglogold Ashanti Plc,GB00BRXH2664,,14358699.0,1165495598.0,4.97,USD,Materials,United States,Stock,equity,web_csv
2026-07-22,GDX-ASX,FNV,Franco-Nevada Corp,CA3518581051,,5406007.0,1157480159.0,4.94,USD,Materials,Canada,Stock,equity,web_csv
2026-07-22,GDX-ASX,KGC,Kinross Gold Corp,CA4969024047,,42857462.0,1038864879.0,4.43,USD,Materials,Canada,Stock,equity,web_csv
2026-07-22,GDX-ASX,GFI,Gold Fields Ltd,US38059T1060,,27895346.0,937283626.0,4.0,USD,Materials,South Africa,Stock,equity,web_csv
2026-07-22,GDX-ASX,PAAS,Pan American Silver Corp,CA6979001089,,15295209.0,692720016.0,2.95,USD,Materials,Canada,Stock,equity,web_csv
2026-07-22,GDX-ASX,NST AU,Northern Star Resources Ltd,AU000000NST8,,45806997.0,652606625.0,2.78,AUD,Materials,Australia,Stock,equity,web_csv
2026-07-22,GDX-ASX,CDE,Coeur Mining Inc,US1921085049,,33576838.0,531857114.0,2.27,USD,Materials,United States,Stock,equity,web_csv
2026-07-22,GDX-ASX,RGLD,Royal Gold Inc,US7802871084,,2247117.0,452254767.0,1.93,USD,Materials,United States,Stock,equity,web_csv
2026-07-22,GDX-ASX,AGI,Alamos Gold Inc,CA0115321089,,14349749.0,438241334.0,1.87,USD,Materials,Canada,Stock,equity,web_csv
2026-07-22,GDX-ASX,PE&OLES* MF,Industrias Penoles Sab De Cv,MXP554091415,,7979298.0,375013249.0,1.6,MXN,Materials,Mexico,Stock,equity,web_csv
2026-07-22,GDX-ASX,EVN AU,Evolution Mining Ltd,AU000000EVN4,,45979092.0,368039777.0,1.57,AUD,Materials,Australia,Stock,equity,web_csv
2026-07-22,GDX-ASX,AG,First Majestic Silver Corp,CA32076V1031,,19367372.0,335249209.0,1.43,USD,Materials,Canada,Stock,equity,web_csv
2026-07-22,GDX-ASX,EDV LN,Endeavour Mining Plc,GB00BL6K5J42,,6522945.0,324294093.0,1.38,GBP,Materials,United Kingdom,Stock,equity,web_csv
2026-07-22,GDX-ASX,HL,Hecla Mining Co,US4227041062,,20613513.0,323426019.0,1.38,USD,Materials,United States,Stock,equity,web_csv
2026-07-22,GDX-ASX,EGO,Eldorado Gold Corp,CA2849025093,,9692793.0,311041727.0,1.33,USD,Materials,Turkey,Stock,equity,web_csv
2026-07-22,GDX-ASX,IAG,Iamgold Corp,CA4509131088,,19989539.0,302841516.0,1.29,USD,Materials,Burkina Faso,Stock,equity,web_csv
2026-07-22,GDX-ASX,EQX,Equinox Gold Corp,CA29446Y5020,,29989345.0,280400376.0,1.2,USD,Materials,Canada,Stock,equity,web_csv
2026-07-22,GDX-ASX,FRES LN,Fresnillo Plc,GB00B2QPKJ12,,7868658.0,277770651.0,1.18,GBP,Materials,Mexico,Stock,equity,web_csv
2026-07-22,GDX-ASX,HMY,Harmony Gold Mining Co Ltd,US4132163001,,16318244.0,259133715.0,1.11,USD,Materials,South Africa,Stock,equity,web_csv
2026-07-22,GDX-ASX,LUG CN,Lundin Gold Inc,CA5503711080,,4338278.0,252266654.0,1.08,CAD,Materials,Canada,Stock,equity,web_csv
2026-07-22,GDX-ASX,2259 HK,Zijin Gold International Co Ltd,HK0001200002,,15950500.0,241793742.0,1.03,HKD,Materials,China,Stock,equity,web_csv
2026-07-22,GDX-ASX,DPM CN,Dundee Precious Metals Inc,CA26139R1091,,6526037.0,236724932.0,1.01,CAD,Materials,Canada,Stock,equity,web_csv
2026-07-22,GDX-ASX,GMIN CN,G Mining Ventures Corp,CA36270K1021,,6903768.0,216163988.0,0.92,CAD,Materials,Canada,Stock,equity,web_csv
2026-07-22,GDX-ASX,OGC,Oceanagold Corp,CA6752224007,,8696220.0,213405239.0,0.91,USD,Materials,Canada,Stock,equity,web_csv
2026-07-22,GDX-ASX,BVN,Cia De Minas Buenaventura Saa,US2044481040,,6179643.0,198304744.0,0.85,USD,Materials,Peru,Stock,equity,web_csv
2026-07-22,GDX-ASX,BTG,B2gold Corp,CA11777Q2099,,49498555.0,195519292.0,0.83,USD,Materials,Canada,Stock,equity,web_csv
2026-07-22,GDX-ASX,SSRM,Ssr Mining Inc,CA7847301032,,6822895.0,191586892.0,0.82,USD,Materials,Canada,Stock,equity,web_csv
2026-07-22,GDX-ASX,1818 HK,Zhaojin Mining Industry Co Ltd,CNE1000004R6,,70146000.0,188834252.0,0.81,HKD,Materials,China,Stock,equity,web_csv
2026-07-22,GDX-ASX,DSV CN,Discovery Silver Corp,CA25466C1077,,28737120.0,185466592.0,0.79,CAD,Materials,Canada,Stock,equity,web_csv
2026-07-22,GDX-ASX,OR,Or Royalties Inc,CA68390D1069,,5282780.0,155789182.0,0.66,USD,Materials,Canada,Stock,equity,web_csv
2026-07-22,GDX-ASX,AMMN IJ,Amman Mineral Internasional Pt,ID1000191109,,650365800.0,151448727.0,0.65,IDR,Materials,Indonesia,Stock,equity,web_csv
2026-07-22,GDX-ASX,PRU AU,Perseus Mining Ltd,AU000000PRU3,,42338763.0,147265957.0,0.63,AUD,Materials,Australia,Stock,equity,web_csv
2026-07-22,GDX-ASX,MAU CN,Montage Gold Corp,CA61178L1013,,12179134.0,146829277.0,0.63,CAD,Materials,Côte D'Ivoire,Stock,equity,web_csv
2026-07-22,GDX-ASX,ARTG CN,Artemis Gold Inc,CA04302L1004,,5871785.0,145913930.0,0.62,CAD,Materials,Canada,Stock,equity,web_csv
2026-07-22,GDX-ASX,GGP AU,Greatland Resources Ltd,AU0000397705,,19019832.0,139565017.0,0.6,AUD,Materials,Australia,Stock,equity,web_csv
2026-07-22,GDX-ASX,RMS AU,Ramelius Resources Ltd,AU000000RMS4,,64010601.0,139520472.0,0.6,AUD,Materials,Australia,Stock,equity,web_csv
2026-07-22,GDX-ASX,GMD AU,Genesis Minerals Ltd,AU000000GMD9,,31226720.0,134531371.0,0.57,AUD,Materials,Australia,Stock,equity,web_csv
2026-07-22,GDX-ASX,KNT CN,K92 Mining Inc,CA4991131083,,8165926.0,130102864.0,0.55,CAD,Materials,Canada,Stock,equity,web_csv
2026-07-22,GDX-ASX,ARMN,Aris Mining Corp,CA04040Y1097,,8197742.0,122228333.0,0.52,USD,Materials,Colombia,Stock,equity,web_csv
2026-07-22,GDX-ASX,VAU AU,Vault Minerals Ltd,AU0000427775,,33918427.0,120968420.0,0.52,AUD,Materials,Australia,Stock,equity,web_csv
2026-07-22,GDX-ASX,CMM AU,Capricorn Metals Ltd,AU000000CMM9,,13462310.0,119235415.0,0.51,AUD,Materials,Australia,Stock,equity,web_csv
2026-07-22,GDX-ASX,TXG CN,Torex Gold Resources Inc,CA8910546032,,2951055.0,116831145.0,0.5,CAD,Materials,Canada,Stock,equity,web_csv
2026-07-22,GDX-ASX,AYA CN,Aya Gold & Silver Inc,CA05466C1095,,5493200.0,114704116.0,0.49,CAD,Materials,Canada,Stock,equity,web_csv
2026-07-22,GDX-ASX,SKE,Skeena Resources Ltd,CA83056P7157,,4041937.0,113861365.0,0.49,USD,Materials,Canada,Stock,equity,web_csv
2026-07-22,GDX-ASX,CGAU,Centerra Gold Inc,CA1520061021,,6616065.0,110620607.0,0.47,USD,Materials,Canada,Stock,equity,web_csv
2026-07-22,GDX-ASX,WDO CN,Wesdome Gold Mines Ltd/Canada,CA95083R1001,,5700874.0,106492950.0,0.45,CAD,Materials,Canada,Stock,equity,web_csv
2026-07-22,GDX-ASX,RRL AU,Regis Resources Ltd,AU000000RRL8,,23859366.0,105719294.0,0.45,AUD,Materials,Australia,Stock,equity,web_csv
2026-07-22,GDX-ASX,BRMS IJ,Bumi Resources Minerals Tbk Pt,ID1000117609,,3088345700.0,104723753.0,0.45,IDR,Materials,Indonesia,Stock,equity,web_csv
2026-07-22,GDX-ASX,FSM,Fortuna Silver Mines Inc,CA3499421020,,11312420.0,97399936.0,0.42,USD,Materials,Canada,Stock,equity,web_csv
2026-07-22,GDX-ASX,SA,Seabridge Gold Inc,CA8119271028,,3538081.0,96660373.0,0.41,USD,Materials,Canada,Stock,equity,web_csv
2026-07-22,GDX-ASX,AUGO,Aura Minerals Inc,VGG069731120,,1640761.0,91702132.0,0.39,USD,Materials,United States,Stock,equity,web_csv
2026-07-22,GDX-ASX,WGX AU,Westgold Resources Ltd,AU000000WGX6,,26641442.0,90928339.0,0.39,AUD,Materials,Australia,Stock,equity,web_csv
2026-07-22,GDX-ASX,EXK,Endeavour Silver Corp,CA29258Y1034,,10871663.0,90669669.0,0.39,USD,Materials,Canada,Stock,equity,web_csv
2026-07-22,GDX-ASX,ORLA,Orla Mining Ltd,CA68634K1066,,9606197.0,89433694.0,0.38,USD,Materials,Mexico,Stock,equity,web_csv
2026-07-22,GDX-ASX,SVM,Silvercorp Metals Inc,CA82835P1036,,8661992.0,86100200.0,0.37,USD,Materials,Canada,Stock,equity,web_csv
2026-07-22,GDX-ASX,HOC LN,Hochschild Mining Plc,GB00B1FW5029,,12485669.0,76433101.0,0.33,GBP,Materials,Peru,Stock,equity,web_csv
2026-07-22,GDX-ASX,-USD CASH-,,CASH,,47495091.0,47495091.0,0.2,USD,,United States,Cash Bal,cash,web_csv
2026-07-22,GDX-ASX,-EUR CASH-,,CASH,,0.0,0.0,0.0,EUR,,Europe,Cash Bal,cash,web_csv
2026-07-22,GDX-ASX,-IDR CASH-,,CASH,,-16176616451.0,-904732.0,-0.0,IDR,,Indonesia,Cash Bal,cash,web_csv
2026-07-22,GDX-ASX,-HKD CASH-,,CASH,,-10462820.0,-1334492.0,-0.01,HKD,,China,Cash Bal,cash,web_csv
2026-07-22,GDX-ASX,-MXN CASH-,,CASH,,-25518740.0,-1466594.0,-0.01,MXN,,Mexico,Cash Bal,cash,web_csv
2026-07-22,GDX-ASX,-GBP CASH-,,CASH,,-2187434.0,-2925582.0,-0.01,GBP,,United Kingdom,Cash Bal,cash,web_csv
2026-07-22,GDX-ASX,-AUD CASH-,,CASH,,-12280389.0,-8591974.0,-0.04,AUD,,Australia,Cash Bal,cash,web_csv
2026-07-22,GDX-ASX,-CAD CASH-,,CASH,,-12360725.0,-8776119.0,-0.04,CAD,,Canada,Cash Bal,cash,web_csv
2026-07-22,GDX-ASX,,Other/Cash,CASH,,0.0,-3922298.0,-0.02,USD,,,Cash,cash,web_csv
2026-07-23,GDX-ASX,NEM,Newmont Corp,US6516391066,,25652292.0,2429785098.0,10.59,USD,Materials,United States,Stock,equity,web_csv
2026-07-23,GDX-ASX,AEM,Agnico Eagle Mines Ltd,CA0084741085,,15822610.0,2286525371.0,9.96,USD,Materials,Canada,Stock,equity,web_csv
2026-07-23,GDX-ASX,B,Barrick Mining Corp,CA06849F1080,,49791429.0,1850249502.0,8.06,USD,Materials,Canada,Stock,equity,web_csv
2026-07-23,GDX-ASX,WPM,Wheaton Precious Metals Corp,CA9628791027,,11480627.0,1263213389.0,5.5,USD,Materials,Brazil,Stock,equity,web_csv
2026-07-23,GDX-ASX,FNV,Franco-Nevada Corp,CA3518581051,,5399812.0,1156747727.0,5.04,USD,Materials,Canada,Stock,equity,web_csv
2026-07-23,GDX-ASX,AU,Anglogold Ashanti Plc,GB00BRXH2664,,14342242.0,1124718618.0,4.9,USD,Materials,United States,Stock,equity,web_csv
2026-07-23,GDX-ASX,KGC,Kinross Gold Corp,CA4969024047,,42808343.0,1013273479.0,4.42,USD,Materials,Canada,Stock,equity,web_csv
2026-07-23,GDX-ASX,GFI,Gold Fields Ltd,US38059T1060,,27863377.0,899429810.0,3.92,USD,Materials,South Africa,Stock,equity,web_csv
2026-07-23,GDX-ASX,PAAS,Pan American Silver Corp,CA6979001089,,15277681.0,675120723.0,2.94,USD,Materials,Canada,Stock,equity,web_csv
2026-07-23,GDX-ASX,NST AU,Northern Star Resources Ltd,AU000000NST8,,45754525.0,646104276.0,2.82,AUD,Materials,Australia,Stock,equity,web_csv
2026-07-23,GDX-ASX,CDE,Coeur Mining Inc,US1921085049,,33538366.0,511124698.0,2.23,USD,Materials,United States,Stock,equity,web_csv
2026-07-23,GDX-ASX,RGLD,Royal Gold Inc,US7802871084,,2244541.0,448100165.0,1.95,USD,Materials,United States,Stock,equity,web_csv
2026-07-23,GDX-ASX,AGI,Alamos Gold Inc,CA0115321089,,14333306.0,421112530.0,1.84,USD,Materials,Canada,Stock,equity,web_csv
2026-07-23,GDX-ASX,EVN AU,Evolution Mining Ltd,AU000000EVN4,,45926417.0,366779154.0,1.6,AUD,Materials,Australia,Stock,equity,web_csv
2026-07-23,GDX-ASX,PE&OLES* MF,Industrias Penoles Sab De Cv,MXP554091415,,7970163.0,365401410.0,1.59,MXN,Materials,Mexico,Stock,equity,web_csv
2026-07-23,GDX-ASX,AG,First Majestic Silver Corp,CA32076V1031,,19345182.0,318228244.0,1.39,USD,Materials,Canada,Stock,equity,web_csv
2026-07-23,GDX-ASX,HL,Hecla Mining Co,US4227041062,,20589881.0,315436977.0,1.37,USD,Materials,United States,Stock,equity,web_csv
2026-07-23,GDX-ASX,EDV LN,Endeavour Mining Plc,GB00BL6K5J42,,6515476.0,309869289.0,1.35,GBP,Materials,United Kingdom,Stock,equity,web_csv
2026-07-23,GDX-ASX,EGO,Eldorado Gold Corp,CA2849025093,,9681684.0,309717071.0,1.35,USD,Materials,Turkey,Stock,equity,web_csv
2026-07-23,GDX-ASX,IAG,Iamgold Corp,CA4509131088,,19966628.0,294108430.0,1.28,USD,Materials,Burkina Faso,Stock,equity,web_csv
2026-07-23,GDX-ASX,EQX,Equinox Gold Corp,CA29446Y5020,,29954982.0,278281783.0,1.21,USD,Materials,Canada,Stock,equity,web_csv
2026-07-23,GDX-ASX,FRES LN,Fresnillo Plc,GB00B2QPKJ12,,7859642.0,264423008.0,1.15,GBP,Materials,Mexico,Stock,equity,web_csv
2026-07-23,GDX-ASX,HMY,Harmony Gold Mining Co Ltd,US4132163001,,16299547.0,252479983.0,1.1,USD,Materials,South Africa,Stock,equity,web_csv
2026-07-23,GDX-ASX,LUG CN,Lundin Gold Inc,CA5503711080,,4333308.0,243065127.0,1.06,CAD,Materials,Canada,Stock,equity,web_csv
2026-07-23,GDX-ASX,2259 HK,Zijin Gold International Co Ltd,HK0001200002,,15932300.0,239162885.0,1.04,HKD,Materials,China,Stock,equity,web_csv
2026-07-23,GDX-ASX,DPM CN,Dundee Precious Metals Inc,CA26139R1091,,6518561.0,235616771.0,1.03,CAD,Materials,Canada,Stock,equity,web_csv
2026-07-23,GDX-ASX,GMIN CN,G Mining Ventures Corp,CA36270K1021,,6895858.0,209311012.0,0.91,CAD,Materials,Canada,Stock,equity,web_csv
2026-07-23,GDX-ASX,OGC,Oceanagold Corp,CA6752224007,,8686259.0,204474537.0,0.89,USD,Materials,Canada,Stock,equity,web_csv
2026-07-23,GDX-ASX,BVN,Cia De Minas Buenaventura Saa,US2044481040,,6172566.0,193324767.0,0.84,USD,Materials,Peru,Stock,equity,web_csv
2026-07-23,GDX-ASX,BTG,B2gold Corp,CA11777Q2099,,49441834.0,189856643.0,0.83,USD,Materials,Canada,Stock,equity,web_csv
2026-07-23,GDX-ASX,SSRM,Ssr Mining Inc,CA7847301032,,6815076.0,185370067.0,0.81,USD,Materials,Canada,Stock,equity,web_csv
2026-07-23,GDX-ASX,1818 HK,Zhaojin Mining Industry Co Ltd,CNE1000004R6,,70065500.0,183840595.0,0.8,HKD,Materials,China,Stock,equity,web_csv
2026-07-23,GDX-ASX,DSV CN,Discovery Silver Corp,CA25466C1077,,28704192.0,173804265.0,0.76,CAD,Materials,Canada,Stock,equity,web_csv
2026-07-23,GDX-ASX,OR,Or Royalties Inc,CA68390D1069,,5276725.0,153288861.0,0.67,USD,Materials,Canada,Stock,equity,web_csv
2026-07-23,GDX-ASX,AMMN IJ,Amman Mineral Internasional Pt,ID1000191109,,649620300.0,152203563.0,0.66,IDR,Materials,Indonesia,Stock,equity,web_csv
2026-07-23,GDX-ASX,PRU AU,Perseus Mining Ltd,AU000000PRU3,,42290246.0,147427716.0,0.64,AUD,Materials,Australia,Stock,equity,web_csv
2026-07-23,GDX-ASX,MAU CN,Montage Gold Corp,CA61178L1013,,12165134.0,140498123.0,0.61,CAD,Materials,Côte D'Ivoire,Stock,equity,web_csv
2026-07-23,GDX-ASX,ARTG CN,Artemis Gold Inc,CA04302L1004,,5865058.0,140261795.0,0.61,CAD,Materials,Canada,Stock,equity,web_csv
2026-07-23,GDX-ASX,RMS AU,Ramelius Resources Ltd,AU000000RMS4,,63937290.0,139591256.0,0.61,AUD,Materials,Australia,Stock,equity,web_csv
2026-07-23,GDX-ASX,GGP AU,Greatland Resources Ltd,AU0000397705,,18998041.0,137880958.0,0.6,AUD,Materials,Australia,Stock,equity,web_csv
2026-07-23,GDX-ASX,GMD AU,Genesis Minerals Ltd,AU000000GMD9,,31190943.0,131811956.0,0.57,AUD,Materials,Australia,Stock,equity,web_csv
2026-07-23,GDX-ASX,KNT CN,K92 Mining Inc,CA4991131083,,8156567.0,127436408.0,0.56,CAD,Materials,Canada,Stock,equity,web_csv
2026-07-23,GDX-ASX,ARMN,Aris Mining Corp,CA04040Y1097,,8188348.0,119467997.0,0.52,USD,Materials,Colombia,Stock,equity,web_csv
2026-07-23,GDX-ASX,VAU AU,Vault Minerals Ltd,AU0000427775,,33879444.0,118828475.0,0.52,AUD,Materials,Australia,Stock,equity,web_csv
2026-07-23,GDX-ASX,CMM AU,Capricorn Metals Ltd,AU000000CMM9,,13446889.0,115589760.0,0.5,AUD,Materials,Australia,Stock,equity,web_csv
2026-07-23,GDX-ASX,TXG CN,Torex Gold Resources Inc,CA8910546032,,2947674.0,111964533.0,0.49,CAD,Materials,Canada,Stock,equity,web_csv
2026-07-23,GDX-ASX,AYA CN,Aya Gold & Silver Inc,CA05466C1095,,5486886.0,109289811.0,0.48,CAD,Materials,Canada,Stock,equity,web_csv
2026-07-23,GDX-ASX,SKE,Skeena Resources Ltd,CA83056P7157,,4037289.0,108603074.0,0.47,USD,Materials,Canada,Stock,equity,web_csv
2026-07-23,GDX-ASX,CGAU,Centerra Gold Inc,CA1520061021,,6608484.0,107718289.0,0.47,USD,Materials,Canada,Stock,equity,web_csv
2026-07-23,GDX-ASX,BRMS IJ,Bumi Resources Minerals Tbk Pt,ID1000117609,,3084807200.0,104647455.0,0.46,IDR,Materials,Indonesia,Stock,equity,web_csv
2026-07-23,GDX-ASX,RRL AU,Regis Resources Ltd,AU000000RRL8,,23831947.0,104639440.0,0.46,AUD,Materials,Australia,Stock,equity,web_csv
2026-07-23,GDX-ASX,WDO CN,Wesdome Gold Mines Ltd/Canada,CA95083R1001,,5694343.0,104408078.0,0.46,CAD,Materials,Canada,Stock,equity,web_csv
2026-07-23,GDX-ASX,FSM,Fortuna Silver Mines Inc,CA3499421020,,11299456.0,95141420.0,0.41,USD,Materials,Canada,Stock,equity,web_csv
2026-07-23,GDX-ASX,SA,Seabridge Gold Inc,CA8119271028,,3534028.0,91990749.0,0.4,USD,Materials,Canada,Stock,equity,web_csv
2026-07-23,GDX-ASX,AUGO,Aura Minerals Inc,VGG069731120,,1638878.0,90302178.0,0.39,USD,Materials,United States,Stock,equity,web_csv
2026-07-23,GDX-ASX,ORLA,Orla Mining Ltd,CA68634K1066,,9595193.0,88947439.0,0.39,USD,Materials,Mexico,Stock,equity,web_csv
2026-07-23,GDX-ASX,WGX AU,Westgold Resources Ltd,AU000000WGX6,,26610929.0,87033683.0,0.38,AUD,Materials,Australia,Stock,equity,web_csv
2026-07-23,GDX-ASX,EXK,Endeavour Silver Corp,CA29258Y1034,,10859210.0,85896351.0,0.37,USD,Materials,Canada,Stock,equity,web_csv
2026-07-23,GDX-ASX,SVM,Silvercorp Metals Inc,CA82835P1036,,8652038.0,83232606.0,0.36,USD,Materials,Canada,Stock,equity,web_csv
2026-07-23,GDX-ASX,HOC LN,Hochschild Mining Plc,GB00B1FW5029,,12471319.0,73515379.0,0.32,GBP,Materials,Peru,Stock,equity,web_csv
2026-07-23,GDX-ASX,-USD CASH-,,CASH,,41433711.0,41433711.0,0.18,USD,,United States,Cash Bal,cash,web_csv
2026-07-23,GDX-ASX,-EUR CASH-,,CASH,,0.0,0.0,0.0,EUR,,Europe,Cash Bal,cash,web_csv
2026-07-23,GDX-ASX,-IDR CASH-,,CASH,,-16176616451.0,-903974.0,-0.0,IDR,,Indonesia,Cash Bal,cash,web_csv
2026-07-23,GDX-ASX,-MXN CASH-,,CASH,,-21249981.0,-1213027.0,-0.01,MXN,,Mexico,Cash Bal,cash,web_csv
2026-07-23,GDX-ASX,-HKD CASH-,,CASH,,-10462820.0,-1334331.0,-0.01,HKD,,China,Cash Bal,cash,web_csv
2026-07-23,GDX-ASX,-GBP CASH-,,CASH,,-2187434.0,-2912897.0,-0.01,GBP,,United Kingdom,Cash Bal,cash,web_csv
2026-07-23,GDX-ASX,-CAD CASH-,,CASH,,-10837049.0,-7692670.0,-0.03,CAD,,Canada,Cash Bal,cash,web_csv
2026-07-23,GDX-ASX,-AUD CASH-,,CASH,,-12280389.0,-8562500.0,-0.04,AUD,,Australia,Cash Bal,cash,web_csv
2026-07-23,GDX-ASX,,Other/Cash,CASH,,0.0,477040.0,0.0,USD,,,Cash,cash,web_csv
2026-07-24,GDX-ASX,NEM,Newmont Corp,US6516391066,,25627068.0,2388186467.0,10.42,USD,Materials,United States,Stock,equity,web_csv
2026-07-24,GDX-ASX,AEM,Agnico Eagle Mines Ltd,CA0084741085,,15807052.0,2294077457.0,10.01,USD,Materials,Canada,Stock,equity,web_csv
2026-07-24,GDX-ASX,B,Barrick Mining Corp,CA06849F1080,,49742469.0,1845943025.0,8.06,USD,Materials,Canada,Stock,equity,web_csv
2026-07-24,GDX-ASX,WPM,Wheaton Precious Metals Corp,CA9628791027,,11469335.0,1278601466.0,5.58,USD,Materials,Brazil,Stock,equity,web_csv
2026-07-24,GDX-ASX,FNV,Franco-Nevada Corp,CA3518581051,,5394502.0,1158091689.0,5.05,USD,Materials,Canada,Stock,equity,web_csv
2026-07-24,GDX-ASX,AU,Anglogold Ashanti Plc,GB00BRXH2664,,14328136.0,1141522595.0,4.98,USD,Materials,United States,Stock,equity,web_csv
2026-07-24,GDX-ASX,KGC,Kinross Gold Corp,CA4969024047,,42766241.0,1019974848.0,4.45,USD,Materials,Canada,Stock,equity,web_csv
2026-07-24,GDX-ASX,GFI,Gold Fields Ltd,US38059T1060,,27835975.0,910236383.0,3.97,USD,Materials,South Africa,Stock,equity,web_csv
2026-07-24,GDX-ASX,PAAS,Pan American Silver Corp,CA6979001089,,15262657.0,672014788.0,2.93,USD,Materials,Canada,Stock,equity,web_csv
2026-07-24,GDX-ASX,NST AU,Northern Star Resources Ltd,AU000000NST8,,45709549.0,641409760.0,2.8,AUD,Materials,Australia,Stock,equity,web_csv
2026-07-24,GDX-ASX,CDE,Coeur Mining Inc,US1921085049,,33505390.0,506936551.0,2.21,USD,Materials,United States,Stock,equity,web_csv
2026-07-24,GDX-ASX,RGLD,Royal Gold Inc,US7802871084,,2242333.0,450619240.0,1.97,USD,Materials,United States,Stock,equity,web_csv
2026-07-24,GDX-ASX,AGI,Alamos Gold Inc,CA0115321089,,14319212.0,423562291.0,1.85,USD,Materials,Canada,Stock,equity,web_csv
2026-07-24,GDX-ASX,EVN AU,Evolution Mining Ltd,AU000000EVN4,,45881267.0,364173855.0,1.59,AUD,Materials,Australia,Stock,equity,web_csv
2026-07-24,GDX-ASX,PE&OLES* MF,Industrias Penoles Sab De Cv,MXP554091415,,7962333.0,363992366.0,1.59,MXN,Materials,Mexico,Stock,equity,web_csv
2026-07-24,GDX-ASX,AG,First Majestic Silver Corp,CA32076V1031,,19326162.0,315209702.0,1.38,USD,Materials,Canada,Stock,equity,web_csv
2026-07-24,GDX-ASX,HL,Hecla Mining Co,US4227041062,,20569625.0,311424123.0,1.36,USD,Materials,United States,Stock,equity,web_csv
2026-07-24,GDX-ASX,EDV LN,Endeavour Mining Plc,GB00BL6K5J42,,6509074.0,310726840.0,1.36,GBP,Materials,United Kingdom,Stock,equity,web_csv
2026-07-24,GDX-ASX,EGO,Eldorado Gold Corp,CA2849025093,,9672162.0,308348525.0,1.35,USD,Materials,Turkey,Stock,equity,web_csv
2026-07-24,GDX-ASX,IAG,Iamgold Corp,CA4509131088,,19946990.0,292422873.0,1.28,USD,Materials,Burkina Faso,Stock,equity,web_csv
2026-07-24,GDX-ASX,EQX,Equinox Gold Corp,CA29446Y5020,,29925528.0,277708900.0,1.21,USD,Materials,Canada,Stock,equity,web_csv
2026-07-24,GDX-ASX,FRES LN,Fresnillo Plc,GB00B2QPKJ12,,7851914.0,262554504.0,1.15,GBP,Materials,Mexico,Stock,equity,web_csv
2026-07-24,GDX-ASX,HMY,Harmony Gold Mining Co Ltd,US4132163001,,16283521.0,258419478.0,1.13,USD,Materials,South Africa,Stock,equity,web_csv
2026-07-24,GDX-ASX,LUG CN,Lundin Gold Inc,CA5503711080,,4329048.0,244036381.0,1.07,CAD,Materials,Canada,Stock,equity,web_csv
2026-07-24,GDX-ASX,DPM CN,Dundee Precious Metals Inc,CA26139R1091,,6512153.0,242561108.0,1.06,CAD,Materials,Canada,Stock,equity,web_csv
2026-07-24,GDX-ASX,2259 HK,Zijin Gold International Co Ltd,HK0001200002,,15916700.0,233604790.0,1.02,HKD,Materials,China,Stock,equity,web_csv
2026-07-24,GDX-ASX,GMIN CN,G Mining Ventures Corp,CA36270K1021,,6889078.0,210368465.0,0.92,CAD,Materials,Canada,Stock,equity,web_csv
2026-07-24,GDX-ASX,OGC,Oceanagold Corp,CA6752224007,,8677721.0,206876869.0,0.9,USD,Materials,Canada,Stock,equity,web_csv
2026-07-24,GDX-ASX,BTG,B2gold Corp,CA11777Q2099,,49393216.0,191151746.0,0.83,USD,Materials,Canada,Stock,equity,web_csv
2026-07-24,GDX-ASX,BVN,Cia De Minas Buenaventura Saa,US2044481040,,6166500.0,190606515.0,0.83,USD,Materials,Peru,Stock,equity,web_csv
2026-07-24,GDX-ASX,SSRM,Ssr Mining Inc,CA7847301032,,6808374.0,182872926.0,0.8,USD,Materials,Canada,Stock,equity,web_csv
2026-07-24,GDX-ASX,1818 HK,Zhaojin Mining Industry Co Ltd,CNE1000004R6,,69996500.0,181729355.0,0.79,HKD,Materials,China,Stock,equity,web_csv
2026-07-24,GDX-ASX,DSV CN,Discovery Silver Corp,CA25466C1077,,28675968.0,175947423.0,0.77,CAD,Materials,Canada,Stock,equity,web_csv
2026-07-24,GDX-ASX,OR,Or Royalties Inc,CA68390D1069,,5271535.0,153928822.0,0.67,USD,Materials,Canada,Stock,equity,web_csv
2026-07-24,GDX-ASX,AMMN IJ,Amman Mineral Internasional Pt,ID1000191109,,648981300.0,145113559.0,0.63,IDR,Materials,Indonesia,Stock,equity,web_csv
2026-07-24,GDX-ASX,MAU CN,Montage Gold Corp,CA61178L1013,,12153134.0,141541311.0,0.62,CAD,Materials,Côte D'Ivoire,Stock,equity,web_csv
2026-07-24,GDX-ASX,ARTG CN,Artemis Gold Inc,CA04302L1004,,5859292.0,141348684.0,0.62,CAD,Materials,Canada,Stock,equity,web_csv
2026-07-24,GDX-ASX,PRU AU,Perseus Mining Ltd,AU000000PRU3,,42248660.0,141012929.0,0.62,AUD,Materials,Australia,Stock,equity,web_csv
2026-07-24,GDX-ASX,RMS AU,Ramelius Resources Ltd,AU000000RMS4,,63874452.0,134446847.0,0.59,AUD,Materials,Australia,Stock,equity,web_csv
2026-07-24,GDX-ASX,GGP AU,Greatland Resources Ltd,AU0000397705,,18979363.0,134228403.0,0.59,AUD,Materials,Australia,Stock,equity,web_csv
2026-07-24,GDX-ASX,KNT CN,K92 Mining Inc,CA4991131083,,8148545.0,129680001.0,0.57,CAD,Materials,Canada,Stock,equity,web_csv
2026-07-24,GDX-ASX,GMD AU,Genesis Minerals Ltd,AU000000GMD9,,31160277.0,128949953.0,0.56,AUD,Materials,Australia,Stock,equity,web_csv
2026-07-24,GDX-ASX,ARMN,Aris Mining Corp,CA04040Y1097,,8180296.0,119923139.0,0.52,USD,Materials,Colombia,Stock,equity,web_csv
2026-07-24,GDX-ASX,VAU AU,Vault Minerals Ltd,AU0000427775,,33846030.0,115464752.0,0.5,AUD,Materials,Australia,Stock,equity,web_csv
2026-07-24,GDX-ASX,TXG CN,Torex Gold Resources Inc,CA8910546032,,2944776.0,114223389.0,0.5,CAD,Materials,Canada,Stock,equity,web_csv
2026-07-24,GDX-ASX,CMM AU,Capricorn Metals Ltd,AU000000CMM9,,13433671.0,112673289.0,0.49,AUD,Materials,Australia,Stock,equity,web_csv
2026-07-24,GDX-ASX,SKE,Skeena Resources Ltd,CA83056P7157,,4033305.0,109342899.0,0.48,USD,Materials,Canada,Stock,equity,web_csv
2026-07-24,GDX-ASX,AYA CN,Aya Gold & Silver Inc,CA05466C1095,,5481474.0,108177511.0,0.47,CAD,Materials,Canada,Stock,equity,web_csv
2026-07-24,GDX-ASX,CGAU,Centerra Gold Inc,CA1520061021,,6601986.0,106886153.0,0.47,USD,Materials,Canada,Stock,equity,web_csv
2026-07-24,GDX-ASX,WDO CN,Wesdome Gold Mines Ltd/Canada,CA95083R1001,,5688745.0,105602240.0,0.46,CAD,Materials,Canada,Stock,equity,web_csv
2026-07-24,GDX-ASX,RRL AU,Regis Resources Ltd,AU000000RRL8,,23808445.0,99892570.0,0.44,AUD,Materials,Australia,Stock,equity,web_csv
2026-07-24,GDX-ASX,BRMS IJ,Bumi Resources Minerals Tbk Pt,ID1000117609,,3081774200.0,99878024.0,0.44,IDR,Materials,Indonesia,Stock,equity,web_csv
2026-07-24,GDX-ASX,FSM,Fortuna Silver Mines Inc,CA3499421020,,11288344.0,96515341.0,0.42,USD,Materials,Canada,Stock,equity,web_csv
2026-07-24,GDX-ASX,SA,Seabridge Gold Inc,CA8119271028,,3530554.0,91723793.0,0.4,USD,Materials,Canada,Stock,equity,web_csv
2026-07-24,GDX-ASX,AUGO,Aura Minerals Inc,VGG069731120,,1637264.0,89738440.0,0.39,USD,Materials,United States,Stock,equity,web_csv
2026-07-24,GDX-ASX,ORLA,Orla Mining Ltd,CA68634K1066,,9585761.0,88764147.0,0.39,USD,Materials,Mexico,Stock,equity,web_csv
2026-07-24,GDX-ASX,WGX AU,Westgold Resources Ltd,AU000000WGX6,,26584775.0,86244373.0,0.38,AUD,Materials,Australia,Stock,equity,web_csv
2026-07-24,GDX-ASX,EXK,Endeavour Silver Corp,CA29258Y1034,,10848536.0,84835552.0,0.37,USD,Materials,Canada,Stock,equity,web_csv
2026-07-24,GDX-ASX,SVM,Silvercorp Metals Inc,CA82835P1036,,8643506.0,83323398.0,0.36,USD,Materials,Canada,Stock,equity,web_csv
2026-07-24,GDX-ASX,HOC LN,Hochschild Mining Plc,GB00B1FW5029,,12459019.0,72845392.0,0.32,GBP,Materials,Peru,Stock,equity,web_csv
2026-07-24,GDX-ASX,-USD CASH-,,CASH,,16227526.0,16227526.0,0.07,USD,,United States,Cash Bal,cash,web_csv
2026-07-24,GDX-ASX,-AUD CASH-,,CASH,,1890324.0,1321053.0,0.01,AUD,,Australia,Cash Bal,cash,web_csv
2026-07-24,GDX-ASX,-GBP CASH-,,CASH,,332197.0,442753.0,0.0,GBP,,United Kingdom,Cash Bal,cash,web_csv
2026-07-24,GDX-ASX,-HKD CASH-,,CASH,,2206938.0,281425.0,0.0,HKD,,China,Cash Bal,cash,web_csv
2026-07-24,GDX-ASX,-IDR CASH-,,CASH,,2999656374.0,167205.0,0.0,IDR,,Indonesia,Cash Bal,cash,web_csv
2026-07-24,GDX-ASX,-EUR CASH-,,CASH,,0.0,0.0,0.0,EUR,,Europe,Cash Bal,cash,web_csv
2026-07-24,GDX-ASX,-CAD CASH-,,CASH,,-348595.0,-247555.0,-0.0,CAD,,Canada,Cash Bal,cash,web_csv
2026-07-24,GDX-ASX,,Other/Cash,CASH,,0.0,867828.0,0.0,USD,,,Cash,cash,web_csv
2026-07-27,GDX-ASX,NEM,Newmont Corp,US6516391066,,25635476.0,2396147942.0,10.37,USD,Materials,United States,Stock,equity,web_csv
2026-07-27,GDX-ASX,AEM,Agnico Eagle Mines Ltd,CA0084741085,,15812238.0,2307954258.0,9.99,USD,Materials,Canada,Stock,equity,web_csv
2026-07-27,GDX-ASX,B,Barrick Mining Corp,CA06849F1080,,49758789.0,1859983533.0,8.05,USD,Materials,Canada,Stock,equity,web_csv
2026-07-27,GDX-ASX,WPM,Wheaton Precious Metals Corp,CA9628791027,,11473099.0,1285101819.0,5.56,USD,Materials,Brazil,Stock,equity,web_csv
2026-07-27,GDX-ASX,FNV,Franco-Nevada Corp,CA3518581051,,5396272.0,1157122605.0,5.01,USD,Materials,Canada,Stock,equity,web_csv
2026-07-27,GDX-ASX,AU,Anglogold Ashanti Plc,GB00BRXH2664,,14332838.0,1153506802.0,4.99,USD,Materials,United States,Stock,equity,web_csv
2026-07-27,GDX-ASX,KGC,Kinross Gold Corp,CA4969024047,,42780275.0,1023304178.0,4.43,USD,Materials,Canada,Stock,equity,web_csv
2026-07-27,GDX-ASX,GFI,Gold Fields Ltd,US38059T1060,,27845109.0,916382537.0,3.97,USD,Materials,South Africa,Stock,equity,web_csv
2026-07-27,GDX-ASX,PAAS,Pan American Silver Corp,CA6979001089,,15267665.0,673762056.0,2.92,USD,Materials,Canada,Stock,equity,web_csv
2026-07-27,GDX-ASX,NST AU,Northern Star Resources Ltd,AU000000NST8,,45724541.0,648705016.0,2.81,AUD,Materials,Australia,Stock,equity,web_csv
2026-07-27,GDX-ASX,CDE,Coeur Mining Inc,US1921085049,,33516382.0,514811628.0,2.23,USD,Materials,United States,Stock,equity,web_csv
2026-07-27,GDX-ASX,RGLD,Royal Gold Inc,US7802871084,,2243069.0,450901730.0,1.95,USD,Materials,United States,Stock,equity,web_csv
2026-07-27,GDX-ASX,AGI,Alamos Gold Inc,CA0115321089,,14323910.0,425706605.0,1.84,USD,Materials,Canada,Stock,equity,web_csv
2026-07-27,GDX-ASX,PE&OLES* MF,Industrias Penoles Sab De Cv,MXP554091415,,7964943.0,369726632.0,1.6,MXN,Materials,Mexico,Stock,equity,web_csv
2026-07-27,GDX-ASX,EVN AU,Evolution Mining Ltd,AU000000EVN4,,45896317.0,365977158.0,1.58,AUD,Materials,Australia,Stock,equity,web_csv
2026-07-27,GDX-ASX,EGO,Eldorado Gold Corp,CA2849025093,,9675336.0,314835433.0,1.36,USD,Materials,Turkey,Stock,equity,web_csv
2026-07-27,GDX-ASX,AG,First Majestic Silver Corp,CA32076V1031,,19332502.0,313573182.0,1.36,USD,Materials,Canada,Stock,equity,web_csv
2026-07-27,GDX-ASX,HL,Hecla Mining Co,US4227041062,,20576377.0,312555167.0,1.35,USD,Materials,United States,Stock,equity,web_csv
2026-07-27,GDX-ASX,EDV LN,Endeavour Mining Plc,GB00BL6K5J42,,6511208.0,310132502.0,1.34,GBP,Materials,United Kingdom,Stock,equity,web_csv
2026-07-27,GDX-ASX,IAG,Iamgold Corp,CA4509131088,,19953536.0,293516515.0,1.27,USD,Materials,Burkina Faso,Stock,equity,web_csv
2026-07-27,GDX-ASX,EQX,Equinox Gold Corp,CA29446Y5020,,29935346.0,284984494.0,1.23,USD,Materials,Canada,Stock,equity,web_csv
2026-07-27,GDX-ASX,FRES LN,Fresnillo Plc,GB00B2QPKJ12,,7854490.0,266917039.0,1.16,GBP,Materials,Mexico,Stock,equity,web_csv
2026-07-27,GDX-ASX,HMY,Harmony Gold Mining Co Ltd,US4132163001,,16288863.0,258504256.0,1.12,USD,Materials,South Africa,Stock,equity,web_csv
2026-07-27,GDX-ASX,LUG CN,Lundin Gold Inc,CA5503711080,,4330468.0,249362054.0,1.08,CAD,Materials,Canada,Stock,equity,web_csv
2026-07-27,GDX-ASX,2259 HK,Zijin Gold International Co Ltd,HK0001200002,,15921900.0,240542474.0,1.04,HKD,Materials,China,Stock,equity,web_csv
2026-07-27,GDX-ASX,DPM CN,Dundee Precious Metals Inc,CA26139R1091,,6514289.0,235628620.0,1.02,CAD,Materials,Canada,Stock,equity,web_csv
2026-07-27,GDX-ASX,GMIN CN,G Mining Ventures Corp,CA36270K1021,,6891338.0,212694713.0,0.92,CAD,Materials,Canada,Stock,equity,web_csv
2026-07-27,GDX-ASX,OGC,Oceanagold Corp,CA6752224007,,8680567.0,209809304.0,0.91,USD,Materials,Canada,Stock,equity,web_csv
2026-07-27,GDX-ASX,BVN,Cia De Minas Buenaventura Saa,US2044481040,,6168522.0,195665518.0,0.85,USD,Materials,Peru,Stock,equity,web_csv
2026-07-27,GDX-ASX,BTG,B2gold Corp,CA11777Q2099,,49409422.0,191214463.0,0.83,USD,Materials,Canada,Stock,equity,web_csv
2026-07-27,GDX-ASX,1818 HK,Zhaojin Mining Industry Co Ltd,CNE1000004R6,,70019500.0,183544491.0,0.79,HKD,Materials,China,Stock,equity,web_csv
2026-07-27,GDX-ASX,SSRM,Ssr Mining Inc,CA7847301032,,6810608.0,179050884.0,0.78,USD,Materials,Canada,Stock,equity,web_csv
2026-07-27,GDX-ASX,DSV CN,Discovery Silver Corp,CA25466C1077,,28685376.0,178858050.0,0.77,CAD,Materials,Canada,Stock,equity,web_csv
2026-07-27,GDX-ASX,OR,Or Royalties Inc,CA68390D1069,,5273265.0,155772248.0,0.67,USD,Materials,Canada,Stock,equity,web_csv
2026-07-27,GDX-ASX,PRU AU,Perseus Mining Ltd,AU000000PRU3,,42262522.0,145843563.0,0.63,AUD,Materials,Australia,Stock,equity,web_csv
2026-07-27,GDX-ASX,AMMN IJ,Amman Mineral Internasional Pt,ID1000191109,,649194300.0,144076277.0,0.62,IDR,Materials,Indonesia,Stock,equity,web_csv
2026-07-27,GDX-ASX,MAU CN,Montage Gold Corp,CA61178L1013,,12157134.0,142903499.0,0.62,CAD,Materials,Côte D'Ivoire,Stock,equity,web_csv
2026-07-27,GDX-ASX,ARTG CN,Artemis Gold Inc,CA04302L1004,,5861214.0,141157519.0,0.61,CAD,Materials,Canada,Stock,equity,web_csv
2026-07-27,GDX-ASX,GGP AU,Greatland Resources Ltd,AU0000397705,,18985589.0,138946430.0,0.6,AUD,Materials,Australia,Stock,equity,web_csv
2026-07-27,GDX-ASX,RMS AU,Ramelius Resources Ltd,AU000000RMS4,,63895398.0,137886830.0,0.6,AUD,Materials,Australia,Stock,equity,web_csv
2026-07-27,GDX-ASX,GMD AU,Genesis Minerals Ltd,AU000000GMD9,,31170499.0,132964790.0,0.58,AUD,Materials,Australia,Stock,equity,web_csv
2026-07-27,GDX-ASX,KNT CN,K92 Mining Inc,CA4991131083,,8151219.0,132778209.0,0.57,CAD,Materials,Canada,Stock,equity,web_csv
2026-07-27,GDX-ASX,CMM AU,Capricorn Metals Ltd,AU000000CMM9,,13438077.0,128217341.0,0.56,AUD,Materials,Australia,Stock,equity,web_csv
2026-07-27,GDX-ASX,ARMN,Aris Mining Corp,CA04040Y1097,,8182980.0,121599083.0,0.53,USD,Materials,Colombia,Stock,equity,web_csv
2026-07-27,GDX-ASX,VAU AU,Vault Minerals Ltd,AU0000427775,,33857168.0,119694615.0,0.52,AUD,Materials,Australia,Stock,equity,web_csv
2026-07-27,GDX-ASX,TXG CN,Torex Gold Resources Inc,CA8910546032,,2945742.0,115254099.0,0.5,CAD,Materials,Canada,Stock,equity,web_csv
2026-07-27,GDX-ASX,AYA CN,Aya Gold & Silver Inc,CA05466C1095,,5483278.0,112863022.0,0.49,CAD,Materials,Canada,Stock,equity,web_csv
2026-07-27,GDX-ASX,SKE,Skeena Resources Ltd,CA83056P7157,,4034633.0,109701671.0,0.47,USD,Materials,Canada,Stock,equity,web_csv
2026-07-27,GDX-ASX,CGAU,Centerra Gold Inc,CA1520061021,,6604152.0,108770383.0,0.47,USD,Materials,Canada,Stock,equity,web_csv
2026-07-27,GDX-ASX,WDO CN,Wesdome Gold Mines Ltd/Canada,CA95083R1001,,5690611.0,107131140.0,0.46,CAD,Materials,Canada,Stock,equity,web_csv
2026-07-27,GDX-ASX,RRL AU,Regis Resources Ltd,AU000000RRL8,,23816279.0,101638971.0,0.44,AUD,Materials,Australia,Stock,equity,web_csv
2026-07-27,GDX-ASX,BRMS IJ,Bumi Resources Minerals Tbk Pt,ID1000117609,,3082785200.0,97765790.0,0.42,IDR,Materials,Indonesia,Stock,equity,web_csv
2026-07-27,GDX-ASX,FSM,Fortuna Silver Mines Inc,CA3499421020,,11292048.0,96659931.0,0.42,USD,Materials,Canada,Stock,equity,web_csv
2026-07-27,GDX-ASX,SA,Seabridge Gold Inc,CA8119271028,,3531712.0,92601489.0,0.4,USD,Materials,Canada,Stock,equity,web_csv
2026-07-27,GDX-ASX,AUGO,Aura Minerals Inc,VGG069731120,,1637802.0,91356596.0,0.4,USD,Materials,United States,Stock,equity,web_csv
2026-07-27,GDX-ASX,ORLA,Orla Mining Ltd,CA68634K1066,,9588905.0,90998708.0,0.39,USD,Materials,Mexico,Stock,equity,web_csv
2026-07-27,GDX-ASX,WGX AU,Westgold Resources Ltd,AU000000WGX6,,26593493.0,90506528.0,0.39,AUD,Materials,Australia,Stock,equity,web_csv
2026-07-27,GDX-ASX,EXK,Endeavour Silver Corp,CA29258Y1034,,10852094.0,86165626.0,0.37,USD,Materials,Canada,Stock,equity,web_csv
2026-07-27,GDX-ASX,SVM,Silvercorp Metals Inc,CA82835P1036,,8646350.0,84388376.0,0.37,USD,Materials,Canada,Stock,equity,web_csv
2026-07-27,GDX-ASX,HOC LN,Hochschild Mining Plc,GB00B1FW5029,,12463119.0,73923597.0,0.32,GBP,Materials,Peru,Stock,equity,web_csv
2026-07-27,GDX-ASX,-USD CASH-,,CASH,,16374806.0,16374806.0,0.07,USD,,United States,Cash Bal,cash,web_csv
2026-07-27,GDX-ASX,-AUD CASH-,,CASH,,5174146.0,3618021.0,0.02,AUD,,Australia,Cash Bal,cash,web_csv
2026-07-27,GDX-ASX,-CAD CASH-,,CASH,,1888523.0,1338097.0,0.01,CAD,,Canada,Cash Bal,cash,web_csv
2026-07-27,GDX-ASX,-GBP CASH-,,CASH,,890252.0,1184169.0,0.01,GBP,,United Kingdom,Cash Bal,cash,web_csv
2026-07-27,GDX-ASX,-HKD CASH-,,CASH,,6005419.0,765778.0,0.0,HKD,,China,Cash Bal,cash,web_csv
2026-07-27,GDX-ASX,-IDR CASH-,,CASH,,8273422277.0,459507.0,0.0,IDR,,Indonesia,Cash Bal,cash,web_csv
2026-07-27,GDX-ASX,-MXN CASH-,,CASH,,6250219.0,357974.0,0.0,MXN,,Mexico,Cash Bal,cash,web_csv
2026-07-27,GDX-ASX,-EUR CASH-,,CASH,,0.0,0.0,0.0,EUR,,Europe,Cash Bal,cash,web_csv
2026-07-27,GDX-ASX,,Other/Cash,CASH,,0.0,-6002086.0,-0.03,USD,,,Cash,cash,web_csv
2026-07-28,GDX-ASX,NEM,Newmont Corp,US6516391066,,25635476.0,2346158764.0,10.34,USD,Materials,United States,Stock,equity,web_csv
2026-07-28,GDX-ASX,AEM,Agnico Eagle Mines Ltd,CA0084741085,,15812238.0,2272376723.0,10.02,USD,Materials,Canada,Stock,equity,web_csv
2026-07-28,GDX-ASX,B,Barrick Mining Corp,CA06849F1080,,49758789.0,1825649968.0,8.05,USD,Materials,Canada,Stock,equity,web_csv
2026-07-28,GDX-ASX,WPM,Wheaton Precious Metals Corp,CA9628791027,,11473099.0,1257222188.0,5.54,USD,Materials,Brazil,Stock,equity,web_csv
2026-07-28,GDX-ASX,FNV,Franco-Nevada Corp,CA3518581051,,5396272.0,1136454883.0,5.01,USD,Materials,Canada,Stock,equity,web_csv
2026-07-28,GDX-ASX,AU,Anglogold Ashanti Plc,GB00BRXH2664,,14332838.0,1131577560.0,4.99,USD,Materials,United States,Stock,equity,web_csv
2026-07-28,GDX-ASX,KGC,Kinross Gold Corp,CA4969024047,,42780275.0,1005764265.0,4.43,USD,Materials,Canada,Stock,equity,web_csv
2026-07-28,GDX-ASX,GFI,Gold Fields Ltd,US38059T1060,,27845109.0,909142809.0,4.01,USD,Materials,South Africa,Stock,equity,web_csv
2026-07-28,GDX-ASX,PAAS,Pan American Silver Corp,CA6979001089,,15267665.0,660021158.0,2.91,USD,Materials,Canada,Stock,equity,web_csv
2026-07-28,GDX-ASX,NST AU,Northern Star Resources Ltd,AU000000NST8,,45724541.0,641347892.0,2.83,AUD,Materials,Australia,Stock,equity,web_csv
2026-07-28,GDX-ASX,CDE,Coeur Mining Inc,US1921085049,,33516382.0,499729256.0,2.2,USD,Materials,United States,Stock,equity,web_csv
2026-07-28,GDX-ASX,RGLD,Royal Gold Inc,US7802871084,,2243069.0,440000415.0,1.94,USD,Materials,United States,Stock,equity,web_csv
2026-07-28,GDX-ASX,AGI,Alamos Gold Inc,CA0115321089,,14323910.0,412385369.0,1.82,USD,Materials,Canada,Stock,equity,web_csv
2026-07-28,GDX-ASX,EVN AU,Evolution Mining Ltd,AU000000EVN4,,45896317.0,366985670.0,1.62,AUD,Materials,Australia,Stock,equity,web_csv
2026-07-28,GDX-ASX,PE&OLES* MF,Industrias Penoles Sab De Cv,MXP554091415,,7964943.0,365744775.0,1.61,MXN,Materials,Mexico,Stock,equity,web_csv
2026-07-28,GDX-ASX,EGO,Eldorado Gold Corp,CA2849025093,,9675336.0,311932833.0,1.38,USD,Materials,Turkey,Stock,equity,web_csv
2026-07-28,GDX-ASX,EDV LN,Endeavour Mining Plc,GB00BL6K5J42,,6511208.0,309526567.0,1.36,GBP,Materials,United Kingdom,Stock,equity,web_csv
2026-07-28,GDX-ASX,AG,First Majestic Silver Corp,CA32076V1031,,19332502.0,303326956.0,1.34,USD,Materials,Canada,Stock,equity,web_csv
2026-07-28,GDX-ASX,HL,Hecla Mining Co,US4227041062,,20576377.0,299386285.0,1.32,USD,Materials,United States,Stock,equity,web_csv
2026-07-28,GDX-ASX,IAG,Iamgold Corp,CA4509131088,,19953536.0,284537423.0,1.25,USD,Materials,Burkina Faso,Stock,equity,web_csv
2026-07-28,GDX-ASX,EQX,Equinox Gold Corp,CA29446Y5020,,29935346.0,273908416.0,1.21,USD,Materials,Canada,Stock,equity,web_csv
2026-07-28,GDX-ASX,FRES LN,Fresnillo Plc,GB00B2QPKJ12,,7854490.0,266077396.0,1.17,GBP,Materials,Mexico,Stock,equity,web_csv
2026-07-28,GDX-ASX,HMY,Harmony Gold Mining Co Ltd,US4132163001,,16288863.0,252966042.0,1.12,USD,Materials,South Africa,Stock,equity,web_csv
2026-07-28,GDX-ASX,LUG CN,Lundin Gold Inc,CA5503711080,,4330468.0,248999224.0,1.1,CAD,Materials,Canada,Stock,equity,web_csv
2026-07-28,GDX-ASX,2259 HK,Zijin Gold International Co Ltd,HK0001200002,,15921900.0,234464114.0,1.03,HKD,Materials,China,Stock,equity,web_csv
2026-07-28,GDX-ASX,DPM CN,Dundee Precious Metals Inc,CA26139R1091,,6514289.0,230929455.0,1.02,CAD,Materials,Canada,Stock,equity,web_csv
2026-07-28,GDX-ASX,OGC,Oceanagold Corp,CA6752224007,,8680567.0,209288470.0,0.92,USD,Materials,Canada,Stock,equity,web_csv
2026-07-28,GDX-ASX,GMIN CN,G Mining Ventures Corp,CA36270K1021,,6891338.0,205696997.0,0.91,CAD,Materials,Canada,Stock,equity,web_csv
2026-07-28,GDX-ASX,BTG,B2gold Corp,CA11777Q2099,,49409422.0,189732180.0,0.84,USD,Materials,Canada,Stock,equity,web_csv
2026-07-28,GDX-ASX,BVN,Cia De Minas Buenaventura Saa,US2044481040,,6168522.0,187399698.0,0.83,USD,Materials,Peru,Stock,equity,web_csv
2026-07-28,GDX-ASX,1818 HK,Zhaojin Mining Industry Co Ltd,CNE1000004R6,,70019500.0,184428562.0,0.81,HKD,Materials,China,Stock,equity,web_csv
2026-07-28,GDX-ASX,DSV CN,Discovery Silver Corp,CA25466C1077,,28685376.0,175514761.0,0.77,CAD,Materials,Canada,Stock,equity,web_csv
2026-07-28,GDX-ASX,SSRM,Ssr Mining Inc,CA7847301032,,6810608.0,173057549.0,0.76,USD,Materials,Canada,Stock,equity,web_csv
2026-07-28,GDX-ASX,OR,Or Royalties Inc,CA68390D1069,,5273265.0,155244922.0,0.68,USD,Materials,Canada,Stock,equity,web_csv
2026-07-28,GDX-ASX,PRU AU,Perseus Mining Ltd,AU000000PRU3,,42262522.0,145351733.0,0.64,AUD,Materials,Australia,Stock,equity,web_csv
2026-07-28,GDX-ASX,AMMN IJ,Amman Mineral Internasional Pt,ID1000191109,,649194300.0,144471924.0,0.64,IDR,Materials,Indonesia,Stock,equity,web_csv
2026-07-28,GDX-ASX,MAU CN,Montage Gold Corp,CA61178L1013,,12157134.0,142132752.0,0.63,CAD,Materials,Côte D'Ivoire,Stock,equity,web_csv
2026-07-28,GDX-ASX,RMS AU,Ramelius Resources Ltd,AU000000RMS4,,63895398.0,138879752.0,0.61,AUD,Materials,Australia,Stock,equity,web_csv
2026-07-28,GDX-ASX,ARTG CN,Artemis Gold Inc,CA04302L1004,,5861214.0,138380252.0,0.61,CAD,Materials,Canada,Stock,equity,web_csv
2026-07-28,GDX-ASX,GGP AU,Greatland Resources Ltd,AU0000397705,,18985589.0,135687034.0,0.6,AUD,Materials,Australia,Stock,equity,web_csv
2026-07-28,GDX-ASX,GMD AU,Genesis Minerals Ltd,AU000000GMD9,,31170499.0,134407597.0,0.59,AUD,Materials,Australia,Stock,equity,web_csv
2026-07-28,GDX-ASX,KNT CN,K92 Mining Inc,CA4991131083,,8151219.0,130377894.0,0.57,CAD,Materials,Canada,Stock,equity,web_csv
2026-07-28,GDX-ASX,CMM AU,Capricorn Metals Ltd,AU000000CMM9,,13438077.0,126289610.0,0.56,AUD,Materials,Australia,Stock,equity,web_csv
2026-07-28,GDX-ASX,VAU AU,Vault Minerals Ltd,AU0000427775,,33857168.0,120385836.0,0.53,AUD,Materials,Australia,Stock,equity,web_csv
2026-07-28,GDX-ASX,ARMN,Aris Mining Corp,CA04040Y1097,,8182980.0,118407721.0,0.52,USD,Materials,Colombia,Stock,equity,web_csv
2026-07-28,GDX-ASX,TXG CN,Torex Gold Resources Inc,CA8910546032,,2945742.0,113176475.0,0.5,CAD,Materials,Canada,Stock,equity,web_csv
2026-07-28,GDX-ASX,AYA CN,Aya Gold & Silver Inc,CA05466C1095,,5483278.0,106598237.0,0.47,CAD,Materials,Canada,Stock,equity,web_csv
2026-07-28,GDX-ASX,SKE,Skeena Resources Ltd,CA83056P7157,,4034633.0,106595004.0,0.47,USD,Materials,Canada,Stock,equity,web_csv
2026-07-28,GDX-ASX,WDO CN,Wesdome Gold Mines Ltd/Canada,CA95083R1001,,5690611.0,106513617.0,0.47,CAD,Materials,Canada,Stock,equity,web_csv
2026-07-28,GDX-ASX,CGAU,Centerra Gold Inc,CA1520061021,,6604152.0,106128723.0,0.47,USD,Materials,Canada,Stock,equity,web_csv
2026-07-28,GDX-ASX,RRL AU,Regis Resources Ltd,AU000000RRL8,,23816279.0,103363051.0,0.46,AUD,Materials,Australia,Stock,equity,web_csv
2026-07-28,GDX-ASX,FSM,Fortuna Silver Mines Inc,CA3499421020,,11292048.0,95079044.0,0.42,USD,Materials,Canada,Stock,equity,web_csv
2026-07-28,GDX-ASX,BRMS IJ,Bumi Resources Minerals Tbk Pt,ID1000117609,,3082785200.0,94926323.0,0.42,IDR,Materials,Indonesia,Stock,equity,web_csv
2026-07-28,GDX-ASX,WGX AU,Westgold Resources Ltd,AU000000WGX6,,26593493.0,90301903.0,0.4,AUD,Materials,Australia,Stock,equity,web_csv
2026-07-28,GDX-ASX,AUGO,Aura Minerals Inc,VGG069731120,,1637802.0,90161000.0,0.4,USD,Materials,United States,Stock,equity,web_csv
2026-07-28,GDX-ASX,SA,Seabridge Gold Inc,CA8119271028,,3531712.0,88398751.0,0.39,USD,Materials,Canada,Stock,equity,web_csv
2026-07-28,GDX-ASX,ORLA,Orla Mining Ltd,CA68634K1066,,9588905.0,87354925.0,0.39,USD,Materials,Mexico,Stock,equity,web_csv
2026-07-28,GDX-ASX,EXK,Endeavour Silver Corp,CA29258Y1034,,10852094.0,84103729.0,0.37,USD,Materials,Canada,Stock,equity,web_csv
2026-07-28,GDX-ASX,SVM,Silvercorp Metals Inc,CA82835P1036,,8646350.0,81189227.0,0.36,USD,Materials,Canada,Stock,equity,web_csv
2026-07-28,GDX-ASX,HOC LN,Hochschild Mining Plc,GB00B1FW5029,,12463119.0,73225663.0,0.32,GBP,Materials,Peru,Stock,equity,web_csv
2026-07-28,GDX-ASX,-USD CASH-,,CASH,,19850169.0,19850169.0,0.09,USD,,United States,Cash Bal,cash,web_csv
2026-07-28,GDX-ASX,-AUD CASH-,,CASH,,2759699.0,1922820.0,0.01,AUD,,Australia,Cash Bal,cash,web_csv
2026-07-28,GDX-ASX,-GBP CASH-,,CASH,,1367400.0,1817478.0,0.01,GBP,,United Kingdom,Cash Bal,cash,web_csv
2026-07-28,GDX-ASX,-CAD CASH-,,CASH,,1888523.0,1338950.0,0.01,CAD,,Canada,Cash Bal,cash,web_csv
2026-07-28,GDX-ASX,-HKD CASH-,,CASH,,9205730.0,1173968.0,0.01,HKD,,China,Cash Bal,cash,web_csv
2026-07-28,GDX-ASX,-IDR CASH-,,CASH,,12600173672.0,697684.0,0.0,IDR,,Indonesia,Cash Bal,cash,web_csv
2026-07-28,GDX-ASX,-MXN CASH-,,CASH,,6250219.0,358394.0,0.0,MXN,,Mexico,Cash Bal,cash,web_csv
2026-07-28,GDX-ASX,-EUR CASH-,,CASH,,0.0,0.0,0.0,EUR,,Europe,Cash Bal,cash,web_csv
2026-07-28,GDX-ASX,,Other/Cash,CASH,,0.0,-9388999.0,-0.04,USD,,,Cash,cash,web_csv
2026-07-29,GDX-ASX,NEM,Newmont Corp,US6516391066,,25635476.0,2341544378.0,10.38,USD,Materials,United States,Stock,equity,web_csv
2026-07-29,GDX-ASX,AEM,Agnico Eagle Mines Ltd,CA0084741085,,15812238.0,2283761534.0,10.12,USD,Materials,Canada,Stock,equity,web_csv
2026-07-29,GDX-ASX,B,Barrick Mining Corp,CA06849F1080,,49758789.0,1809229568.0,8.02,USD,Materials,Canada,Stock,equity,web_csv
2026-07-29,GDX-ASX,WPM,Wheaton Precious Metals Corp,CA9628791027,,11473099.0,1255845417.0,5.57,USD,Materials,Brazil,Stock,equity,web_csv
2026-07-29,GDX-ASX,FNV,Franco-Nevada Corp,CA3518581051,,5396272.0,1156798829.0,5.13,USD,Materials,Canada,Stock,equity,web_csv
2026-07-29,GDX-ASX,AU,Anglogold Ashanti Plc,GB00BRXH2664,,14332838.0,1116098095.0,4.95,USD,Materials,United States,Stock,equity,web_csv
2026-07-29,GDX-ASX,KGC,Kinross Gold Corp,CA4969024047,,42780275.0,992930183.0,4.4,USD,Materials,Canada,Stock,equity,web_csv
2026-07-29,GDX-ASX,GFI,Gold Fields Ltd,US38059T1060,,27845109.0,897726314.0,3.98,USD,Materials,South Africa,Stock,equity,web_csv
2026-07-29,GDX-ASX,NST AU,Northern Star Resources Ltd,AU000000NST8,,45724541.0,656978581.0,2.91,AUD,Materials,Australia,Stock,equity,web_csv
2026-07-29,GDX-ASX,PAAS,Pan American Silver Corp,CA6979001089,,15267665.0,649639146.0,2.88,USD,Materials,Canada,Stock,equity,web_csv
2026-07-29,GDX-ASX,CDE,Coeur Mining Inc,US1921085049,,33516382.0,490344669.0,2.17,USD,Materials,United States,Stock,equity,web_csv
2026-07-29,GDX-ASX,RGLD,Royal Gold Inc,US7802871084,,2243069.0,438475128.0,1.94,USD,Materials,United States,Stock,equity,web_csv
2026-07-29,GDX-ASX,AGI,Alamos Gold Inc,CA0115321089,,14323910.0,409377348.0,1.81,USD,Materials,Canada,Stock,equity,web_csv
2026-07-29,GDX-ASX,EVN AU,Evolution Mining Ltd,AU000000EVN4,,45896317.0,361516174.0,1.6,AUD,Materials,Australia,Stock,equity,web_csv
2026-07-29,GDX-ASX,PE&OLES* MF,Industrias Penoles Sab De Cv,MXP554091415,,7964943.0,359742729.0,1.59,MXN,Materials,Mexico,Stock,equity,web_csv
2026-07-29,GDX-ASX,EGO,Eldorado Gold Corp,CA2849025093,,9675336.0,309320492.0,1.37,USD,Materials,Turkey,Stock,equity,web_csv
2026-07-29,GDX-ASX,EDV LN,Endeavour Mining Plc,GB00BL6K5J42,,6511208.0,304985959.0,1.35,GBP,Materials,United Kingdom,Stock,equity,web_csv
2026-07-29,GDX-ASX,AG,First Majestic Silver Corp,CA32076V1031,,19332502.0,294240680.0,1.3,USD,Materials,Canada,Stock,equity,web_csv
2026-07-29,GDX-ASX,HL,Hecla Mining Co,US4227041062,,20576377.0,291155735.0,1.29,USD,Materials,United States,Stock,equity,web_csv
2026-07-29,GDX-ASX,IAG,Iamgold Corp,CA4509131088,,19953536.0,277952756.0,1.23,USD,Materials,Burkina Faso,Stock,equity,web_csv
2026-07-29,GDX-ASX,EQX,Equinox Gold Corp,CA29446Y5020,,29935346.0,268220700.0,1.19,USD,Materials,Canada,Stock,equity,web_csv
2026-07-29,GDX-ASX,FRES LN,Fresnillo Plc,GB00B2QPKJ12,,7854490.0,262895812.0,1.17,GBP,Materials,Mexico,Stock,equity,web_csv
2026-07-29,GDX-ASX,LUG CN,Lundin Gold Inc,CA5503711080,,4330468.0,253672211.0,1.12,CAD,Materials,Canada,Stock,equity,web_csv
2026-07-29,GDX-ASX,HMY,Harmony Gold Mining Co Ltd,US4132163001,,16288863.0,252966042.0,1.12,USD,Materials,South Africa,Stock,equity,web_csv
2026-07-29,GDX-ASX,2259 HK,Zijin Gold International Co Ltd,HK0001200002,,15921900.0,241374341.0,1.07,HKD,Materials,China,Stock,equity,web_csv
2026-07-29,GDX-ASX,DPM CN,Dundee Precious Metals Inc,CA26139R1091,,6514289.0,227922677.0,1.01,CAD,Materials,Canada,Stock,equity,web_csv
2026-07-29,GDX-ASX,OGC,Oceanagold Corp,CA6752224007,,8680567.0,210416944.0,0.93,USD,Materials,Canada,Stock,equity,web_csv
2026-07-29,GDX-ASX,GMIN CN,G Mining Ventures Corp,CA36270K1021,,6891338.0,200130266.0,0.89,CAD,Materials,Canada,Stock,equity,web_csv
2026-07-29,GDX-ASX,1818 HK,Zhaojin Mining Industry Co Ltd,CNE1000004R6,,70019500.0,188797005.0,0.84,HKD,Materials,China,Stock,equity,web_csv
2026-07-29,GDX-ASX,BVN,Cia De Minas Buenaventura Saa,US2044481040,,6168522.0,186412735.0,0.83,USD,Materials,Peru,Stock,equity,web_csv
2026-07-29,GDX-ASX,BTG,B2gold Corp,CA11777Q2099,,49409422.0,184791238.0,0.82,USD,Materials,Canada,Stock,equity,web_csv
2026-07-29,GDX-ASX,DSV CN,Discovery Silver Corp,CA25466C1077,,28685376.0,174467671.0,0.77,CAD,Materials,Canada,Stock,equity,web_csv
2026-07-29,GDX-ASX,SSRM,Ssr Mining Inc,CA7847301032,,6810608.0,170333306.0,0.75,USD,Materials,Canada,Stock,equity,web_csv
2026-07-29,GDX-ASX,OR,Or Royalties Inc,CA68390D1069,,5273265.0,155508585.0,0.69,USD,Materials,Canada,Stock,equity,web_csv
2026-07-29,GDX-ASX,PRU AU,Perseus Mining Ltd,AU000000PRU3,,42262522.0,145078720.0,0.64,AUD,Materials,Australia,Stock,equity,web_csv
2026-07-29,GDX-ASX,AMMN IJ,Amman Mineral Internasional Pt,ID1000191109,,649194300.0,141067550.0,0.63,IDR,Materials,Indonesia,Stock,equity,web_csv
2026-07-29,GDX-ASX,RMS AU,Ramelius Resources Ltd,AU000000RMS4,,63895398.0,140848412.0,0.62,AUD,Materials,Australia,Stock,equity,web_csv
2026-07-29,GDX-ASX,MAU CN,Montage Gold Corp,CA61178L1013,,12157134.0,138650256.0,0.61,CAD,Materials,Côte D'Ivoire,Stock,equity,web_csv
2026-07-29,GDX-ASX,ARTG CN,Artemis Gold Inc,CA04302L1004,,5861214.0,137103448.0,0.61,CAD,Materials,Canada,Stock,equity,web_csv
2026-07-29,GDX-ASX,GGP AU,Greatland Resources Ltd,AU0000397705,,18985589.0,134874960.0,0.6,AUD,Materials,Australia,Stock,equity,web_csv
2026-07-29,GDX-ASX,KNT CN,K92 Mining Inc,CA4991131083,,8151219.0,130970227.0,0.58,CAD,Materials,Canada,Stock,equity,web_csv
2026-07-29,GDX-ASX,GMD AU,Genesis Minerals Ltd,AU000000GMD9,,31170499.0,129014230.0,0.57,AUD,Materials,Australia,Stock,equity,web_csv
2026-07-29,GDX-ASX,CMM AU,Capricorn Metals Ltd,AU000000CMM9,,13438077.0,125502033.0,0.56,AUD,Materials,Australia,Stock,equity,web_csv
2026-07-29,GDX-ASX,VAU AU,Vault Minerals Ltd,AU0000427775,,33857168.0,115966617.0,0.51,AUD,Materials,Australia,Stock,equity,web_csv
2026-07-29,GDX-ASX,TXG CN,Torex Gold Resources Inc,CA8910546032,,2945742.0,114731430.0,0.51,CAD,Materials,Canada,Stock,equity,web_csv
2026-07-29,GDX-ASX,ARMN,Aris Mining Corp,CA04040Y1097,,8182980.0,113743422.0,0.5,USD,Materials,Colombia,Stock,equity,web_csv
2026-07-29,GDX-ASX,CGAU,Centerra Gold Inc,CA1520061021,,6604152.0,112468709.0,0.5,USD,Materials,Canada,Stock,equity,web_csv
2026-07-29,GDX-ASX,WDO CN,Wesdome Gold Mines Ltd/Canada,CA95083R1001,,5690611.0,105973268.0,0.47,CAD,Materials,Canada,Stock,equity,web_csv
2026-07-29,GDX-ASX,AYA CN,Aya Gold & Silver Inc,CA05466C1095,,5483278.0,105147562.0,0.47,CAD,Materials,Canada,Stock,equity,web_csv
2026-07-29,GDX-ASX,SKE,Skeena Resources Ltd,CA83056P7157,,4034633.0,103609375.0,0.46,USD,Materials,Canada,Stock,equity,web_csv
2026-07-29,GDX-ASX,RRL AU,Regis Resources Ltd,AU000000RRL8,,23816279.0,102238266.0,0.45,AUD,Materials,Australia,Stock,equity,web_csv
2026-07-29,GDX-ASX,FSM,Fortuna Silver Mines Inc,CA3499421020,,11292048.0,94514442.0,0.42,USD,Materials,Canada,Stock,equity,web_csv
2026-07-29,GDX-ASX,BRMS IJ,Bumi Resources Minerals Tbk Pt,ID1000117609,,3082785200.0,92833543.0,0.41,IDR,Materials,Indonesia,Stock,equity,web_csv
2026-07-29,GDX-ASX,AUGO,Aura Minerals Inc,VGG069731120,,1637802.0,89260209.0,0.4,USD,Materials,United States,Stock,equity,web_csv
2026-07-29,GDX-ASX,SA,Seabridge Gold Inc,CA8119271028,,3531712.0,89175728.0,0.4,USD,Materials,Canada,Stock,equity,web_csv
2026-07-29,GDX-ASX,WGX AU,Westgold Resources Ltd,AU000000WGX6,,26593493.0,87714969.0,0.39,AUD,Materials,Australia,Stock,equity,web_csv
2026-07-29,GDX-ASX,ORLA,Orla Mining Ltd,CA68634K1066,,9588905.0,85724811.0,0.38,USD,Materials,Mexico,Stock,equity,web_csv
2026-07-29,GDX-ASX,EXK,Endeavour Silver Corp,CA29258Y1034,,10852094.0,82041831.0,0.36,USD,Materials,Canada,Stock,equity,web_csv
2026-07-29,GDX-ASX,SVM,Silvercorp Metals Inc,CA82835P1036,,8646350.0,78941176.0,0.35,USD,Materials,Canada,Stock,equity,web_csv
2026-07-29,GDX-ASX,HOC LN,Hochschild Mining Plc,GB00B1FW5029,,12463119.0,73382602.0,0.33,GBP,Materials,Peru,Stock,equity,web_csv
2026-07-29,GDX-ASX,-USD CASH-,,CASH,,29191215.0,29191215.0,0.13,USD,,United States,Cash Bal,cash,web_csv
2026-07-29,GDX-ASX,-IDR CASH-,,CASH,,1.0,0.0,0.0,IDR,,Indonesia,Cash Bal,cash,web_csv
2026-07-29,GDX-ASX,-HKD CASH-,,CASH,,0.0,0.0,0.0,HKD,,China,Cash Bal,cash,web_csv
2026-07-29,GDX-ASX,-GBP CASH-,,CASH,,31.0,41.0,0.0,GBP,,United Kingdom,Cash Bal,cash,web_csv
2026-07-29,GDX-ASX,-EUR CASH-,,CASH,,0.0,0.0,0.0,EUR,,Europe,Cash Bal,cash,web_csv
2026-07-29,GDX-ASX,-AUD CASH-,,CASH,,1078.0,746.0,0.0,AUD,,Australia,Cash Bal,cash,web_csv
2026-07-29,GDX-ASX,-CAD CASH-,,CASH,,-2928298.0,-2078207.0,-0.01,CAD,,Canada,Cash Bal,cash,web_csv
2026-07-29,GDX-ASX,,Other/Cash,CASH,,0.0,-9638277.0,-0.04,USD,,,Cash,cash,web_csv
2026-07-30,GDX-ASX,NEM,Newmont Corp,US6516391066,,25631272.0,2454450607.0,10.49,USD,Materials,United States,Stock,equity,web_csv
2026-07-30,GDX-ASX,AEM,Agnico Eagle Mines Ltd,CA0084741085,,15809645.0,2383303984.0,10.19,USD,Materials,Canada,Stock,equity,web_csv
2026-07-30,GDX-ASX,B,Barrick Mining Corp,CA06849F1080,,49750629.0,1875598713.0,8.02,USD,Materials,Canada,Stock,equity,web_csv
2026-07-30,GDX-ASX,WPM,Wheaton Precious Metals Corp,CA9628791027,,11471217.0,1300606583.0,5.56,USD,Materials,Brazil,Stock,equity,web_csv
2026-07-30,GDX-ASX,FNV,Franco-Nevada Corp,CA3518581051,,5395387.0,1194322866.0,5.11,USD,Materials,Canada,Stock,equity,web_csv
2026-07-30,GDX-ASX,AU,Anglogold Ashanti Plc,GB00BRXH2664,,14330487.0,1179828995.0,5.04,USD,Materials,United States,Stock,equity,web_csv
2026-07-30,GDX-ASX,KGC,Kinross Gold Corp,CA4969024047,,42773259.0,1010304378.0,4.32,USD,Materials,Canada,Stock,equity,web_csv
2026-07-30,GDX-ASX,GFI,Gold Fields Ltd,US38059T1060,,27840542.0,933493373.0,3.99,USD,Materials,South Africa,Stock,equity,web_csv
2026-07-30,GDX-ASX,PAAS,Pan American Silver Corp,CA6979001089,,15265161.0,672125039.0,2.87,USD,Materials,Canada,Stock,equity,web_csv
2026-07-30,GDX-ASX,NST AU,Northern Star Resources Ltd,AU000000NST8,,45717045.0,658024129.0,2.81,AUD,Materials,Australia,Stock,equity,web_csv
2026-07-30,GDX-ASX,CDE,Coeur Mining Inc,US1921085049,,33510886.0,516067644.0,2.21,USD,Materials,United States,Stock,equity,web_csv
2026-07-30,GDX-ASX,RGLD,Royal Gold Inc,US7802871084,,2242701.0,455358011.0,1.95,USD,Materials,United States,Stock,equity,web_csv
2026-07-30,GDX-ASX,AGI,Alamos Gold Inc,CA0115321089,,14321562.0,406732361.0,1.74,USD,Materials,Canada,Stock,equity,web_csv
2026-07-30,GDX-ASX,EQX,Equinox Gold Corp,CA29446Y5020,,39517770.0,371862216.0,1.59,USD,Materials,Canada,Stock,equity,web_csv
2026-07-30,GDX-ASX,PE&OLES* MF,Industrias Penoles Sab De Cv,MXP554091415,,7963638.0,371749614.0,1.59,MXN,Materials,Mexico,Stock,equity,web_csv
2026-07-30,GDX-ASX,EVN AU,Evolution Mining Ltd,AU000000EVN4,,45888792.0,371112146.0,1.59,AUD,Materials,Australia,Stock,equity,web_csv
2026-07-30,GDX-ASX,EGO,Eldorado Gold Corp,CA2849025093,,9673749.0,316718542.0,1.35,USD,Materials,Turkey,Stock,equity,web_csv
2026-07-30,GDX-ASX,EDV LN,Endeavour Mining Plc,GB00BL6K5J42,,6510141.0,312631851.0,1.34,GBP,Materials,United Kingdom,Stock,equity,web_csv
2026-07-30,GDX-ASX,HL,Hecla Mining Co,US4227041062,,20573001.0,307154905.0,1.31,USD,Materials,United States,Stock,equity,web_csv
2026-07-30,GDX-ASX,AG,First Majestic Silver Corp,CA32076V1031,,19329332.0,303277219.0,1.3,USD,Materials,Canada,Stock,equity,web_csv
2026-07-30,GDX-ASX,IAG,Iamgold Corp,CA4509131088,,19950263.0,290475829.0,1.24,USD,Materials,Burkina Faso,Stock,equity,web_csv
2026-07-30,GDX-ASX,FRES LN,Fresnillo Plc,GB00B2QPKJ12,,7853202.0,271606715.0,1.16,GBP,Materials,Mexico,Stock,equity,web_csv
2026-07-30,GDX-ASX,HMY,Harmony Gold Mining Co Ltd,US4132163001,,16286192.0,263022001.0,1.12,USD,Materials,South Africa,Stock,equity,web_csv
2026-07-30,GDX-ASX,LUG CN,Lundin Gold Inc,CA5503711080,,4329758.0,256853978.0,1.1,CAD,Materials,Canada,Stock,equity,web_csv
2026-07-30,GDX-ASX,2259 HK,Zijin Gold International Co Ltd,HK0001200002,,15919300.0,246170829.0,1.05,HKD,Materials,China,Stock,equity,web_csv
2026-07-30,GDX-ASX,DPM CN,Dundee Precious Metals Inc,CA26139R1091,,6513221.0,243028900.0,1.04,CAD,Materials,Canada,Stock,equity,web_csv
2026-07-30,GDX-ASX,OGC,Oceanagold Corp,CA6752224007,,8679144.0,216110686.0,0.92,USD,Materials,Canada,Stock,equity,web_csv
2026-07-30,GDX-ASX,GMIN CN,G Mining Ventures Corp,CA36270K1021,,7005008.0,214250842.0,0.92,CAD,Materials,Canada,Stock,equity,web_csv
2026-07-30,GDX-ASX,BVN,Cia De Minas Buenaventura Saa,US2044481040,,6167511.0,196496900.0,0.84,USD,Materials,Peru,Stock,equity,web_csv
2026-07-30,GDX-ASX,1818 HK,Zhaojin Mining Industry Co Ltd,CNE1000004R6,,70008000.0,193118350.0,0.83,HKD,Materials,China,Stock,equity,web_csv
2026-07-30,GDX-ASX,BTG,B2gold Corp,CA11777Q2099,,49401319.0,190195078.0,0.81,USD,Materials,Canada,Stock,equity,web_csv
2026-07-30,GDX-ASX,DSV CN,Discovery Silver Corp,CA25466C1077,,28680672.0,186614154.0,0.8,CAD,Materials,Canada,Stock,equity,web_csv
2026-07-30,GDX-ASX,SSRM,Ssr Mining Inc,CA7847301032,,6809491.0,181677220.0,0.78,USD,Materials,Canada,Stock,equity,web_csv
2026-07-30,GDX-ASX,OR,Or Royalties Inc,CA68390D1069,,5272400.0,161809956.0,0.69,USD,Materials,Canada,Stock,equity,web_csv
2026-07-30,GDX-ASX,PRU AU,Perseus Mining Ltd,AU000000PRU3,,42255591.0,149610804.0,0.64,AUD,Materials,Australia,Stock,equity,web_csv
2026-07-30,GDX-ASX,AMMN IJ,Amman Mineral Internasional Pt,ID1000191109,,649087800.0,146583069.0,0.63,IDR,Materials,Indonesia,Stock,equity,web_csv
2026-07-30,GDX-ASX,MAU CN,Montage Gold Corp,CA61178L1013,,12155135.0,145343033.0,0.62,CAD,Materials,Côte D'Ivoire,Stock,equity,web_csv
2026-07-30,GDX-ASX,RMS AU,Ramelius Resources Ltd,AU000000RMS4,,63884925.0,143561484.0,0.61,AUD,Materials,Australia,Stock,equity,web_csv
2026-07-30,GDX-ASX,ARTG CN,Artemis Gold Inc,CA04302L1004,,5860253.0,139518883.0,0.6,CAD,Materials,Canada,Stock,equity,web_csv
2026-07-30,GDX-ASX,KNT CN,K92 Mining Inc,CA4991131083,,8149883.0,136175407.0,0.58,CAD,Materials,Canada,Stock,equity,web_csv
2026-07-30,GDX-ASX,GGP AU,Greatland Resources Ltd,AU0000397705,,18982476.0,134409847.0,0.57,AUD,Materials,Australia,Stock,equity,web_csv
2026-07-30,GDX-ASX,GMD AU,Genesis Minerals Ltd,AU000000GMD9,,31165389.0,129577385.0,0.55,AUD,Materials,Australia,Stock,equity,web_csv
2026-07-30,GDX-ASX,CMM AU,Capricorn Metals Ltd,AU000000CMM9,,13435874.0,123945466.0,0.53,AUD,Materials,Australia,Stock,equity,web_csv
2026-07-30,GDX-ASX,CGAU,Centerra Gold Inc,CA1520061021,,6603070.0,120968242.0,0.52,USD,Materials,Canada,Stock,equity,web_csv
2026-07-30,GDX-ASX,TXG CN,Torex Gold Resources Inc,CA8910546032,,2945259.0,119205610.0,0.51,CAD,Materials,Canada,Stock,equity,web_csv
2026-07-30,GDX-ASX,ARMN,Aris Mining Corp,CA04040Y1097,,8181638.0,116588342.0,0.5,USD,Materials,Colombia,Stock,equity,web_csv
2026-07-30,GDX-ASX,VAU AU,Vault Minerals Ltd,AU0000427775,,33851600.0,116120610.0,0.5,AUD,Materials,Australia,Stock,equity,web_csv
2026-07-30,GDX-ASX,AYA CN,Aya Gold & Silver Inc,CA05466C1095,,5482376.0,112178178.0,0.48,CAD,Materials,Canada,Stock,equity,web_csv
2026-07-30,GDX-ASX,SKE,Skeena Resources Ltd,CA83056P7157,,4033969.0,110369392.0,0.47,USD,Materials,Canada,Stock,equity,web_csv
2026-07-30,GDX-ASX,WDO CN,Wesdome Gold Mines Ltd/Canada,CA95083R1001,,5689678.0,108950849.0,0.47,CAD,Materials,Canada,Stock,equity,web_csv
2026-07-30,GDX-ASX,RRL AU,Regis Resources Ltd,AU000000RRL8,,23812362.0,102702372.0,0.44,AUD,Materials,Australia,Stock,equity,web_csv
2026-07-30,GDX-ASX,FSM,Fortuna Silver Mines Inc,CA3499421020,,11290196.0,99015019.0,0.42,USD,Materials,Canada,Stock,equity,web_csv
2026-07-30,GDX-ASX,BRMS IJ,Bumi Resources Minerals Tbk Pt,ID1000117609,,3082279800.0,96765750.0,0.41,IDR,Materials,Indonesia,Stock,equity,web_csv
2026-07-30,GDX-ASX,SA,Seabridge Gold Inc,CA8119271028,,3531133.0,94916855.0,0.41,USD,Materials,Canada,Stock,equity,web_csv
2026-07-30,GDX-ASX,AUGO,Aura Minerals Inc,VGG069731120,,1637533.0,93257504.0,0.4,USD,Materials,United States,Stock,equity,web_csv
2026-07-30,GDX-ASX,WGX AU,Westgold Resources Ltd,AU000000WGX6,,26589134.0,89185868.0,0.38,AUD,Materials,Australia,Stock,equity,web_csv
2026-07-30,GDX-ASX,EXK,Endeavour Silver Corp,CA29258Y1034,,10850315.0,84306948.0,0.36,USD,Materials,Canada,Stock,equity,web_csv
2026-07-30,GDX-ASX,SVM,Silvercorp Metals Inc,CA82835P1036,,8644928.0,83337106.0,0.36,USD,Materials,Canada,Stock,equity,web_csv
2026-07-30,GDX-ASX,HOC LN,Hochschild Mining Plc,GB00B1FW5029,,12461069.0,74835534.0,0.32,GBP,Materials,Peru,Stock,equity,web_csv
2026-07-30,GDX-ASX,-USD CASH-,,CASH,,25686972.0,25686972.0,0.11,USD,,United States,Cash Bal,cash,web_csv
2026-07-30,GDX-ASX,-IDR CASH-,,CASH,,1.0,0.0,0.0,IDR,,Indonesia,Cash Bal,cash,web_csv
2026-07-30,GDX-ASX,-HKD CASH-,,CASH,,0.0,0.0,0.0,HKD,,China,Cash Bal,cash,web_csv
2026-07-30,GDX-ASX,-GBP CASH-,,CASH,,31.0,42.0,0.0,GBP,,United Kingdom,Cash Bal,cash,web_csv
2026-07-30,GDX-ASX,-EUR CASH-,,CASH,,0.0,0.0,0.0,EUR,,Europe,Cash Bal,cash,web_csv
2026-07-30,GDX-ASX,-AUD CASH-,,CASH,,1078.0,755.0,0.0,AUD,,Australia,Cash Bal,cash,web_csv
2026-07-30,GDX-ASX,-CAD CASH-,,CASH,,-2928298.0,-2089179.0,-0.01,CAD,,Canada,Cash Bal,cash,web_csv
2026-07-30,GDX-ASX,,Other/Cash,CASH,,0.0,-9668595.0,-0.04,USD,,,Cash,cash,web_csv
2026-07-31,GDX-ASX,NEM,Newmont Corp,US6516391066,,25618663.0,2400724910.0,10.6,USD,Materials,United States,Stock,equity,web_csv
2026-07-31,GDX-ASX,AEM,Agnico Eagle Mines Ltd,CA0084741085,,15801866.0,2295537074.0,10.14,USD,Materials,Canada,Stock,equity,web_csv
2026-07-31,GDX-ASX,B,Barrick Mining Corp,CA06849F1080,,49726149.0,1826441453.0,8.07,USD,Materials,Canada,Stock,equity,web_csv
2026-07-31,GDX-ASX,WPM,Wheaton Precious Metals Corp,CA9628791027,,11465571.0,1250091206.0,5.52,USD,Materials,Brazil,Stock,equity,web_csv
2026-07-31,GDX-ASX,FNV,Franco-Nevada Corp,CA3518581051,,5392732.0,1148220497.0,5.07,USD,Materials,Canada,Stock,equity,web_csv
2026-07-31,GDX-ASX,AU,Anglogold Ashanti Plc,GB00BRXH2664,,14323434.0,1136134785.0,5.02,USD,Materials,United States,Stock,equity,web_csv
2026-07-31,GDX-ASX,KGC,Kinross Gold Corp,CA4969024047,,42752211.0,987576074.0,4.36,USD,Materials,Canada,Stock,equity,web_csv
2026-07-31,GDX-ASX,GFI,Gold Fields Ltd,US38059T1060,,27826841.0,902146185.0,3.98,USD,Materials,South Africa,Stock,equity,web_csv
2026-07-31,GDX-ASX,PAAS,Pan American Silver Corp,CA6979001089,,15257649.0,657757248.0,2.9,USD,Materials,Canada,Stock,equity,web_csv
2026-07-31,GDX-ASX,NST AU,Northern Star Resources Ltd,AU000000NST8,,45694557.0,632101545.0,2.79,AUD,Materials,Australia,Stock,equity,web_csv
2026-07-31,GDX-ASX,CDE,Coeur Mining Inc,US1921085049,,33494398.0,499401474.0,2.21,USD,Materials,United States,Stock,equity,web_csv
2026-07-31,GDX-ASX,RGLD,Royal Gold Inc,US7802871084,,2241597.0,444620765.0,1.96,USD,Materials,United States,Stock,equity,web_csv
2026-07-31,GDX-ASX,AGI,Alamos Gold Inc,CA0115321089,,14314518.0,398373036.0,1.76,USD,Materials,Canada,Stock,equity,web_csv
2026-07-31,GDX-ASX,PE&OLES* MF,Industrias Penoles Sab De Cv,MXP554091415,,7959723.0,365771806.0,1.62,MXN,Materials,Mexico,Stock,equity,web_csv
2026-07-31,GDX-ASX,EVN AU,Evolution Mining Ltd,AU000000EVN4,,45866220.0,363016194.0,1.6,AUD,Materials,Australia,Stock,equity,web_csv
2026-07-31,GDX-ASX,EQX,Equinox Gold Corp,CA29446Y5020,,39498339.0,353510134.0,1.56,USD,Materials,Canada,Stock,equity,web_csv
2026-07-31,GDX-ASX,EDV LN,Endeavour Mining Plc,GB00BL6K5J42,,6506940.0,309955418.0,1.37,GBP,Materials,United Kingdom,Stock,equity,web_csv
2026-07-31,GDX-ASX,EGO,Eldorado Gold Corp,CA2849025093,,9668988.0,291906748.0,1.29,USD,Materials,Turkey,Stock,equity,web_csv
2026-07-31,GDX-ASX,AG,First Majestic Silver Corp,CA32076V1031,,19319822.0,290376925.0,1.28,USD,Materials,Canada,Stock,equity,web_csv
2026-07-31,GDX-ASX,HL,Hecla Mining Co,US4227041062,,20562873.0,290347767.0,1.28,USD,Materials,United States,Stock,equity,web_csv
2026-07-31,GDX-ASX,IAG,Iamgold Corp,CA4509131088,,19940444.0,282954900.0,1.25,USD,Materials,Burkina Faso,Stock,equity,web_csv
2026-07-31,GDX-ASX,FRES LN,Fresnillo Plc,GB00B2QPKJ12,,7849338.0,264019743.0,1.17,GBP,Materials,Mexico,Stock,equity,web_csv
2026-07-31,GDX-ASX,HMY,Harmony Gold Mining Co Ltd,US4132163001,,16278179.0,256381319.0,1.13,USD,Materials,South Africa,Stock,equity,web_csv
2026-07-31,GDX-ASX,LUG CN,Lundin Gold Inc,CA5503711080,,4327628.0,242132460.0,1.07,CAD,Materials,Canada,Stock,equity,web_csv
2026-07-31,GDX-ASX,2259 HK,Zijin Gold International Co Ltd,HK0001200002,,15911500.0,240633464.0,1.06,HKD,Materials,China,Stock,equity,web_csv
2026-07-31,GDX-ASX,GMIN CN,G Mining Ventures Corp,CA36270K1021,,7671318.0,233663911.0,1.03,CAD,Materials,Canada,Stock,equity,web_csv
2026-07-31,GDX-ASX,DPM CN,Dundee Precious Metals Inc,CA26139R1091,,6510017.0,228687057.0,1.01,CAD,Materials,Canada,Stock,equity,web_csv
2026-07-31,GDX-ASX,OGC,Oceanagold Corp,CA6752224007,,8674875.0,209324734.0,0.92,USD,Materials,Canada,Stock,equity,web_csv
2026-07-31,GDX-ASX,1818 HK,Zhaojin Mining Industry Co Ltd,CNE1000004R6,,69973500.0,189704944.0,0.84,HKD,Materials,China,Stock,equity,web_csv
2026-07-31,GDX-ASX,BVN,Cia De Minas Buenaventura Saa,US2044481040,,6164478.0,186660394.0,0.82,USD,Materials,Peru,Stock,equity,web_csv
2026-07-31,GDX-ASX,BTG,B2gold Corp,CA11777Q2099,,49377010.0,185163788.0,0.82,USD,Materials,Canada,Stock,equity,web_csv
2026-07-31,GDX-ASX,DSV CN,Discovery Silver Corp,CA25466C1077,,28666560.0,178802010.0,0.79,CAD,Materials,Canada,Stock,equity,web_csv
2026-07-31,GDX-ASX,SSRM,Ssr Mining Inc,CA7847301032,,6806140.0,174373307.0,0.77,USD,Materials,Canada,Stock,equity,web_csv
2026-07-31,GDX-ASX,OR,Or Royalties Inc,CA68390D1069,,5269805.0,156829397.0,0.69,USD,Materials,Canada,Stock,equity,web_csv
2026-07-31,GDX-ASX,AMMN IJ,Amman Mineral Internasional Pt,ID1000191109,,648768600.0,146892756.0,0.65,IDR,Materials,Indonesia,Stock,equity,web_csv
2026-07-31,GDX-ASX,PRU AU,Perseus Mining Ltd,AU000000PRU3,,42234798.0,144314013.0,0.64,AUD,Materials,Australia,Stock,equity,web_csv
2026-07-31,GDX-ASX,ARTG CN,Artemis Gold Inc,CA04302L1004,,5857370.0,140458300.0,0.62,CAD,Materials,Canada,Stock,equity,web_csv
2026-07-31,GDX-ASX,MAU CN,Montage Gold Corp,CA61178L1013,,12149138.0,137352767.0,0.61,CAD,Materials,Côte D'Ivoire,Stock,equity,web_csv
2026-07-31,GDX-ASX,RMS AU,Ramelius Resources Ltd,AU000000RMS4,,63853509.0,137071669.0,0.61,AUD,Materials,Australia,Stock,equity,web_csv
2026-07-31,GDX-ASX,GGP AU,Greatland Resources Ltd,AU0000397705,,18973140.0,130959710.0,0.58,AUD,Materials,Australia,Stock,equity,web_csv
2026-07-31,GDX-ASX,KNT CN,K92 Mining Inc,CA4991131083,,8145875.0,130824082.0,0.58,CAD,Materials,Canada,Stock,equity,web_csv
2026-07-31,GDX-ASX,GMD AU,Genesis Minerals Ltd,AU000000GMD9,,31150059.0,124556195.0,0.55,AUD,Materials,Australia,Stock,equity,web_csv
2026-07-31,GDX-ASX,CMM AU,Capricorn Metals Ltd,AU000000CMM9,,13429265.0,118823121.0,0.52,AUD,Materials,Australia,Stock,equity,web_csv
2026-07-31,GDX-ASX,CGAU,Centerra Gold Inc,CA1520061021,,6599824.0,113450975.0,0.5,USD,Materials,Canada,Stock,equity,web_csv
2026-07-31,GDX-ASX,TXG CN,Torex Gold Resources Inc,CA8910546032,,2943810.0,113211355.0,0.5,CAD,Materials,Canada,Stock,equity,web_csv
2026-07-31,GDX-ASX,VAU AU,Vault Minerals Ltd,AU0000427775,,33834896.0,113185492.0,0.5,AUD,Materials,Australia,Stock,equity,web_csv
2026-07-31,GDX-ASX,ARMN,Aris Mining Corp,CA04040Y1097,,8177612.0,109252896.0,0.48,USD,Materials,Colombia,Stock,equity,web_csv
2026-07-31,GDX-ASX,AYA CN,Aya Gold & Silver Inc,CA05466C1095,,5479670.0,107573947.0,0.48,CAD,Materials,Canada,Stock,equity,web_csv
2026-07-31,GDX-ASX,SKE,Skeena Resources Ltd,CA83056P7157,,4031977.0,107169949.0,0.47,USD,Materials,Canada,Stock,equity,web_csv
2026-07-31,GDX-ASX,WDO CN,Wesdome Gold Mines Ltd/Canada,CA95083R1001,,5686879.0,105439443.0,0.47,CAD,Materials,Canada,Stock,equity,web_csv
2026-07-31,GDX-ASX,RRL AU,Regis Resources Ltd,AU000000RRL8,,23800611.0,101801977.0,0.45,AUD,Materials,Australia,Stock,equity,web_csv
2026-07-31,GDX-ASX,BRMS IJ,Bumi Resources Minerals Tbk Pt,ID1000117609,,3080763600.0,95445337.0,0.42,IDR,Materials,Indonesia,Stock,equity,web_csv
2026-07-31,GDX-ASX,FSM,Fortuna Silver Mines Inc,CA3499421020,,11284640.0,95129515.0,0.42,USD,Materials,Canada,Stock,equity,web_csv
2026-07-31,GDX-ASX,SA,Seabridge Gold Inc,CA8119271028,,3529396.0,91093711.0,0.4,USD,Materials,Canada,Stock,equity,web_csv
2026-07-31,GDX-ASX,AUGO,Aura Minerals Inc,VGG069731120,,1636726.0,89316138.0,0.39,USD,Materials,United States,Stock,equity,web_csv
2026-07-31,GDX-ASX,WGX AU,Westgold Resources Ltd,AU000000WGX6,,26576057.0,88423955.0,0.39,AUD,Materials,Australia,Stock,equity,web_csv
2026-07-31,GDX-ASX,EXK,Endeavour Silver Corp,CA29258Y1034,,10844978.0,81554235.0,0.36,USD,Materials,Canada,Stock,equity,web_csv
2026-07-31,GDX-ASX,SVM,Silvercorp Metals Inc,CA82835P1036,,8640662.0,80876596.0,0.36,USD,Materials,Canada,Stock,equity,web_csv
2026-07-31,GDX-ASX,HOC LN,Hochschild Mining Plc,GB00B1FW5029,,12454919.0,73019217.0,0.32,GBP,Materials,Peru,Stock,equity,web_csv
2026-07-31,GDX-ASX,-USD CASH-,,CASH,,25688698.0,25688698.0,0.11,USD,,United States,Cash Bal,cash,web_csv
2026-07-31,GDX-ASX,-IDR CASH-,,CASH,,1.0,0.0,0.0,IDR,,Indonesia,Cash Bal,cash,web_csv
2026-07-31,GDX-ASX,-HKD CASH-,,CASH,,0.0,0.0,0.0,HKD,,China,Cash Bal,cash,web_csv
2026-07-31,GDX-ASX,-GBP CASH-,,CASH,,31.0,42.0,0.0,GBP,,United Kingdom,Cash Bal,cash,web_csv
2026-07-31,GDX-ASX,-EUR CASH-,,CASH,,0.0,0.0,0.0,EUR,,Europe,Cash Bal,cash,web_csv
2026-07-31,GDX-ASX,-AUD CASH-,,CASH,,1078.0,757.0,0.0,AUD,,Australia,Cash Bal,cash,web_csv
2026-07-31,GDX-ASX,-CAD CASH-,,CASH,,-2941109.0,-2096524.0,-0.01,CAD,,Canada,Cash Bal,cash,web_csv
2026-07-31,GDX-ASX,,Other/Cash,CASH,,0.0,-30664695.0,-0.14,USD,,,Cash,cash,web_csv
2026-08-03,GDX-ASX,NEM,Newmont Corp,US6516391066,,25618663.0,2443251890.0,10.58,USD,Materials,United States,Stock,equity,web_csv
2026-08-03,GDX-ASX,AEM,Agnico Eagle Mines Ltd,CA0084741085,,15801866.0,2329511086.0,10.09,USD,Materials,Canada,Stock,equity,web_csv
2026-08-03,GDX-ASX,B,Barrick Mining Corp,CA06849F1080,,49726149.0,1857768927.0,8.04,USD,Materials,Canada,Stock,equity,web_csv
2026-08-03,GDX-ASX,WPM,Wheaton Precious Metals Corp,CA9628791027,,11465571.0,1282538772.0,5.55,USD,Materials,Brazil,Stock,equity,web_csv
2026-08-03,GDX-ASX,AU,Anglogold Ashanti Plc,GB00BRXH2664,,14323434.0,1168935449.0,5.06,USD,Materials,United States,Stock,equity,web_csv
2026-08-03,GDX-ASX,FNV,Franco-Nevada Corp,CA3518581051,,5392732.0,1157388142.0,5.01,USD,Materials,Canada,Stock,equity,web_csv
2026-08-03,GDX-ASX,KGC,Kinross Gold Corp,CA4969024047,,42752211.0,1001684304.0,4.34,USD,Materials,Canada,Stock,equity,web_csv
2026-08-03,GDX-ASX,GFI,Gold Fields Ltd,US38059T1060,,27826841.0,944999520.0,4.09,USD,Materials,South Africa,Stock,equity,web_csv
2026-08-03,GDX-ASX,PAAS,Pan American Silver Corp,CA6979001089,,15257649.0,667216991.0,2.89,USD,Materials,Canada,Stock,equity,web_csv
2026-08-03,GDX-ASX,NST AU,Northern Star Resources Ltd,AU000000NST8,,45694557.0,633817754.0,2.74,AUD,Materials,Australia,Stock,equity,web_csv
2026-08-03,GDX-ASX,CDE,Coeur Mining Inc,US1921085049,,33494398.0,521172833.0,2.26,USD,Materials,United States,Stock,equity,web_csv
2026-08-03,GDX-ASX,RGLD,Royal Gold Inc,US7802871084,,2241597.0,452892258.0,1.96,USD,Materials,United States,Stock,equity,web_csv
2026-08-03,GDX-ASX,AGI,Alamos Gold Inc,CA0115321089,,14314518.0,410826667.0,1.78,USD,Materials,Canada,Stock,equity,web_csv
2026-08-03,GDX-ASX,EVN AU,Evolution Mining Ltd,AU000000EVN4,,45866220.0,369172613.0,1.6,AUD,Materials,Australia,Stock,equity,web_csv
2026-08-03,GDX-ASX,PE&OLES* MF,Industrias Penoles Sab De Cv,MXP554091415,,7959723.0,364914482.0,1.58,MXN,Materials,Mexico,Stock,equity,web_csv
2026-08-03,GDX-ASX,EQX,Equinox Gold Corp,CA29446Y5020,,39498339.0,362594752.0,1.57,USD,Materials,Canada,Stock,equity,web_csv
2026-08-03,GDX-ASX,EGO,Eldorado Gold Corp,CA2849025093,,9668988.0,310374515.0,1.34,USD,Materials,Turkey,Stock,equity,web_csv
2026-08-03,GDX-ASX,EDV LN,Endeavour Mining Plc,GB00BL6K5J42,,6506940.0,309218063.0,1.34,GBP,Materials,United Kingdom,Stock,equity,web_csv
2026-08-03,GDX-ASX,AG,First Majestic Silver Corp,CA32076V1031,,19319822.0,303321205.0,1.31,USD,Materials,Canada,Stock,equity,web_csv
2026-08-03,GDX-ASX,HL,Hecla Mining Co,US4227041062,,20562873.0,296722257.0,1.28,USD,Materials,United States,Stock,equity,web_csv
2026-08-03,GDX-ASX,IAG,Iamgold Corp,CA4509131088,,19940444.0,294121549.0,1.27,USD,Materials,Burkina Faso,Stock,equity,web_csv
2026-08-03,GDX-ASX,HMY,Harmony Gold Mining Co Ltd,US4132163001,,16278179.0,268101608.0,1.16,USD,Materials,South Africa,Stock,equity,web_csv
2026-08-03,GDX-ASX,FRES LN,Fresnillo Plc,GB00B2QPKJ12,,7849338.0,265455419.0,1.15,GBP,Materials,Mexico,Stock,equity,web_csv
2026-08-03,GDX-ASX,LUG CN,Lundin Gold Inc,CA5503711080,,4327628.0,245502167.0,1.06,CAD,Materials,Canada,Stock,equity,web_csv
2026-08-03,GDX-ASX,2259 HK,Zijin Gold International Co Ltd,HK0001200002,,15911500.0,238106031.0,1.03,HKD,Materials,China,Stock,equity,web_csv
2026-08-03,GDX-ASX,GMIN CN,G Mining Ventures Corp,CA36270K1021,,7671318.0,236883534.0,1.03,CAD,Materials,Canada,Stock,equity,web_csv
2026-08-03,GDX-ASX,DPM CN,Dundee Precious Metals Inc,CA26139R1091,,6510017.0,231511041.0,1.0,CAD,Materials,Canada,Stock,equity,web_csv
2026-08-03,GDX-ASX,OGC,Oceanagold Corp,CA6752224007,,8674875.0,217479116.0,0.94,USD,Materials,Canada,Stock,equity,web_csv
2026-08-03,GDX-ASX,BTG,B2gold Corp,CA11777Q2099,,49377010.0,190101489.0,0.82,USD,Materials,Canada,Stock,equity,web_csv
2026-08-03,GDX-ASX,1818 HK,Zhaojin Mining Industry Co Ltd,CNE1000004R6,,69973500.0,189207900.0,0.82,HKD,Materials,China,Stock,equity,web_csv
2026-08-03,GDX-ASX,BVN,Cia De Minas Buenaventura Saa,US2044481040,,6164478.0,187831645.0,0.81,USD,Materials,Peru,Stock,equity,web_csv
2026-08-03,GDX-ASX,SSRM,Ssr Mining Inc,CA7847301032,,6806140.0,183697719.0,0.8,USD,Materials,Canada,Stock,equity,web_csv
2026-08-03,GDX-ASX,DSV CN,Discovery Silver Corp,CA25466C1077,,28666560.0,178700103.0,0.77,CAD,Materials,Canada,Stock,equity,web_csv
2026-08-03,GDX-ASX,OR,Or Royalties Inc,CA68390D1069,,5269805.0,160360166.0,0.69,USD,Materials,Canada,Stock,equity,web_csv
2026-08-03,GDX-ASX,AMMN IJ,Amman Mineral Internasional Pt,ID1000191109,,648768600.0,155090191.0,0.67,IDR,Materials,Indonesia,Stock,equity,web_csv
2026-08-03,GDX-ASX,PRU AU,Perseus Mining Ltd,AU000000PRU3,,42234798.0,143143667.0,0.62,AUD,Materials,Australia,Stock,equity,web_csv
2026-08-03,GDX-ASX,ARTG CN,Artemis Gold Inc,CA04302L1004,,5857370.0,142965555.0,0.62,CAD,Materials,Canada,Stock,equity,web_csv
2026-08-03,GDX-ASX,MAU CN,Montage Gold Corp,CA61178L1013,,12149138.0,139300104.0,0.6,CAD,Materials,Côte D'Ivoire,Stock,equity,web_csv
2026-08-03,GDX-ASX,RMS AU,Ramelius Resources Ltd,AU000000RMS4,,63853509.0,138509025.0,0.6,AUD,Materials,Australia,Stock,equity,web_csv
2026-08-03,GDX-ASX,GGP AU,Greatland Resources Ltd,AU0000397705,,18973140.0,132852840.0,0.58,AUD,Materials,Australia,Stock,equity,web_csv
2026-08-03,GDX-ASX,KNT CN,K92 Mining Inc,CA4991131083,,8145875.0,130808221.0,0.57,CAD,Materials,Canada,Stock,equity,web_csv
2026-08-03,GDX-ASX,GMD AU,Genesis Minerals Ltd,AU000000GMD9,,31150059.0,126664115.0,0.55,AUD,Materials,Australia,Stock,equity,web_csv
2026-08-03,GDX-ASX,CMM AU,Capricorn Metals Ltd,AU000000CMM9,,13429265.0,119571840.0,0.52,AUD,Materials,Australia,Stock,equity,web_csv
2026-08-03,GDX-ASX,ARMN,Aris Mining Corp,CA04040Y1097,,8177612.0,117675837.0,0.51,USD,Materials,Colombia,Stock,equity,web_csv
2026-08-03,GDX-ASX,CGAU,Centerra Gold Inc,CA1520061021,,6599824.0,116222901.0,0.5,USD,Materials,Canada,Stock,equity,web_csv
2026-08-03,GDX-ASX,TXG CN,Torex Gold Resources Inc,CA8910546032,,2943810.0,114832153.0,0.5,CAD,Materials,Canada,Stock,equity,web_csv
2026-08-03,GDX-ASX,VAU AU,Vault Minerals Ltd,AU0000427775,,33834896.0,114821884.0,0.5,AUD,Materials,Australia,Stock,equity,web_csv
2026-08-03,GDX-ASX,AYA CN,Aya Gold & Silver Inc,CA05466C1095,,5479670.0,109968008.0,0.48,CAD,Materials,Canada,Stock,equity,web_csv
2026-08-03,GDX-ASX,SKE,Skeena Resources Ltd,CA83056P7157,,4031977.0,109266577.0,0.47,USD,Materials,Canada,Stock,equity,web_csv
2026-08-03,GDX-ASX,WDO CN,Wesdome Gold Mines Ltd/Canada,CA95083R1001,,5686879.0,105426135.0,0.46,CAD,Materials,Canada,Stock,equity,web_csv
2026-08-03,GDX-ASX,RRL AU,Regis Resources Ltd,AU000000RRL8,,23800611.0,102544076.0,0.44,AUD,Materials,Australia,Stock,equity,web_csv
2026-08-03,GDX-ASX,FSM,Fortuna Silver Mines Inc,CA3499421020,,11284640.0,97837829.0,0.42,USD,Materials,Canada,Stock,equity,web_csv
2026-08-03,GDX-ASX,BRMS IJ,Bumi Resources Minerals Tbk Pt,ID1000117609,,3080763600.0,96199210.0,0.42,IDR,Materials,Indonesia,Stock,equity,web_csv
2026-08-03,GDX-ASX,SA,Seabridge Gold Inc,CA8119271028,,3529396.0,93281936.0,0.4,USD,Materials,Canada,Stock,equity,web_csv
2026-08-03,GDX-ASX,AUGO,Aura Minerals Inc,VGG069731120,,1636726.0,92655059.0,0.4,USD,Materials,United States,Stock,equity,web_csv
2026-08-03,GDX-ASX,WGX AU,Westgold Resources Ltd,AU000000WGX6,,26576057.0,88048172.0,0.38,AUD,Materials,Australia,Stock,equity,web_csv
2026-08-03,GDX-ASX,EXK,Endeavour Silver Corp,CA29258Y1034,,10844978.0,83831680.0,0.36,USD,Materials,Canada,Stock,equity,web_csv
2026-08-03,GDX-ASX,SVM,Silvercorp Metals Inc,CA82835P1036,,8640662.0,82604729.0,0.36,USD,Materials,Canada,Stock,equity,web_csv
2026-08-03,GDX-ASX,HOC LN,Hochschild Mining Plc,GB00B1FW5029,,12454919.0,74140564.0,0.32,GBP,Materials,Peru,Stock,equity,web_csv
2026-08-03,GDX-ASX,-IDR CASH-,,CASH,,1.0,0.0,0.0,IDR,,Indonesia,Cash Bal,cash,web_csv
2026-08-03,GDX-ASX,-HKD CASH-,,CASH,,0.0,0.0,0.0,HKD,,China,Cash Bal,cash,web_csv
2026-08-03,GDX-ASX,-GBP CASH-,,CASH,,31.0,42.0,0.0,GBP,,United Kingdom,Cash Bal,cash,web_csv
2026-08-03,GDX-ASX,-EUR CASH-,,CASH,,0.0,0.0,0.0,EUR,,Europe,Cash Bal,cash,web_csv
2026-08-03,GDX-ASX,-AUD CASH-,,CASH,,1078.0,754.0,0.0,AUD,,Australia,Cash Bal,cash,web_csv
2026-08-03,GDX-ASX,-CAD CASH-,,CASH,,-2941109.0,-2095330.0,-0.01,CAD,,Canada,Cash Bal,cash,web_csv
2026-08-03,GDX-ASX,-USD CASH-,,CASH,,-4408824.0,-4408824.0,-0.02,USD,,United States,Cash Bal,cash,web_csv
2026-08-03,GDX-ASX,,Other/Cash,CASH,,0.0,-1517453.0,-0.01,USD,,,Cash,cash,web_csv
2026-08-04,GDX-ASX,NEM,Newmont Corp,US6516391066,,25534737.0,2495509847.0,10.55,USD,Materials,United States,Stock,equity,web_csv
2026-08-04,GDX-ASX,AEM,Agnico Eagle Mines Ltd,CA0084741085,,15751550.0,2372340946.0,10.03,USD,Materials,Canada,Stock,equity,web_csv
2026-08-04,GDX-ASX,B,Barrick Mining Corp,CA06849F1080,,49568171.0,1893999814.0,8.0,USD,Materials,Canada,Stock,equity,web_csv
2026-08-04,GDX-ASX,WPM,Wheaton Precious Metals Corp,CA9628791027,,11433888.0,1319585014.0,5.58,USD,Materials,Brazil,Stock,equity,web_csv
2026-08-04,GDX-ASX,FNV,Franco-Nevada Corp,CA3518581051,,5375108.0,1176396137.0,4.97,USD,Materials,Canada,Stock,equity,web_csv
2026-08-04,GDX-ASX,AU,Anglogold Ashanti Plc,GB00BRXH2664,,14279280.0,1163761320.0,4.92,USD,Materials,United States,Stock,equity,web_csv
2026-08-04,GDX-ASX,KGC,Kinross Gold Corp,CA4969024047,,42622384.0,1005888262.0,4.25,USD,Materials,Canada,Stock,equity,web_csv
2026-08-04,GDX-ASX,GFI,Gold Fields Ltd,US38059T1060,,27743251.0,946322292.0,4.0,USD,Materials,South Africa,Stock,equity,web_csv
2026-08-04,GDX-ASX,PAAS,Pan American Silver Corp,CA6979001089,,15208309.0,683005157.0,2.89,USD,Materials,Canada,Stock,equity,web_csv
2026-08-04,GDX-ASX,NST AU,Northern Star Resources Ltd,AU000000NST8,,45534281.0,654262427.0,2.77,AUD,Materials,Australia,Stock,equity,web_csv
2026-08-04,GDX-ASX,CDE,Coeur Mining Inc,US1921085049,,33384763.0,541167008.0,2.29,USD,Materials,United States,Stock,equity,web_csv
2026-08-04,GDX-ASX,RGLD,Royal Gold Inc,US7802871084,,2234232.0,460318819.0,1.95,USD,Materials,United States,Stock,equity,web_csv
2026-08-04,GDX-ASX,AGI,Alamos Gold Inc,CA0115321089,,14266032.0,410291080.0,1.73,USD,Materials,Canada,Stock,equity,web_csv
2026-08-04,GDX-ASX,EVN AU,Evolution Mining Ltd,AU000000EVN4,,45709329.0,380158764.0,1.61,AUD,Materials,Australia,Stock,equity,web_csv
2026-08-04,GDX-ASX,EQX,Equinox Gold Corp,CA29446Y5020,,39399966.0,377451674.0,1.6,USD,Materials,Canada,Stock,equity,web_csv
2026-08-04,GDX-ASX,PE&OLES* MF,Industrias Penoles Sab De Cv,MXP554091415,,7932463.0,362330170.0,1.53,MXN,Materials,Mexico,Stock,equity,web_csv
2026-08-04,GDX-ASX,AG,First Majestic Silver Corp,CA32076V1031,,19258040.0,317565080.0,1.34,USD,Materials,Canada,Stock,equity,web_csv
2026-08-04,GDX-ASX,EDV LN,Endeavour Mining Plc,GB00BL6K5J42,,6483436.0,317367631.0,1.34,GBP,Materials,United Kingdom,Stock,equity,web_csv
2026-08-04,GDX-ASX,GMIN CN,G Mining Ventures Corp,CA36270K1021,,9688393.0,316341625.0,1.34,CAD,Materials,Canada,Stock,equity,web_csv
2026-08-04,GDX-ASX,HL,Hecla Mining Co,US4227041062,,20505413.0,315578306.0,1.33,USD,Materials,United States,Stock,equity,web_csv
2026-08-04,GDX-ASX,EGO,Eldorado Gold Corp,CA2849025093,,9641768.0,306801058.0,1.3,USD,Materials,Turkey,Stock,equity,web_csv
2026-08-04,GDX-ASX,IAG,Iamgold Corp,CA4509131088,,19881070.0,294239836.0,1.24,USD,Materials,Burkina Faso,Stock,equity,web_csv
2026-08-04,GDX-ASX,FRES LN,Fresnillo Plc,GB00B2QPKJ12,,7822480.0,277203523.0,1.17,GBP,Materials,Mexico,Stock,equity,web_csv
2026-08-04,GDX-ASX,HMY,Harmony Gold Mining Co Ltd,US4132163001,,16223827.0,273858200.0,1.16,USD,Materials,South Africa,Stock,equity,web_csv
2026-08-04,GDX-ASX,LUG CN,Lundin Gold Inc,CA5503711080,,4312847.0,250349148.0,1.06,CAD,Materials,Canada,Stock,equity,web_csv
2026-08-04,GDX-ASX,DPM CN,Dundee Precious Metals Inc,CA26139R1091,,6487750.0,247095241.0,1.04,CAD,Materials,Canada,Stock,equity,web_csv
2026-08-04,GDX-ASX,2259 HK,Zijin Gold International Co Ltd,HK0001200002,,15910000.0,237796601.0,1.01,HKD,Materials,China,Stock,equity,web_csv
2026-08-04,GDX-ASX,OGC,Oceanagold Corp,CA6752224007,,8646352.0,215985873.0,0.91,USD,Materials,Canada,Stock,equity,web_csv
2026-08-04,GDX-ASX,BVN,Cia De Minas Buenaventura Saa,US2044481040,,6140744.0,198100401.0,0.84,USD,Materials,Peru,Stock,equity,web_csv
2026-08-04,GDX-ASX,DSV CN,Discovery Silver Corp,CA25466C1077,,28575471.0,193315119.0,0.82,CAD,Materials,Canada,Stock,equity,web_csv
2026-08-04,GDX-ASX,BTG,B2gold Corp,CA11777Q2099,,49222007.0,191473607.0,0.81,USD,Materials,Canada,Stock,equity,web_csv
2026-08-04,GDX-ASX,1818 HK,Zhaojin Mining Industry Co Ltd,CNE1000004R6,,69743000.0,188191359.0,0.8,HKD,Materials,China,Stock,equity,web_csv
2026-08-04,GDX-ASX,SSRM,Ssr Mining Inc,CA7847301032,,6784062.0,180320368.0,0.76,USD,Materials,Canada,Stock,equity,web_csv
2026-08-04,GDX-ASX,OR,Or Royalties Inc,CA68390D1069,,5254547.0,161629866.0,0.68,USD,Materials,Canada,Stock,equity,web_csv
2026-08-04,GDX-ASX,AMMN IJ,Amman Mineral Internasional Pt,ID1000191109,,646645300.0,155256570.0,0.66,IDR,Materials,Indonesia,Stock,equity,web_csv
2026-08-04,GDX-ASX,MAU CN,Montage Gold Corp,CA61178L1013,,12145872.0,147832737.0,0.62,CAD,Materials,Côte D'Ivoire,Stock,equity,web_csv
2026-08-04,GDX-ASX,ARTG CN,Artemis Gold Inc,CA04302L1004,,5837781.0,145762841.0,0.62,CAD,Materials,Canada,Stock,equity,web_csv
2026-08-04,GDX-ASX,PRU AU,Perseus Mining Ltd,AU000000PRU3,,42101831.0,145248127.0,0.61,AUD,Materials,Australia,Stock,equity,web_csv
2026-08-04,GDX-ASX,RMS AU,Ramelius Resources Ltd,AU000000RMS4,,63616743.0,140682601.0,0.59,AUD,Materials,Australia,Stock,equity,web_csv
2026-08-04,GDX-ASX,KNT CN,K92 Mining Inc,CA4991131083,,8118473.0,140337111.0,0.59,CAD,Materials,Canada,Stock,equity,web_csv
2026-08-04,GDX-ASX,GGP AU,Greatland Resources Ltd,AU0000397705,,18907466.0,138366450.0,0.58,AUD,Materials,Australia,Stock,equity,web_csv
2026-08-04,GDX-ASX,GMD AU,Genesis Minerals Ltd,AU000000GMD9,,31043492.0,130301114.0,0.55,AUD,Materials,Australia,Stock,equity,web_csv
2026-08-04,GDX-ASX,AYA CN,Aya Gold & Silver Inc,CA05466C1095,,5478216.0,125405649.0,0.53,CAD,Materials,Canada,Stock,equity,web_csv
2026-08-04,GDX-ASX,CMM AU,Capricorn Metals Ltd,AU000000CMM9,,13383302.0,123593081.0,0.52,AUD,Materials,Australia,Stock,equity,web_csv
2026-08-04,GDX-ASX,ARMN,Aris Mining Corp,CA04040Y1097,,8151350.0,119906359.0,0.51,USD,Materials,Colombia,Stock,equity,web_csv
2026-08-04,GDX-ASX,CGAU,Centerra Gold Inc,CA1520061021,,6575680.0,119348592.0,0.5,USD,Materials,Canada,Stock,equity,web_csv
2026-08-04,GDX-ASX,TXG CN,Torex Gold Resources Inc,CA8910546032,,2933115.0,117846228.0,0.5,CAD,Materials,Canada,Stock,equity,web_csv
2026-08-04,GDX-ASX,VAU AU,Vault Minerals Ltd,AU0000427775,,33825839.0,117305027.0,0.5,AUD,Materials,Australia,Stock,equity,web_csv
2026-08-04,GDX-ASX,SKE,Skeena Resources Ltd,CA83056P7157,,4031646.0,115748557.0,0.49,USD,Materials,Canada,Stock,equity,web_csv
2026-08-04,GDX-ASX,WDO CN,Wesdome Gold Mines Ltd/Canada,CA95083R1001,,5667176.0,114008705.0,0.48,CAD,Materials,Canada,Stock,equity,web_csv
2026-08-04,GDX-ASX,RRL AU,Regis Resources Ltd,AU000000RRL8,,23794247.0,104479936.0,0.44,AUD,Materials,Australia,Stock,equity,web_csv
2026-08-04,GDX-ASX,FSM,Fortuna Silver Mines Inc,CA3499421020,,11250921.0,101820835.0,0.43,USD,Materials,Canada,Stock,equity,web_csv
2026-08-04,GDX-ASX,BRMS IJ,Bumi Resources Minerals Tbk Pt,ID1000117609,,3070416000.0,99619886.0,0.42,IDR,Materials,Indonesia,Stock,equity,web_csv
2026-08-04,GDX-ASX,SA,Seabridge Gold Inc,CA8119271028,,3518806.0,95993028.0,0.41,USD,Materials,Canada,Stock,equity,web_csv
2026-08-04,GDX-ASX,AUGO,Aura Minerals Inc,VGG069731120,,1636612.0,94579807.0,0.4,USD,Materials,United States,Stock,equity,web_csv
2026-08-04,GDX-ASX,WGX AU,Westgold Resources Ltd,AU000000WGX6,,26478783.0,90438721.0,0.38,AUD,Materials,Australia,Stock,equity,web_csv
2026-08-04,GDX-ASX,EXK,Endeavour Silver Corp,CA29258Y1034,,10806761.0,90020319.0,0.38,USD,Materials,Canada,Stock,equity,web_csv
2026-08-04,GDX-ASX,SVM,Silvercorp Metals Inc,CA82835P1036,,8639982.0,88214216.0,0.37,USD,Materials,Canada,Stock,equity,web_csv
2026-08-04,GDX-ASX,HOC LN,Hochschild Mining Plc,GB00B1FW5029,,12451591.0,75802280.0,0.32,GBP,Materials,Peru,Stock,equity,web_csv
2026-08-04,GDX-ASX,-IDR CASH-,,CASH,,1.0,0.0,0.0,IDR,,Indonesia,Cash Bal,cash,web_csv
2026-08-04,GDX-ASX,-HKD CASH-,,CASH,,0.0,0.0,0.0,HKD,,China,Cash Bal,cash,web_csv
2026-08-04,GDX-ASX,-GBP CASH-,,CASH,,31.0,42.0,0.0,GBP,,United Kingdom,Cash Bal,cash,web_csv
2026-08-04,GDX-ASX,-EUR CASH-,,CASH,,0.0,0.0,0.0,EUR,,Europe,Cash Bal,cash,web_csv
2026-08-04,GDX-ASX,-AUD CASH-,,CASH,,1078.0,759.0,0.0,AUD,,Australia,Cash Bal,cash,web_csv
2026-08-04,GDX-ASX,-CAD CASH-,,CASH,,-2941109.0,-2092199.0,-0.01,CAD,,Canada,Cash Bal,cash,web_csv
2026-08-04,GDX-ASX,-USD CASH-,,CASH,,-4325881.0,-4325881.0,-0.02,USD,,United States,Cash Bal,cash,web_csv
2026-08-04,GDX-ASX,,Other/Cash,CASH,,0.0,3754169.0,0.02,USD,,,Cash,cash,web_csv
2026-08-05,GDX-ASX,NEM,Newmont Corp,US6516391066,,25555672.0,2665201033.0,10.48,USD,Materials,United States,Stock,equity,web_csv
2026-08-05,GDX-ASX,AEM,Agnico Eagle Mines Ltd,CA0084741085,,15764465.0,2608230734.0,10.25,USD,Materials,Canada,Stock,equity,web_csv
2026-08-05,GDX-ASX,B,Barrick Mining Corp,CA06849F1080,,49608811.0,2036441692.0,8.01,USD,Materials,Canada,Stock,equity,web_csv
2026-08-05,GDX-ASX,WPM,Wheaton Precious Metals Corp,CA9628791027,,11443263.0,1405461562.0,5.53,USD,Materials,Brazil,Stock,equity,web_csv
2026-08-05,GDX-ASX,AU,Anglogold Ashanti Plc,GB00BRXH2664,,14290985.0,1266181271.0,4.98,USD,Materials,United States,Stock,equity,web_csv
2026-08-05,GDX-ASX,FNV,Franco-Nevada Corp,CA3518581051,,5379513.0,1218728670.0,4.79,USD,Materials,Canada,Stock,equity,web_csv
2026-08-05,GDX-ASX,KGC,Kinross Gold Corp,CA4969024047,,42657329.0,1096293355.0,4.31,USD,Materials,Canada,Stock,equity,web_csv
2026-08-05,GDX-ASX,GFI,Gold Fields Ltd,US38059T1060,,27765996.0,1035393991.0,4.07,USD,Materials,South Africa,Stock,equity,web_csv
2026-08-05,GDX-ASX,PAAS,Pan American Silver Corp,CA6979001089,,15220779.0,734250379.0,2.89,USD,Materials,Canada,Stock,equity,web_csv
2026-08-05,GDX-ASX,NST AU,Northern Star Resources Ltd,AU000000NST8,,45571611.0,707506970.0,2.78,AUD,Materials,Australia,Stock,equity,web_csv
2026-08-05,GDX-ASX,CDE,Coeur Mining Inc,US1921085049,,33412133.0,582373478.0,2.29,USD,Materials,United States,Stock,equity,web_csv
2026-08-05,GDX-ASX,RGLD,Royal Gold Inc,US7802871084,,2236062.0,480954576.0,1.89,USD,Materials,United States,Stock,equity,web_csv
2026-08-05,GDX-ASX,AGI,Alamos Gold Inc,CA0115321089,,14277727.0,446464523.0,1.76,USD,Materials,Canada,Stock,equity,web_csv
2026-08-05,GDX-ASX,EQX,Equinox Gold Corp,CA29446Y5020,,39432226.0,406940572.0,1.6,USD,Materials,Canada,Stock,equity,web_csv
2026-08-05,GDX-ASX,EVN AU,Evolution Mining Ltd,AU000000EVN4,,45746804.0,405150524.0,1.59,AUD,Materials,Australia,Stock,equity,web_csv
2026-08-05,GDX-ASX,PE&OLES* MF,Industrias Penoles Sab De Cv,MXP554091415,,7938963.0,383636258.0,1.51,MXN,Materials,Mexico,Stock,equity,web_csv
2026-08-05,GDX-ASX,EGO,Eldorado Gold Corp,CA2849025093,,9649673.0,347388228.0,1.37,USD,Materials,Turkey,Stock,equity,web_csv
2026-08-05,GDX-ASX,HL,Hecla Mining Co,US4227041062,,20522223.0,339437568.0,1.33,USD,Materials,United States,Stock,equity,web_csv
2026-08-05,GDX-ASX,AG,First Majestic Silver Corp,CA32076V1031,,19273830.0,339412146.0,1.33,USD,Materials,Canada,Stock,equity,web_csv
2026-08-05,GDX-ASX,EDV LN,Endeavour Mining Plc,GB00BL6K5J42,,6488751.0,334925489.0,1.32,GBP,Materials,United Kingdom,Stock,equity,web_csv
2026-08-05,GDX-ASX,GMIN CN,G Mining Ventures Corp,CA36270K1021,,9696338.0,333712549.0,1.31,CAD,Materials,Canada,Stock,equity,web_csv
2026-08-05,GDX-ASX,IAG,Iamgold Corp,CA4509131088,,19897370.0,316169209.0,1.24,USD,Materials,Burkina Faso,Stock,equity,web_csv
2026-08-05,GDX-ASX,HMY,Harmony Gold Mining Co Ltd,US4132163001,,16237127.0,293567256.0,1.15,USD,Materials,South Africa,Stock,equity,web_csv
2026-08-05,GDX-ASX,FRES LN,Fresnillo Plc,GB00B2QPKJ12,,7828895.0,287652066.0,1.13,GBP,Materials,Mexico,Stock,equity,web_csv
2026-08-05,GDX-ASX,LUG CN,Lundin Gold Inc,CA5503711080,,4316382.0,266319800.0,1.05,CAD,Materials,Canada,Stock,equity,web_csv
2026-08-05,GDX-ASX,DPM CN,Dundee Precious Metals Inc,CA26139R1091,,6493070.0,262094106.0,1.03,CAD,Materials,Canada,Stock,equity,web_csv
2026-08-05,GDX-ASX,2259 HK,Zijin Gold International Co Ltd,HK0001200002,,15923000.0,260308040.0,1.02,HKD,Materials,China,Stock,equity,web_csv
2026-08-05,GDX-ASX,OGC,Oceanagold Corp,CA6752224007,,8653442.0,232431452.0,0.91,USD,Materials,Canada,Stock,equity,web_csv
2026-08-05,GDX-ASX,DSV CN,Discovery Silver Corp,CA25466C1077,,28598901.0,212765461.0,0.84,CAD,Materials,Canada,Stock,equity,web_csv
2026-08-05,GDX-ASX,BVN,Cia De Minas Buenaventura Saa,US2044481040,,6145779.0,202810707.0,0.8,USD,Materials,Peru,Stock,equity,web_csv
2026-08-05,GDX-ASX,1818 HK,Zhaojin Mining Industry Co Ltd,CNE1000004R6,,69800500.0,202043356.0,0.79,HKD,Materials,China,Stock,equity,web_csv
2026-08-05,GDX-ASX,BTG,B2gold Corp,CA11777Q2099,,49262362.0,201975684.0,0.79,USD,Materials,Canada,Stock,equity,web_csv
2026-08-05,GDX-ASX,SSRM,Ssr Mining Inc,CA7847301032,,6789622.0,196899038.0,0.77,USD,Materials,Canada,Stock,equity,web_csv
2026-08-05,GDX-ASX,OR,Or Royalties Inc,CA68390D1069,,5258857.0,169545550.0,0.67,USD,Materials,Canada,Stock,equity,web_csv
2026-08-05,GDX-ASX,AMMN IJ,Amman Mineral Internasional Pt,ID1000191109,,647175300.0,159771639.0,0.63,IDR,Materials,Indonesia,Stock,equity,web_csv
2026-08-05,GDX-ASX,ARTG CN,Artemis Gold Inc,CA04302L1004,,5842566.0,156988096.0,0.62,CAD,Materials,Canada,Stock,equity,web_csv
2026-08-05,GDX-ASX,MAU CN,Montage Gold Corp,CA61178L1013,,12155832.0,154857990.0,0.61,CAD,Materials,Côte D'Ivoire,Stock,equity,web_csv
2026-08-05,GDX-ASX,PRU AU,Perseus Mining Ltd,AU000000PRU3,,42136351.0,154552312.0,0.61,AUD,Materials,Australia,Stock,equity,web_csv
2026-08-05,GDX-ASX,GGP AU,Greatland Resources Ltd,AU0000397705,,18922966.0,152702082.0,0.6,AUD,Materials,Australia,Stock,equity,web_csv
2026-08-05,GDX-ASX,KNT CN,K92 Mining Inc,CA4991131083,,8125128.0,151786513.0,0.6,CAD,Materials,Canada,Stock,equity,web_csv
2026-08-05,GDX-ASX,RMS AU,Ramelius Resources Ltd,AU000000RMS4,,63668898.0,151776053.0,0.6,AUD,Materials,Australia,Stock,equity,web_csv
2026-08-05,GDX-ASX,GMD AU,Genesis Minerals Ltd,AU000000GMD9,,31068942.0,141748995.0,0.56,AUD,Materials,Australia,Stock,equity,web_csv
2026-08-05,GDX-ASX,CMM AU,Capricorn Metals Ltd,AU000000CMM9,,13394272.0,137835451.0,0.54,AUD,Materials,Australia,Stock,equity,web_csv
2026-08-05,GDX-ASX,AYA CN,Aya Gold & Silver Inc,CA05466C1095,,5482706.0,137346292.0,0.54,CAD,Materials,Canada,Stock,equity,web_csv
2026-08-05,GDX-ASX,CGAU,Centerra Gold Inc,CA1520061021,,6581070.0,128067622.0,0.5,USD,Materials,Canada,Stock,equity,web_csv
2026-08-05,GDX-ASX,ARMN,Aris Mining Corp,CA04040Y1097,,8158035.0,127510087.0,0.5,USD,Materials,Colombia,Stock,equity,web_csv
2026-08-05,GDX-ASX,VAU AU,Vault Minerals Ltd,AU0000427775,,33853569.0,127059498.0,0.5,AUD,Materials,Australia,Stock,equity,web_csv
2026-08-05,GDX-ASX,TXG CN,Torex Gold Resources Inc,CA8910546032,,2935520.0,126973097.0,0.5,CAD,Materials,Canada,Stock,equity,web_csv
2026-08-05,GDX-ASX,WDO CN,Wesdome Gold Mines Ltd/Canada,CA95083R1001,,5671821.0,124606503.0,0.49,CAD,Materials,Canada,Stock,equity,web_csv
2026-08-05,GDX-ASX,SKE,Skeena Resources Ltd,CA83056P7157,,4034951.0,123429151.0,0.49,USD,Materials,Canada,Stock,equity,web_csv
2026-08-05,GDX-ASX,RRL AU,Regis Resources Ltd,AU000000RRL8,,23813757.0,113087144.0,0.44,AUD,Materials,Australia,Stock,equity,web_csv
2026-08-05,GDX-ASX,FSM,Fortuna Silver Mines Inc,CA3499421020,,11260146.0,108097402.0,0.43,USD,Materials,Canada,Stock,equity,web_csv
2026-08-05,GDX-ASX,AUGO,Aura Minerals Inc,VGG069731120,,1637952.0,107711724.0,0.42,USD,Materials,United States,Stock,equity,web_csv
2026-08-05,GDX-ASX,BRMS IJ,Bumi Resources Minerals Tbk Pt,ID1000117609,,3072933500.0,104797864.0,0.41,IDR,Materials,Indonesia,Stock,equity,web_csv
2026-08-05,GDX-ASX,SA,Seabridge Gold Inc,CA8119271028,,3521691.0,102657293.0,0.4,USD,Materials,Canada,Stock,equity,web_csv
2026-08-05,GDX-ASX,WGX AU,Westgold Resources Ltd,AU000000WGX6,,26500493.0,97103345.0,0.38,AUD,Materials,Australia,Stock,equity,web_csv
2026-08-05,GDX-ASX,EXK,Endeavour Silver Corp,CA29258Y1034,,10815621.0,96907964.0,0.38,USD,Materials,Canada,Stock,equity,web_csv
2026-08-05,GDX-ASX,SVM,Silvercorp Metals Inc,CA82835P1036,,8647067.0,93561265.0,0.37,USD,Materials,Canada,Stock,equity,web_csv
2026-08-05,GDX-ASX,HOC LN,Hochschild Mining Plc,GB00B1FW5029,,12461801.0,80046464.0,0.31,GBP,Materials,Peru,Stock,equity,web_csv
2026-08-05,GDX-ASX,-USD CASH-,,CASH,,10525765.0,10525765.0,0.04,USD,,United States,Cash Bal,cash,web_csv
2026-08-05,GDX-ASX,-IDR CASH-,,CASH,,1.0,0.0,0.0,IDR,,Indonesia,Cash Bal,cash,web_csv
2026-08-05,GDX-ASX,-HKD CASH-,,CASH,,0.0,0.0,0.0,HKD,,China,Cash Bal,cash,web_csv
2026-08-05,GDX-ASX,-GBP CASH-,,CASH,,31.0,42.0,0.0,GBP,,United Kingdom,Cash Bal,cash,web_csv
2026-08-05,GDX-ASX,-EUR CASH-,,CASH,,0.0,0.0,0.0,EUR,,Europe,Cash Bal,cash,web_csv
2026-08-05,GDX-ASX,-AUD CASH-,,CASH,,1078.0,761.0,0.0,AUD,,Australia,Cash Bal,cash,web_csv
2026-08-05,GDX-ASX,-CAD CASH-,,CASH,,-2941109.0,-2097870.0,-0.01,CAD,,Canada,Cash Bal,cash,web_csv
2026-08-05,GDX-ASX,,Other/Cash,CASH,,0.0,-11538871.0,-0.05,USD,,,Cash,cash,web_csv
2026-08-06,GDX-ASX,NEM,Newmont Corp,US6516391066,,25610103.0,2700073159.0,10.54,USD,Materials,United States,Stock,equity,web_csv
2026-08-06,GDX-ASX,AEM,Agnico Eagle Mines Ltd,CA0084741085,,15798044.0,2652807548.0,10.35,USD,Materials,Canada,Stock,equity,web_csv
2026-08-06,GDX-ASX,B,Barrick Mining Corp,CA06849F1080,,49714475.0,2056687831.0,8.03,USD,Materials,Canada,Stock,equity,web_csv
2026-08-06,GDX-ASX,WPM,Wheaton Precious Metals Corp,CA9628791027,,11467638.0,1436895041.0,5.61,USD,Materials,Brazil,Stock,equity,web_csv
2026-08-06,GDX-ASX,AU,Anglogold Ashanti Plc,GB00BRXH2664,,14321418.0,1254413003.0,4.9,USD,Materials,United States,Stock,equity,web_csv
2026-08-06,GDX-ASX,FNV,Franco-Nevada Corp,CA3518581051,,5390966.0,1245744423.0,4.86,USD,Materials,Canada,Stock,equity,web_csv
2026-08-06,GDX-ASX,KGC,Kinross Gold Corp,CA4969024047,,42748186.0,1095208525.0,4.27,USD,Materials,Canada,Stock,equity,web_csv
2026-08-06,GDX-ASX,GFI,Gold Fields Ltd,US38059T1060,,27825133.0,1038990466.0,4.05,USD,Materials,South Africa,Stock,equity,web_csv
2026-08-06,GDX-ASX,PAAS,Pan American Silver Corp,CA6979001089,,15253201.0,732916308.0,2.86,USD,Materials,Canada,Stock,equity,web_csv
2026-08-06,GDX-ASX,NST AU,Northern Star Resources Ltd,AU000000NST8,,45668669.0,710888212.0,2.77,AUD,Materials,Australia,Stock,equity,web_csv
2026-08-06,GDX-ASX,CDE,Coeur Mining Inc,US1921085049,,33483295.0,524013567.0,2.04,USD,Materials,United States,Stock,equity,web_csv
2026-08-06,GDX-ASX,RGLD,Royal Gold Inc,US7802871084,,2240820.0,488745250.0,1.91,USD,Materials,United States,Stock,equity,web_csv
2026-08-06,GDX-ASX,AGI,Alamos Gold Inc,CA0115321089,,14308134.0,444982967.0,1.74,USD,Materials,Canada,Stock,equity,web_csv
2026-08-06,GDX-ASX,EQX,Equinox Gold Corp,CA29446Y5020,,39516102.0,424402935.0,1.66,USD,Materials,Canada,Stock,equity,web_csv
2026-08-06,GDX-ASX,EVN AU,Evolution Mining Ltd,AU000000EVN4,,45844239.0,419356224.0,1.64,AUD,Materials,Australia,Stock,equity,web_csv
2026-08-06,GDX-ASX,PE&OLES* MF,Industrias Penoles Sab De Cv,MXP554091415,,7955863.0,392914380.0,1.53,MXN,Materials,Mexico,Stock,equity,web_csv
2026-08-06,GDX-ASX,EGO,Eldorado Gold Corp,CA2849025093,,9670226.0,347451220.0,1.36,USD,Materials,Turkey,Stock,equity,web_csv
2026-08-06,GDX-ASX,EDV LN,Endeavour Mining Plc,GB00BL6K5J42,,6502570.0,339956506.0,1.33,GBP,Materials,United Kingdom,Stock,equity,web_csv
2026-08-06,GDX-ASX,AG,First Majestic Silver Corp,CA32076V1031,,19314884.0,333761196.0,1.3,USD,Materials,Canada,Stock,equity,web_csv
2026-08-06,GDX-ASX,GMIN CN,G Mining Ventures Corp,CA36270K1021,,9716995.0,328346627.0,1.28,CAD,Materials,Canada,Stock,equity,web_csv
2026-08-06,GDX-ASX,HL,Hecla Mining Co,US4227041062,,20565929.0,326175634.0,1.27,USD,Materials,United States,Stock,equity,web_csv
2026-08-06,GDX-ASX,IAG,Iamgold Corp,CA4509131088,,19939750.0,319634193.0,1.25,USD,Materials,Burkina Faso,Stock,equity,web_csv
2026-08-06,GDX-ASX,HMY,Harmony Gold Mining Co Ltd,US4132163001,,16271707.0,293704311.0,1.15,USD,Materials,South Africa,Stock,equity,web_csv
2026-08-06,GDX-ASX,FRES LN,Fresnillo Plc,GB00B2QPKJ12,,7845574.0,289287950.0,1.13,GBP,Materials,Mexico,Stock,equity,web_csv
2026-08-06,GDX-ASX,DPM CN,Dundee Precious Metals Inc,CA26139R1091,,6506902.0,269111897.0,1.05,CAD,Materials,Canada,Stock,equity,web_csv
2026-08-06,GDX-ASX,2259 HK,Zijin Gold International Co Ltd,HK0001200002,,15956800.0,267543358.0,1.04,HKD,Materials,China,Stock,equity,web_csv
2026-08-06,GDX-ASX,LUG CN,Lundin Gold Inc,CA5503711080,,4325573.0,267465805.0,1.04,CAD,Materials,Canada,Stock,equity,web_csv
2026-08-06,GDX-ASX,OGC,Oceanagold Corp,CA6752224007,,8671876.0,227636745.0,0.89,USD,Materials,Canada,Stock,equity,web_csv
2026-08-06,GDX-ASX,DSV CN,Discovery Silver Corp,CA25466C1077,,28659819.0,214823448.0,0.84,CAD,Materials,Canada,Stock,equity,web_csv
2026-08-06,GDX-ASX,1818 HK,Zhaojin Mining Industry Co Ltd,CNE1000004R6,,69950000.0,208420702.0,0.81,HKD,Materials,China,Stock,equity,web_csv
2026-08-06,GDX-ASX,BTG,B2gold Corp,CA11777Q2099,,49367285.0,201912196.0,0.79,USD,Materials,Canada,Stock,equity,web_csv
2026-08-06,GDX-ASX,BVN,Cia De Minas Buenaventura Saa,US2044481040,,6158870.0,200532807.0,0.78,USD,Materials,Peru,Stock,equity,web_csv
2026-08-06,GDX-ASX,SSRM,Ssr Mining Inc,CA7847301032,,6804078.0,195753324.0,0.76,USD,Materials,Canada,Stock,equity,web_csv
2026-08-06,GDX-ASX,OR,Or Royalties Inc,CA68390D1069,,5270063.0,169432525.0,0.66,USD,Materials,Canada,Stock,equity,web_csv
2026-08-06,GDX-ASX,ARTG CN,Artemis Gold Inc,CA04302L1004,,5855007.0,167655765.0,0.65,CAD,Materials,Canada,Stock,equity,web_csv
2026-08-06,GDX-ASX,AMMN IJ,Amman Mineral Internasional Pt,ID1000191109,,648553300.0,156464341.0,0.61,IDR,Materials,Indonesia,Stock,equity,web_csv
2026-08-06,GDX-ASX,RMS AU,Ramelius Resources Ltd,AU000000RMS4,,63804501.0,156268219.0,0.61,AUD,Materials,Australia,Stock,equity,web_csv
2026-08-06,GDX-ASX,PRU AU,Perseus Mining Ltd,AU000000PRU3,,42226090.0,156035939.0,0.61,AUD,Materials,Australia,Stock,equity,web_csv
2026-08-06,GDX-ASX,KNT CN,K92 Mining Inc,CA4991131083,,8142431.0,155456176.0,0.61,CAD,Materials,Canada,Stock,equity,web_csv
2026-08-06,GDX-ASX,MAU CN,Montage Gold Corp,CA61178L1013,,12181728.0,154991996.0,0.6,CAD,Materials,Côte D'Ivoire,Stock,equity,web_csv
2026-08-06,GDX-ASX,GGP AU,Greatland Resources Ltd,AU0000397705,,18963266.0,153274609.0,0.6,AUD,Materials,Australia,Stock,equity,web_csv
2026-08-06,GDX-ASX,GMD AU,Genesis Minerals Ltd,AU000000GMD9,,31135112.0,147173888.0,0.57,AUD,Materials,Australia,Stock,equity,web_csv
2026-08-06,GDX-ASX,CMM AU,Capricorn Metals Ltd,AU000000CMM9,,13422794.0,138714643.0,0.54,AUD,Materials,Australia,Stock,equity,web_csv
2026-08-06,GDX-ASX,AYA CN,Aya Gold & Silver Inc,CA05466C1095,,5494380.0,138285255.0,0.54,CAD,Materials,Canada,Stock,equity,web_csv
2026-08-06,GDX-ASX,VAU AU,Vault Minerals Ltd,AU0000427775,,33925667.0,132244723.0,0.52,AUD,Materials,Australia,Stock,equity,web_csv
2026-08-06,GDX-ASX,CGAU,Centerra Gold Inc,CA1520061021,,6595084.0,130648614.0,0.51,USD,Materials,Canada,Stock,equity,web_csv
2026-08-06,GDX-ASX,WDO CN,Wesdome Gold Mines Ltd/Canada,CA95083R1001,,5683898.0,129718458.0,0.51,CAD,Materials,Canada,Stock,equity,web_csv
2026-08-06,GDX-ASX,ARMN,Aris Mining Corp,CA04040Y1097,,8175416.0,128517540.0,0.5,USD,Materials,Colombia,Stock,equity,web_csv
2026-08-06,GDX-ASX,TXG CN,Torex Gold Resources Inc,CA8910546032,,2941773.0,125484037.0,0.49,CAD,Materials,Canada,Stock,equity,web_csv
2026-08-06,GDX-ASX,SKE,Skeena Resources Ltd,CA83056P7157,,4043544.0,124783768.0,0.49,USD,Materials,Canada,Stock,equity,web_csv
2026-08-06,GDX-ASX,RRL AU,Regis Resources Ltd,AU000000RRL8,,23864483.0,118434365.0,0.46,AUD,Materials,Australia,Stock,equity,web_csv
2026-08-06,GDX-ASX,FSM,Fortuna Silver Mines Inc,CA3499421020,,11284131.0,107876292.0,0.42,USD,Materials,Canada,Stock,equity,web_csv
2026-08-06,GDX-ASX,AUGO,Aura Minerals Inc,VGG069731120,,1641436.0,107727445.0,0.42,USD,Materials,United States,Stock,equity,web_csv
2026-08-06,GDX-ASX,BRMS IJ,Bumi Resources Minerals Tbk Pt,ID1000117609,,3079479000.0,104987075.0,0.41,IDR,Materials,Indonesia,Stock,equity,web_csv
2026-08-06,GDX-ASX,SA,Seabridge Gold Inc,CA8119271028,,3529192.0,102381860.0,0.4,USD,Materials,Canada,Stock,equity,web_csv
2026-08-06,GDX-ASX,WGX AU,Westgold Resources Ltd,AU000000WGX6,,26556939.0,101654804.0,0.4,AUD,Materials,Australia,Stock,equity,web_csv
2026-08-06,GDX-ASX,EXK,Endeavour Silver Corp,CA29258Y1034,,10838657.0,95705341.0,0.37,USD,Materials,Canada,Stock,equity,web_csv
2026-08-06,GDX-ASX,SVM,Silvercorp Metals Inc,CA82835P1036,,8665488.0,93500616.0,0.36,USD,Materials,Canada,Stock,equity,web_csv
2026-08-06,GDX-ASX,HOC LN,Hochschild Mining Plc,GB00B1FW5029,,12488347.0,80719723.0,0.32,GBP,Materials,Peru,Stock,equity,web_csv
2026-08-06,GDX-ASX,-USD CASH-,,CASH,,2590261.0,2590261.0,0.01,USD,,United States,Cash Bal,cash,web_csv
2026-08-06,GDX-ASX,-IDR CASH-,,CASH,,1.0,0.0,0.0,IDR,,Indonesia,Cash Bal,cash,web_csv
2026-08-06,GDX-ASX,-HKD CASH-,,CASH,,0.0,0.0,0.0,HKD,,China,Cash Bal,cash,web_csv
2026-08-06,GDX-ASX,-GBP CASH-,,CASH,,31.0,42.0,0.0,GBP,,United Kingdom,Cash Bal,cash,web_csv
2026-08-06,GDX-ASX,-EUR CASH-,,CASH,,0.0,0.0,0.0,EUR,,Europe,Cash Bal,cash,web_csv
2026-08-06,GDX-ASX,-AUD CASH-,,CASH,,1078.0,759.0,0.0,AUD,,Australia,Cash Bal,cash,web_csv
2026-08-06,GDX-ASX,-CAD CASH-,,CASH,,-2941109.0,-2097571.0,-0.01,CAD,,Canada,Cash Bal,cash,web_csv
2026-08-06,GDX-ASX,,Other/Cash,CASH,,0.0,-3958091.0,-0.02,USD,,,Cash,cash,web_csv
2026-08-07,GDX-ASX,NEM,Newmont Corp,US6516391066,,25631038.0,2895794673.0,10.57,USD,Materials,United States,Stock,equity,web_csv
2026-08-07,GDX-ASX,AEM,Agnico Eagle Mines Ltd,CA0084741085,,15810959.0,2827315688.0,10.32,USD,Materials,Canada,Stock,equity,web_csv
2026-08-07,GDX-ASX,B,Barrick Mining Corp,CA06849F1080,,49755115.0,2173303423.0,7.93,USD,Materials,Canada,Stock,equity,web_csv
2026-08-07,GDX-ASX,WPM,Wheaton Precious Metals Corp,CA9628791027,,11477013.0,1540215145.0,5.62,USD,Materials,Brazil,Stock,equity,web_csv
2026-08-07,GDX-ASX,AU,Anglogold Ashanti Plc,GB00BRXH2664,,14333123.0,1379133095.0,5.03,USD,Materials,United States,Stock,equity,web_csv
2026-08-07,GDX-ASX,FNV,Franco-Nevada Corp,CA3518581051,,5395371.0,1287605289.0,4.7,USD,Materials,Canada,Stock,equity,web_csv
2026-08-07,GDX-ASX,KGC,Kinross Gold Corp,CA4969024047,,42783131.0,1182525741.0,4.32,USD,Materials,Canada,Stock,equity,web_csv
2026-08-07,GDX-ASX,GFI,Gold Fields Ltd,US38059T1060,,27847878.0,1136750380.0,4.15,USD,Materials,South Africa,Stock,equity,web_csv
2026-08-07,GDX-ASX,PAAS,Pan American Silver Corp,CA6979001089,,15265671.0,781907669.0,2.85,USD,Materials,Canada,Stock,equity,web_csv
2026-08-07,GDX-ASX,NST AU,Northern Star Resources Ltd,AU000000NST8,,45705999.0,745766468.0,2.72,AUD,Materials,Australia,Stock,equity,web_csv
2026-08-07,GDX-ASX,CDE,Coeur Mining Inc,US1921085049,,33510665.0,582750464.0,2.13,USD,Materials,United States,Stock,equity,web_csv
2026-08-07,GDX-ASX,RGLD,Royal Gold Inc,US7802871084,,2242650.0,515630088.0,1.88,USD,Materials,United States,Stock,equity,web_csv
2026-08-07,GDX-ASX,AGI,Alamos Gold Inc,CA0115321089,,14319829.0,474702331.0,1.73,USD,Materials,Canada,Stock,equity,web_csv
2026-08-07,GDX-ASX,EQX,Equinox Gold Corp,CA29446Y5020,,39548362.0,457970032.0,1.67,USD,Materials,Canada,Stock,equity,web_csv
2026-08-07,GDX-ASX,EVN AU,Evolution Mining Ltd,AU000000EVN4,,45881714.0,438831757.0,1.6,AUD,Materials,Australia,Stock,equity,web_csv
2026-08-07,GDX-ASX,PE&OLES* MF,Industrias Penoles Sab De Cv,MXP554091415,,7962363.0,409790864.0,1.5,MXN,Materials,Mexico,Stock,equity,web_csv
2026-08-07,GDX-ASX,EGO,Eldorado Gold Corp,CA2849025093,,9678131.0,366994728.0,1.34,USD,Materials,Turkey,Stock,equity,web_csv
2026-08-07,GDX-ASX,IAG,Iamgold Corp,CA4509131088,,19956050.0,365594836.0,1.33,USD,Materials,Burkina Faso,Stock,equity,web_csv
2026-08-07,GDX-ASX,AG,First Majestic Silver Corp,CA32076V1031,,19330674.0,355684402.0,1.3,USD,Materials,Canada,Stock,equity,web_csv
2026-08-07,GDX-ASX,EDV LN,Endeavour Mining Plc,GB00BL6K5J42,,6507885.0,354594119.0,1.29,GBP,Materials,United Kingdom,Stock,equity,web_csv
2026-08-07,GDX-ASX,GMIN CN,G Mining Ventures Corp,CA36270K1021,,9724940.0,350495417.0,1.28,CAD,Materials,Canada,Stock,equity,web_csv
2026-08-07,GDX-ASX,HL,Hecla Mining Co,US4227041062,,20582739.0,346819152.0,1.27,USD,Materials,United States,Stock,equity,web_csv
2026-08-07,GDX-ASX,HMY,Harmony Gold Mining Co Ltd,US4132163001,,16285007.0,320814638.0,1.17,USD,Materials,South Africa,Stock,equity,web_csv
2026-08-07,GDX-ASX,FRES LN,Fresnillo Plc,GB00B2QPKJ12,,7851989.0,302361046.0,1.1,GBP,Materials,Mexico,Stock,equity,web_csv
2026-08-07,GDX-ASX,DPM CN,Dundee Precious Metals Inc,CA26139R1091,,6512222.0,287812888.0,1.05,CAD,Materials,Canada,Stock,equity,web_csv
2026-08-07,GDX-ASX,LUG CN,Lundin Gold Inc,CA5503711080,,4329108.0,285750625.0,1.04,CAD,Materials,Canada,Stock,equity,web_csv
2026-08-07,GDX-ASX,2259 HK,Zijin Gold International Co Ltd,HK0001200002,,15969800.0,281454983.0,1.03,HKD,Materials,China,Stock,equity,web_csv
2026-08-07,GDX-ASX,BTG,B2gold Corp,CA11777Q2099,,49407640.0,248520429.0,0.91,USD,Materials,Canada,Stock,equity,web_csv
2026-08-07,GDX-ASX,OGC,Oceanagold Corp,CA6752224007,,8678966.0,243965734.0,0.89,USD,Materials,Canada,Stock,equity,web_csv
2026-08-07,GDX-ASX,DSV CN,Discovery Silver Corp,CA25466C1077,,28683244.0,225269157.0,0.82,CAD,Materials,Canada,Stock,equity,web_csv
2026-08-07,GDX-ASX,SSRM,Ssr Mining Inc,CA7847301032,,6809638.0,216410296.0,0.79,USD,Materials,Canada,Stock,equity,web_csv
2026-08-07,GDX-ASX,1818 HK,Zhaojin Mining Industry Co Ltd,CNE1000004R6,,70007500.0,215105567.0,0.79,HKD,Materials,China,Stock,equity,web_csv
2026-08-07,GDX-ASX,BVN,Cia De Minas Buenaventura Saa,US2044481040,,6163905.0,210497356.0,0.77,USD,Materials,Peru,Stock,equity,web_csv
2026-08-07,GDX-ASX,OR,Or Royalties Inc,CA68390D1069,,5274373.0,174476259.0,0.64,USD,Materials,Canada,Stock,equity,web_csv
2026-08-07,GDX-ASX,ARTG CN,Artemis Gold Inc,CA04302L1004,,5859792.0,173030401.0,0.63,CAD,Materials,Canada,Stock,equity,web_csv
2026-08-07,GDX-ASX,KNT CN,K92 Mining Inc,CA4991131083,,8149086.0,166517813.0,0.61,CAD,Materials,Canada,Stock,equity,web_csv
2026-08-07,GDX-ASX,RMS AU,Ramelius Resources Ltd,AU000000RMS4,,63856656.0,165099481.0,0.6,AUD,Materials,Australia,Stock,equity,web_csv
2026-08-07,GDX-ASX,PRU AU,Perseus Mining Ltd,AU000000PRU3,,42260605.0,164000108.0,0.6,AUD,Materials,Australia,Stock,equity,web_csv
2026-08-07,GDX-ASX,GGP AU,Greatland Resources Ltd,AU0000397705,,18978766.0,162319403.0,0.59,AUD,Materials,Australia,Stock,equity,web_csv
2026-08-07,GDX-ASX,AMMN IJ,Amman Mineral Internasional Pt,ID1000191109,,649083300.0,160199767.0,0.58,IDR,Materials,Indonesia,Stock,equity,web_csv
2026-08-07,GDX-ASX,MAU CN,Montage Gold Corp,CA61178L1013,,12191688.0,160020004.0,0.58,CAD,Materials,Côte D'Ivoire,Stock,equity,web_csv
2026-08-07,GDX-ASX,GMD AU,Genesis Minerals Ltd,AU000000GMD9,,31160562.0,159091375.0,0.58,AUD,Materials,Australia,Stock,equity,web_csv
2026-08-07,GDX-ASX,CMM AU,Capricorn Metals Ltd,AU000000CMM9,,13433764.0,150939383.0,0.55,AUD,Materials,Australia,Stock,equity,web_csv
2026-08-07,GDX-ASX,AYA CN,Aya Gold & Silver Inc,CA05466C1095,,5498870.0,149397307.0,0.55,CAD,Materials,Canada,Stock,equity,web_csv
2026-08-07,GDX-ASX,ARMN,Aris Mining Corp,CA04040Y1097,,8182101.0,142368557.0,0.52,USD,Materials,Colombia,Stock,equity,web_csv
2026-08-07,GDX-ASX,VAU AU,Vault Minerals Ltd,AU0000427775,,33953397.0,141620951.0,0.52,AUD,Materials,Australia,Stock,equity,web_csv
2026-08-07,GDX-ASX,CGAU,Centerra Gold Inc,CA1520061021,,6600474.0,140194068.0,0.51,USD,Materials,Canada,Stock,equity,web_csv
2026-08-07,GDX-ASX,WDO CN,Wesdome Gold Mines Ltd/Canada,CA95083R1001,,5688543.0,139536074.0,0.51,CAD,Materials,Canada,Stock,equity,web_csv
2026-08-07,GDX-ASX,TXG CN,Torex Gold Resources Inc,CA8910546032,,2944178.0,132506487.0,0.48,CAD,Materials,Canada,Stock,equity,web_csv
2026-08-07,GDX-ASX,SKE,Skeena Resources Ltd,CA83056P7157,,4046849.0,131684466.0,0.48,USD,Materials,Canada,Stock,equity,web_csv
2026-08-07,GDX-ASX,RRL AU,Regis Resources Ltd,AU000000RRL8,,23883988.0,124256535.0,0.45,AUD,Materials,Australia,Stock,equity,web_csv
2026-08-07,GDX-ASX,AUGO,Aura Minerals Inc,VGG069731120,,1642776.0,121778985.0,0.44,USD,Materials,United States,Stock,equity,web_csv
2026-08-07,GDX-ASX,FSM,Fortuna Silver Mines Inc,CA3499421020,,11293356.0,117337969.0,0.43,USD,Materials,Canada,Stock,equity,web_csv
2026-08-07,GDX-ASX,SA,Seabridge Gold Inc,CA8119271028,,3532077.0,109953557.0,0.4,USD,Materials,Canada,Stock,equity,web_csv
2026-08-07,GDX-ASX,WGX AU,Westgold Resources Ltd,AU000000WGX6,,26578649.0,107822133.0,0.39,AUD,Materials,Australia,Stock,equity,web_csv
2026-08-07,GDX-ASX,BRMS IJ,Bumi Resources Minerals Tbk Pt,ID1000117609,,3081996500.0,106289745.0,0.39,IDR,Materials,Indonesia,Stock,equity,web_csv
2026-08-07,GDX-ASX,EXK,Endeavour Silver Corp,CA29258Y1034,,10847517.0,103485312.0,0.38,USD,Materials,Canada,Stock,equity,web_csv
2026-08-07,GDX-ASX,SVM,Silvercorp Metals Inc,CA82835P1036,,8672573.0,99300961.0,0.36,USD,Materials,Canada,Stock,equity,web_csv
2026-08-07,GDX-ASX,HOC LN,Hochschild Mining Plc,GB00B1FW5029,,12498557.0,85696320.0,0.31,GBP,Materials,Peru,Stock,equity,web_csv
2026-08-07,GDX-ASX,-IDR CASH-,,CASH,,1.0,0.0,0.0,IDR,,Indonesia,Cash Bal,cash,web_csv
2026-08-07,GDX-ASX,-HKD CASH-,,CASH,,0.0,0.0,0.0,HKD,,China,Cash Bal,cash,web_csv
2026-08-07,GDX-ASX,-GBP CASH-,,CASH,,31.0,42.0,0.0,GBP,,United Kingdom,Cash Bal,cash,web_csv
2026-08-07,GDX-ASX,-EUR CASH-,,CASH,,0.0,0.0,0.0,EUR,,Europe,Cash Bal,cash,web_csv
2026-08-07,GDX-ASX,-AUD CASH-,,CASH,,1078.0,761.0,0.0,AUD,,Australia,Cash Bal,cash,web_csv
2026-08-07,GDX-ASX,-CAD CASH-,,CASH,,-2941109.0,-2109456.0,-0.01,CAD,,Canada,Cash Bal,cash,web_csv
2026-08-07,GDX-ASX,-USD CASH-,,CASH,,-33235644.0,-33235644.0,-0.12,USD,,United States,Cash Bal,cash,web_csv
2026-08-07,GDX-ASX,,Other/Cash,CASH,,0.0,31508348.0,0.12,USD,,,Cash,cash,web_csv
2026-08-10,GDX-ASX,NEM,Newmont Corp,US6516391066,,25631038.0,3005495516.0,10.88,USD,Materials,United States,Stock,equity,web_csv
2026-08-10,GDX-ASX,AEM,Agnico Eagle Mines Ltd,CA0084741085,,15810959.0,2853561880.0,10.33,USD,Materials,Canada,Stock,equity,web_csv
2026-08-10,GDX-ASX,B,Barrick Mining Corp,CA06849F1080,,49755115.0,2033989101.0,7.36,USD,Materials,Canada,Stock,equity,web_csv
2026-08-10,GDX-ASX,WPM,Wheaton Precious Metals Corp,CA9628791027,,11477013.0,1530918764.0,5.54,USD,Materials,Brazil,Stock,equity,web_csv
2026-08-10,GDX-ASX,AU,Anglogold Ashanti Plc,GB00BRXH2664,,14333123.0,1393896212.0,5.04,USD,Materials,United States,Stock,equity,web_csv
2026-08-10,GDX-ASX,FNV,Franco-Nevada Corp,CA3518581051,,5395371.0,1299744874.0,4.7,USD,Materials,Canada,Stock,equity,web_csv
2026-08-10,GDX-ASX,KGC,Kinross Gold Corp,CA4969024047,,42783131.0,1172257789.0,4.24,USD,Materials,Canada,Stock,equity,web_csv
2026-08-10,GDX-ASX,GFI,Gold Fields Ltd,US38059T1060,,27847878.0,1144547786.0,4.14,USD,Materials,South Africa,Stock,equity,web_csv
2026-08-10,GDX-ASX,PAAS,Pan American Silver Corp,CA6979001089,,15265671.0,790761758.0,2.86,USD,Materials,Canada,Stock,equity,web_csv
2026-08-10,GDX-ASX,NST AU,Northern Star Resources Ltd,AU000000NST8,,45705999.0,752418967.0,2.72,AUD,Materials,Australia,Stock,equity,web_csv
2026-08-10,GDX-ASX,CDE,Coeur Mining Inc,US1921085049,,33510665.0,608218570.0,2.2,USD,Materials,United States,Stock,equity,web_csv
2026-08-10,GDX-ASX,RGLD,Royal Gold Inc,US7802871084,,2242650.0,525071645.0,1.9,USD,Materials,United States,Stock,equity,web_csv
2026-08-10,GDX-ASX,AGI,Alamos Gold Inc,CA0115321089,,14319829.0,475275125.0,1.72,USD,Materials,Canada,Stock,equity,web_csv
2026-08-10,GDX-ASX,EQX,Equinox Gold Corp,CA29446Y5020,,39548362.0,458365516.0,1.66,USD,Materials,Canada,Stock,equity,web_csv
2026-08-10,GDX-ASX,EVN AU,Evolution Mining Ltd,AU000000EVN4,,45881714.0,452557710.0,1.64,AUD,Materials,Australia,Stock,equity,web_csv
2026-08-10,GDX-ASX,PE&OLES* MF,Industrias Penoles Sab De Cv,MXP554091415,,7962363.0,414062377.0,1.5,MXN,Materials,Mexico,Stock,equity,web_csv
2026-08-10,GDX-ASX,EGO,Eldorado Gold Corp,CA2849025093,,9678131.0,378414922.0,1.37,USD,Materials,Turkey,Stock,equity,web_csv
2026-08-10,GDX-ASX,IAG,Iamgold Corp,CA4509131088,,19956050.0,367790002.0,1.33,USD,Materials,Burkina Faso,Stock,equity,web_csv
2026-08-10,GDX-ASX,AG,First Majestic Silver Corp,CA32076V1031,,19330674.0,364383205.0,1.32,USD,Materials,Canada,Stock,equity,web_csv
2026-08-10,GDX-ASX,EDV LN,Endeavour Mining Plc,GB00BL6K5J42,,6507885.0,361413967.0,1.31,GBP,Materials,United Kingdom,Stock,equity,web_csv
2026-08-10,GDX-ASX,HL,Hecla Mining Co,US4227041062,,20582739.0,361227069.0,1.31,USD,Materials,United States,Stock,equity,web_csv
2026-08-10,GDX-ASX,GMIN CN,G Mining Ventures Corp,CA36270K1021,,9724940.0,355840670.0,1.29,CAD,Materials,Canada,Stock,equity,web_csv
2026-08-10,GDX-ASX,HMY,Harmony Gold Mining Co Ltd,US4132163001,,16285007.0,324071639.0,1.17,USD,Materials,South Africa,Stock,equity,web_csv
2026-08-10,GDX-ASX,FRES LN,Fresnillo Plc,GB00B2QPKJ12,,7851989.0,316931487.0,1.15,GBP,Materials,Mexico,Stock,equity,web_csv
2026-08-10,GDX-ASX,2259 HK,Zijin Gold International Co Ltd,HK0001200002,,15969800.0,296752362.0,1.07,HKD,Materials,China,Stock,equity,web_csv
2026-08-10,GDX-ASX,DPM CN,Dundee Precious Metals Inc,CA26139R1091,,6512222.0,289053265.0,1.05,CAD,Materials,Canada,Stock,equity,web_csv
2026-08-10,GDX-ASX,LUG CN,Lundin Gold Inc,CA5503711080,,4329108.0,284395089.0,1.03,CAD,Materials,Canada,Stock,equity,web_csv
2026-08-10,GDX-ASX,BTG,B2gold Corp,CA11777Q2099,,49407640.0,250002658.0,0.9,USD,Materials,Canada,Stock,equity,web_csv
2026-08-10,GDX-ASX,OGC,Oceanagold Corp,CA6752224007,,8678966.0,247524110.0,0.9,USD,Materials,Canada,Stock,equity,web_csv
2026-08-10,GDX-ASX,DSV CN,Discovery Silver Corp,CA25466C1077,,28683244.0,225458711.0,0.82,CAD,Materials,Canada,Stock,equity,web_csv
2026-08-10,GDX-ASX,1818 HK,Zhaojin Mining Industry Co Ltd,CNE1000004R6,,70007500.0,224948692.0,0.81,HKD,Materials,China,Stock,equity,web_csv
2026-08-10,GDX-ASX,SSRM,Ssr Mining Inc,CA7847301032,,6809638.0,213822633.0,0.77,USD,Materials,Canada,Stock,equity,web_csv
2026-08-10,GDX-ASX,BVN,Cia De Minas Buenaventura Saa,US2044481040,,6163905.0,213147835.0,0.77,USD,Materials,Peru,Stock,equity,web_csv
2026-08-10,GDX-ASX,OR,Or Royalties Inc,CA68390D1069,,5274373.0,177957345.0,0.64,USD,Materials,Canada,Stock,equity,web_csv
2026-08-10,GDX-ASX,PRU AU,Perseus Mining Ltd,AU000000PRU3,,42260605.0,170091720.0,0.62,AUD,Materials,Australia,Stock,equity,web_csv
2026-08-10,GDX-ASX,RMS AU,Ramelius Resources Ltd,AU000000RMS4,,63856656.0,170002303.0,0.62,AUD,Materials,Australia,Stock,equity,web_csv
2026-08-10,GDX-ASX,GGP AU,Greatland Resources Ltd,AU0000397705,,18978766.0,169023642.0,0.61,AUD,Materials,Australia,Stock,equity,web_csv
2026-08-10,GDX-ASX,ARTG CN,Artemis Gold Inc,CA04302L1004,,5859792.0,167806860.0,0.61,CAD,Materials,Canada,Stock,equity,web_csv
2026-08-10,GDX-ASX,KNT CN,K92 Mining Inc,CA4991131083,,8149086.0,167499412.0,0.61,CAD,Materials,Canada,Stock,equity,web_csv
2026-08-10,GDX-ASX,GMD AU,Genesis Minerals Ltd,AU000000GMD9,,31160562.0,163855289.0,0.59,AUD,Materials,Australia,Stock,equity,web_csv
2026-08-10,GDX-ASX,MAU CN,Montage Gold Corp,CA61178L1013,,12191688.0,163768291.0,0.59,CAD,Materials,Côte D'Ivoire,Stock,equity,web_csv
2026-08-10,GDX-ASX,AMMN IJ,Amman Mineral Internasional Pt,ID1000191109,,649083300.0,160401620.0,0.58,IDR,Materials,Indonesia,Stock,equity,web_csv
2026-08-10,GDX-ASX,CMM AU,Capricorn Metals Ltd,AU000000CMM9,,13433764.0,154347798.0,0.56,AUD,Materials,Australia,Stock,equity,web_csv
2026-08-10,GDX-ASX,AYA CN,Aya Gold & Silver Inc,CA05466C1095,,5498870.0,153251399.0,0.55,CAD,Materials,Canada,Stock,equity,web_csv
2026-08-10,GDX-ASX,VAU AU,Vault Minerals Ltd,AU0000427775,,33953397.0,146568474.0,0.53,AUD,Materials,Australia,Stock,equity,web_csv
2026-08-10,GDX-ASX,CGAU,Centerra Gold Inc,CA1520061021,,6600474.0,140788110.0,0.51,USD,Materials,Canada,Stock,equity,web_csv
2026-08-10,GDX-ASX,ARIS,Aris Mining Corp,CA04040Y1097,,8182101.0,139750285.0,0.51,USD,Materials,Colombia,Stock,equity,web_csv
2026-08-10,GDX-ASX,WDO CN,Wesdome Gold Mines Ltd/Canada,CA95083R1001,,5688543.0,138179762.0,0.5,CAD,Materials,Canada,Stock,equity,web_csv
2026-08-10,GDX-ASX,SKE,Skeena Resources Ltd,CA83056P7157,,4046849.0,133788828.0,0.48,USD,Materials,Canada,Stock,equity,web_csv
2026-08-10,GDX-ASX,TXG CN,Torex Gold Resources Inc,CA8910546032,,2944178.0,130089867.0,0.47,CAD,Materials,Canada,Stock,equity,web_csv
2026-08-10,GDX-ASX,RRL AU,Regis Resources Ltd,AU000000RRL8,,23883988.0,127766040.0,0.46,AUD,Materials,Australia,Stock,equity,web_csv
2026-08-10,GDX-ASX,AUGO,Aura Minerals Inc,VGG069731120,,1642776.0,125261670.0,0.45,USD,Materials,United States,Stock,equity,web_csv
2026-08-10,GDX-ASX,FSM,Fortuna Silver Mines Inc,CA3499421020,,11293356.0,121177710.0,0.44,USD,Materials,Canada,Stock,equity,web_csv
2026-08-10,GDX-ASX,EXK,Endeavour Silver Corp,CA29258Y1034,,10847517.0,111078574.0,0.4,USD,Materials,Canada,Stock,equity,web_csv
2026-08-10,GDX-ASX,WGX AU,Westgold Resources Ltd,AU000000WGX6,,26578649.0,111038207.0,0.4,AUD,Materials,Australia,Stock,equity,web_csv
2026-08-10,GDX-ASX,SA,Seabridge Gold Inc,CA8119271028,,3532077.0,110377406.0,0.4,USD,Materials,Canada,Stock,equity,web_csv
2026-08-10,GDX-ASX,BRMS IJ,Bumi Resources Minerals Tbk Pt,ID1000117609,,3081996500.0,107121511.0,0.39,IDR,Materials,Indonesia,Stock,equity,web_csv
2026-08-10,GDX-ASX,SVM,Silvercorp Metals Inc,CA82835P1036,,8672573.0,105892116.0,0.38,USD,Materials,Canada,Stock,equity,web_csv
2026-08-10,GDX-ASX,HOC LN,Hochschild Mining Plc,GB00B1FW5029,,12498557.0,87265577.0,0.32,GBP,Materials,Peru,Stock,equity,web_csv
2026-08-10,GDX-ASX,-USD CASH-,,CASH,,1151838.0,1151838.0,0.0,USD,,United States,Cash Bal,cash,web_csv
2026-08-10,GDX-ASX,-IDR CASH-,,CASH,,1.0,0.0,0.0,IDR,,Indonesia,Cash Bal,cash,web_csv
2026-08-10,GDX-ASX,-HKD CASH-,,CASH,,0.0,0.0,0.0,HKD,,China,Cash Bal,cash,web_csv
2026-08-10,GDX-ASX,-GBP CASH-,,CASH,,31.0,42.0,0.0,GBP,,United Kingdom,Cash Bal,cash,web_csv
2026-08-10,GDX-ASX,-EUR CASH-,,CASH,,0.0,0.0,0.0,EUR,,Europe,Cash Bal,cash,web_csv
2026-08-10,GDX-ASX,-AUD CASH-,,CASH,,1078.0,761.0,0.0,AUD,,Australia,Cash Bal,cash,web_csv
2026-08-10,GDX-ASX,-CAD CASH-,,CASH,,-2941109.0,-2109305.0,-0.01,CAD,,Canada,Cash Bal,cash,web_csv
2026-08-10,GDX-ASX,,Other/Cash,CASH,,0.0,-4021011.0,-0.01,USD,,,Cash,cash,web_csv
2026-08-11,GDX-ASX,NEM,Newmont Corp,US6516391066,,25823640.0,3026788844.0,10.91,USD,Materials,United States,Stock,equity,web_csv
2026-08-11,GDX-ASX,AEM,Agnico Eagle Mines Ltd,CA0084741085,,15929777.0,2895236970.0,10.44,USD,Materials,Canada,Stock,equity,web_csv
2026-08-11,GDX-ASX,B,Barrick Mining Corp,CA06849F1080,,50128957.0,2011675044.0,7.25,USD,Materials,Canada,Stock,equity,web_csv
2026-08-11,GDX-ASX,WPM,Wheaton Precious Metals Corp,CA9628791027,,11563263.0,1554218180.0,5.6,USD,Materials,Brazil,Stock,equity,web_csv
2026-08-11,GDX-ASX,AU,Anglogold Ashanti Plc,GB00BRXH2664,,14440809.0,1407112429.0,5.07,USD,Materials,United States,Stock,equity,web_csv
2026-08-11,GDX-ASX,FNV,Franco-Nevada Corp,CA3518581051,,5435897.0,1308637844.0,4.72,USD,Materials,Canada,Stock,equity,web_csv
2026-08-11,GDX-ASX,KGC,Kinross Gold Corp,CA4969024047,,43104579.0,1174168732.0,4.23,USD,Materials,Canada,Stock,equity,web_csv
2026-08-11,GDX-ASX,GFI,Gold Fields Ltd,US38059T1060,,28057132.0,1129860706.0,4.07,USD,Materials,South Africa,Stock,equity,web_csv
2026-08-11,GDX-ASX,PAAS,Pan American Silver Corp,CA6979001089,,15380395.0,796550657.0,2.87,USD,Materials,Canada,Stock,equity,web_csv
2026-08-11,GDX-ASX,NST AU,Northern Star Resources Ltd,AU000000NST8,,46049435.0,741553786.0,2.67,AUD,Materials,Australia,Stock,equity,web_csv
2026-08-11,GDX-ASX,CDE,Coeur Mining Inc,US1921085049,,33762469.0,627306674.0,2.26,USD,Materials,United States,Stock,equity,web_csv
2026-08-11,GDX-ASX,RGLD,Royal Gold Inc,US7802871084,,2259486.0,527612576.0,1.9,USD,Materials,United States,Stock,equity,web_csv
2026-08-11,GDX-ASX,AGI,Alamos Gold Inc,CA0115321089,,14427423.0,482597299.0,1.74,USD,Materials,Canada,Stock,equity,web_csv
2026-08-11,GDX-ASX,EQX,Equinox Gold Corp,CA29446Y5020,,39845154.0,464594496.0,1.68,USD,Materials,Canada,Stock,equity,web_csv
2026-08-11,GDX-ASX,EVN AU,Evolution Mining Ltd,AU000000EVN4,,46226484.0,447038128.0,1.61,AUD,Materials,Australia,Stock,equity,web_csv
2026-08-11,GDX-ASX,PE&OLES* MF,Industrias Penoles Sab De Cv,MXP554091415,,8022163.0,412855676.0,1.49,MXN,Materials,Mexico,Stock,equity,web_csv
2026-08-11,GDX-ASX,EGO,Eldorado Gold Corp,CA2849025093,,9750857.0,381161000.0,1.37,USD,Materials,Turkey,Stock,equity,web_csv
2026-08-11,GDX-ASX,AG,First Majestic Silver Corp,CA32076V1031,,19475942.0,369263860.0,1.33,USD,Materials,Canada,Stock,equity,web_csv
2026-08-11,GDX-ASX,EDV LN,Endeavour Mining Plc,GB00BL6K5J42,,6556783.0,369032071.0,1.33,GBP,Materials,United Kingdom,Stock,equity,web_csv
2026-08-11,GDX-ASX,HL,Hecla Mining Co,US4227041062,,20737391.0,368296064.0,1.33,USD,Materials,United States,Stock,equity,web_csv
2026-08-11,GDX-ASX,IAG,Iamgold Corp,CA4509131088,,20106010.0,365125142.0,1.32,USD,Materials,Burkina Faso,Stock,equity,web_csv
2026-08-11,GDX-ASX,GMIN CN,G Mining Ventures Corp,CA36270K1021,,9798034.0,352595558.0,1.27,CAD,Materials,Canada,Stock,equity,web_csv
2026-08-11,GDX-ASX,HMY,Harmony Gold Mining Co Ltd,US4132163001,,16407367.0,320107730.0,1.15,USD,Materials,South Africa,Stock,equity,web_csv
2026-08-11,GDX-ASX,FRES LN,Fresnillo Plc,GB00B2QPKJ12,,7911007.0,315495886.0,1.14,GBP,Materials,Mexico,Stock,equity,web_csv
2026-08-11,GDX-ASX,DPM CN,Dundee Precious Metals Inc,CA26139R1091,,6561166.0,293397536.0,1.06,CAD,Materials,Canada,Stock,equity,web_csv
2026-08-11,GDX-ASX,LUG CN,Lundin Gold Inc,CA5503711080,,4361630.0,289647933.0,1.04,CAD,Materials,Canada,Stock,equity,web_csv
2026-08-11,GDX-ASX,2259 HK,Zijin Gold International Co Ltd,HK0001200002,,16089400.0,272664219.0,0.98,HKD,Materials,China,Stock,equity,web_csv
2026-08-11,GDX-ASX,BTG,B2gold Corp,CA11777Q2099,,49778860.0,252378820.0,0.91,USD,Materials,Canada,Stock,equity,web_csv
2026-08-11,GDX-ASX,OGC,Oceanagold Corp,CA6752224007,,8744194.0,251308136.0,0.91,USD,Materials,Canada,Stock,equity,web_csv
2026-08-11,GDX-ASX,DSV CN,Discovery Silver Corp,CA25466C1077,,28898754.0,223056260.0,0.8,CAD,Materials,Canada,Stock,equity,web_csv
2026-08-11,GDX-ASX,SSRM,Ssr Mining Inc,CA7847301032,,6860790.0,219339456.0,0.79,USD,Materials,Canada,Stock,equity,web_csv
2026-08-11,GDX-ASX,BVN,Cia De Minas Buenaventura Saa,US2044481040,,6210227.0,216115900.0,0.78,USD,Materials,Peru,Stock,equity,web_csv
2026-08-11,GDX-ASX,1818 HK,Zhaojin Mining Industry Co Ltd,CNE1000004R6,,70536500.0,211298453.0,0.76,HKD,Materials,China,Stock,equity,web_csv
2026-08-11,GDX-ASX,OR,Or Royalties Inc,CA68390D1069,,5314025.0,179029502.0,0.65,USD,Materials,Canada,Stock,equity,web_csv
2026-08-11,GDX-ASX,PRU AU,Perseus Mining Ltd,AU000000PRU3,,42578143.0,168545742.0,0.61,AUD,Materials,Australia,Stock,equity,web_csv
2026-08-11,GDX-ASX,GGP AU,Greatland Resources Ltd,AU0000397705,,19121366.0,168451147.0,0.61,AUD,Materials,Australia,Stock,equity,web_csv
2026-08-11,GDX-ASX,KNT CN,K92 Mining Inc,CA4991131083,,8210312.0,168421191.0,0.61,CAD,Materials,Canada,Stock,equity,web_csv
2026-08-11,GDX-ASX,ARTG CN,Artemis Gold Inc,CA04302L1004,,5903814.0,167820496.0,0.61,CAD,Materials,Canada,Stock,equity,web_csv
2026-08-11,GDX-ASX,RMS AU,Ramelius Resources Ltd,AU000000RMS4,,64336482.0,165565196.0,0.6,AUD,Materials,Australia,Stock,equity,web_csv
2026-08-11,GDX-ASX,MAU CN,Montage Gold Corp,CA61178L1013,,12283274.0,162718654.0,0.59,CAD,Materials,Côte D'Ivoire,Stock,equity,web_csv
2026-08-11,GDX-ASX,GMD AU,Genesis Minerals Ltd,AU000000GMD9,,31394702.0,162225359.0,0.58,AUD,Materials,Australia,Stock,equity,web_csv
2026-08-11,GDX-ASX,AMMN IJ,Amman Mineral Internasional Pt,ID1000191109,,653959300.0,155605536.0,0.56,IDR,Materials,Indonesia,Stock,equity,web_csv
2026-08-11,GDX-ASX,CMM AU,Capricorn Metals Ltd,AU000000CMM9,,13534688.0,154302039.0,0.56,AUD,Materials,Australia,Stock,equity,web_csv
2026-08-11,GDX-ASX,AYA CN,Aya Gold & Silver Inc,CA05466C1095,,5540178.0,154102671.0,0.56,CAD,Materials,Canada,Stock,equity,web_csv
2026-08-11,GDX-ASX,VAU AU,Vault Minerals Ltd,AU0000427775,,34208513.0,145533186.0,0.52,AUD,Materials,Australia,Stock,equity,web_csv
2026-08-11,GDX-ASX,CGAU,Centerra Gold Inc,CA1520061021,,6650062.0,144173344.0,0.52,USD,Materials,Canada,Stock,equity,web_csv
2026-08-11,GDX-ASX,ARIS,Aris Mining Corp,CA04040Y1097,,8243603.0,142944076.0,0.52,USD,Materials,Colombia,Stock,equity,web_csv
2026-08-11,GDX-ASX,WDO CN,Wesdome Gold Mines Ltd/Canada,CA95083R1001,,5731277.0,139089688.0,0.5,CAD,Materials,Canada,Stock,equity,web_csv
2026-08-11,GDX-ASX,SKE,Skeena Resources Ltd,CA83056P7157,,4077255.0,135854137.0,0.49,USD,Materials,Canada,Stock,equity,web_csv
2026-08-11,GDX-ASX,TXG CN,Torex Gold Resources Inc,CA8910546032,,2966304.0,132730257.0,0.48,CAD,Materials,Canada,Stock,equity,web_csv
2026-08-11,GDX-ASX,AUGO,Aura Minerals Inc,VGG069731120,,1655104.0,125887210.0,0.45,USD,Materials,United States,Stock,equity,web_csv
2026-08-11,GDX-ASX,RRL AU,Regis Resources Ltd,AU000000RRL8,,24063434.0,125428275.0,0.45,AUD,Materials,Australia,Stock,equity,web_csv
2026-08-11,GDX-ASX,FSM,Fortuna Silver Mines Inc,CA3499421020,,11378226.0,123226188.0,0.44,USD,Materials,Canada,Stock,equity,web_csv
2026-08-11,GDX-ASX,EXK,Endeavour Silver Corp,CA29258Y1034,,10929029.0,115738417.0,0.42,USD,Materials,Canada,Stock,equity,web_csv
2026-08-11,GDX-ASX,SA,Seabridge Gold Inc,CA8119271028,,3558619.0,113982567.0,0.41,USD,Materials,Canada,Stock,equity,web_csv
2026-08-11,GDX-ASX,SVM,Silvercorp Metals Inc,CA82835P1036,,8737755.0,110183091.0,0.4,USD,Materials,Canada,Stock,equity,web_csv
2026-08-11,GDX-ASX,WGX AU,Westgold Resources Ltd,AU000000WGX6,,26778335.0,109711478.0,0.4,AUD,Materials,Australia,Stock,equity,web_csv
2026-08-11,GDX-ASX,BRMS IJ,Bumi Resources Minerals Tbk Pt,ID1000117609,,3105152900.0,104549480.0,0.38,IDR,Materials,Indonesia,Stock,equity,web_csv
2026-08-11,GDX-ASX,HOC LN,Hochschild Mining Plc,GB00B1FW5029,,12592489.0,88751026.0,0.32,GBP,Materials,Peru,Stock,equity,web_csv
2026-08-11,GDX-ASX,-IDR CASH-,,CASH,,1.0,0.0,0.0,IDR,,Indonesia,Cash Bal,cash,web_csv
2026-08-11,GDX-ASX,-HKD CASH-,,CASH,,0.0,0.0,0.0,HKD,,China,Cash Bal,cash,web_csv
2026-08-11,GDX-ASX,-GBP CASH-,,CASH,,31.0,42.0,0.0,GBP,,United Kingdom,Cash Bal,cash,web_csv
2026-08-11,GDX-ASX,-EUR CASH-,,CASH,,0.0,0.0,0.0,EUR,,Europe,Cash Bal,cash,web_csv
2026-08-11,GDX-ASX,-AUD CASH-,,CASH,,1078.0,761.0,0.0,AUD,,Australia,Cash Bal,cash,web_csv
2026-08-11,GDX-ASX,-CAD CASH-,,CASH,,-2941109.0,-2111728.0,-0.01,CAD,,Canada,Cash Bal,cash,web_csv
2026-08-11,GDX-ASX,-USD CASH-,,CASH,,-140620586.0,-140620586.0,-0.51,USD,,United States,Cash Bal,cash,web_csv
2026-08-11,GDX-ASX,,Other/Cash,CASH,,0.0,137363600.0,0.5,USD,,,Cash,cash,web_csv
2026-08-12,GDX-ASX,NEM,Newmont Corp,US6516391066,,25932502.0,3055886036.0,10.87,USD,Materials,United States,Stock,equity,web_csv
2026-08-12,GDX-ASX,AEM,Agnico Eagle Mines Ltd,CA0084741085,,15996935.0,2962312423.0,10.54,USD,Materials,Canada,Stock,equity,web_csv
2026-08-12,GDX-ASX,B,Barrick Mining Corp,CA06849F1080,,50340259.0,2075528879.0,7.38,USD,Materials,Canada,Stock,equity,web_csv
2026-08-12,GDX-ASX,WPM,Wheaton Precious Metals Corp,CA9628791027,,11612013.0,1566228313.0,5.57,USD,Materials,Brazil,Stock,equity,web_csv
2026-08-12,GDX-ASX,AU,Anglogold Ashanti Plc,GB00BRXH2664,,14501675.0,1420004016.0,5.05,USD,Materials,United States,Stock,equity,web_csv
2026-08-12,GDX-ASX,FNV,Franco-Nevada Corp,CA3518581051,,5458803.0,1287949980.0,4.58,USD,Materials,Canada,Stock,equity,web_csv
2026-08-12,GDX-ASX,KGC,Kinross Gold Corp,CA4969024047,,43286267.0,1189506617.0,4.23,USD,Materials,Canada,Stock,equity,web_csv
2026-08-12,GDX-ASX,GFI,Gold Fields Ltd,US38059T1060,,28175406.0,1147584286.0,4.08,USD,Materials,South Africa,Stock,equity,web_csv
2026-08-12,GDX-ASX,PAAS,Pan American Silver Corp,CA6979001089,,15445239.0,809021619.0,2.88,USD,Materials,Canada,Stock,equity,web_csv
2026-08-12,GDX-ASX,NST AU,Northern Star Resources Ltd,AU000000NST8,,46243551.0,756948890.0,2.69,AUD,Materials,Australia,Stock,equity,web_csv
2026-08-12,GDX-ASX,CDE,Coeur Mining Inc,US1921085049,,33904793.0,637410108.0,2.27,USD,Materials,United States,Stock,equity,web_csv
2026-08-12,GDX-ASX,RGLD,Royal Gold Inc,US7802871084,,2269002.0,528382496.0,1.88,USD,Materials,United States,Stock,equity,web_csv
2026-08-12,GDX-ASX,AGI,Alamos Gold Inc,CA0115321089,,14488237.0,485790587.0,1.73,USD,Materials,Canada,Stock,equity,web_csv
2026-08-12,GDX-ASX,EQX,Equinox Gold Corp,CA29446Y5020,,40012880.0,461348506.0,1.64,USD,Materials,Canada,Stock,equity,web_csv
2026-08-12,GDX-ASX,EVN AU,Evolution Mining Ltd,AU000000EVN4,,46421328.0,451365302.0,1.61,AUD,Materials,Australia,Stock,equity,web_csv
2026-08-12,GDX-ASX,PE&OLES* MF,Industrias Penoles Sab De Cv,MXP554091415,,8055963.0,421449864.0,1.5,MXN,Materials,Mexico,Stock,equity,web_csv
2026-08-12,GDX-ASX,EGO,Eldorado Gold Corp,CA2849025093,,9791963.0,388643011.0,1.38,USD,Materials,Turkey,Stock,equity,web_csv
2026-08-12,GDX-ASX,EDV LN,Endeavour Mining Plc,GB00BL6K5J42,,6584421.0,380274015.0,1.35,GBP,Materials,United Kingdom,Stock,equity,web_csv
2026-08-12,GDX-ASX,HL,Hecla Mining Co,US4227041062,,20824803.0,376928934.0,1.34,USD,Materials,United States,Stock,equity,web_csv
2026-08-12,GDX-ASX,AG,First Majestic Silver Corp,CA32076V1031,,19558050.0,374732238.0,1.33,USD,Materials,Canada,Stock,equity,web_csv
2026-08-12,GDX-ASX,IAG,Iamgold Corp,CA4509131088,,20190770.0,364847214.0,1.3,USD,Materials,Burkina Faso,Stock,equity,web_csv
2026-08-12,GDX-ASX,GMIN CN,G Mining Ventures Corp,CA36270K1021,,9839322.0,352063075.0,1.25,CAD,Materials,Canada,Stock,equity,web_csv
2026-08-12,GDX-ASX,HMY,Harmony Gold Mining Co Ltd,US4132163001,,16476527.0,327223826.0,1.16,USD,Materials,South Africa,Stock,equity,web_csv
2026-08-12,GDX-ASX,FRES LN,Fresnillo Plc,GB00B2QPKJ12,,7944365.0,311968697.0,1.11,GBP,Materials,Mexico,Stock,equity,web_csv
2026-08-12,GDX-ASX,DPM CN,Dundee Precious Metals Inc,CA26139R1091,,6588830.0,296848713.0,1.06,CAD,Materials,Canada,Stock,equity,web_csv
2026-08-12,GDX-ASX,LUG CN,Lundin Gold Inc,CA5503711080,,4380012.0,289568072.0,1.03,CAD,Materials,Canada,Stock,equity,web_csv
2026-08-12,GDX-ASX,2259 HK,Zijin Gold International Co Ltd,HK0001200002,,16157000.0,277861158.0,0.99,HKD,Materials,China,Stock,equity,web_csv
2026-08-12,GDX-ASX,BTG,B2gold Corp,CA11777Q2099,,49988680.0,260441023.0,0.93,USD,Materials,Canada,Stock,equity,web_csv
2026-08-12,GDX-ASX,OGC,Oceanagold Corp,CA6752224007,,8781062.0,253948313.0,0.9,USD,Materials,Canada,Stock,equity,web_csv
2026-08-12,GDX-ASX,DSV CN,Discovery Silver Corp,CA25466C1077,,29020564.0,225728235.0,0.8,CAD,Materials,Canada,Stock,equity,web_csv
2026-08-12,GDX-ASX,SSRM,Ssr Mining Inc,CA7847301032,,6889702.0,224053109.0,0.8,USD,Materials,Canada,Stock,equity,web_csv
2026-08-12,GDX-ASX,BVN,Cia De Minas Buenaventura Saa,US2044481040,,6236409.0,215779751.0,0.77,USD,Materials,Peru,Stock,equity,web_csv
2026-08-12,GDX-ASX,1818 HK,Zhaojin Mining Industry Co Ltd,CNE1000004R6,,70835500.0,214606245.0,0.76,HKD,Materials,China,Stock,equity,web_csv
2026-08-12,GDX-ASX,OR,Or Royalties Inc,CA68390D1069,,5336437.0,179891291.0,0.64,USD,Materials,Canada,Stock,equity,web_csv
2026-08-12,GDX-ASX,KNT CN,K92 Mining Inc,CA4991131083,,8244918.0,173265559.0,0.62,CAD,Materials,Canada,Stock,equity,web_csv
2026-08-12,GDX-ASX,GGP AU,Greatland Resources Ltd,AU0000397705,,19201966.0,170552552.0,0.61,AUD,Materials,Australia,Stock,equity,web_csv
2026-08-12,GDX-ASX,ARTG CN,Artemis Gold Inc,CA04302L1004,,5928696.0,169938778.0,0.6,CAD,Materials,Canada,Stock,equity,web_csv
2026-08-12,GDX-ASX,PRU AU,Perseus Mining Ltd,AU000000PRU3,,42757621.0,168550819.0,0.6,AUD,Materials,Australia,Stock,equity,web_csv
2026-08-12,GDX-ASX,RMS AU,Ramelius Resources Ltd,AU000000RMS4,,64607688.0,167874130.0,0.6,AUD,Materials,Australia,Stock,equity,web_csv
2026-08-12,GDX-ASX,MAU CN,Montage Gold Corp,CA61178L1013,,12335040.0,166463462.0,0.59,CAD,Materials,Côte D'Ivoire,Stock,equity,web_csv
2026-08-12,GDX-ASX,GMD AU,Genesis Minerals Ltd,AU000000GMD9,,31527042.0,166103343.0,0.59,AUD,Materials,Australia,Stock,equity,web_csv
2026-08-12,GDX-ASX,AMMN IJ,Amman Mineral Internasional Pt,ID1000191109,,656715300.0,160612281.0,0.57,IDR,Materials,Indonesia,Stock,equity,web_csv
2026-08-12,GDX-ASX,CMM AU,Capricorn Metals Ltd,AU000000CMM9,,13591732.0,157068638.0,0.56,AUD,Materials,Australia,Stock,equity,web_csv
2026-08-12,GDX-ASX,AYA CN,Aya Gold & Silver Inc,CA05466C1095,,5563526.0,156195088.0,0.56,CAD,Materials,Canada,Stock,equity,web_csv
2026-08-12,GDX-ASX,VAU AU,Vault Minerals Ltd,AU0000427775,,34352709.0,147298019.0,0.52,AUD,Materials,Australia,Stock,equity,web_csv
2026-08-12,GDX-ASX,ARIS,Aris Mining Corp,CA04040Y1097,,8278339.0,146940517.0,0.52,USD,Materials,Colombia,Stock,equity,web_csv
2026-08-12,GDX-ASX,CGAU,Centerra Gold Inc,CA1520061021,,6678090.0,145181677.0,0.52,USD,Materials,Canada,Stock,equity,web_csv
2026-08-12,GDX-ASX,WDO CN,Wesdome Gold Mines Ltd/Canada,CA95083R1001,,5755431.0,139261300.0,0.5,CAD,Materials,Canada,Stock,equity,web_csv
2026-08-12,GDX-ASX,SKE,Skeena Resources Ltd,CA83056P7157,,4094441.0,135976386.0,0.48,USD,Materials,Canada,Stock,equity,web_csv
2026-08-12,GDX-ASX,TXG CN,Torex Gold Resources Inc,CA8910546032,,2978810.0,133285354.0,0.47,CAD,Materials,Canada,Stock,equity,web_csv
2026-08-12,GDX-ASX,AUGO,Aura Minerals Inc,VGG069731120,,1662072.0,128860442.0,0.46,USD,Materials,United States,Stock,equity,web_csv
2026-08-12,GDX-ASX,RRL AU,Regis Resources Ltd,AU000000RRL8,,24164860.0,127114357.0,0.45,AUD,Materials,Australia,Stock,equity,web_csv
2026-08-12,GDX-ASX,FSM,Fortuna Silver Mines Inc,CA3499421020,,11426196.0,123859965.0,0.44,USD,Materials,Canada,Stock,equity,web_csv
2026-08-12,GDX-ASX,EXK,Endeavour Silver Corp,CA29258Y1034,,10975101.0,116445822.0,0.41,USD,Materials,Canada,Stock,equity,web_csv
2026-08-12,GDX-ASX,SA,Seabridge Gold Inc,CA8119271028,,3573621.0,116178419.0,0.41,USD,Materials,Canada,Stock,equity,web_csv
2026-08-12,GDX-ASX,BRMS IJ,Bumi Resources Minerals Tbk Pt,ID1000117609,,3118241300.0,110892417.0,0.39,IDR,Materials,Indonesia,Stock,equity,web_csv
2026-08-12,GDX-ASX,WGX AU,Westgold Resources Ltd,AU000000WGX6,,26891201.0,110466192.0,0.39,AUD,Materials,Australia,Stock,equity,web_csv
2026-08-12,GDX-ASX,SVM,Silvercorp Metals Inc,CA82835P1036,,8774597.0,106172624.0,0.38,USD,Materials,Canada,Stock,equity,web_csv
2026-08-12,GDX-ASX,HOC LN,Hochschild Mining Plc,GB00B1FW5029,,12645581.0,90482196.0,0.32,GBP,Materials,Peru,Stock,equity,web_csv
2026-08-12,GDX-ASX,-IDR CASH-,,CASH,,1.0,0.0,0.0,IDR,,Indonesia,Cash Bal,cash,web_csv
2026-08-12,GDX-ASX,-HKD CASH-,,CASH,,0.0,0.0,0.0,HKD,,China,Cash Bal,cash,web_csv
2026-08-12,GDX-ASX,-GBP CASH-,,CASH,,31.0,42.0,0.0,GBP,,United Kingdom,Cash Bal,cash,web_csv
2026-08-12,GDX-ASX,-EUR CASH-,,CASH,,0.0,0.0,0.0,EUR,,Europe,Cash Bal,cash,web_csv
2026-08-12,GDX-ASX,-AUD CASH-,,CASH,,1078.0,762.0,0.0,AUD,,Australia,Cash Bal,cash,web_csv
2026-08-12,GDX-ASX,-CAD CASH-,,CASH,,-2941109.0,-2112335.0,-0.01,CAD,,Canada,Cash Bal,cash,web_csv
2026-08-12,GDX-ASX,-USD CASH-,,CASH,,-105560001.0,-105560001.0,-0.38,USD,,United States,Cash Bal,cash,web_csv
2026-08-12,GDX-ASX,,Other/Cash,CASH,,0.0,111230978.0,0.4,USD,,,Cash,cash,web_csv
2026-08-13,GDX-ASX,NEM,Newmont Corp,US6516391066,,26024616.0,2971750901.0,10.82,USD,Materials,United States,Stock,equity,web_csv
2026-08-13,GDX-ASX,AEM,Agnico Eagle Mines Ltd,CA0084741085,,16053761.0,2895456334.0,10.54,USD,Materials,Canada,Stock,equity,web_csv
2026-08-13,GDX-ASX,B,Barrick Mining Corp,CA06849F1080,,50519053.0,2066734458.0,7.52,USD,Materials,Canada,Stock,equity,web_csv
2026-08-13,GDX-ASX,WPM,Wheaton Precious Metals Corp,CA9628791027,,11653263.0,1536599259.0,5.59,USD,Materials,Brazil,Stock,equity,web_csv
2026-08-13,GDX-ASX,AU,Anglogold Ashanti Plc,GB00BRXH2664,,14553177.0,1383570537.0,5.04,USD,Materials,United States,Stock,equity,web_csv
2026-08-13,GDX-ASX,FNV,Franco-Nevada Corp,CA3518581051,,5478185.0,1268583300.0,4.62,USD,Materials,Canada,Stock,equity,web_csv
2026-08-13,GDX-ASX,KGC,Kinross Gold Corp,CA4969024047,,43440003.0,1166364081.0,4.24,USD,Materials,Canada,Stock,equity,web_csv
2026-08-13,GDX-ASX,GFI,Gold Fields Ltd,US38059T1060,,28275484.0,1117729883.0,4.07,USD,Materials,South Africa,Stock,equity,web_csv
2026-08-13,GDX-ASX,NST AU,Northern Star Resources Ltd,AU000000NST8,,46407803.0,749461026.0,2.73,AUD,Materials,Australia,Stock,equity,web_csv
2026-08-13,GDX-ASX,PAAS,Pan American Silver Corp,CA6979001089,,15500085.0,733154021.0,2.67,USD,Materials,Canada,Stock,equity,web_csv
2026-08-13,GDX-ASX,CDE,Coeur Mining Inc,US1921085049,,34025221.0,627765327.0,2.28,USD,Materials,United States,Stock,equity,web_csv
2026-08-13,GDX-ASX,RGLD,Royal Gold Inc,US7802871084,,2277054.0,514568663.0,1.87,USD,Materials,United States,Stock,equity,web_csv
2026-08-13,GDX-ASX,AGI,Alamos Gold Inc,CA0115321089,,14539695.0,477628981.0,1.74,USD,Materials,Canada,Stock,equity,web_csv
2026-08-13,GDX-ASX,EQX,Equinox Gold Corp,CA29446Y5020,,40154802.0,450536878.0,1.64,USD,Materials,Canada,Stock,equity,web_csv
2026-08-13,GDX-ASX,EVN AU,Evolution Mining Ltd,AU000000EVN4,,46586196.0,445015404.0,1.62,AUD,Materials,Australia,Stock,equity,web_csv
2026-08-13,GDX-ASX,PE&OLES* MF,Industrias Penoles Sab De Cv,MXP554091415,,8084563.0,410490072.0,1.49,MXN,Materials,Mexico,Stock,equity,web_csv
2026-08-13,GDX-ASX,EGO,Eldorado Gold Corp,CA2849025093,,9826745.0,377740078.0,1.37,USD,Materials,Turkey,Stock,equity,web_csv
2026-08-13,GDX-ASX,HL,Hecla Mining Co,US4227041062,,20898767.0,370535139.0,1.35,USD,Materials,United States,Stock,equity,web_csv
2026-08-13,GDX-ASX,AG,First Majestic Silver Corp,CA32076V1031,,19627504.0,368306187.0,1.34,USD,Materials,Canada,Stock,equity,web_csv
2026-08-13,GDX-ASX,EDV LN,Endeavour Mining Plc,GB00BL6K5J42,,6607807.0,365198807.0,1.33,GBP,Materials,United Kingdom,Stock,equity,web_csv
2026-08-13,GDX-ASX,IAG,Iamgold Corp,CA4509131088,,20262490.0,359659198.0,1.31,USD,Materials,Burkina Faso,Stock,equity,web_csv
2026-08-13,GDX-ASX,GMIN CN,G Mining Ventures Corp,CA36270K1021,,9874258.0,346162039.0,1.26,CAD,Materials,Canada,Stock,equity,web_csv
2026-08-13,GDX-ASX,HMY,Harmony Gold Mining Co Ltd,US4132163001,,16535047.0,318465005.0,1.16,USD,Materials,South Africa,Stock,equity,web_csv
2026-08-13,GDX-ASX,FRES LN,Fresnillo Plc,GB00B2QPKJ12,,7972591.0,308429975.0,1.12,GBP,Materials,Mexico,Stock,equity,web_csv
2026-08-13,GDX-ASX,DPM CN,Dundee Precious Metals Inc,CA26139R1091,,6612238.0,290942266.0,1.06,CAD,Materials,Canada,Stock,equity,web_csv
2026-08-13,GDX-ASX,LUG CN,Lundin Gold Inc,CA5503711080,,4395566.0,284704558.0,1.04,CAD,Materials,Canada,Stock,equity,web_csv
2026-08-13,GDX-ASX,2259 HK,Zijin Gold International Co Ltd,HK0001200002,,16214200.0,262596172.0,0.96,HKD,Materials,China,Stock,equity,web_csv
2026-08-13,GDX-ASX,BTG,B2gold Corp,CA11777Q2099,,50166220.0,254342735.0,0.93,USD,Materials,Canada,Stock,equity,web_csv
2026-08-13,GDX-ASX,OGC,Oceanagold Corp,CA6752224007,,8812258.0,250620618.0,0.91,USD,Materials,Canada,Stock,equity,web_csv
2026-08-13,GDX-ASX,DSV CN,Discovery Silver Corp,CA25466C1077,,29123634.0,232270537.0,0.85,CAD,Materials,Canada,Stock,equity,web_csv
2026-08-13,GDX-ASX,SSRM,Ssr Mining Inc,CA7847301032,,6914166.0,219870479.0,0.8,USD,Materials,Canada,Stock,equity,web_csv
2026-08-13,GDX-ASX,BVN,Cia De Minas Buenaventura Saa,US2044481040,,6258563.0,210725816.0,0.77,USD,Materials,Peru,Stock,equity,web_csv
2026-08-13,GDX-ASX,1818 HK,Zhaojin Mining Industry Co Ltd,CNE1000004R6,,71088500.0,202030379.0,0.74,HKD,Materials,China,Stock,equity,web_csv
2026-08-13,GDX-ASX,OR,Or Royalties Inc,CA68390D1069,,5355401.0,175710707.0,0.64,USD,Materials,Canada,Stock,equity,web_csv
2026-08-13,GDX-ASX,PRU AU,Perseus Mining Ltd,AU000000PRU3,,42909487.0,168670694.0,0.61,AUD,Materials,Australia,Stock,equity,web_csv
2026-08-13,GDX-ASX,KNT CN,K92 Mining Inc,CA4991131083,,8274200.0,167169342.0,0.61,CAD,Materials,Canada,Stock,equity,web_csv
2026-08-13,GDX-ASX,MAU CN,Montage Gold Corp,CA61178L1013,,12378842.0,166998507.0,0.61,CAD,Materials,Côte D'Ivoire,Stock,equity,web_csv
2026-08-13,GDX-ASX,GGP AU,Greatland Resources Ltd,AU0000397705,,19270166.0,166573831.0,0.61,AUD,Materials,Australia,Stock,equity,web_csv
2026-08-13,GDX-ASX,ARTG CN,Artemis Gold Inc,CA04302L1004,,5949750.0,165396479.0,0.6,CAD,Materials,Canada,Stock,equity,web_csv
2026-08-13,GDX-ASX,RMS AU,Ramelius Resources Ltd,AU000000RMS4,,64837148.0,165289586.0,0.6,AUD,Materials,Australia,Stock,equity,web_csv
2026-08-13,GDX-ASX,GMD AU,Genesis Minerals Ltd,AU000000GMD9,,31639022.0,162392937.0,0.59,AUD,Materials,Australia,Stock,equity,web_csv
2026-08-13,GDX-ASX,AMMN IJ,Amman Mineral Internasional Pt,ID1000191109,,659047300.0,156064886.0,0.57,IDR,Materials,Indonesia,Stock,equity,web_csv
2026-08-13,GDX-ASX,CMM AU,Capricorn Metals Ltd,AU000000CMM9,,13640000.0,153368179.0,0.56,AUD,Materials,Australia,Stock,equity,web_csv
2026-08-13,GDX-ASX,AYA CN,Aya Gold & Silver Inc,CA05466C1095,,5583282.0,149923315.0,0.55,CAD,Materials,Canada,Stock,equity,web_csv
2026-08-13,GDX-ASX,VAU AU,Vault Minerals Ltd,AU0000427775,,34474721.0,145890952.0,0.53,AUD,Materials,Australia,Stock,equity,web_csv
2026-08-13,GDX-ASX,ARIS,Aris Mining Corp,CA04040Y1097,,8307731.0,144554519.0,0.53,USD,Materials,Colombia,Stock,equity,web_csv
2026-08-13,GDX-ASX,CGAU,Centerra Gold Inc,CA1520061021,,6701806.0,142346359.0,0.52,USD,Materials,Canada,Stock,equity,web_csv
2026-08-13,GDX-ASX,WDO CN,Wesdome Gold Mines Ltd/Canada,CA95083R1001,,5775869.0,135376461.0,0.49,CAD,Materials,Canada,Stock,equity,web_csv
2026-08-13,GDX-ASX,SKE,Skeena Resources Ltd,CA83056P7157,,4108983.0,134774642.0,0.49,USD,Materials,Canada,Stock,equity,web_csv
2026-08-13,GDX-ASX,TXG CN,Torex Gold Resources Inc,CA8910546032,,2989392.0,130291438.0,0.47,CAD,Materials,Canada,Stock,equity,web_csv
2026-08-13,GDX-ASX,RRL AU,Regis Resources Ltd,AU000000RRL8,,24250682.0,126506381.0,0.46,AUD,Materials,Australia,Stock,equity,web_csv
2026-08-13,GDX-ASX,AUGO,Aura Minerals Inc,VGG069731120,,1667968.0,124847405.0,0.45,USD,Materials,United States,Stock,equity,web_csv
2026-08-13,GDX-ASX,FSM,Fortuna Silver Mines Inc,CA3499421020,,11466786.0,120286585.0,0.44,USD,Materials,Canada,Stock,equity,web_csv
2026-08-13,GDX-ASX,SA,Seabridge Gold Inc,CA8119271028,,3586315.0,115371754.0,0.42,USD,Materials,Canada,Stock,equity,web_csv
2026-08-13,GDX-ASX,EXK,Endeavour Silver Corp,CA29258Y1034,,11014085.0,113555216.0,0.41,USD,Materials,Canada,Stock,equity,web_csv
2026-08-13,GDX-ASX,BRMS IJ,Bumi Resources Minerals Tbk Pt,ID1000117609,,3129316100.0,109669480.0,0.4,IDR,Materials,Indonesia,Stock,equity,web_csv
2026-08-13,GDX-ASX,WGX AU,Westgold Resources Ltd,AU000000WGX6,,26986703.0,109621259.0,0.4,AUD,Materials,Australia,Stock,equity,web_csv
2026-08-13,GDX-ASX,SVM,Silvercorp Metals Inc,CA82835P1036,,8805771.0,103731982.0,0.38,USD,Materials,Canada,Stock,equity,web_csv
2026-08-13,GDX-ASX,HOC LN,Hochschild Mining Plc,GB00B1FW5029,,12690505.0,87046501.0,0.32,GBP,Materials,Peru,Stock,equity,web_csv
2026-08-13,GDX-ASX,-IDR CASH-,,CASH,,1.0,0.0,0.0,IDR,,Indonesia,Cash Bal,cash,web_csv
2026-08-13,GDX-ASX,-HKD CASH-,,CASH,,0.0,0.0,0.0,HKD,,China,Cash Bal,cash,web_csv
2026-08-13,GDX-ASX,-GBP CASH-,,CASH,,31.0,42.0,0.0,GBP,,United Kingdom,Cash Bal,cash,web_csv
2026-08-13,GDX-ASX,-EUR CASH-,,CASH,,0.0,0.0,0.0,EUR,,Europe,Cash Bal,cash,web_csv
2026-08-13,GDX-ASX,-AUD CASH-,,CASH,,1078.0,761.0,0.0,AUD,,Australia,Cash Bal,cash,web_csv
2026-08-13,GDX-ASX,-USD CASH-,,CASH,,-74816155.0,-74816155.0,-0.27,USD,,United States,Cash Bal,cash,web_csv
2026-08-13,GDX-ASX,,Other/Cash,CASH,,0.0,72293130.0,0.26,USD,,,Cash,cash,web_csv
2026-08-14,GDX-ASX,NEM,Newmont Corp,US6516391066,,26070673.0,3070082452.0,10.96,USD,Materials,United States,Stock,equity,web_csv
2026-08-14,GDX-ASX,AEM,Agnico Eagle Mines Ltd,CA0084741085,,16082174.0,2998682164.0,10.71,USD,Materials,Canada,Stock,equity,web_csv
2026-08-14,GDX-ASX,B,Barrick Mining Corp,CA06849F1080,,50608461.0,2105311978.0,7.52,USD,Materials,Canada,Stock,equity,web_csv
2026-08-14,GDX-ASX,WPM,Wheaton Precious Metals Corp,CA9628791027,,11673888.0,1566752508.0,5.59,USD,Materials,Brazil,Stock,equity,web_csv
2026-08-14,GDX-ASX,AU,Anglogold Ashanti Plc,GB00BRXH2664,,14578928.0,1403950766.0,5.01,USD,Materials,United States,Stock,equity,web_csv
2026-08-14,GDX-ASX,FNV,Franco-Nevada Corp,CA3518581051,,5487876.0,1285315438.0,4.59,USD,Materials,Canada,Stock,equity,web_csv
2026-08-14,GDX-ASX,KGC,Kinross Gold Corp,CA4969024047,,43516882.0,1188446047.0,4.24,USD,Materials,Canada,Stock,equity,web_csv
2026-08-14,GDX-ASX,GFI,Gold Fields Ltd,US38059T1060,,28325523.0,1139819046.0,4.07,USD,Materials,South Africa,Stock,equity,web_csv
2026-08-14,GDX-ASX,NST AU,Northern Star Resources Ltd,AU000000NST8,,46489929.0,752598182.0,2.69,AUD,Materials,Australia,Stock,equity,web_csv
2026-08-14,GDX-ASX,PAAS,Pan American Silver Corp,CA6979001089,,15527519.0,736314951.0,2.63,USD,Materials,Canada,Stock,equity,web_csv
2026-08-14,GDX-ASX,CDE,Coeur Mining Inc,US1921085049,,34085435.0,641147032.0,2.29,USD,Materials,United States,Stock,equity,web_csv
2026-08-14,GDX-ASX,RGLD,Royal Gold Inc,US7802871084,,2281080.0,526199534.0,1.88,USD,Materials,United States,Stock,equity,web_csv
2026-08-14,GDX-ASX,AGI,Alamos Gold Inc,CA0115321089,,14565424.0,485902545.0,1.73,USD,Materials,Canada,Stock,equity,web_csv
2026-08-14,GDX-ASX,EQX,Equinox Gold Corp,CA29446Y5020,,40225774.0,466618978.0,1.67,USD,Materials,Canada,Stock,equity,web_csv
2026-08-14,GDX-ASX,EVN AU,Evolution Mining Ltd,AU000000EVN4,,46668641.0,436571903.0,1.56,AUD,Materials,Australia,Stock,equity,web_csv
2026-08-14,GDX-ASX,PE&OLES* MF,Industrias Penoles Sab De Cv,MXP554091415,,8098863.0,404878837.0,1.45,MXN,Materials,Mexico,Stock,equity,web_csv
2026-08-14,GDX-ASX,EGO,Eldorado Gold Corp,CA2849025093,,9844136.0,391107523.0,1.4,USD,Materials,Turkey,Stock,equity,web_csv
2026-08-14,GDX-ASX,HL,Hecla Mining Co,US4227041062,,20935749.0,384589709.0,1.37,USD,Materials,United States,Stock,equity,web_csv
2026-08-14,GDX-ASX,AG,First Majestic Silver Corp,CA32076V1031,,19662242.0,378694781.0,1.35,USD,Materials,Canada,Stock,equity,web_csv
2026-08-14,GDX-ASX,IAG,Iamgold Corp,CA4509131088,,20298350.0,371459805.0,1.33,USD,Materials,Burkina Faso,Stock,equity,web_csv
2026-08-14,GDX-ASX,EDV LN,Endeavour Mining Plc,GB00BL6K5J42,,6619500.0,367636240.0,1.31,GBP,Materials,United Kingdom,Stock,equity,web_csv
2026-08-14,GDX-ASX,GMIN CN,G Mining Ventures Corp,CA36270K1021,,9891737.0,356200883.0,1.27,CAD,Materials,Canada,Stock,equity,web_csv
2026-08-14,GDX-ASX,HMY,Harmony Gold Mining Co Ltd,US4132163001,,16564307.0,322010128.0,1.15,USD,Materials,South Africa,Stock,equity,web_csv
2026-08-14,GDX-ASX,FRES LN,Fresnillo Plc,GB00B2QPKJ12,,7986704.0,311678557.0,1.11,GBP,Materials,Mexico,Stock,equity,web_csv
2026-08-14,GDX-ASX,DPM CN,Dundee Precious Metals Inc,CA26139R1091,,6623942.0,297419983.0,1.06,CAD,Materials,Canada,Stock,equity,web_csv
2026-08-14,GDX-ASX,LUG CN,Lundin Gold Inc,CA5503711080,,4403343.0,286798665.0,1.02,CAD,Materials,Canada,Stock,equity,web_csv
2026-08-14,GDX-ASX,2259 HK,Zijin Gold International Co Ltd,HK0001200002,,16242800.0,265970630.0,0.95,HKD,Materials,China,Stock,equity,web_csv
2026-08-14,GDX-ASX,BTG,B2gold Corp,CA11777Q2099,,50255001.0,258310705.0,0.92,USD,Materials,Canada,Stock,equity,web_csv
2026-08-14,GDX-ASX,OGC,Oceanagold Corp,CA6752224007,,8827856.0,252476682.0,0.9,USD,Materials,Canada,Stock,equity,web_csv
2026-08-14,GDX-ASX,DSV CN,Discovery Silver Corp,CA25466C1077,,29175180.0,239211462.0,0.85,CAD,Materials,Canada,Stock,equity,web_csv
2026-08-14,GDX-ASX,SSRM,Ssr Mining Inc,CA7847301032,,6926398.0,222960752.0,0.8,USD,Materials,Canada,Stock,equity,web_csv
2026-08-14,GDX-ASX,BVN,Cia De Minas Buenaventura Saa,US2044481040,,6263598.0,211333797.0,0.75,USD,Materials,Peru,Stock,equity,web_csv
2026-08-14,GDX-ASX,1818 HK,Zhaojin Mining Industry Co Ltd,CNE1000004R6,,71215000.0,207224365.0,0.74,HKD,Materials,China,Stock,equity,web_csv
2026-08-14,GDX-ASX,OR,Or Royalties Inc,CA68390D1069,,5364883.0,178972497.0,0.64,USD,Materials,Canada,Stock,equity,web_csv
2026-08-14,GDX-ASX,KNT CN,K92 Mining Inc,CA4991131083,,8288841.0,169784034.0,0.61,CAD,Materials,Canada,Stock,equity,web_csv
2026-08-14,GDX-ASX,ARTG CN,Artemis Gold Inc,CA04302L1004,,5960277.0,168937856.0,0.6,CAD,Materials,Canada,Stock,equity,web_csv
2026-08-14,GDX-ASX,PRU AU,Perseus Mining Ltd,AU000000PRU3,,42985431.0,167842216.0,0.6,AUD,Materials,Australia,Stock,equity,web_csv
2026-08-14,GDX-ASX,GGP AU,Greatland Resources Ltd,AU0000397705,,19304266.0,167616920.0,0.6,AUD,Materials,Australia,Stock,equity,web_csv
2026-08-14,GDX-ASX,MAU CN,Montage Gold Corp,CA61178L1013,,12400754.0,167612771.0,0.6,CAD,Materials,Côte D'Ivoire,Stock,equity,web_csv
2026-08-14,GDX-ASX,RMS AU,Ramelius Resources Ltd,AU000000RMS4,,64951889.0,165051037.0,0.59,AUD,Materials,Australia,Stock,equity,web_csv
2026-08-14,GDX-ASX,GMD AU,Genesis Minerals Ltd,AU000000GMD9,,31695012.0,161334883.0,0.58,AUD,Materials,Australia,Stock,equity,web_csv
2026-08-14,GDX-ASX,AMMN IJ,Amman Mineral Internasional Pt,ID1000191109,,660213300.0,157921921.0,0.56,IDR,Materials,Indonesia,Stock,equity,web_csv
2026-08-14,GDX-ASX,CMM AU,Capricorn Metals Ltd,AU000000CMM9,,13664134.0,155694362.0,0.56,AUD,Materials,Australia,Stock,equity,web_csv
2026-08-14,GDX-ASX,ARIS,Aris Mining Corp,CA04040Y1097,,8322438.0,148888416.0,0.53,USD,Materials,Colombia,Stock,equity,web_csv
2026-08-14,GDX-ASX,AYA CN,Aya Gold & Silver Inc,CA05466C1095,,5593160.0,144871286.0,0.52,CAD,Materials,Canada,Stock,equity,web_csv
2026-08-14,GDX-ASX,VAU AU,Vault Minerals Ltd,AU0000427775,,34535727.0,144702751.0,0.52,AUD,Materials,Australia,Stock,equity,web_csv
2026-08-14,GDX-ASX,CGAU,Centerra Gold Inc,CA1520061021,,6713664.0,144410913.0,0.52,USD,Materials,Canada,Stock,equity,web_csv
2026-08-14,GDX-ASX,TXG CN,Torex Gold Resources Inc,CA8910546032,,2994683.0,136405389.0,0.49,CAD,Materials,Canada,Stock,equity,web_csv
2026-08-14,GDX-ASX,SKE,Skeena Resources Ltd,CA83056P7157,,4116254.0,136083357.0,0.49,USD,Materials,Canada,Stock,equity,web_csv
2026-08-14,GDX-ASX,WDO CN,Wesdome Gold Mines Ltd/Canada,CA95083R1001,,5786088.0,135652800.0,0.48,CAD,Materials,Canada,Stock,equity,web_csv
2026-08-14,GDX-ASX,AUGO,Aura Minerals Inc,VGG069731120,,1670916.0,127023034.0,0.45,USD,Materials,United States,Stock,equity,web_csv
2026-08-14,GDX-ASX,RRL AU,Regis Resources Ltd,AU000000RRL8,,24293604.0,126576755.0,0.45,AUD,Materials,Australia,Stock,equity,web_csv
2026-08-14,GDX-ASX,FSM,Fortuna Silver Mines Inc,CA3499421020,,11487081.0,122567154.0,0.44,USD,Materials,Canada,Stock,equity,web_csv
2026-08-14,GDX-ASX,SA,Seabridge Gold Inc,CA8119271028,,3592662.0,120426030.0,0.43,USD,Materials,Canada,Stock,equity,web_csv
2026-08-14,GDX-ASX,EXK,Endeavour Silver Corp,CA29258Y1034,,11033577.0,117617931.0,0.42,USD,Materials,Canada,Stock,equity,web_csv
2026-08-14,GDX-ASX,BRMS IJ,Bumi Resources Minerals Tbk Pt,ID1000117609,,3134854600.0,108971798.0,0.39,IDR,Materials,Indonesia,Stock,equity,web_csv
2026-08-14,GDX-ASX,WGX AU,Westgold Resources Ltd,AU000000WGX6,,27034465.0,108539129.0,0.39,AUD,Materials,Australia,Stock,equity,web_csv
2026-08-14,GDX-ASX,SVM,Silvercorp Metals Inc,CA82835P1036,,8821358.0,106032723.0,0.38,USD,Materials,Canada,Stock,equity,web_csv
2026-08-14,GDX-ASX,HOC LN,Hochschild Mining Plc,GB00B1FW5029,,12712967.0,87695598.0,0.31,GBP,Materials,Peru,Stock,equity,web_csv
2026-08-14,GDX-ASX,-USD CASH-,,CASH,,31450039.0,31450039.0,0.11,USD,,United States,Cash Bal,cash,web_csv
2026-08-14,GDX-ASX,-IDR CASH-,,CASH,,1.0,0.0,0.0,IDR,,Indonesia,Cash Bal,cash,web_csv
2026-08-14,GDX-ASX,-HKD CASH-,,CASH,,0.0,0.0,0.0,HKD,,China,Cash Bal,cash,web_csv
2026-08-14,GDX-ASX,-GBP CASH-,,CASH,,31.0,42.0,0.0,GBP,,United Kingdom,Cash Bal,cash,web_csv
2026-08-14,GDX-ASX,-EUR CASH-,,CASH,,0.0,0.0,0.0,EUR,,Europe,Cash Bal,cash,web_csv
2026-08-14,GDX-ASX,,Other/Cash,CASH,,0.0,-34477859.0,-0.12,USD,,,Cash,cash,web_csv
2026-08-17,GDX-ASX,NEM,Newmont Corp,US6516391066,,26066486.0,3136580260.0,10.98,USD,Materials,United States,Stock,equity,web_csv
2026-08-17,GDX-ASX,AEM,Agnico Eagle Mines Ltd,CA0084741085,,16079591.0,3035505189.0,10.62,USD,Materials,Canada,Stock,equity,web_csv
2026-08-17,GDX-ASX,B,Barrick Mining Corp,CA06849F1080,,50600333.0,2151526159.0,7.53,USD,Materials,Canada,Stock,equity,web_csv
2026-08-17,GDX-ASX,WPM,Wheaton Precious Metals Corp,CA9628791027,,11672013.0,1594513696.0,5.58,USD,Materials,Brazil,Stock,equity,web_csv
2026-08-17,GDX-ASX,AU,Anglogold Ashanti Plc,GB00BRXH2664,,14576587.0,1451828065.0,5.08,USD,Materials,United States,Stock,equity,web_csv
2026-08-17,GDX-ASX,FNV,Franco-Nevada Corp,CA3518581051,,5486995.0,1308977527.0,4.58,USD,Materials,Canada,Stock,equity,web_csv
2026-08-17,GDX-ASX,KGC,Kinross Gold Corp,CA4969024047,,43509893.0,1206094234.0,4.22,USD,Materials,Canada,Stock,equity,web_csv
2026-08-17,GDX-ASX,GFI,Gold Fields Ltd,US38059T1060,,28320974.0,1175320421.0,4.11,USD,Materials,South Africa,Stock,equity,web_csv
2026-08-17,GDX-ASX,NST AU,Northern Star Resources Ltd,AU000000NST8,,46482463.0,772059623.0,2.7,AUD,Materials,Australia,Stock,equity,web_csv
2026-08-17,GDX-ASX,PAAS,Pan American Silver Corp,CA6979001089,,15525025.0,746908953.0,2.61,USD,Materials,Canada,Stock,equity,web_csv
2026-08-17,GDX-ASX,CDE,Coeur Mining Inc,US1921085049,,34079961.0,658084047.0,2.3,USD,Materials,United States,Stock,equity,web_csv
2026-08-17,GDX-ASX,RGLD,Royal Gold Inc,US7802871084,,2280714.0,539662547.0,1.89,USD,Materials,United States,Stock,equity,web_csv
2026-08-17,GDX-ASX,AGI,Alamos Gold Inc,CA0115321089,,14563085.0,494999259.0,1.73,USD,Materials,Canada,Stock,equity,web_csv
2026-08-17,GDX-ASX,EQX,Equinox Gold Corp,CA29446Y5020,,40219322.0,474185806.0,1.66,USD,Materials,Canada,Stock,equity,web_csv
2026-08-17,GDX-ASX,EVN AU,Evolution Mining Ltd,AU000000EVN4,,46661146.0,461034320.0,1.61,AUD,Materials,Australia,Stock,equity,web_csv
2026-08-17,GDX-ASX,PE&OLES* MF,Industrias Penoles Sab De Cv,MXP554091415,,8097563.0,408201617.0,1.43,MXN,Materials,Mexico,Stock,equity,web_csv
2026-08-17,GDX-ASX,EGO,Eldorado Gold Corp,CA2849025093,,9842555.0,396950243.0,1.39,USD,Materials,Turkey,Stock,equity,web_csv
2026-08-17,GDX-ASX,HL,Hecla Mining Co,US4227041062,,20932387.0,393947523.0,1.38,USD,Materials,United States,Stock,equity,web_csv
2026-08-17,GDX-ASX,IAG,Iamgold Corp,CA4509131088,,20295090.0,386621465.0,1.35,USD,Materials,Burkina Faso,Stock,equity,web_csv
2026-08-17,GDX-ASX,AG,First Majestic Silver Corp,CA32076V1031,,19659084.0,384728274.0,1.35,USD,Materials,Canada,Stock,equity,web_csv
2026-08-17,GDX-ASX,EDV LN,Endeavour Mining Plc,GB00BL6K5J42,,6618437.0,375009082.0,1.31,GBP,Materials,United Kingdom,Stock,equity,web_csv
2026-08-17,GDX-ASX,GMIN CN,G Mining Ventures Corp,CA36270K1021,,9890148.0,349059852.0,1.22,CAD,Materials,Canada,Stock,equity,web_csv
2026-08-17,GDX-ASX,HMY,Harmony Gold Mining Co Ltd,US4132163001,,16561647.0,331729789.0,1.16,USD,Materials,South Africa,Stock,equity,web_csv
2026-08-17,GDX-ASX,FRES LN,Fresnillo Plc,GB00B2QPKJ12,,7985421.0,315764754.0,1.11,GBP,Materials,Mexico,Stock,equity,web_csv
2026-08-17,GDX-ASX,DPM CN,Dundee Precious Metals Inc,CA26139R1091,,6622878.0,303334642.0,1.06,CAD,Materials,Canada,Stock,equity,web_csv
2026-08-17,GDX-ASX,LUG CN,Lundin Gold Inc,CA5503711080,,4402636.0,288291457.0,1.01,CAD,Materials,Canada,Stock,equity,web_csv
2026-08-17,GDX-ASX,2259 HK,Zijin Gold International Co Ltd,HK0001200002,,16240200.0,279666832.0,0.98,HKD,Materials,China,Stock,equity,web_csv
2026-08-17,GDX-ASX,BTG,B2gold Corp,CA11777Q2099,,50246930.0,261284036.0,0.91,USD,Materials,Canada,Stock,equity,web_csv
2026-08-17,GDX-ASX,OGC,Oceanagold Corp,CA6752224007,,8826438.0,260291657.0,0.91,USD,Materials,Canada,Stock,equity,web_csv
2026-08-17,GDX-ASX,DSV CN,Discovery Silver Corp,CA25466C1077,,29170494.0,238135068.0,0.83,CAD,Materials,Canada,Stock,equity,web_csv
2026-08-17,GDX-ASX,SSRM,Ssr Mining Inc,CA7847301032,,6925286.0,227010875.0,0.79,USD,Materials,Canada,Stock,equity,web_csv
2026-08-17,GDX-ASX,1818 HK,Zhaojin Mining Industry Co Ltd,CNE1000004R6,,71203500.0,214046423.0,0.75,HKD,Materials,China,Stock,equity,web_csv
2026-08-17,GDX-ASX,BVN,Cia De Minas Buenaventura Saa,US2044481040,,6262591.0,212677590.0,0.74,USD,Materials,Peru,Stock,equity,web_csv
2026-08-17,GDX-ASX,OR,Or Royalties Inc,CA68390D1069,,5364021.0,178782820.0,0.63,USD,Materials,Canada,Stock,equity,web_csv
2026-08-17,GDX-ASX,MAU CN,Montage Gold Corp,CA61178L1013,,12398762.0,176147991.0,0.62,CAD,Materials,Côte D'Ivoire,Stock,equity,web_csv
2026-08-17,GDX-ASX,KNT CN,K92 Mining Inc,CA4991131083,,8287510.0,173621437.0,0.61,CAD,Materials,Canada,Stock,equity,web_csv
2026-08-17,GDX-ASX,PRU AU,Perseus Mining Ltd,AU000000PRU3,,42978528.0,173530001.0,0.61,AUD,Materials,Australia,Stock,equity,web_csv
2026-08-17,GDX-ASX,GGP AU,Greatland Resources Ltd,AU0000397705,,19301166.0,172199893.0,0.6,AUD,Materials,Australia,Stock,equity,web_csv
2026-08-17,GDX-ASX,RMS AU,Ramelius Resources Ltd,AU000000RMS4,,64941458.0,169984327.0,0.6,AUD,Materials,Australia,Stock,equity,web_csv
2026-08-17,GDX-ASX,GMD AU,Genesis Minerals Ltd,AU000000GMD9,,31689922.0,168981492.0,0.59,AUD,Materials,Australia,Stock,equity,web_csv
2026-08-17,GDX-ASX,ARTG CN,Artemis Gold Inc,CA04302L1004,,5959320.0,167994677.0,0.59,CAD,Materials,Canada,Stock,equity,web_csv
2026-08-17,GDX-ASX,CMM AU,Capricorn Metals Ltd,AU000000CMM9,,13661940.0,161627888.0,0.57,AUD,Materials,Australia,Stock,equity,web_csv
2026-08-17,GDX-ASX,AMMN IJ,Amman Mineral Internasional Pt,ID1000191109,,660107300.0,158816247.0,0.56,IDR,Materials,Indonesia,Stock,equity,web_csv
2026-08-17,GDX-ASX,ARIS,Aris Mining Corp,CA04040Y1097,,8321101.0,150778350.0,0.53,USD,Materials,Colombia,Stock,equity,web_csv
2026-08-17,GDX-ASX,VAU AU,Vault Minerals Ltd,AU0000427775,,34530181.0,150594230.0,0.53,AUD,Materials,Australia,Stock,equity,web_csv
2026-08-17,GDX-ASX,AYA CN,Aya Gold & Silver Inc,CA05466C1095,,5592262.0,149016753.0,0.52,CAD,Materials,Canada,Stock,equity,web_csv
2026-08-17,GDX-ASX,CGAU,Centerra Gold Inc,CA1520061021,,6712586.0,147139885.0,0.52,USD,Materials,Canada,Stock,equity,web_csv
2026-08-17,GDX-ASX,WDO CN,Wesdome Gold Mines Ltd/Canada,CA95083R1001,,5785159.0,138845485.0,0.49,CAD,Materials,Canada,Stock,equity,web_csv
2026-08-17,GDX-ASX,TXG CN,Torex Gold Resources Inc,CA8910546032,,2994202.0,138433123.0,0.48,CAD,Materials,Canada,Stock,equity,web_csv
2026-08-17,GDX-ASX,SKE,Skeena Resources Ltd,CA83056P7157,,4115593.0,132316315.0,0.46,USD,Materials,Canada,Stock,equity,web_csv
2026-08-17,GDX-ASX,RRL AU,Regis Resources Ltd,AU000000RRL8,,24289702.0,130980939.0,0.46,AUD,Materials,Australia,Stock,equity,web_csv
2026-08-17,GDX-ASX,AUGO,Aura Minerals Inc,VGG069731120,,1670648.0,130009827.0,0.46,USD,Materials,United States,Stock,equity,web_csv
2026-08-17,GDX-ASX,FSM,Fortuna Silver Mines Inc,CA3499421020,,11485236.0,123695992.0,0.43,USD,Materials,Canada,Stock,equity,web_csv
2026-08-17,GDX-ASX,SA,Seabridge Gold Inc,CA8119271028,,3592085.0,116455396.0,0.41,USD,Materials,Canada,Stock,equity,web_csv
2026-08-17,GDX-ASX,WGX AU,Westgold Resources Ltd,AU000000WGX6,,27030123.0,112409328.0,0.39,AUD,Materials,Australia,Stock,equity,web_csv
2026-08-17,GDX-ASX,EXK,Endeavour Silver Corp,CA29258Y1034,,11031805.0,111862503.0,0.39,USD,Materials,Canada,Stock,equity,web_csv
2026-08-17,GDX-ASX,BRMS IJ,Bumi Resources Minerals Tbk Pt,ID1000117609,,3134351100.0,109999370.0,0.39,IDR,Materials,Indonesia,Stock,equity,web_csv
2026-08-17,GDX-ASX,SVM,Silvercorp Metals Inc,CA82835P1036,,8819941.0,105133697.0,0.37,USD,Materials,Canada,Stock,equity,web_csv
2026-08-17,GDX-ASX,HOC LN,Hochschild Mining Plc,GB00B1FW5029,,12710925.0,90177368.0,0.32,GBP,Materials,Peru,Stock,equity,web_csv
2026-08-17,GDX-ASX,-USD CASH-,,CASH,,216214.0,216214.0,0.0,USD,,United States,Cash Bal,cash,web_csv
2026-08-17,GDX-ASX,-IDR CASH-,,CASH,,1.0,0.0,0.0,IDR,,Indonesia,Cash Bal,cash,web_csv
2026-08-17,GDX-ASX,-HKD CASH-,,CASH,,0.0,0.0,0.0,HKD,,China,Cash Bal,cash,web_csv
2026-08-17,GDX-ASX,-GBP CASH-,,CASH,,31.0,42.0,0.0,GBP,,United Kingdom,Cash Bal,cash,web_csv
2026-08-17,GDX-ASX,-EUR CASH-,,CASH,,0.0,0.0,0.0,EUR,,Europe,Cash Bal,cash,web_csv
2026-08-17,GDX-ASX,,Other/Cash,CASH,,0.0,-3206246.0,-0.01,USD,,,Cash,cash,web_csv
2026-08-18,GDX-ASX,NEM,Newmont Corp,US6516391066,,26066486.0,3023191046.0,10.88,USD,Materials,United States,Stock,equity,web_csv
2026-08-18,GDX-ASX,AEM,Agnico Eagle Mines Ltd,CA0084741085,,16079591.0,3005918742.0,10.82,USD,Materials,Canada,Stock,equity,web_csv
2026-08-18,GDX-ASX,B,Barrick Mining Corp,CA06849F1080,,50600333.0,2129768016.0,7.67,USD,Materials,Canada,Stock,equity,web_csv
2026-08-18,GDX-ASX,WPM,Wheaton Precious Metals Corp,CA9628791027,,11672013.0,1548876125.0,5.58,USD,Materials,Brazil,Stock,equity,web_csv
2026-08-18,GDX-ASX,AU,Anglogold Ashanti Plc,GB00BRXH2664,,14576587.0,1427776697.0,5.14,USD,Materials,United States,Stock,equity,web_csv
2026-08-18,GDX-ASX,FNV,Franco-Nevada Corp,CA3518581051,,5486995.0,1278250355.0,4.6,USD,Materials,Canada,Stock,equity,web_csv
2026-08-18,GDX-ASX,KGC,Kinross Gold Corp,CA4969024047,,43509893.0,1179988298.0,4.25,USD,Materials,Canada,Stock,equity,web_csv
2026-08-18,GDX-ASX,GFI,Gold Fields Ltd,US38059T1060,,28320974.0,1158894256.0,4.17,USD,Materials,South Africa,Stock,equity,web_csv
2026-08-18,GDX-ASX,NST AU,Northern Star Resources Ltd,AU000000NST8,,46482463.0,730240995.0,2.63,AUD,Materials,Australia,Stock,equity,web_csv
2026-08-18,GDX-ASX,PAAS,Pan American Silver Corp,CA6979001089,,15525025.0,723466165.0,2.6,USD,Materials,Canada,Stock,equity,web_csv
2026-08-18,GDX-ASX,CDE,Coeur Mining Inc,US1921085049,,34079961.0,630820078.0,2.27,USD,Materials,United States,Stock,equity,web_csv
2026-08-18,GDX-ASX,RGLD,Royal Gold Inc,US7802871084,,2280714.0,525544927.0,1.89,USD,Materials,United States,Stock,equity,web_csv
2026-08-18,GDX-ASX,AGI,Alamos Gold Inc,CA0115321089,,14563085.0,479125497.0,1.72,USD,Materials,Canada,Stock,equity,web_csv
2026-08-18,GDX-ASX,EQX,Equinox Gold Corp,CA29446Y5020,,40219322.0,459606302.0,1.65,USD,Materials,Canada,Stock,equity,web_csv
2026-08-18,GDX-ASX,EVN AU,Evolution Mining Ltd,AU000000EVN4,,46661146.0,444376267.0,1.6,AUD,Materials,Australia,Stock,equity,web_csv
2026-08-18,GDX-ASX,PE&OLES* MF,Industrias Penoles Sab De Cv,MXP554091415,,8097563.0,399239933.0,1.44,MXN,Materials,Mexico,Stock,equity,web_csv
2026-08-18,GDX-ASX,EGO,Eldorado Gold Corp,CA2849025093,,9842555.0,381005304.0,1.37,USD,Materials,Turkey,Stock,equity,web_csv
2026-08-18,GDX-ASX,HL,Hecla Mining Co,US4227041062,,20932387.0,375736347.0,1.35,USD,Materials,United States,Stock,equity,web_csv
2026-08-18,GDX-ASX,IAG,Iamgold Corp,CA4509131088,,20295090.0,369167687.0,1.33,USD,Materials,Burkina Faso,Stock,equity,web_csv
2026-08-18,GDX-ASX,EDV LN,Endeavour Mining Plc,GB00BL6K5J42,,6618437.0,366414366.0,1.32,GBP,Materials,United Kingdom,Stock,equity,web_csv
2026-08-18,GDX-ASX,AG,First Majestic Silver Corp,CA32076V1031,,19659084.0,363299872.0,1.31,USD,Materials,Canada,Stock,equity,web_csv
2026-08-18,GDX-ASX,GMIN CN,G Mining Ventures Corp,CA36270K1021,,9890148.0,327689273.0,1.18,CAD,Materials,Canada,Stock,equity,web_csv
2026-08-18,GDX-ASX,HMY,Harmony Gold Mining Co Ltd,US4132163001,,16561647.0,319308554.0,1.15,USD,Materials,South Africa,Stock,equity,web_csv
2026-08-18,GDX-ASX,FRES LN,Fresnillo Plc,GB00B2QPKJ12,,7985421.0,309190017.0,1.11,GBP,Materials,Mexico,Stock,equity,web_csv
2026-08-18,GDX-ASX,DPM CN,Dundee Precious Metals Inc,CA26139R1091,,6622878.0,296649992.0,1.07,CAD,Materials,Canada,Stock,equity,web_csv
2026-08-18,GDX-ASX,2259 HK,Zijin Gold International Co Ltd,HK0001200002,,16240200.0,281327018.0,1.01,HKD,Materials,China,Stock,equity,web_csv
2026-08-18,GDX-ASX,LUG CN,Lundin Gold Inc,CA5503711080,,4402636.0,275796857.0,0.99,CAD,Materials,Canada,Stock,equity,web_csv
2026-08-18,GDX-ASX,BTG,B2gold Corp,CA11777Q2099,,50246930.0,250229711.0,0.9,USD,Materials,Canada,Stock,equity,web_csv
2026-08-18,GDX-ASX,OGC,Oceanagold Corp,CA6752224007,,8826438.0,242109194.0,0.87,USD,Materials,Canada,Stock,equity,web_csv
2026-08-18,GDX-ASX,DSV CN,Discovery Silver Corp,CA25466C1077,,29170494.0,227498974.0,0.82,CAD,Materials,Canada,Stock,equity,web_csv
2026-08-18,GDX-ASX,SSRM,Ssr Mining Inc,CA7847301032,,6925286.0,219462313.0,0.79,USD,Materials,Canada,Stock,equity,web_csv
2026-08-18,GDX-ASX,1818 HK,Zhaojin Mining Industry Co Ltd,CNE1000004R6,,71203500.0,212505234.0,0.77,HKD,Materials,China,Stock,equity,web_csv
2026-08-18,GDX-ASX,BVN,Cia De Minas Buenaventura Saa,US2044481040,,6262591.0,207918021.0,0.75,USD,Materials,Peru,Stock,equity,web_csv
2026-08-18,GDX-ASX,OR,Or Royalties Inc,CA68390D1069,,5364021.0,173311519.0,0.62,USD,Materials,Canada,Stock,equity,web_csv
2026-08-18,GDX-ASX,MAU CN,Montage Gold Corp,CA61178L1013,,12398762.0,170894253.0,0.62,CAD,Materials,Côte D'Ivoire,Stock,equity,web_csv
2026-08-18,GDX-ASX,PRU AU,Perseus Mining Ltd,AU000000PRU3,,42978528.0,167142246.0,0.6,AUD,Materials,Australia,Stock,equity,web_csv
2026-08-18,GDX-ASX,GGP AU,Greatland Resources Ltd,AU0000397705,,19301166.0,166450937.0,0.6,AUD,Materials,Australia,Stock,equity,web_csv
2026-08-18,GDX-ASX,ARTG CN,Artemis Gold Inc,CA04302L1004,,5959320.0,164748709.0,0.59,CAD,Materials,Canada,Stock,equity,web_csv
2026-08-18,GDX-ASX,KNT CN,K92 Mining Inc,CA4991131083,,8287510.0,163882205.0,0.59,CAD,Materials,Canada,Stock,equity,web_csv
2026-08-18,GDX-ASX,RMS AU,Ramelius Resources Ltd,AU000000RMS4,,64941458.0,162974774.0,0.59,AUD,Materials,Australia,Stock,equity,web_csv
2026-08-18,GDX-ASX,GMD AU,Genesis Minerals Ltd,AU000000GMD9,,31689922.0,162014549.0,0.58,AUD,Materials,Australia,Stock,equity,web_csv
2026-08-18,GDX-ASX,AMMN IJ,Amman Mineral Internasional Pt,ID1000191109,,660107300.0,155995768.0,0.56,IDR,Materials,Indonesia,Stock,equity,web_csv
2026-08-18,GDX-ASX,CMM AU,Capricorn Metals Ltd,AU000000CMM9,,13661940.0,152957462.0,0.55,AUD,Materials,Australia,Stock,equity,web_csv
2026-08-18,GDX-ASX,ARIS,Aris Mining Corp,CA04040Y1097,,8321101.0,146368167.0,0.53,USD,Materials,Colombia,Stock,equity,web_csv
2026-08-18,GDX-ASX,VAU AU,Vault Minerals Ltd,AU0000427775,,34530181.0,144520286.0,0.52,AUD,Materials,Australia,Stock,equity,web_csv
2026-08-18,GDX-ASX,CGAU,Centerra Gold Inc,CA1520061021,,6712586.0,142041005.0,0.51,USD,Materials,Canada,Stock,equity,web_csv
2026-08-18,GDX-ASX,AYA CN,Aya Gold & Silver Inc,CA05466C1095,,5592262.0,139781380.0,0.5,CAD,Materials,Canada,Stock,equity,web_csv
2026-08-18,GDX-ASX,TXG CN,Torex Gold Resources Inc,CA8910546032,,2994202.0,134072286.0,0.48,CAD,Materials,Canada,Stock,equity,web_csv
2026-08-18,GDX-ASX,WDO CN,Wesdome Gold Mines Ltd/Canada,CA95083R1001,,5785159.0,128772019.0,0.46,CAD,Materials,Canada,Stock,equity,web_csv
2026-08-18,GDX-ASX,SKE,Skeena Resources Ltd,CA83056P7157,,4115593.0,127912630.0,0.46,USD,Materials,Canada,Stock,equity,web_csv
2026-08-18,GDX-ASX,AUGO,Aura Minerals Inc,VGG069731120,,1670648.0,127370204.0,0.46,USD,Materials,United States,Stock,equity,web_csv
2026-08-18,GDX-ASX,RRL AU,Regis Resources Ltd,AU000000RRL8,,24289702.0,126644356.0,0.46,AUD,Materials,Australia,Stock,equity,web_csv
2026-08-18,GDX-ASX,FSM,Fortuna Silver Mines Inc,CA3499421020,,11485236.0,120020716.0,0.43,USD,Materials,Canada,Stock,equity,web_csv
2026-08-18,GDX-ASX,BRMS IJ,Bumi Resources Minerals Tbk Pt,ID1000117609,,3134351100.0,112239694.0,0.4,IDR,Materials,Indonesia,Stock,equity,web_csv
2026-08-18,GDX-ASX,SA,Seabridge Gold Inc,CA8119271028,,3592085.0,111462398.0,0.4,USD,Materials,Canada,Stock,equity,web_csv
2026-08-18,GDX-ASX,WGX AU,Westgold Resources Ltd,AU000000WGX6,,27030123.0,109791483.0,0.4,AUD,Materials,Australia,Stock,equity,web_csv
2026-08-18,GDX-ASX,EXK,Endeavour Silver Corp,CA29258Y1034,,11031805.0,106567236.0,0.38,USD,Materials,Canada,Stock,equity,web_csv
2026-08-18,GDX-ASX,SVM,Silvercorp Metals Inc,CA82835P1036,,8819941.0,101782119.0,0.37,USD,Materials,Canada,Stock,equity,web_csv
2026-08-18,GDX-ASX,HOC LN,Hochschild Mining Plc,GB00B1FW5029,,12710925.0,88227218.0,0.32,GBP,Materials,Peru,Stock,equity,web_csv
2026-08-18,GDX-ASX,-USD CASH-,,CASH,,2142.0,2142.0,0.0,USD,,United States,Cash Bal,cash,web_csv
2026-08-18,GDX-ASX,-IDR CASH-,,CASH,,1.0,0.0,0.0,IDR,,Indonesia,Cash Bal,cash,web_csv
2026-08-18,GDX-ASX,-HKD CASH-,,CASH,,0.0,0.0,0.0,HKD,,China,Cash Bal,cash,web_csv
2026-08-18,GDX-ASX,-GBP CASH-,,CASH,,31.0,42.0,0.0,GBP,,United Kingdom,Cash Bal,cash,web_csv
2026-08-18,GDX-ASX,-EUR CASH-,,CASH,,0.0,0.0,0.0,EUR,,Europe,Cash Bal,cash,web_csv
2026-08-18,GDX-ASX,,Other/Cash,CASH,,0.0,-673129.0,-0.0,USD,,,Cash,cash,web_csv
2026-08-19,GDX-ASX,AEM,Agnico Eagle Mines Ltd,CA0084741085,,16058927.0,3335760316.0,11.07,USD,Materials,Canada,Stock,equity,web_csv
2026-08-19,GDX-ASX,NEM,Newmont Corp,US6516391066,,26032990.0,3256206389.0,10.81,USD,Materials,United States,Stock,equity,web_csv
2026-08-19,GDX-ASX,B,Barrick Mining Corp,CA06849F1080,,50535309.0,2280658495.0,7.57,USD,Materials,Canada,Stock,equity,web_csv
2026-08-19,GDX-ASX,WPM,Wheaton Precious Metals Corp,CA9628791027,,11657013.0,1716320309.0,5.7,USD,Materials,Brazil,Stock,equity,web_csv
2026-08-19,GDX-ASX,AU,Anglogold Ashanti Plc,GB00BRXH2664,,14557859.0,1580110016.0,5.25,USD,Materials,United States,Stock,equity,web_csv
2026-08-19,GDX-ASX,FNV,Franco-Nevada Corp,CA3518581051,,5479947.0,1375850293.0,4.57,USD,Materials,Canada,Stock,equity,web_csv
2026-08-19,GDX-ASX,KGC,Kinross Gold Corp,CA4969024047,,43453981.0,1297535873.0,4.31,USD,Materials,Canada,Stock,equity,web_csv
2026-08-19,GDX-ASX,GFI,Gold Fields Ltd,US38059T1060,,28284582.0,1240278921.0,4.12,USD,Materials,South Africa,Stock,equity,web_csv
2026-08-19,GDX-ASX,NST AU,Northern Star Resources Ltd,AU000000NST8,,46422735.0,785646570.0,2.61,AUD,Materials,Australia,Stock,equity,web_csv
2026-08-19,GDX-ASX,PAAS,Pan American Silver Corp,CA6979001089,,15505073.0,779905172.0,2.59,USD,Materials,Canada,Stock,equity,web_csv
2026-08-19,GDX-ASX,CDE,Coeur Mining Inc,US1921085049,,34036169.0,712377017.0,2.37,USD,Materials,United States,Stock,equity,web_csv
2026-08-19,GDX-ASX,RGLD,Royal Gold Inc,US7802871084,,2277786.0,565209818.0,1.88,USD,Materials,United States,Stock,equity,web_csv
2026-08-19,GDX-ASX,AGI,Alamos Gold Inc,CA0115321089,,14544373.0,519815891.0,1.73,USD,Materials,Canada,Stock,equity,web_csv
2026-08-19,GDX-ASX,EQX,Equinox Gold Corp,CA29446Y5020,,40167706.0,508523158.0,1.69,USD,Materials,Canada,Stock,equity,web_csv
2026-08-19,GDX-ASX,EVN AU,Evolution Mining Ltd,AU000000EVN4,,46601186.0,462230895.0,1.53,AUD,Materials,Australia,Stock,equity,web_csv
2026-08-19,GDX-ASX,HL,Hecla Mining Co,US4227041062,,20905491.0,429398785.0,1.43,USD,Materials,United States,Stock,equity,web_csv
2026-08-19,GDX-ASX,PE&OLES* MF,Industrias Penoles Sab De Cv,MXP554091415,,8087163.0,411493742.0,1.37,MXN,Materials,Mexico,Stock,equity,web_csv
2026-08-19,GDX-ASX,EGO,Eldorado Gold Corp,CA2849025093,,9829907.0,410496916.0,1.36,USD,Materials,Turkey,Stock,equity,web_csv
2026-08-19,GDX-ASX,AG,First Majestic Silver Corp,CA32076V1031,,19633820.0,409365147.0,1.36,USD,Materials,Canada,Stock,equity,web_csv
2026-08-19,GDX-ASX,IAG,Iamgold Corp,CA4509131088,,20269010.0,399704877.0,1.33,USD,Materials,Burkina Faso,Stock,equity,web_csv
2026-08-19,GDX-ASX,EDV LN,Endeavour Mining Plc,GB00BL6K5J42,,6609933.0,398343247.0,1.32,GBP,Materials,United Kingdom,Stock,equity,web_csv
2026-08-19,GDX-ASX,GMIN CN,G Mining Ventures Corp,CA36270K1021,,9877436.0,349136921.0,1.16,CAD,Materials,Canada,Stock,equity,web_csv
2026-08-19,GDX-ASX,HMY,Harmony Gold Mining Co Ltd,US4132163001,,16540367.0,348836340.0,1.16,USD,Materials,South Africa,Stock,equity,web_csv
2026-08-19,GDX-ASX,FRES LN,Fresnillo Plc,GB00B2QPKJ12,,7975157.0,334098567.0,1.11,GBP,Materials,Mexico,Stock,equity,web_csv
2026-08-19,GDX-ASX,DPM CN,Dundee Precious Metals Inc,CA26139R1091,,6614366.0,317730883.0,1.05,CAD,Materials,Canada,Stock,equity,web_csv
2026-08-19,GDX-ASX,LUG CN,Lundin Gold Inc,CA5503711080,,4396980.0,309375262.0,1.03,CAD,Materials,Canada,Stock,equity,web_csv
2026-08-19,GDX-ASX,2259 HK,Zijin Gold International Co Ltd,HK0001200002,,16219400.0,280492429.0,0.93,HKD,Materials,China,Stock,equity,web_csv
2026-08-19,GDX-ASX,OGC,Oceanagold Corp,CA6752224007,,8815094.0,266392141.0,0.88,USD,Materials,Canada,Stock,equity,web_csv
2026-08-19,GDX-ASX,BTG,B2gold Corp,CA11777Q2099,,50182362.0,264461048.0,0.88,USD,Materials,Canada,Stock,equity,web_csv
2026-08-19,GDX-ASX,DSV CN,Discovery Silver Corp,CA25466C1077,,29133014.0,255595302.0,0.85,CAD,Materials,Canada,Stock,equity,web_csv
2026-08-19,GDX-ASX,SSRM,Ssr Mining Inc,CA7847301032,,6916390.0,244701878.0,0.81,USD,Materials,Canada,Stock,equity,web_csv
2026-08-19,GDX-ASX,1818 HK,Zhaojin Mining Industry Co Ltd,CNE1000004R6,,71111500.0,219254421.0,0.73,HKD,Materials,China,Stock,equity,web_csv
2026-08-19,GDX-ASX,BVN,Cia De Minas Buenaventura Saa,US2044481040,,6254535.0,212529099.0,0.71,USD,Materials,Peru,Stock,equity,web_csv
2026-08-19,GDX-ASX,OR,Or Royalties Inc,CA68390D1069,,5357125.0,186963663.0,0.62,USD,Materials,Canada,Stock,equity,web_csv
2026-08-19,GDX-ASX,GGP AU,Greatland Resources Ltd,AU0000397705,,19276366.0,177909437.0,0.59,AUD,Materials,Australia,Stock,equity,web_csv
2026-08-19,GDX-ASX,MAU CN,Montage Gold Corp,CA61178L1013,,12382826.0,177569788.0,0.59,CAD,Materials,Côte D'Ivoire,Stock,equity,web_csv
2026-08-19,GDX-ASX,ARTG CN,Artemis Gold Inc,CA04302L1004,,5951664.0,176639201.0,0.59,CAD,Materials,Canada,Stock,equity,web_csv
2026-08-19,GDX-ASX,PRU AU,Perseus Mining Ltd,AU000000PRU3,,42923304.0,175337062.0,0.58,AUD,Materials,Australia,Stock,equity,web_csv
2026-08-19,GDX-ASX,KNT CN,K92 Mining Inc,CA4991131083,,8276862.0,174770035.0,0.58,CAD,Materials,Canada,Stock,equity,web_csv
2026-08-19,GDX-ASX,RMS AU,Ramelius Resources Ltd,AU000000RMS4,,64858010.0,168733738.0,0.56,AUD,Materials,Australia,Stock,equity,web_csv
2026-08-19,GDX-ASX,GMD AU,Genesis Minerals Ltd,AU000000GMD9,,31649202.0,167290532.0,0.56,AUD,Materials,Australia,Stock,equity,web_csv
2026-08-19,GDX-ASX,CMM AU,Capricorn Metals Ltd,AU000000CMM9,,13644388.0,164672979.0,0.55,AUD,Materials,Australia,Stock,equity,web_csv
2026-08-19,GDX-ASX,ARIS,Aris Mining Corp,CA04040Y1097,,8310405.0,162967042.0,0.54,USD,Materials,Colombia,Stock,equity,web_csv
2026-08-19,GDX-ASX,AMMN IJ,Amman Mineral Internasional Pt,ID1000191109,,659259300.0,153535036.0,0.51,IDR,Materials,Indonesia,Stock,equity,web_csv
2026-08-19,GDX-ASX,AYA CN,Aya Gold & Silver Inc,CA05466C1095,,5585078.0,151932557.0,0.5,CAD,Materials,Canada,Stock,equity,web_csv
2026-08-19,GDX-ASX,CGAU,Centerra Gold Inc,CA1520061021,,6703962.0,151509541.0,0.5,USD,Materials,Canada,Stock,equity,web_csv
2026-08-19,GDX-ASX,VAU AU,Vault Minerals Ltd,AU0000427775,,34485813.0,148877845.0,0.49,AUD,Materials,Australia,Stock,equity,web_csv
2026-08-19,GDX-ASX,TXG CN,Torex Gold Resources Inc,CA8910546032,,2990354.0,146222022.0,0.49,CAD,Materials,Canada,Stock,equity,web_csv
2026-08-19,GDX-ASX,AUGO,Aura Minerals Inc,VGG069731120,,1668504.0,141822840.0,0.47,USD,Materials,United States,Stock,equity,web_csv
2026-08-19,GDX-ASX,SKE,Skeena Resources Ltd,CA83056P7157,,4110305.0,140284710.0,0.47,USD,Materials,Canada,Stock,equity,web_csv
2026-08-19,GDX-ASX,WDO CN,Wesdome Gold Mines Ltd/Canada,CA95083R1001,,5777727.0,139941906.0,0.46,CAD,Materials,Canada,Stock,equity,web_csv
2026-08-19,GDX-ASX,FSM,Fortuna Silver Mines Inc,CA3499421020,,11470476.0,133401636.0,0.44,USD,Materials,Canada,Stock,equity,web_csv
2026-08-19,GDX-ASX,RRL AU,Regis Resources Ltd,AU000000RRL8,,24258486.0,130555540.0,0.43,AUD,Materials,Australia,Stock,equity,web_csv
2026-08-19,GDX-ASX,EXK,Endeavour Silver Corp,CA29258Y1034,,11017629.0,121083743.0,0.4,USD,Materials,Canada,Stock,equity,web_csv
2026-08-19,GDX-ASX,SA,Seabridge Gold Inc,CA8119271028,,3587469.0,120359585.0,0.4,USD,Materials,Canada,Stock,equity,web_csv
2026-08-19,GDX-ASX,WGX AU,Westgold Resources Ltd,AU000000WGX6,,26995387.0,112580849.0,0.37,AUD,Materials,Australia,Stock,equity,web_csv
2026-08-19,GDX-ASX,SVM,Silvercorp Metals Inc,CA82835P1036,,8808605.0,111076509.0,0.37,USD,Materials,Canada,Stock,equity,web_csv
2026-08-19,GDX-ASX,BRMS IJ,Bumi Resources Minerals Tbk Pt,ID1000117609,,3130323100.0,110025019.0,0.37,IDR,Materials,Indonesia,Stock,equity,web_csv
2026-08-19,GDX-ASX,HOC LN,Hochschild Mining Plc,GB00B1FW5029,,12694589.0,95490722.0,0.32,GBP,Materials,Peru,Stock,equity,web_csv
2026-08-19,GDX-ASX,-USD CASH-,,CASH,,-938.0,-938.0,0.0,USD,,United States,Cash Bal,cash,web_csv
2026-08-19,GDX-ASX,-IDR CASH-,,CASH,,1.0,0.0,0.0,IDR,,Indonesia,Cash Bal,cash,web_csv
2026-08-19,GDX-ASX,-HKD CASH-,,CASH,,0.0,0.0,0.0,HKD,,China,Cash Bal,cash,web_csv
2026-08-19,GDX-ASX,-GBP CASH-,,CASH,,31.0,42.0,0.0,GBP,,United Kingdom,Cash Bal,cash,web_csv
2026-08-19,GDX-ASX,-EUR CASH-,,CASH,,0.0,0.0,0.0,EUR,,Europe,Cash Bal,cash,web_csv
2026-08-19,GDX-ASX,,Other/Cash,CASH,,0.0,2168735.0,0.01,USD,,,Cash,cash,web_csv
2026-08-20,GDX-ASX,AEM,Agnico Eagle Mines Ltd,CA0084741085,,16053761.0,3404039482.0,10.97,USD,Materials,Canada,Stock,equity,web_csv
2026-08-20,GDX-ASX,NEM,Newmont Corp,US6516391066,,26024616.0,3321781986.0,10.71,USD,Materials,United States,Stock,equity,web_csv
2026-08-20,GDX-ASX,B,Barrick Mining Corp,CA06849F1080,,50519053.0,2337516582.0,7.53,USD,Materials,Canada,Stock,equity,web_csv
2026-08-20,GDX-ASX,WPM,Wheaton Precious Metals Corp,CA9628791027,,11653263.0,1750902766.0,5.64,USD,Materials,Brazil,Stock,equity,web_csv
2026-08-20,GDX-ASX,AU,Anglogold Ashanti Plc,GB00BRXH2664,,14553177.0,1665174512.0,5.37,USD,Materials,United States,Stock,equity,web_csv
2026-08-20,GDX-ASX,FNV,Franco-Nevada Corp,CA3518581051,,5478185.0,1414138676.0,4.56,USD,Materials,Canada,Stock,equity,web_csv
2026-08-20,GDX-ASX,KGC,Kinross Gold Corp,CA4969024047,,43440003.0,1365319294.0,4.4,USD,Materials,Canada,Stock,equity,web_csv
2026-08-20,GDX-ASX,GFI,Gold Fields Ltd,US38059T1060,,28275484.0,1285120748.0,4.14,USD,Materials,South Africa,Stock,equity,web_csv
2026-08-20,GDX-ASX,PAAS,Pan American Silver Corp,CA6979001089,,15500085.0,804764413.0,2.59,USD,Materials,Canada,Stock,equity,web_csv
2026-08-20,GDX-ASX,NST AU,Northern Star Resources Ltd,AU000000NST8,,46407801.0,799975877.0,2.58,AUD,Materials,Australia,Stock,equity,web_csv
2026-08-20,GDX-ASX,CDE,Coeur Mining Inc,US1921085049,,34025221.0,718272415.0,2.31,USD,Materials,United States,Stock,equity,web_csv
2026-08-20,GDX-ASX,RGLD,Royal Gold Inc,US7802871084,,2277054.0,574637347.0,1.85,USD,Materials,United States,Stock,equity,web_csv
2026-08-20,GDX-ASX,AGI,Alamos Gold Inc,CA0115321089,,14539695.0,533461410.0,1.72,USD,Materials,Canada,Stock,equity,web_csv
2026-08-20,GDX-ASX,EQX,Equinox Gold Corp,CA29446Y5020,,40154802.0,517193850.0,1.67,USD,Materials,Canada,Stock,equity,web_csv
2026-08-20,GDX-ASX,EVN AU,Evolution Mining Ltd,AU000000EVN4,,46586196.0,503545001.0,1.62,AUD,Materials,Australia,Stock,equity,web_csv
2026-08-20,GDX-ASX,HL,Hecla Mining Co,US4227041062,,20898767.0,435112329.0,1.4,USD,Materials,United States,Stock,equity,web_csv
2026-08-20,GDX-ASX,PE&OLES* MF,Industrias Penoles Sab De Cv,MXP554091415,,8084563.0,421874406.0,1.36,MXN,Materials,Mexico,Stock,equity,web_csv
2026-08-20,GDX-ASX,EGO,Eldorado Gold Corp,CA2849025093,,9826745.0,419110674.0,1.35,USD,Materials,Turkey,Stock,equity,web_csv
2026-08-20,GDX-ASX,AG,First Majestic Silver Corp,CA32076V1031,,19627504.0,415906810.0,1.34,USD,Materials,Canada,Stock,equity,web_csv
2026-08-20,GDX-ASX,IAG,Iamgold Corp,CA4509131088,,20262490.0,415381045.0,1.34,USD,Materials,Burkina Faso,Stock,equity,web_csv
2026-08-20,GDX-ASX,EDV LN,Endeavour Mining Plc,GB00BL6K5J42,,6607807.0,403880866.0,1.3,GBP,Materials,United Kingdom,Stock,equity,web_csv
2026-08-20,GDX-ASX,HMY,Harmony Gold Mining Co Ltd,US4132163001,,16535047.0,364101735.0,1.17,USD,Materials,South Africa,Stock,equity,web_csv
2026-08-20,GDX-ASX,GMIN CN,G Mining Ventures Corp,CA36270K1021,,9874258.0,353312286.0,1.14,CAD,Materials,Canada,Stock,equity,web_csv
2026-08-20,GDX-ASX,FRES LN,Fresnillo Plc,GB00B2QPKJ12,,7972591.0,343038590.0,1.11,GBP,Materials,Mexico,Stock,equity,web_csv
2026-08-20,GDX-ASX,DPM CN,Dundee Precious Metals Inc,CA26139R1091,,6612238.0,324014536.0,1.04,CAD,Materials,Canada,Stock,equity,web_csv
2026-08-20,GDX-ASX,LUG CN,Lundin Gold Inc,CA5503711080,,4395566.0,315928316.0,1.02,CAD,Materials,Canada,Stock,equity,web_csv
2026-08-20,GDX-ASX,2259 HK,Zijin Gold International Co Ltd,HK0001200002,,16214200.0,309348374.0,1.0,HKD,Materials,China,Stock,equity,web_csv
2026-08-20,GDX-ASX,OGC,Oceanagold Corp,CA6752224007,,8812258.0,270712566.0,0.87,USD,Materials,Canada,Stock,equity,web_csv
2026-08-20,GDX-ASX,BTG,B2gold Corp,CA11777Q2099,,50166220.0,269894264.0,0.87,USD,Materials,Canada,Stock,equity,web_csv
2026-08-20,GDX-ASX,DSV CN,Discovery Silver Corp,CA25466C1077,,29123642.0,254654877.0,0.82,CAD,Materials,Canada,Stock,equity,web_csv
2026-08-20,GDX-ASX,SSRM,Ssr Mining Inc,CA7847301032,,6914166.0,254648734.0,0.82,USD,Materials,Canada,Stock,equity,web_csv
2026-08-20,GDX-ASX,1818 HK,Zhaojin Mining Industry Co Ltd,CNE1000004R6,,71088500.0,231091129.0,0.74,HKD,Materials,China,Stock,equity,web_csv
2026-08-20,GDX-ASX,BVN,Cia De Minas Buenaventura Saa,US2044481040,,6252521.0,213586117.0,0.69,USD,Materials,Peru,Stock,equity,web_csv
2026-08-20,GDX-ASX,PRU AU,Perseus Mining Ltd,AU000000PRU3,,42909496.0,189126595.0,0.61,AUD,Materials,Australia,Stock,equity,web_csv
2026-08-20,GDX-ASX,OR,Or Royalties Inc,CA68390D1069,,5355401.0,188992101.0,0.61,USD,Materials,Canada,Stock,equity,web_csv
2026-08-20,GDX-ASX,MAU CN,Montage Gold Corp,CA61178L1013,,12378842.0,184501426.0,0.59,CAD,Materials,Côte D'Ivoire,Stock,equity,web_csv
2026-08-20,GDX-ASX,GGP AU,Greatland Resources Ltd,AU0000397705,,19270166.0,184388786.0,0.59,AUD,Materials,Australia,Stock,equity,web_csv
2026-08-20,GDX-ASX,RMS AU,Ramelius Resources Ltd,AU000000RMS4,,64837146.0,182882492.0,0.59,AUD,Materials,Australia,Stock,equity,web_csv
2026-08-20,GDX-ASX,GMD AU,Genesis Minerals Ltd,AU000000GMD9,,31639022.0,181961114.0,0.59,AUD,Materials,Australia,Stock,equity,web_csv
2026-08-20,GDX-ASX,ARTG CN,Artemis Gold Inc,CA04302L1004,,5949750.0,181329004.0,0.58,CAD,Materials,Canada,Stock,equity,web_csv
2026-08-20,GDX-ASX,KNT CN,K92 Mining Inc,CA4991131083,,8274200.0,178921094.0,0.58,CAD,Materials,Canada,Stock,equity,web_csv
2026-08-20,GDX-ASX,CMM AU,Capricorn Metals Ltd,AU000000CMM9,,13639998.0,173033113.0,0.56,AUD,Materials,Australia,Stock,equity,web_csv
2026-08-20,GDX-ASX,ARIS,Aris Mining Corp,CA04040Y1097,,8307731.0,167733089.0,0.54,USD,Materials,Colombia,Stock,equity,web_csv
2026-08-20,GDX-ASX,AMMN IJ,Amman Mineral Internasional Pt,ID1000191109,,659047300.0,166370932.0,0.54,IDR,Materials,Indonesia,Stock,equity,web_csv
2026-08-20,GDX-ASX,VAU AU,Vault Minerals Ltd,AU0000427775,,34474719.0,160508535.0,0.52,AUD,Materials,Australia,Stock,equity,web_csv
2026-08-20,GDX-ASX,CGAU,Centerra Gold Inc,CA1520061021,,6701806.0,157425423.0,0.51,USD,Materials,Canada,Stock,equity,web_csv
2026-08-20,GDX-ASX,TXG CN,Torex Gold Resources Inc,CA8910546032,,2989392.0,150586745.0,0.49,CAD,Materials,Canada,Stock,equity,web_csv
2026-08-20,GDX-ASX,AYA CN,Aya Gold & Silver Inc,CA05466C1095,,5583282.0,150267709.0,0.48,CAD,Materials,Canada,Stock,equity,web_csv
2026-08-20,GDX-ASX,AUGO,Aura Minerals Inc,VGG069731120,,1667968.0,144596146.0,0.47,USD,Materials,United States,Stock,equity,web_csv
2026-08-20,GDX-ASX,RRL AU,Regis Resources Ltd,AU000000RRL8,,24250682.0,143459858.0,0.46,AUD,Materials,Australia,Stock,equity,web_csv
2026-08-20,GDX-ASX,WDO CN,Wesdome Gold Mines Ltd/Canada,CA95083R1001,,5775869.0,143296540.0,0.46,CAD,Materials,Canada,Stock,equity,web_csv
2026-08-20,GDX-ASX,SKE,Skeena Resources Ltd,CA83056P7157,,4108983.0,143115878.0,0.46,USD,Materials,Canada,Stock,equity,web_csv
2026-08-20,GDX-ASX,FSM,Fortuna Silver Mines Inc,CA3499421020,,11466786.0,136454753.0,0.44,USD,Materials,Canada,Stock,equity,web_csv
2026-08-20,GDX-ASX,BRMS IJ,Bumi Resources Minerals Tbk Pt,ID1000117609,,3129316100.0,121512953.0,0.39,IDR,Materials,Indonesia,Stock,equity,web_csv
2026-08-20,GDX-ASX,WGX AU,Westgold Resources Ltd,AU000000WGX6,,26986703.0,121096343.0,0.39,AUD,Materials,Australia,Stock,equity,web_csv
2026-08-20,GDX-ASX,EXK,Endeavour Silver Corp,CA29258Y1034,,11014085.0,120824512.0,0.39,USD,Materials,Canada,Stock,equity,web_csv
2026-08-20,GDX-ASX,SA,Seabridge Gold Inc,CA8119271028,,3586315.0,119316700.0,0.38,USD,Materials,Canada,Stock,equity,web_csv
2026-08-20,GDX-ASX,SVM,Silvercorp Metals Inc,CA82835P1036,,8805771.0,111304945.0,0.36,USD,Materials,Canada,Stock,equity,web_csv
2026-08-20,GDX-ASX,HOC LN,Hochschild Mining Plc,GB00B1FW5029,,12690505.0,102971300.0,0.33,GBP,Materials,Peru,Stock,equity,web_csv
2026-08-20,GDX-ASX,-USD CASH-,,CASH,,-2625.0,-2625.0,0.0,USD,,United States,Cash Bal,cash,web_csv
2026-08-20,GDX-ASX,-IDR CASH-,,CASH,,1.0,0.0,0.0,IDR,,Indonesia,Cash Bal,cash,web_csv
2026-08-20,GDX-ASX,-HKD CASH-,,CASH,,0.0,0.0,0.0,HKD,,China,Cash Bal,cash,web_csv
2026-08-20,GDX-ASX,-GBP CASH-,,CASH,,31.0,42.0,0.0,GBP,,United Kingdom,Cash Bal,cash,web_csv
2026-08-20,GDX-ASX,-EUR CASH-,,CASH,,0.0,0.0,0.0,EUR,,Europe,Cash Bal,cash,web_csv
2026-08-20,GDX-ASX,,Other/Cash,CASH,,0.0,11980955.0,0.04,USD,,,Cash,cash,web_csv
2026-08-21,GDX-ASX,AEM,Agnico Eagle Mines Ltd,CA0084741085,,16079591.0,3474156431.0,10.85,USD,Materials,Canada,Stock,equity,web_csv
2026-08-21,GDX-ASX,NEM,Newmont Corp,US6516391066,,26066486.0,3429828228.0,10.71,USD,Materials,United States,Stock,equity,web_csv
2026-08-21,GDX-ASX,B,Barrick Mining Corp,CA06849F1080,,50600343.0,2408576327.0,7.52,USD,Materials,Canada,Stock,equity,web_csv
2026-08-21,GDX-ASX,WPM,Wheaton Precious Metals Corp,CA9628791027,,11672013.0,1841610211.0,5.75,USD,Materials,Brazil,Stock,equity,web_csv
2026-08-21,GDX-ASX,AU,Anglogold Ashanti Plc,GB00BRXH2664,,14576597.0,1766975088.0,5.52,USD,Materials,United States,Stock,equity,web_csv
2026-08-21,GDX-ASX,FNV,Franco-Nevada Corp,CA3518581051,,5486995.0,1458114051.0,4.55,USD,Materials,Canada,Stock,equity,web_csv
2026-08-21,GDX-ASX,KGC,Kinross Gold Corp,CA4969024047,,43509903.0,1425384422.0,4.45,USD,Materials,Canada,Stock,equity,web_csv
2026-08-21,GDX-ASX,GFI,Gold Fields Ltd,US38059T1060,,28320984.0,1354026245.0,4.23,USD,Materials,South Africa,Stock,equity,web_csv
2026-08-21,GDX-ASX,PAAS,Pan American Silver Corp,CA6979001089,,15525025.0,821056472.0,2.56,USD,Materials,Canada,Stock,equity,web_csv
2026-08-21,GDX-ASX,NST AU,Northern Star Resources Ltd,AU000000NST8,,46482471.0,814305048.0,2.54,AUD,Materials,Australia,Stock,equity,web_csv
2026-08-21,GDX-ASX,CDE,Coeur Mining Inc,US1921085049,,34079971.0,714656992.0,2.23,USD,Materials,United States,Stock,equity,web_csv
2026-08-21,GDX-ASX,RGLD,Royal Gold Inc,US7802871084,,2280714.0,590727733.0,1.84,USD,Materials,United States,Stock,equity,web_csv
2026-08-21,GDX-ASX,AGI,Alamos Gold Inc,CA0115321089,,14563095.0,551358777.0,1.72,USD,Materials,Canada,Stock,equity,web_csv
2026-08-21,GDX-ASX,EQX,Equinox Gold Corp,CA29446Y5020,,40219412.0,544168644.0,1.7,USD,Materials,Canada,Stock,equity,web_csv
2026-08-21,GDX-ASX,EVN AU,Evolution Mining Ltd,AU000000EVN4,,46661156.0,520566050.0,1.63,AUD,Materials,Australia,Stock,equity,web_csv
2026-08-21,GDX-ASX,EGO,Eldorado Gold Corp,CA2849025093,,9842555.0,450001615.0,1.4,USD,Materials,Turkey,Stock,equity,web_csv
2026-08-21,GDX-ASX,PE&OLES* MF,Industrias Penoles Sab De Cv,MXP554091415,,8097563.0,447723944.0,1.4,MXN,Materials,Mexico,Stock,equity,web_csv
2026-08-21,GDX-ASX,HL,Hecla Mining Co,US4227041062,,20932397.0,433719266.0,1.35,USD,Materials,United States,Stock,equity,web_csv
2026-08-21,GDX-ASX,IAG,Iamgold Corp,CA4509131088,,20295090.0,429038203.0,1.34,USD,Materials,Burkina Faso,Stock,equity,web_csv
2026-08-21,GDX-ASX,EDV LN,Endeavour Mining Plc,GB00BL6K5J42,,6618437.0,423657868.0,1.32,GBP,Materials,United Kingdom,Stock,equity,web_csv
2026-08-21,GDX-ASX,AG,First Majestic Silver Corp,CA32076V1031,,19659084.0,414610082.0,1.29,USD,Materials,Canada,Stock,equity,web_csv
2026-08-21,GDX-ASX,HMY,Harmony Gold Mining Co Ltd,US4132163001,,16561657.0,389861406.0,1.22,USD,Materials,South Africa,Stock,equity,web_csv
2026-08-21,GDX-ASX,GMIN CN,G Mining Ventures Corp,CA36270K1021,,9890148.0,384447326.0,1.2,CAD,Materials,Canada,Stock,equity,web_csv
2026-08-21,GDX-ASX,FRES LN,Fresnillo Plc,GB00B2QPKJ12,,7985421.0,350664495.0,1.09,GBP,Materials,Mexico,Stock,equity,web_csv
2026-08-21,GDX-ASX,DPM CN,Dundee Precious Metals Inc,CA26139R1091,,6622878.0,337310699.0,1.05,CAD,Materials,Canada,Stock,equity,web_csv
2026-08-21,GDX-ASX,2259 HK,Zijin Gold International Co Ltd,HK0001200002,,16240200.0,331298274.0,1.03,HKD,Materials,China,Stock,equity,web_csv
2026-08-21,GDX-ASX,LUG CN,Lundin Gold Inc,CA5503711080,,4402636.0,322202569.0,1.01,CAD,Materials,Canada,Stock,equity,web_csv
2026-08-21,GDX-ASX,BTG,B2gold Corp,CA11777Q2099,,50246940.0,277363109.0,0.87,USD,Materials,Canada,Stock,equity,web_csv
2026-08-21,GDX-ASX,OGC,Oceanagold Corp,CA6752224007,,8826438.0,273707842.0,0.85,USD,Materials,Canada,Stock,equity,web_csv
2026-08-21,GDX-ASX,SSRM,Ssr Mining Inc,CA7847301032,,6925296.0,261568430.0,0.82,USD,Materials,Canada,Stock,equity,web_csv
2026-08-21,GDX-ASX,DSV CN,Discovery Silver Corp,CA25466C1077,,29170502.0,251391338.0,0.78,CAD,Materials,Canada,Stock,equity,web_csv
2026-08-21,GDX-ASX,1818 HK,Zhaojin Mining Industry Co Ltd,CNE1000004R6,,71203500.0,231522663.0,0.72,HKD,Materials,China,Stock,equity,web_csv
2026-08-21,GDX-ASX,BVN,Cia De Minas Buenaventura Saa,US2044481040,,6262591.0,222134103.0,0.69,USD,Materials,Peru,Stock,equity,web_csv
2026-08-21,GDX-ASX,OR,Or Royalties Inc,CA68390D1069,,5364021.0,193587518.0,0.6,USD,Materials,Canada,Stock,equity,web_csv
2026-08-21,GDX-ASX,GMD AU,Genesis Minerals Ltd,AU000000GMD9,,31689932.0,192236479.0,0.6,AUD,Materials,Australia,Stock,equity,web_csv
2026-08-21,GDX-ASX,GGP AU,Greatland Resources Ltd,AU0000397705,,19301176.0,191073551.0,0.6,AUD,Materials,Australia,Stock,equity,web_csv
2026-08-21,GDX-ASX,PRU AU,Perseus Mining Ltd,AU000000PRU3,,42978536.0,190587097.0,0.6,AUD,Materials,Australia,Stock,equity,web_csv
2026-08-21,GDX-ASX,RMS AU,Ramelius Resources Ltd,AU000000RMS4,,64941476.0,187850375.0,0.59,AUD,Materials,Australia,Stock,equity,web_csv
2026-08-21,GDX-ASX,ARTG CN,Artemis Gold Inc,CA04302L1004,,5959320.0,185353954.0,0.58,CAD,Materials,Canada,Stock,equity,web_csv
2026-08-21,GDX-ASX,MAU CN,Montage Gold Corp,CA61178L1013,,12398762.0,184268819.0,0.58,CAD,Materials,Côte D'Ivoire,Stock,equity,web_csv
2026-08-21,GDX-ASX,KNT CN,K92 Mining Inc,CA4991131083,,8287510.0,181833631.0,0.57,CAD,Materials,Canada,Stock,equity,web_csv
2026-08-21,GDX-ASX,CMM AU,Capricorn Metals Ltd,AU000000CMM9,,13661948.0,175253730.0,0.55,AUD,Materials,Australia,Stock,equity,web_csv
2026-08-21,GDX-ASX,ARIS,Aris Mining Corp,CA04040Y1097,,8321101.0,173578167.0,0.54,USD,Materials,Colombia,Stock,equity,web_csv
2026-08-21,GDX-ASX,VAU AU,Vault Minerals Ltd,AU0000427775,,34530189.0,170170820.0,0.53,AUD,Materials,Australia,Stock,equity,web_csv
2026-08-21,GDX-ASX,AMMN IJ,Amman Mineral Internasional Pt,ID1000191109,,660107300.0,167152059.0,0.52,IDR,Materials,Indonesia,Stock,equity,web_csv
2026-08-21,GDX-ASX,CGAU,Centerra Gold Inc,CA1520061021,,6712586.0,159423918.0,0.5,USD,Materials,Canada,Stock,equity,web_csv
2026-08-21,GDX-ASX,TXG CN,Torex Gold Resources Inc,CA8910546032,,2994202.0,151824204.0,0.47,CAD,Materials,Canada,Stock,equity,web_csv
2026-08-21,GDX-ASX,RRL AU,Regis Resources Ltd,AU000000RRL8,,24289702.0,150062414.0,0.47,AUD,Materials,Australia,Stock,equity,web_csv
2026-08-21,GDX-ASX,AYA CN,Aya Gold & Silver Inc,CA05466C1095,,5592262.0,148845482.0,0.46,CAD,Materials,Canada,Stock,equity,web_csv
2026-08-21,GDX-ASX,WDO CN,Wesdome Gold Mines Ltd/Canada,CA95083R1001,,5785159.0,146881338.0,0.46,CAD,Materials,Canada,Stock,equity,web_csv
2026-08-21,GDX-ASX,AUGO,Aura Minerals Inc,VGG069731120,,1670648.0,145780744.0,0.46,USD,Materials,United States,Stock,equity,web_csv
2026-08-21,GDX-ASX,SKE,Skeena Resources Ltd,CA83056P7157,,4115593.0,143510728.0,0.45,USD,Materials,Canada,Stock,equity,web_csv
2026-08-21,GDX-ASX,FSM,Fortuna Silver Mines Inc,CA3499421020,,11485236.0,138626799.0,0.43,USD,Materials,Canada,Stock,equity,web_csv
2026-08-21,GDX-ASX,WGX AU,Westgold Resources Ltd,AU000000WGX6,,27030123.0,123802196.0,0.39,AUD,Materials,Australia,Stock,equity,web_csv
2026-08-21,GDX-ASX,BRMS IJ,Bumi Resources Minerals Tbk Pt,ID1000117609,,3134351100.0,122993657.0,0.38,IDR,Materials,Indonesia,Stock,equity,web_csv
2026-08-21,GDX-ASX,EXK,Endeavour Silver Corp,CA29258Y1034,,11031805.0,117157769.0,0.37,USD,Materials,Canada,Stock,equity,web_csv
2026-08-21,GDX-ASX,HOC LN,Hochschild Mining Plc,GB00B1FW5029,,12710925.0,111029472.0,0.35,GBP,Materials,Peru,Stock,equity,web_csv
2026-08-21,GDX-ASX,SVM,Silvercorp Metals Inc,CA82835P1036,,8819941.0,110513861.0,0.35,USD,Materials,Canada,Stock,equity,web_csv
2026-08-21,GDX-ASX,SA,Seabridge Gold Inc,CA8119271028,,3592085.0,108337284.0,0.34,USD,Materials,Canada,Stock,equity,web_csv
2026-08-21,GDX-ASX,-IDR CASH-,,CASH,,1.0,0.0,0.0,IDR,,Indonesia,Cash Bal,cash,web_csv
2026-08-21,GDX-ASX,-HKD CASH-,,CASH,,0.0,0.0,0.0,HKD,,China,Cash Bal,cash,web_csv
2026-08-21,GDX-ASX,-GBP CASH-,,CASH,,31.0,42.0,0.0,GBP,,United Kingdom,Cash Bal,cash,web_csv
2026-08-21,GDX-ASX,-EUR CASH-,,CASH,,0.0,0.0,0.0,EUR,,Europe,Cash Bal,cash,web_csv
2026-08-21,GDX-ASX,-USD CASH-,,CASH,,-27641344.0,-27641344.0,-0.09,USD,,United States,Cash Bal,cash,web_csv
2026-08-21,GDX-ASX,,Other/Cash,CASH,,0.0,42017137.0,0.13,USD,,,Cash,cash,web_csv
2026-08-24,GDX-ASX,AEM,Agnico Eagle Mines Ltd,CA0084741085,,16053751.0,3497951805.0,10.86,USD,Materials,Canada,Stock,equity,web_csv
2026-08-24,GDX-ASX,NEM,Newmont Corp,US6516391066,,26024596.0,3431082737.0,10.66,USD,Materials,United States,Stock,equity,web_csv
2026-08-24,GDX-ASX,B,Barrick Mining Corp,CA06849F1080,,50519033.0,2432996629.0,7.56,USD,Materials,Canada,Stock,equity,web_csv
2026-08-24,GDX-ASX,WPM,Wheaton Precious Metals Corp,CA9628791027,,11653253.0,1866734598.0,5.8,USD,Materials,Brazil,Stock,equity,web_csv
2026-08-24,GDX-ASX,AU,Anglogold Ashanti Plc,GB00BRXH2664,,14553177.0,1753221233.0,5.45,USD,Materials,United States,Stock,equity,web_csv
2026-08-24,GDX-ASX,FNV,Franco-Nevada Corp,CA3518581051,,5478175.0,1479819413.0,4.6,USD,Materials,Canada,Stock,equity,web_csv
2026-08-24,GDX-ASX,KGC,Kinross Gold Corp,CA4969024047,,43439983.0,1432650639.0,4.45,USD,Materials,Canada,Stock,equity,web_csv
2026-08-24,GDX-ASX,GFI,Gold Fields Ltd,US38059T1060,,28275474.0,1338278184.0,4.16,USD,Materials,South Africa,Stock,equity,web_csv
2026-08-24,GDX-ASX,PAAS,Pan American Silver Corp,CA6979001089,,15500075.0,831269022.0,2.58,USD,Materials,Canada,Stock,equity,web_csv
2026-08-24,GDX-ASX,NST AU,Northern Star Resources Ltd,AU000000NST8,,46407771.0,809719055.0,2.52,AUD,Materials,Australia,Stock,equity,web_csv
2026-08-24,GDX-ASX,CDE,Coeur Mining Inc,US1921085049,,34025201.0,710446197.0,2.21,USD,Materials,United States,Stock,equity,web_csv
2026-08-24,GDX-ASX,RGLD,Royal Gold Inc,US7802871084,,2277044.0,600570355.0,1.87,USD,Materials,United States,Stock,equity,web_csv
2026-08-24,GDX-ASX,AGI,Alamos Gold Inc,CA0115321089,,14539695.0,557161112.0,1.73,USD,Materials,Canada,Stock,equity,web_csv
2026-08-24,GDX-ASX,EQX,Equinox Gold Corp,CA29446Y5020,,40154782.0,552529800.0,1.72,USD,Materials,Canada,Stock,equity,web_csv
2026-08-24,GDX-ASX,EVN AU,Evolution Mining Ltd,AU000000EVN4,,46586176.0,525344741.0,1.63,AUD,Materials,Australia,Stock,equity,web_csv
2026-08-24,GDX-ASX,EGO,Eldorado Gold Corp,CA2849025093,,9826735.0,455665702.0,1.42,USD,Materials,Turkey,Stock,equity,web_csv
2026-08-24,GDX-ASX,IAG,Iamgold Corp,CA4509131088,,20262480.0,441722064.0,1.37,USD,Materials,Burkina Faso,Stock,equity,web_csv
2026-08-24,GDX-ASX,PE&OLES* MF,Industrias Penoles Sab De Cv,MXP554091415,,8084563.0,436920708.0,1.36,MXN,Materials,Mexico,Stock,equity,web_csv
2026-08-24,GDX-ASX,EDV LN,Endeavour Mining Plc,GB00BL6K5J42,,6607797.0,427409093.0,1.33,GBP,Materials,United Kingdom,Stock,equity,web_csv
2026-08-24,GDX-ASX,HL,Hecla Mining Co,US4227041062,,20898757.0,426334643.0,1.32,USD,Materials,United States,Stock,equity,web_csv
2026-08-24,GDX-ASX,AG,First Majestic Silver Corp,CA32076V1031,,19627494.0,408840700.0,1.27,USD,Materials,Canada,Stock,equity,web_csv
2026-08-24,GDX-ASX,GMIN CN,G Mining Ventures Corp,CA36270K1021,,9874258.0,394713457.0,1.23,CAD,Materials,Canada,Stock,equity,web_csv
2026-08-24,GDX-ASX,HMY,Harmony Gold Mining Co Ltd,US4132163001,,16535047.0,377164422.0,1.17,USD,Materials,South Africa,Stock,equity,web_csv
2026-08-24,GDX-ASX,FRES LN,Fresnillo Plc,GB00B2QPKJ12,,7972591.0,348738314.0,1.08,GBP,Materials,Mexico,Stock,equity,web_csv
2026-08-24,GDX-ASX,DPM CN,Dundee Precious Metals Inc,CA26139R1091,,6612238.0,333454794.0,1.04,CAD,Materials,Canada,Stock,equity,web_csv
2026-08-24,GDX-ASX,2259 HK,Zijin Gold International Co Ltd,HK0001200002,,16214200.0,333366251.0,1.04,HKD,Materials,China,Stock,equity,web_csv
2026-08-24,GDX-ASX,LUG CN,Lundin Gold Inc,CA5503711080,,4395566.0,332803964.0,1.03,CAD,Materials,Canada,Stock,equity,web_csv
2026-08-24,GDX-ASX,BTG,B2gold Corp,CA11777Q2099,,50166190.0,286950607.0,0.89,USD,Materials,Canada,Stock,equity,web_csv
2026-08-24,GDX-ASX,OGC,Oceanagold Corp,CA6752224007,,8812258.0,274766204.0,0.85,USD,Materials,Canada,Stock,equity,web_csv
2026-08-24,GDX-ASX,SSRM,Ssr Mining Inc,CA7847301032,,6914166.0,266955949.0,0.83,USD,Materials,Canada,Stock,equity,web_csv
2026-08-24,GDX-ASX,DSV CN,Discovery Silver Corp,CA25466C1077,,29123622.0,261584379.0,0.81,CAD,Materials,Canada,Stock,equity,web_csv
2026-08-24,GDX-ASX,1818 HK,Zhaojin Mining Industry Co Ltd,CNE1000004R6,,71088500.0,239393890.0,0.74,HKD,Materials,China,Stock,equity,web_csv
2026-08-24,GDX-ASX,BVN,Cia De Minas Buenaventura Saa,US2044481040,,6252521.0,220088739.0,0.68,USD,Materials,Peru,Stock,equity,web_csv
2026-08-24,GDX-ASX,OR,Or Royalties Inc,CA68390D1069,,5355401.0,200773983.0,0.62,USD,Materials,Canada,Stock,equity,web_csv
2026-08-24,GDX-ASX,GMD AU,Genesis Minerals Ltd,AU000000GMD9,,31639002.0,194032650.0,0.6,AUD,Materials,Australia,Stock,equity,web_csv
2026-08-24,GDX-ASX,PRU AU,Perseus Mining Ltd,AU000000PRU3,,42909466.0,191164234.0,0.59,AUD,Materials,Australia,Stock,equity,web_csv
2026-08-24,GDX-ASX,ARTG CN,Artemis Gold Inc,CA04302L1004,,5949740.0,187533535.0,0.58,CAD,Materials,Canada,Stock,equity,web_csv
2026-08-24,GDX-ASX,GGP AU,Greatland Resources Ltd,AU0000397705,,19270156.0,187200808.0,0.58,AUD,Materials,Australia,Stock,equity,web_csv
2026-08-24,GDX-ASX,MAU CN,Montage Gold Corp,CA61178L1013,,12378842.0,186501088.0,0.58,CAD,Materials,Côte D'Ivoire,Stock,equity,web_csv
2026-08-24,GDX-ASX,RMS AU,Ramelius Resources Ltd,AU000000RMS4,,64837116.0,186275675.0,0.58,AUD,Materials,Australia,Stock,equity,web_csv
2026-08-24,GDX-ASX,KNT CN,K92 Mining Inc,CA4991131083,,8274190.0,183850959.0,0.57,CAD,Materials,Canada,Stock,equity,web_csv
2026-08-24,GDX-ASX,CMM AU,Capricorn Metals Ltd,AU000000CMM9,,13639998.0,173000904.0,0.54,AUD,Materials,Australia,Stock,equity,web_csv
2026-08-24,GDX-ASX,ARIS,Aris Mining Corp,CA04040Y1097,,8307731.0,172883882.0,0.54,USD,Materials,Colombia,Stock,equity,web_csv
2026-08-24,GDX-ASX,VAU AU,Vault Minerals Ltd,AU0000427775,,34474699.0,171038112.0,0.53,AUD,Materials,Australia,Stock,equity,web_csv
2026-08-24,GDX-ASX,AMMN IJ,Amman Mineral Internasional Pt,ID1000191109,,659046300.0,167423195.0,0.52,IDR,Materials,Indonesia,Stock,equity,web_csv
2026-08-24,GDX-ASX,CGAU,Centerra Gold Inc,CA1520061021,,6701796.0,157358170.0,0.49,USD,Materials,Canada,Stock,equity,web_csv
2026-08-24,GDX-ASX,TXG CN,Torex Gold Resources Inc,CA8910546032,,2989392.0,152850190.0,0.47,CAD,Materials,Canada,Stock,equity,web_csv
2026-08-24,GDX-ASX,WDO CN,Wesdome Gold Mines Ltd/Canada,CA95083R1001,,5775859.0,149582186.0,0.46,CAD,Materials,Canada,Stock,equity,web_csv
2026-08-24,GDX-ASX,AYA CN,Aya Gold & Silver Inc,CA05466C1095,,5583272.0,148386982.0,0.46,CAD,Materials,Canada,Stock,equity,web_csv
2026-08-24,GDX-ASX,RRL AU,Regis Resources Ltd,AU000000RRL8,,24250672.0,147371497.0,0.46,AUD,Materials,Australia,Stock,equity,web_csv
2026-08-24,GDX-ASX,AUGO,Aura Minerals Inc,VGG069731120,,1667968.0,145730364.0,0.45,USD,Materials,United States,Stock,equity,web_csv
2026-08-24,GDX-ASX,SKE,Skeena Resources Ltd,CA83056P7157,,4108983.0,143937674.0,0.45,USD,Materials,Canada,Stock,equity,web_csv
2026-08-24,GDX-ASX,FSM,Fortuna Silver Mines Inc,CA3499421020,,11466776.0,139779999.0,0.43,USD,Materials,Canada,Stock,equity,web_csv
2026-08-24,GDX-ASX,BRMS IJ,Bumi Resources Minerals Tbk Pt,ID1000117609,,3129314100.0,128923963.0,0.4,IDR,Materials,Indonesia,Stock,equity,web_csv
2026-08-24,GDX-ASX,WGX AU,Westgold Resources Ltd,AU000000WGX6,,26986683.0,123374929.0,0.38,AUD,Materials,Australia,Stock,equity,web_csv
2026-08-24,GDX-ASX,EXK,Endeavour Silver Corp,CA29258Y1034,,11014075.0,118511447.0,0.37,USD,Materials,Canada,Stock,equity,web_csv
2026-08-24,GDX-ASX,SA,Seabridge Gold Inc,CA8119271028,,3586315.0,118455984.0,0.37,USD,Materials,Canada,Stock,equity,web_csv
2026-08-24,GDX-ASX,SVM,Silvercorp Metals Inc,CA82835P1036,,8805771.0,111393003.0,0.35,USD,Materials,Canada,Stock,equity,web_csv
2026-08-24,GDX-ASX,HOC LN,Hochschild Mining Plc,GB00B1FW5029,,12690495.0,109107884.0,0.34,GBP,Materials,Peru,Stock,equity,web_csv
2026-08-24,GDX-ASX,-USD CASH-,,CASH,,16171.0,16171.0,0.0,USD,,United States,Cash Bal,cash,web_csv
2026-08-24,GDX-ASX,-IDR CASH-,,CASH,,1.0,0.0,0.0,IDR,,Indonesia,Cash Bal,cash,web_csv
2026-08-24,GDX-ASX,-HKD CASH-,,CASH,,0.0,0.0,0.0,HKD,,China,Cash Bal,cash,web_csv
2026-08-24,GDX-ASX,-GBP CASH-,,CASH,,31.0,42.0,0.0,GBP,,United Kingdom,Cash Bal,cash,web_csv
2026-08-24,GDX-ASX,-EUR CASH-,,CASH,,0.0,0.0,0.0,EUR,,Europe,Cash Bal,cash,web_csv
2026-08-24,GDX-ASX,,Other/Cash,CASH,,0.0,12599622.0,0.04,USD,,,Cash,cash,web_csv
2026-08-25,GDX-ASX,AEM,Agnico Eagle Mines Ltd,CA0084741085,,16022743.0,3590856934.0,10.95,USD,Materials,Canada,Stock,equity,web_csv
2026-08-25,GDX-ASX,NEM,Newmont Corp,US6516391066,,25974328.0,3510170686.0,10.71,USD,Materials,United States,Stock,equity,web_csv
2026-08-25,GDX-ASX,B,Barrick Mining Corp,CA06849F1080,,50421449.0,2464096213.0,7.52,USD,Materials,Canada,Stock,equity,web_csv
2026-08-25,GDX-ASX,WPM,Wheaton Precious Metals Corp,CA9628791027,,11630741.0,1904184917.0,5.81,USD,Materials,Brazil,Stock,equity,web_csv
2026-08-25,GDX-ASX,AU,Anglogold Ashanti Plc,GB00BRXH2664,,14525061.0,1792247277.0,5.47,USD,Materials,United States,Stock,equity,web_csv
2026-08-25,GDX-ASX,FNV,Franco-Nevada Corp,CA3518581051,,5467591.0,1485927206.0,4.53,USD,Materials,Canada,Stock,equity,web_csv
2026-08-25,GDX-ASX,KGC,Kinross Gold Corp,CA4969024047,,43356079.0,1451561525.0,4.43,USD,Materials,Canada,Stock,equity,web_csv
2026-08-25,GDX-ASX,GFI,Gold Fields Ltd,US38059T1060,,28220862.0,1379153526.0,4.21,USD,Materials,South Africa,Stock,equity,web_csv
2026-08-25,GDX-ASX,PAAS,Pan American Silver Corp,CA6979001089,,15470135.0,838636018.0,2.56,USD,Materials,Canada,Stock,equity,web_csv
2026-08-25,GDX-ASX,NST AU,Northern Star Resources Ltd,AU000000NST8,,46318131.0,817600561.0,2.49,AUD,Materials,Australia,Stock,equity,web_csv
2026-08-25,GDX-ASX,CDE,Coeur Mining Inc,US1921085049,,33959477.0,733185108.0,2.24,USD,Materials,United States,Stock,equity,web_csv
2026-08-25,GDX-ASX,RGLD,Royal Gold Inc,US7802871084,,2272640.0,608522086.0,1.86,USD,Materials,United States,Stock,equity,web_csv
2026-08-25,GDX-ASX,AGI,Alamos Gold Inc,CA0115321089,,14511615.0,566243217.0,1.73,USD,Materials,Canada,Stock,equity,web_csv
2026-08-25,GDX-ASX,EQX,Equinox Gold Corp,CA29446Y5020,,40077214.0,560279452.0,1.71,USD,Materials,Canada,Stock,equity,web_csv
2026-08-25,GDX-ASX,EVN AU,Evolution Mining Ltd,AU000000EVN4,,46496188.0,543698015.0,1.66,AUD,Materials,Australia,Stock,equity,web_csv
2026-08-25,GDX-ASX,EGO,Eldorado Gold Corp,CA2849025093,,9807751.0,472145133.0,1.44,USD,Materials,Turkey,Stock,equity,web_csv
2026-08-25,GDX-ASX,IAG,Iamgold Corp,CA4509131088,,20223348.0,448351625.0,1.37,USD,Materials,Burkina Faso,Stock,equity,web_csv
2026-08-25,GDX-ASX,PE&OLES* MF,Industrias Penoles Sab De Cv,MXP554091415,,8068963.0,447194049.0,1.36,MXN,Materials,Mexico,Stock,equity,web_csv
2026-08-25,GDX-ASX,HL,Hecla Mining Co,US4227041062,,20858389.0,436279279.0,1.33,USD,Materials,United States,Stock,equity,web_csv
2026-08-25,GDX-ASX,EDV LN,Endeavour Mining Plc,GB00BL6K5J42,,6595029.0,433747810.0,1.32,GBP,Materials,United Kingdom,Stock,equity,web_csv
2026-08-25,GDX-ASX,AG,First Majestic Silver Corp,CA32076V1031,,19589586.0,416082807.0,1.27,USD,Materials,Canada,Stock,equity,web_csv
2026-08-25,GDX-ASX,GMIN CN,G Mining Ventures Corp,CA36270K1021,,9855190.0,401245241.0,1.22,CAD,Materials,Canada,Stock,equity,web_csv
2026-08-25,GDX-ASX,HMY,Harmony Gold Mining Co Ltd,US4132163001,,16503103.0,378746214.0,1.16,USD,Materials,South Africa,Stock,equity,web_csv
2026-08-25,GDX-ASX,FRES LN,Fresnillo Plc,GB00B2QPKJ12,,7957195.0,348277085.0,1.06,GBP,Materials,Mexico,Stock,equity,web_csv
2026-08-25,GDX-ASX,LUG CN,Lundin Gold Inc,CA5503711080,,4387070.0,339284081.0,1.03,CAD,Materials,Canada,Stock,equity,web_csv
2026-08-25,GDX-ASX,2259 HK,Zijin Gold International Co Ltd,HK0001200002,,16183000.0,337874817.0,1.03,HKD,Materials,China,Stock,equity,web_csv
2026-08-25,GDX-ASX,DPM CN,Dundee Precious Metals Inc,CA26139R1091,,6599470.0,332656599.0,1.01,CAD,Materials,Canada,Stock,equity,web_csv
2026-08-25,GDX-ASX,BTG,B2gold Corp,CA11777Q2099,,50069290.0,293906732.0,0.9,USD,Materials,Canada,Stock,equity,web_csv
2026-08-25,GDX-ASX,OGC,Oceanagold Corp,CA6752224007,,8795242.0,275466979.0,0.84,USD,Materials,Canada,Stock,equity,web_csv
2026-08-25,GDX-ASX,SSRM,Ssr Mining Inc,CA7847301032,,6900810.0,270580760.0,0.83,USD,Materials,Canada,Stock,equity,web_csv
2026-08-25,GDX-ASX,DSV CN,Discovery Silver Corp,CA25466C1077,,29067366.0,265977271.0,0.81,CAD,Materials,Canada,Stock,equity,web_csv
2026-08-25,GDX-ASX,1818 HK,Zhaojin Mining Industry Co Ltd,CNE1000004R6,,70950500.0,230343850.0,0.7,HKD,Materials,China,Stock,equity,web_csv
2026-08-25,GDX-ASX,BVN,Cia De Minas Buenaventura Saa,US2044481040,,6240437.0,224281306.0,0.68,USD,Materials,Peru,Stock,equity,web_csv
2026-08-25,GDX-ASX,OR,Or Royalties Inc,CA68390D1069,,5345057.0,208029618.0,0.63,USD,Materials,Canada,Stock,equity,web_csv
2026-08-25,GDX-ASX,GMD AU,Genesis Minerals Ltd,AU000000GMD9,,31577886.0,201732769.0,0.62,AUD,Materials,Australia,Stock,equity,web_csv
2026-08-25,GDX-ASX,PRU AU,Perseus Mining Ltd,AU000000PRU3,,42826582.0,192963262.0,0.59,AUD,Materials,Australia,Stock,equity,web_csv
2026-08-25,GDX-ASX,ARTG CN,Artemis Gold Inc,CA04302L1004,,5938244.0,191725170.0,0.58,CAD,Materials,Canada,Stock,equity,web_csv
2026-08-25,GDX-ASX,RMS AU,Ramelius Resources Ltd,AU000000RMS4,,64711884.0,189345189.0,0.58,AUD,Materials,Australia,Stock,equity,web_csv
2026-08-25,GDX-ASX,GGP AU,Greatland Resources Ltd,AU0000397705,,19232932.0,188474767.0,0.57,AUD,Materials,Australia,Stock,equity,web_csv
2026-08-25,GDX-ASX,MAU CN,Montage Gold Corp,CA61178L1013,,12354926.0,185294868.0,0.57,CAD,Materials,Côte D'Ivoire,Stock,equity,web_csv
2026-08-25,GDX-ASX,KNT CN,K92 Mining Inc,CA4991131083,,8258206.0,184616611.0,0.56,CAD,Materials,Canada,Stock,equity,web_csv
2026-08-25,GDX-ASX,ARIS,Aris Mining Corp,CA04040Y1097,,8291687.0,175617931.0,0.54,USD,Materials,Colombia,Stock,equity,web_csv
2026-08-25,GDX-ASX,VAU AU,Vault Minerals Ltd,AU0000427775,,34408111.0,175603450.0,0.54,AUD,Materials,Australia,Stock,equity,web_csv
2026-08-25,GDX-ASX,CMM AU,Capricorn Metals Ltd,AU000000CMM9,,13613646.0,173940316.0,0.53,AUD,Materials,Australia,Stock,equity,web_csv
2026-08-25,GDX-ASX,AMMN IJ,Amman Mineral Internasional Pt,ID1000191109,,657773100.0,168740528.0,0.51,IDR,Materials,Indonesia,Stock,equity,web_csv
2026-08-25,GDX-ASX,CGAU,Centerra Gold Inc,CA1520061021,,6688848.0,161736345.0,0.49,USD,Materials,Canada,Stock,equity,web_csv
2026-08-25,GDX-ASX,TXG CN,Torex Gold Resources Inc,CA8910546032,,2983620.0,155763704.0,0.48,CAD,Materials,Canada,Stock,equity,web_csv
2026-08-25,GDX-ASX,AYA CN,Aya Gold & Silver Inc,CA05466C1095,,5572484.0,153816750.0,0.47,CAD,Materials,Canada,Stock,equity,web_csv
2026-08-25,GDX-ASX,RRL AU,Regis Resources Ltd,AU000000RRL8,,24203836.0,151606378.0,0.46,AUD,Materials,Australia,Stock,equity,web_csv
2026-08-25,GDX-ASX,AUGO,Aura Minerals Inc,VGG069731120,,1664752.0,150610113.0,0.46,USD,Materials,United States,Stock,equity,web_csv
2026-08-25,GDX-ASX,WDO CN,Wesdome Gold Mines Ltd/Canada,CA95083R1001,,5764699.0,149997589.0,0.46,CAD,Materials,Canada,Stock,equity,web_csv
2026-08-25,GDX-ASX,SKE,Skeena Resources Ltd,CA83056P7157,,4101051.0,143782848.0,0.44,USD,Materials,Canada,Stock,equity,web_csv
2026-08-25,GDX-ASX,FSM,Fortuna Silver Mines Inc,CA3499421020,,11444624.0,142485569.0,0.43,USD,Materials,Canada,Stock,equity,web_csv
2026-08-25,GDX-ASX,BRMS IJ,Bumi Resources Minerals Tbk Pt,ID1000117609,,3123269700.0,130269773.0,0.4,IDR,Materials,Indonesia,Stock,equity,web_csv
2026-08-25,GDX-ASX,WGX AU,Westgold Resources Ltd,AU000000WGX6,,26934555.0,129544374.0,0.4,AUD,Materials,Australia,Stock,equity,web_csv
2026-08-25,GDX-ASX,SA,Seabridge Gold Inc,CA8119271028,,3579391.0,125386067.0,0.38,USD,Materials,Canada,Stock,equity,web_csv
2026-08-25,GDX-ASX,EXK,Endeavour Silver Corp,CA29258Y1034,,10992799.0,121910141.0,0.37,USD,Materials,Canada,Stock,equity,web_csv
2026-08-25,GDX-ASX,SVM,Silvercorp Metals Inc,CA82835P1036,,8788767.0,112759881.0,0.34,USD,Materials,Canada,Stock,equity,web_csv
2026-08-25,GDX-ASX,HOC LN,Hochschild Mining Plc,GB00B1FW5029,,12665979.0,108942387.0,0.33,GBP,Materials,Peru,Stock,equity,web_csv
2026-08-25,GDX-ASX,-IDR CASH-,,CASH,,1.0,0.0,0.0,IDR,,Indonesia,Cash Bal,cash,web_csv
2026-08-25,GDX-ASX,-HKD CASH-,,CASH,,0.0,0.0,0.0,HKD,,China,Cash Bal,cash,web_csv
2026-08-25,GDX-ASX,-GBP CASH-,,CASH,,31.0,42.0,0.0,GBP,,United Kingdom,Cash Bal,cash,web_csv
2026-08-25,GDX-ASX,-EUR CASH-,,CASH,,0.0,0.0,0.0,EUR,,Europe,Cash Bal,cash,web_csv
2026-08-25,GDX-ASX,-USD CASH-,,CASH,,-35333.0,-35333.0,-0.0,USD,,United States,Cash Bal,cash,web_csv
2026-08-25,GDX-ASX,,Other/Cash,CASH,,0.0,12286958.0,0.04,USD,,,Cash,cash,web_csv
2026-08-26,GDX-ASX,AEM,Agnico Eagle Mines Ltd,CA0084741085,,15996903.0,3423977118.0,10.77,USD,Materials,Canada,Stock,equity,web_csv
2026-08-26,GDX-ASX,NEM,Newmont Corp,US6516391066,,25932438.0,3412708841.0,10.73,USD,Materials,United States,Stock,equity,web_csv
2026-08-26,GDX-ASX,B,Barrick Mining Corp,CA06849F1080,,50340139.0,2365986533.0,7.44,USD,Materials,Canada,Stock,equity,web_csv
2026-08-26,GDX-ASX,WPM,Wheaton Precious Metals Corp,CA9628791027,,11611981.0,1811701276.0,5.7,USD,Materials,Brazil,Stock,equity,web_csv
2026-08-26,GDX-ASX,AU,Anglogold Ashanti Plc,GB00BRXH2664,,14501641.0,1712788819.0,5.39,USD,Materials,United States,Stock,equity,web_csv
2026-08-26,GDX-ASX,FNV,Franco-Nevada Corp,CA3518581051,,5458771.0,1459511602.0,4.59,USD,Materials,Canada,Stock,equity,web_csv
2026-08-26,GDX-ASX,KGC,Kinross Gold Corp,CA4969024047,,43286159.0,1399008659.0,4.4,USD,Materials,Canada,Stock,equity,web_csv
2026-08-26,GDX-ASX,GFI,Gold Fields Ltd,US38059T1060,,28175352.0,1347345333.0,4.24,USD,Materials,South Africa,Stock,equity,web_csv
2026-08-26,GDX-ASX,PAAS,Pan American Silver Corp,CA6979001089,,15445185.0,812880087.0,2.56,USD,Materials,Canada,Stock,equity,web_csv
2026-08-26,GDX-ASX,NST AU,Northern Star Resources Ltd,AU000000NST8,,46243431.0,788562603.0,2.48,AUD,Materials,Australia,Stock,equity,web_csv
2026-08-26,GDX-ASX,CDE,Coeur Mining Inc,US1921085049,,33904707.0,726916918.0,2.29,USD,Materials,United States,Stock,equity,web_csv
2026-08-26,GDX-ASX,RGLD,Royal Gold Inc,US7802871084,,2268970.0,603863676.0,1.9,USD,Materials,United States,Stock,equity,web_csv
2026-08-26,GDX-ASX,EQX,Equinox Gold Corp,CA29446Y5020,,40012584.0,545371520.0,1.72,USD,Materials,Canada,Stock,equity,web_csv
2026-08-26,GDX-ASX,AGI,Alamos Gold Inc,CA0115321089,,14488215.0,544032473.0,1.71,USD,Materials,Canada,Stock,equity,web_csv
2026-08-26,GDX-ASX,EVN AU,Evolution Mining Ltd,AU000000EVN4,,46421208.0,524019930.0,1.65,AUD,Materials,Australia,Stock,equity,web_csv
2026-08-26,GDX-ASX,EGO,Eldorado Gold Corp,CA2849025093,,9791931.0,459829080.0,1.45,USD,Materials,Turkey,Stock,equity,web_csv
2026-08-26,GDX-ASX,PE&OLES* MF,Industrias Penoles Sab De Cv,MXP554091415,,8055963.0,438547050.0,1.38,MXN,Materials,Mexico,Stock,equity,web_csv
2026-08-26,GDX-ASX,IAG,Iamgold Corp,CA4509131088,,20190738.0,434908497.0,1.37,USD,Materials,Burkina Faso,Stock,equity,web_csv
2026-08-26,GDX-ASX,HL,Hecla Mining Co,US4227041062,,20824749.0,431072304.0,1.36,USD,Materials,United States,Stock,equity,web_csv
2026-08-26,GDX-ASX,EDV LN,Endeavour Mining Plc,GB00BL6K5J42,,6584389.0,425250340.0,1.34,GBP,Materials,United Kingdom,Stock,equity,web_csv
2026-08-26,GDX-ASX,AG,First Majestic Silver Corp,CA32076V1031,,19557996.0,410522336.0,1.29,USD,Materials,Canada,Stock,equity,web_csv
2026-08-26,GDX-ASX,GMIN CN,G Mining Ventures Corp,CA36270K1021,,9839300.0,394648572.0,1.24,CAD,Materials,Canada,Stock,equity,web_csv
2026-08-26,GDX-ASX,HMY,Harmony Gold Mining Co Ltd,US4132163001,,16476493.0,369567738.0,1.16,USD,Materials,South Africa,Stock,equity,web_csv
2026-08-26,GDX-ASX,FRES LN,Fresnillo Plc,GB00B2QPKJ12,,7944365.0,337489183.0,1.06,GBP,Materials,Mexico,Stock,equity,web_csv
2026-08-26,GDX-ASX,LUG CN,Lundin Gold Inc,CA5503711080,,4379990.0,331904367.0,1.04,CAD,Materials,Canada,Stock,equity,web_csv
2026-08-26,GDX-ASX,2259 HK,Zijin Gold International Co Ltd,HK0001200002,,16157000.0,321693282.0,1.01,HKD,Materials,China,Stock,equity,web_csv
2026-08-26,GDX-ASX,DPM CN,Dundee Precious Metals Inc,CA26139R1091,,6588830.0,317204830.0,1.0,CAD,Materials,Canada,Stock,equity,web_csv
2026-08-26,GDX-ASX,BTG,B2gold Corp,CA11777Q2099,,49988540.0,286934220.0,0.9,USD,Materials,Canada,Stock,equity,web_csv
2026-08-26,GDX-ASX,OGC,Oceanagold Corp,CA6752224007,,8781062.0,269402982.0,0.85,USD,Materials,Canada,Stock,equity,web_csv
2026-08-26,GDX-ASX,DSV CN,Discovery Silver Corp,CA25466C1077,,29020486.0,264886095.0,0.83,CAD,Materials,Canada,Stock,equity,web_csv
2026-08-26,GDX-ASX,SSRM,Ssr Mining Inc,CA7847301032,,6889680.0,262427911.0,0.83,USD,Materials,Canada,Stock,equity,web_csv
2026-08-26,GDX-ASX,BVN,Cia De Minas Buenaventura Saa,US2044481040,,6230367.0,225414678.0,0.71,USD,Materials,Peru,Stock,equity,web_csv
2026-08-26,GDX-ASX,1818 HK,Zhaojin Mining Industry Co Ltd,CNE1000004R6,,70835500.0,210409367.0,0.66,HKD,Materials,China,Stock,equity,web_csv
2026-08-26,GDX-ASX,OR,Or Royalties Inc,CA68390D1069,,5336437.0,205079274.0,0.65,USD,Materials,Canada,Stock,equity,web_csv
2026-08-26,GDX-ASX,PRU AU,Perseus Mining Ltd,AU000000PRU3,,42757512.0,203759838.0,0.64,AUD,Materials,Australia,Stock,equity,web_csv
2026-08-26,GDX-ASX,GMD AU,Genesis Minerals Ltd,AU000000GMD9,,31526956.0,192113474.0,0.6,AUD,Materials,Australia,Stock,equity,web_csv
2026-08-26,GDX-ASX,ARTG CN,Artemis Gold Inc,CA04302L1004,,5928664.0,191533574.0,0.6,CAD,Materials,Canada,Stock,equity,web_csv
2026-08-26,GDX-ASX,RMS AU,Ramelius Resources Ltd,AU000000RMS4,,64607524.0,185244845.0,0.58,AUD,Materials,Australia,Stock,equity,web_csv
2026-08-26,GDX-ASX,GGP AU,Greatland Resources Ltd,AU0000397705,,19201912.0,183368617.0,0.58,AUD,Materials,Australia,Stock,equity,web_csv
2026-08-26,GDX-ASX,KNT CN,K92 Mining Inc,CA4991131083,,8244886.0,182500896.0,0.57,CAD,Materials,Canada,Stock,equity,web_csv
2026-08-26,GDX-ASX,MAU CN,Montage Gold Corp,CA61178L1013,,12335006.0,177584308.0,0.56,CAD,Materials,Côte D'Ivoire,Stock,equity,web_csv
2026-08-26,GDX-ASX,ARIS,Aris Mining Corp,CA04040Y1097,,8278317.0,170864463.0,0.54,USD,Materials,Colombia,Stock,equity,web_csv
2026-08-26,GDX-ASX,CMM AU,Capricorn Metals Ltd,AU000000CMM9,,13591696.0,170683092.0,0.54,AUD,Materials,Australia,Stock,equity,web_csv
2026-08-26,GDX-ASX,VAU AU,Vault Minerals Ltd,AU0000427775,,34352621.0,170469863.0,0.54,AUD,Materials,Australia,Stock,equity,web_csv
2026-08-26,GDX-ASX,AMMN IJ,Amman Mineral Internasional Pt,ID1000191109,,656712100.0,162506774.0,0.51,IDR,Materials,Indonesia,Stock,equity,web_csv
2026-08-26,GDX-ASX,CGAU,Centerra Gold Inc,CA1520061021,,6678058.0,158336755.0,0.5,USD,Materials,Canada,Stock,equity,web_csv
2026-08-26,GDX-ASX,AYA CN,Aya Gold & Silver Inc,CA05466C1095,,5563494.0,154065372.0,0.48,CAD,Materials,Canada,Stock,equity,web_csv
2026-08-26,GDX-ASX,TXG CN,Torex Gold Resources Inc,CA8910546032,,2978810.0,151041878.0,0.48,CAD,Materials,Canada,Stock,equity,web_csv
2026-08-26,GDX-ASX,AUGO,Aura Minerals Inc,VGG069731120,,1662072.0,148423030.0,0.47,USD,Materials,United States,Stock,equity,web_csv
2026-08-26,GDX-ASX,RRL AU,Regis Resources Ltd,AU000000RRL8,,24164806.0,147991186.0,0.47,AUD,Materials,Australia,Stock,equity,web_csv
2026-08-26,GDX-ASX,WDO CN,Wesdome Gold Mines Ltd/Canada,CA95083R1001,,5755399.0,143926405.0,0.45,CAD,Materials,Canada,Stock,equity,web_csv
2026-08-26,GDX-ASX,SKE,Skeena Resources Ltd,CA83056P7157,,4094441.0,142158992.0,0.45,USD,Materials,Canada,Stock,equity,web_csv
2026-08-26,GDX-ASX,FSM,Fortuna Silver Mines Inc,CA3499421020,,11426164.0,141798695.0,0.45,USD,Materials,Canada,Stock,equity,web_csv
2026-08-26,GDX-ASX,WGX AU,Westgold Resources Ltd,AU000000WGX6,,26891115.0,130181190.0,0.41,AUD,Materials,Australia,Stock,equity,web_csv
2026-08-26,GDX-ASX,BRMS IJ,Bumi Resources Minerals Tbk Pt,ID1000117609,,3118232700.0,126362120.0,0.4,IDR,Materials,Indonesia,Stock,equity,web_csv
2026-08-26,GDX-ASX,SA,Seabridge Gold Inc,CA8119271028,,3573621.0,122182102.0,0.38,USD,Materials,Canada,Stock,equity,web_csv
2026-08-26,GDX-ASX,EXK,Endeavour Silver Corp,CA29258Y1034,,10975069.0,119518501.0,0.38,USD,Materials,Canada,Stock,equity,web_csv
2026-08-26,GDX-ASX,SVM,Silvercorp Metals Inc,CA82835P1036,,8774597.0,114683983.0,0.36,USD,Materials,Canada,Stock,equity,web_csv
2026-08-26,GDX-ASX,HOC LN,Hochschild Mining Plc,GB00B1FW5029,,12645549.0,113300281.0,0.36,GBP,Materials,Peru,Stock,equity,web_csv
2026-08-26,GDX-ASX,-IDR CASH-,,CASH,,1.0,0.0,0.0,IDR,,Indonesia,Cash Bal,cash,web_csv
2026-08-26,GDX-ASX,-HKD CASH-,,CASH,,0.0,0.0,0.0,HKD,,China,Cash Bal,cash,web_csv
2026-08-26,GDX-ASX,-GBP CASH-,,CASH,,31.0,42.0,0.0,GBP,,United Kingdom,Cash Bal,cash,web_csv
2026-08-26,GDX-ASX,-EUR CASH-,,CASH,,0.0,0.0,0.0,EUR,,Europe,Cash Bal,cash,web_csv
2026-08-26,GDX-ASX,-USD CASH-,,CASH,,-52949.0,-52949.0,-0.0,USD,,United States,Cash Bal,cash,web_csv
2026-08-26,GDX-ASX,,Other/Cash,CASH,,0.0,14933025.0,0.05,USD,,,Cash,cash,web_csv
2026-08-27,GDX-ASX,AEM,Agnico Eagle Mines Ltd,CA0084741085,,15996903.0,3446372782.0,10.74,USD,Materials,Canada,Stock,equity,web_csv
2026-08-27,GDX-ASX,NEM,Newmont Corp,US6516391066,,25932438.0,3430602223.0,10.69,USD,Materials,United States,Stock,equity,web_csv
2026-08-27,GDX-ASX,B,Barrick Mining Corp,CA06849F1080,,50340139.0,2382095377.0,7.42,USD,Materials,Canada,Stock,equity,web_csv
2026-08-27,GDX-ASX,WPM,Wheaton Precious Metals Corp,CA9628791027,,11611981.0,1834576878.0,5.72,USD,Materials,Brazil,Stock,equity,web_csv
2026-08-27,GDX-ASX,AU,Anglogold Ashanti Plc,GB00BRXH2664,,14501641.0,1716994294.0,5.35,USD,Materials,United States,Stock,equity,web_csv
2026-08-27,GDX-ASX,FNV,Franco-Nevada Corp,CA3518581051,,5458771.0,1481019160.0,4.61,USD,Materials,Canada,Stock,equity,web_csv
2026-08-27,GDX-ASX,KGC,Kinross Gold Corp,CA4969024047,,43286159.0,1407233029.0,4.38,USD,Materials,Canada,Stock,equity,web_csv
2026-08-27,GDX-ASX,GFI,Gold Fields Ltd,US38059T1060,,28175352.0,1352416896.0,4.21,USD,Materials,South Africa,Stock,equity,web_csv
2026-08-27,GDX-ASX,PAAS,Pan American Silver Corp,CA6979001089,,15445185.0,847786205.0,2.64,USD,Materials,Canada,Stock,equity,web_csv
2026-08-27,GDX-ASX,NST AU,Northern Star Resources Ltd,AU000000NST8,,46243431.0,810245284.0,2.52,AUD,Materials,Australia,Stock,equity,web_csv
2026-08-27,GDX-ASX,CDE,Coeur Mining Inc,US1921085049,,33904707.0,753023542.0,2.35,USD,Materials,United States,Stock,equity,web_csv
2026-08-27,GDX-ASX,RGLD,Royal Gold Inc,US7802871084,,2268970.0,610262171.0,1.9,USD,Materials,United States,Stock,equity,web_csv
2026-08-27,GDX-ASX,AGI,Alamos Gold Inc,CA0115321089,,14488215.0,548813584.0,1.71,USD,Materials,Canada,Stock,equity,web_csv
2026-08-27,GDX-ASX,EQX,Equinox Gold Corp,CA29446Y5020,,40012584.0,538169255.0,1.68,USD,Materials,Canada,Stock,equity,web_csv
2026-08-27,GDX-ASX,EVN AU,Evolution Mining Ltd,AU000000EVN4,,46421208.0,528049595.0,1.65,AUD,Materials,Australia,Stock,equity,web_csv
2026-08-27,GDX-ASX,EGO,Eldorado Gold Corp,CA2849025093,,9791931.0,470306446.0,1.47,USD,Materials,Turkey,Stock,equity,web_csv
2026-08-27,GDX-ASX,HL,Hecla Mining Co,US4227041062,,20824749.0,446274371.0,1.39,USD,Materials,United States,Stock,equity,web_csv
2026-08-27,GDX-ASX,PE&OLES* MF,Industrias Penoles Sab De Cv,MXP554091415,,8055963.0,440411316.0,1.37,MXN,Materials,Mexico,Stock,equity,web_csv
2026-08-27,GDX-ASX,IAG,Iamgold Corp,CA4509131088,,20190738.0,434908497.0,1.36,USD,Materials,Burkina Faso,Stock,equity,web_csv
2026-08-27,GDX-ASX,EDV LN,Endeavour Mining Plc,GB00BL6K5J42,,6584389.0,425274854.0,1.33,GBP,Materials,United Kingdom,Stock,equity,web_csv
2026-08-27,GDX-ASX,AG,First Majestic Silver Corp,CA32076V1031,,19557996.0,425190833.0,1.32,USD,Materials,Canada,Stock,equity,web_csv
2026-08-27,GDX-ASX,GMIN CN,G Mining Ventures Corp,CA36270K1021,,9839300.0,389582471.0,1.21,CAD,Materials,Canada,Stock,equity,web_csv
2026-08-27,GDX-ASX,HMY,Harmony Gold Mining Co Ltd,US4132163001,,16476493.0,346500648.0,1.08,USD,Materials,South Africa,Stock,equity,web_csv
2026-08-27,GDX-ASX,FRES LN,Fresnillo Plc,GB00B2QPKJ12,,7944365.0,341597930.0,1.06,GBP,Materials,Mexico,Stock,equity,web_csv
2026-08-27,GDX-ASX,LUG CN,Lundin Gold Inc,CA5503711080,,4379990.0,329372214.0,1.03,CAD,Materials,Canada,Stock,equity,web_csv
2026-08-27,GDX-ASX,2259 HK,Zijin Gold International Co Ltd,HK0001200002,,16157000.0,319989890.0,1.0,HKD,Materials,China,Stock,equity,web_csv
2026-08-27,GDX-ASX,DPM CN,Dundee Precious Metals Inc,CA26139R1091,,6588830.0,319256753.0,0.99,CAD,Materials,Canada,Stock,equity,web_csv
2026-08-27,GDX-ASX,BTG,B2gold Corp,CA11777Q2099,,49988540.0,291433188.0,0.91,USD,Materials,Canada,Stock,equity,web_csv
2026-08-27,GDX-ASX,OGC,Oceanagold Corp,CA6752224007,,8781062.0,276164400.0,0.86,USD,Materials,Canada,Stock,equity,web_csv
2026-08-27,GDX-ASX,DSV CN,Discovery Silver Corp,CA25466C1077,,29020486.0,271769351.0,0.85,CAD,Materials,Canada,Stock,equity,web_csv
2026-08-27,GDX-ASX,SSRM,Ssr Mining Inc,CA7847301032,,6889680.0,268766417.0,0.84,USD,Materials,Canada,Stock,equity,web_csv
2026-08-27,GDX-ASX,BVN,Cia De Minas Buenaventura Saa,US2044481040,,6230367.0,226162322.0,0.7,USD,Materials,Peru,Stock,equity,web_csv
2026-08-27,GDX-ASX,PRU AU,Perseus Mining Ltd,AU000000PRU3,,42757512.0,208483590.0,0.65,AUD,Materials,Australia,Stock,equity,web_csv
2026-08-27,GDX-ASX,1818 HK,Zhaojin Mining Industry Co Ltd,CNE1000004R6,,70835500.0,208211923.0,0.65,HKD,Materials,China,Stock,equity,web_csv
2026-08-27,GDX-ASX,OR,Or Royalties Inc,CA68390D1069,,5336437.0,206199926.0,0.64,USD,Materials,Canada,Stock,equity,web_csv
2026-08-27,GDX-ASX,ARTG CN,Artemis Gold Inc,CA04302L1004,,5928664.0,192524921.0,0.6,CAD,Materials,Canada,Stock,equity,web_csv
2026-08-27,GDX-ASX,GMD AU,Genesis Minerals Ltd,AU000000GMD9,,31526956.0,191044992.0,0.6,AUD,Materials,Australia,Stock,equity,web_csv
2026-08-27,GDX-ASX,KNT CN,K92 Mining Inc,CA4991131083,,8244886.0,186365772.0,0.58,CAD,Materials,Canada,Stock,equity,web_csv
2026-08-27,GDX-ASX,RMS AU,Ramelius Resources Ltd,AU000000RMS4,,64607524.0,183144835.0,0.57,AUD,Materials,Australia,Stock,equity,web_csv
2026-08-27,GDX-ASX,GGP AU,Greatland Resources Ltd,AU0000397705,,19201912.0,180558581.0,0.56,AUD,Materials,Australia,Stock,equity,web_csv
2026-08-27,GDX-ASX,MAU CN,Montage Gold Corp,CA61178L1013,,12335006.0,177275942.0,0.55,CAD,Materials,Côte D'Ivoire,Stock,equity,web_csv
2026-08-27,GDX-ASX,ARIS,Aris Mining Corp,CA04040Y1097,,8278317.0,175997019.0,0.55,USD,Materials,Colombia,Stock,equity,web_csv
2026-08-27,GDX-ASX,CMM AU,Capricorn Metals Ltd,AU000000CMM9,,13591696.0,169777694.0,0.53,AUD,Materials,Australia,Stock,equity,web_csv
2026-08-27,GDX-ASX,VAU AU,Vault Minerals Ltd,AU0000427775,,34352621.0,168840490.0,0.53,AUD,Materials,Australia,Stock,equity,web_csv
2026-08-27,GDX-ASX,AMMN IJ,Amman Mineral Internasional Pt,ID1000191109,,656712100.0,165065024.0,0.51,IDR,Materials,Indonesia,Stock,equity,web_csv
2026-08-27,GDX-ASX,AYA CN,Aya Gold & Silver Inc,CA05466C1095,,5563494.0,162684183.0,0.51,CAD,Materials,Canada,Stock,equity,web_csv
2026-08-27,GDX-ASX,CGAU,Centerra Gold Inc,CA1520061021,,6678058.0,161942907.0,0.5,USD,Materials,Canada,Stock,equity,web_csv
2026-08-27,GDX-ASX,TXG CN,Torex Gold Resources Inc,CA8910546032,,2978810.0,155876837.0,0.49,CAD,Materials,Canada,Stock,equity,web_csv
2026-08-27,GDX-ASX,RRL AU,Regis Resources Ltd,AU000000RRL8,,24164806.0,148888540.0,0.46,AUD,Materials,Australia,Stock,equity,web_csv
2026-08-27,GDX-ASX,AUGO,Aura Minerals Inc,VGG069731120,,1662072.0,148123857.0,0.46,USD,Materials,United States,Stock,equity,web_csv
2026-08-27,GDX-ASX,FSM,Fortuna Silver Mines Inc,CA3499421020,,11426164.0,146369161.0,0.46,USD,Materials,Canada,Stock,equity,web_csv
2026-08-27,GDX-ASX,WDO CN,Wesdome Gold Mines Ltd/Canada,CA95083R1001,,5755399.0,145291592.0,0.45,CAD,Materials,Canada,Stock,equity,web_csv
2026-08-27,GDX-ASX,SKE,Skeena Resources Ltd,CA83056P7157,,4094441.0,143796768.0,0.45,USD,Materials,Canada,Stock,equity,web_csv
2026-08-27,GDX-ASX,BRMS IJ,Bumi Resources Minerals Tbk Pt,ID1000117609,,3118232700.0,134619905.0,0.42,IDR,Materials,Indonesia,Stock,equity,web_csv
2026-08-27,GDX-ASX,WGX AU,Westgold Resources Ltd,AU000000WGX6,,26891115.0,127941413.0,0.4,AUD,Materials,Australia,Stock,equity,web_csv
2026-08-27,GDX-ASX,EXK,Endeavour Silver Corp,CA29258Y1034,,10975069.0,124018280.0,0.39,USD,Materials,Canada,Stock,equity,web_csv
2026-08-27,GDX-ASX,SA,Seabridge Gold Inc,CA8119271028,,3573621.0,121717531.0,0.38,USD,Materials,Canada,Stock,equity,web_csv
2026-08-27,GDX-ASX,SVM,Silvercorp Metals Inc,CA82835P1036,,8774597.0,118106076.0,0.37,USD,Materials,Canada,Stock,equity,web_csv
2026-08-27,GDX-ASX,HOC LN,Hochschild Mining Plc,GB00B1FW5029,,12645549.0,115445063.0,0.36,GBP,Materials,Peru,Stock,equity,web_csv
2026-08-27,GDX-ASX,-USD CASH-,,CASH,,928808.0,928808.0,0.0,USD,,United States,Cash Bal,cash,web_csv
2026-08-27,GDX-ASX,-IDR CASH-,,CASH,,1.0,0.0,0.0,IDR,,Indonesia,Cash Bal,cash,web_csv
2026-08-27,GDX-ASX,-HKD CASH-,,CASH,,0.0,0.0,0.0,HKD,,China,Cash Bal,cash,web_csv
2026-08-27,GDX-ASX,-GBP CASH-,,CASH,,31.0,42.0,0.0,GBP,,United Kingdom,Cash Bal,cash,web_csv
2026-08-27,GDX-ASX,-EUR CASH-,,CASH,,0.0,0.0,0.0,EUR,,Europe,Cash Bal,cash,web_csv
2026-08-27,GDX-ASX,,Other/Cash,CASH,,0.0,13512143.0,0.04,USD,,,Cash,cash,web_csv
2026-08-28,GDX-ASX,NEM,Newmont Corp,US6516391066,,25928249.0,3318297307.0,10.72,USD,Materials,United States,Stock,equity,web_csv
2026-08-28,GDX-ASX,AEM,Agnico Eagle Mines Ltd,CA0084741085,,15994319.0,3298828294.0,10.65,USD,Materials,Canada,Stock,equity,web_csv
2026-08-28,GDX-ASX,B,Barrick Mining Corp,CA06849F1080,,50332007.0,2288848018.0,7.39,USD,Materials,Canada,Stock,equity,web_csv
2026-08-28,GDX-ASX,WPM,Wheaton Precious Metals Corp,CA9628791027,,11610105.0,1780177400.0,5.75,USD,Materials,Brazil,Stock,equity,web_csv
2026-08-28,GDX-ASX,AU,Anglogold Ashanti Plc,GB00BRXH2664,,14499298.0,1641175541.0,5.3,USD,Materials,United States,Stock,equity,web_csv
2026-08-28,GDX-ASX,FNV,Franco-Nevada Corp,CA3518581051,,5457889.0,1452671736.0,4.69,USD,Materials,Canada,Stock,equity,web_csv
2026-08-28,GDX-ASX,KGC,Kinross Gold Corp,CA4969024047,,43279166.0,1353339521.0,4.37,USD,Materials,Canada,Stock,equity,web_csv
2026-08-28,GDX-ASX,GFI,Gold Fields Ltd,US38059T1060,,28170800.0,1294729968.0,4.18,USD,Materials,South Africa,Stock,equity,web_csv
2026-08-28,GDX-ASX,PAAS,Pan American Silver Corp,CA6979001089,,15442690.0,816455020.0,2.64,USD,Materials,Canada,Stock,equity,web_csv
2026-08-28,GDX-ASX,NST AU,Northern Star Resources Ltd,AU000000NST8,,46235961.0,793655813.0,2.56,AUD,Materials,Australia,Stock,equity,web_csv
2026-08-28,GDX-ASX,CDE,Coeur Mining Inc,US1921085049,,33899230.0,716290730.0,2.31,USD,Materials,United States,Stock,equity,web_csv
2026-08-28,GDX-ASX,RGLD,Royal Gold Inc,US7802871084,,2268603.0,596302299.0,1.93,USD,Materials,United States,Stock,equity,web_csv
2026-08-28,GDX-ASX,AGI,Alamos Gold Inc,CA0115321089,,14485875.0,532355906.0,1.72,USD,Materials,Canada,Stock,equity,web_csv
2026-08-28,GDX-ASX,EQX,Equinox Gold Corp,CA29446Y5020,,40006120.0,519679499.0,1.68,USD,Materials,Canada,Stock,equity,web_csv
2026-08-28,GDX-ASX,EVN AU,Evolution Mining Ltd,AU000000EVN4,,46413709.0,507375659.0,1.64,AUD,Materials,Australia,Stock,equity,web_csv
2026-08-28,GDX-ASX,EGO,Eldorado Gold Corp,CA2849025093,,9790349.0,445265073.0,1.44,USD,Materials,Turkey,Stock,equity,web_csv
2026-08-28,GDX-ASX,PE&OLES* MF,Industrias Penoles Sab De Cv,MXP554091415,,8054663.0,428469226.0,1.38,MXN,Materials,Mexico,Stock,equity,web_csv
2026-08-28,GDX-ASX,HL,Hecla Mining Co,US4227041062,,20821385.0,424339826.0,1.37,USD,Materials,United States,Stock,equity,web_csv
2026-08-28,GDX-ASX,IAG,Iamgold Corp,CA4509131088,,20187476.0,415660131.0,1.34,USD,Materials,Burkina Faso,Stock,equity,web_csv
2026-08-28,GDX-ASX,EDV LN,Endeavour Mining Plc,GB00BL6K5J42,,6583325.0,412228862.0,1.33,GBP,Materials,United Kingdom,Stock,equity,web_csv
2026-08-28,GDX-ASX,AG,First Majestic Silver Corp,CA32076V1031,,19554837.0,405958416.0,1.31,USD,Materials,Canada,Stock,equity,web_csv
2026-08-28,GDX-ASX,GMIN CN,G Mining Ventures Corp,CA36270K1021,,9837711.0,378866859.0,1.22,CAD,Materials,Canada,Stock,equity,web_csv
2026-08-28,GDX-ASX,FRES LN,Fresnillo Plc,GB00B2QPKJ12,,7943082.0,335979726.0,1.08,GBP,Materials,Mexico,Stock,equity,web_csv
2026-08-28,GDX-ASX,HMY,Harmony Gold Mining Co Ltd,US4132163001,,16473831.0,333265601.0,1.08,USD,Materials,South Africa,Stock,equity,web_csv
2026-08-28,GDX-ASX,2259 HK,Zijin Gold International Co Ltd,HK0001200002,,16154400.0,326192827.0,1.05,HKD,Materials,China,Stock,equity,web_csv
2026-08-28,GDX-ASX,LUG CN,Lundin Gold Inc,CA5503711080,,4379282.0,316359470.0,1.02,CAD,Materials,Canada,Stock,equity,web_csv
2026-08-28,GDX-ASX,DPM CN,Dundee Precious Metals Inc,CA26139R1091,,6587766.0,307190212.0,0.99,CAD,Materials,Canada,Stock,equity,web_csv
2026-08-28,GDX-ASX,BTG,B2gold Corp,CA11777Q2099,,49980465.0,282889432.0,0.91,USD,Materials,Canada,Stock,equity,web_csv
2026-08-28,GDX-ASX,OGC,Oceanagold Corp,CA6752224007,,8779643.0,264003865.0,0.85,USD,Materials,Canada,Stock,equity,web_csv
2026-08-28,GDX-ASX,DSV CN,Discovery Silver Corp,CA25466C1077,,29015798.0,260863134.0,0.84,CAD,Materials,Canada,Stock,equity,web_csv
2026-08-28,GDX-ASX,SSRM,Ssr Mining Inc,CA7847301032,,6888567.0,256874663.0,0.83,USD,Materials,Canada,Stock,equity,web_csv
2026-08-28,GDX-ASX,BVN,Cia De Minas Buenaventura Saa,US2044481040,,6229360.0,218775123.0,0.71,USD,Materials,Peru,Stock,equity,web_csv
2026-08-28,GDX-ASX,1818 HK,Zhaojin Mining Industry Co Ltd,CNE1000004R6,,70824000.0,212234133.0,0.69,HKD,Materials,China,Stock,equity,web_csv
2026-08-28,GDX-ASX,PRU AU,Perseus Mining Ltd,AU000000PRU3,,42750605.0,200912994.0,0.65,AUD,Materials,Australia,Stock,equity,web_csv
2026-08-28,GDX-ASX,OR,Or Royalties Inc,CA68390D1069,,5335575.0,199550505.0,0.64,USD,Materials,Canada,Stock,equity,web_csv
2026-08-28,GDX-ASX,GMD AU,Genesis Minerals Ltd,AU000000GMD9,,31521863.0,188013127.0,0.61,AUD,Materials,Australia,Stock,equity,web_csv
2026-08-28,GDX-ASX,ARTG CN,Artemis Gold Inc,CA04302L1004,,5927706.0,186480511.0,0.6,CAD,Materials,Canada,Stock,equity,web_csv
2026-08-28,GDX-ASX,KNT CN,K92 Mining Inc,CA4991131083,,8243554.0,180234027.0,0.58,CAD,Materials,Canada,Stock,equity,web_csv
2026-08-28,GDX-ASX,RMS AU,Ramelius Resources Ltd,AU000000RMS4,,64597087.0,178221171.0,0.58,AUD,Materials,Australia,Stock,equity,web_csv
2026-08-28,GDX-ASX,MAU CN,Montage Gold Corp,CA61178L1013,,12333013.0,175913019.0,0.57,CAD,Materials,Côte D'Ivoire,Stock,equity,web_csv
2026-08-28,GDX-ASX,ARIS,Aris Mining Corp,CA04040Y1097,,8276980.0,167774385.0,0.54,USD,Materials,Colombia,Stock,equity,web_csv
2026-08-28,GDX-ASX,GGP AU,Greatland Resources Ltd,AU0000397705,,19198810.0,167149095.0,0.54,AUD,Materials,Australia,Stock,equity,web_csv
2026-08-28,GDX-ASX,VAU AU,Vault Minerals Ltd,AU0000427775,,34347072.0,166309370.0,0.54,AUD,Materials,Australia,Stock,equity,web_csv
2026-08-28,GDX-ASX,AMMN IJ,Amman Mineral Internasional Pt,ID1000191109,,656606000.0,162359209.0,0.52,IDR,Materials,Indonesia,Stock,equity,web_csv
2026-08-28,GDX-ASX,CMM AU,Capricorn Metals Ltd,AU000000CMM9,,13589500.0,161345203.0,0.52,AUD,Materials,Australia,Stock,equity,web_csv
2026-08-28,GDX-ASX,CGAU,Centerra Gold Inc,CA1520061021,,6676979.0,156508388.0,0.51,USD,Materials,Canada,Stock,equity,web_csv
2026-08-28,GDX-ASX,AYA CN,Aya Gold & Silver Inc,CA05466C1095,,5562595.0,155679729.0,0.5,CAD,Materials,Canada,Stock,equity,web_csv
2026-08-28,GDX-ASX,TXG CN,Torex Gold Resources Inc,CA8910546032,,2978329.0,146776276.0,0.47,CAD,Materials,Canada,Stock,equity,web_csv
2026-08-28,GDX-ASX,RRL AU,Regis Resources Ltd,AU000000RRL8,,24160902.0,145134576.0,0.47,AUD,Materials,Australia,Stock,equity,web_csv
2026-08-28,GDX-ASX,AUGO,Aura Minerals Inc,VGG069731120,,1661803.0,140472208.0,0.45,USD,Materials,United States,Stock,equity,web_csv
2026-08-28,GDX-ASX,WDO CN,Wesdome Gold Mines Ltd/Canada,CA95083R1001,,5754469.0,140115299.0,0.45,CAD,Materials,Canada,Stock,equity,web_csv
2026-08-28,GDX-ASX,FSM,Fortuna Silver Mines Inc,CA3499421020,,11424318.0,140062139.0,0.45,USD,Materials,Canada,Stock,equity,web_csv
2026-08-28,GDX-ASX,SKE,Skeena Resources Ltd,CA83056P7157,,4093780.0,136077247.0,0.44,USD,Materials,Canada,Stock,equity,web_csv
2026-08-28,GDX-ASX,BRMS IJ,Bumi Resources Minerals Tbk Pt,ID1000117609,,3117729000.0,130980571.0,0.42,IDR,Materials,Indonesia,Stock,equity,web_csv
2026-08-28,GDX-ASX,WGX AU,Westgold Resources Ltd,AU000000WGX6,,26886771.0,124472671.0,0.4,AUD,Materials,Australia,Stock,equity,web_csv
2026-08-28,GDX-ASX,EXK,Endeavour Silver Corp,CA29258Y1034,,10973296.0,118072665.0,0.38,USD,Materials,Canada,Stock,equity,web_csv
2026-08-28,GDX-ASX,SA,Seabridge Gold Inc,CA8119271028,,3573044.0,115730895.0,0.37,USD,Materials,Canada,Stock,equity,web_csv
2026-08-28,GDX-ASX,HOC LN,Hochschild Mining Plc,GB00B1FW5029,,12643506.0,112852862.0,0.36,GBP,Materials,Peru,Stock,equity,web_csv
2026-08-28,GDX-ASX,SVM,Silvercorp Metals Inc,CA82835P1036,,8773180.0,112033509.0,0.36,USD,Materials,Canada,Stock,equity,web_csv
2026-08-28,GDX-ASX,-USD CASH-,,CASH,,595339.0,595339.0,0.0,USD,,United States,Cash Bal,cash,web_csv
2026-08-28,GDX-ASX,-IDR CASH-,,CASH,,1.0,0.0,0.0,IDR,,Indonesia,Cash Bal,cash,web_csv
2026-08-28,GDX-ASX,-HKD CASH-,,CASH,,0.0,0.0,0.0,HKD,,China,Cash Bal,cash,web_csv
2026-08-28,GDX-ASX,-GBP CASH-,,CASH,,31.0,42.0,0.0,GBP,,United Kingdom,Cash Bal,cash,web_csv
2026-08-28,GDX-ASX,-EUR CASH-,,CASH,,0.0,0.0,0.0,EUR,,Europe,Cash Bal,cash,web_csv
2026-08-28,GDX-ASX,,Other/Cash,CASH,,0.0,22213892.0,0.07,USD,,,Cash,cash,web_csv
2026-08-31,GDX-ASX,NEM,Newmont Corp,US6516391066,,25739744.0,3244752129.0,10.7,USD,Materials,United States,Stock,equity,web_csv
2026-08-31,GDX-ASX,AEM,Agnico Eagle Mines Ltd,CA0084741085,,15878039.0,3217843384.0,10.61,USD,Materials,Canada,Stock,equity,web_csv
2026-08-31,GDX-ASX,B,Barrick Mining Corp,CA06849F1080,,49966067.0,2239978784.0,7.39,USD,Materials,Canada,Stock,equity,web_csv
2026-08-31,GDX-ASX,WPM,Wheaton Precious Metals Corp,CA9628791027,,11525685.0,1738419069.0,5.73,USD,Materials,Brazil,Stock,equity,web_csv
2026-08-31,GDX-ASX,AU,Anglogold Ashanti Plc,GB00BRXH2664,,14393863.0,1616718692.0,5.33,USD,Materials,United States,Stock,equity,web_csv
2026-08-31,GDX-ASX,FNV,Franco-Nevada Corp,CA3518581051,,5418199.0,1425799067.0,4.7,USD,Materials,Canada,Stock,equity,web_csv
2026-08-31,GDX-ASX,KGC,Kinross Gold Corp,CA4969024047,,42964481.0,1318150277.0,4.35,USD,Materials,Canada,Stock,equity,web_csv
2026-08-31,GDX-ASX,GFI,Gold Fields Ltd,US38059T1060,,27965960.0,1296781565.0,4.28,USD,Materials,South Africa,Stock,equity,web_csv
2026-08-31,GDX-ASX,PAAS,Pan American Silver Corp,CA6979001089,,15330415.0,795955147.0,2.63,USD,Materials,Canada,Stock,equity,web_csv
2026-08-31,GDX-ASX,NST AU,Northern Star Resources Ltd,AU000000NST8,,45899811.0,776030323.0,2.56,AUD,Materials,Australia,Stock,equity,web_csv
2026-08-31,GDX-ASX,CDE,Coeur Mining Inc,US1921085049,,33652765.0,699304457.0,2.31,USD,Materials,United States,Stock,equity,web_csv
2026-08-31,GDX-ASX,RGLD,Royal Gold Inc,US7802871084,,2252088.0,588853449.0,1.94,USD,Materials,United States,Stock,equity,web_csv
2026-08-31,GDX-ASX,AGI,Alamos Gold Inc,CA0115321089,,14380575.0,526472851.0,1.74,USD,Materials,Canada,Stock,equity,web_csv
2026-08-31,GDX-ASX,EQX,Equinox Gold Corp,CA29446Y5020,,39715240.0,510737986.0,1.68,USD,Materials,Canada,Stock,equity,web_csv
2026-08-31,GDX-ASX,EVN AU,Evolution Mining Ltd,AU000000EVN4,,46076254.0,490808306.0,1.62,AUD,Materials,Australia,Stock,equity,web_csv
2026-08-31,GDX-ASX,EGO,Eldorado Gold Corp,CA2849025093,,9719159.0,435078153.0,1.43,USD,Materials,Turkey,Stock,equity,web_csv
2026-08-31,GDX-ASX,PE&OLES* MF,Industrias Penoles Sab De Cv,MXP554091415,,7996163.0,424338706.0,1.4,MXN,Materials,Mexico,Stock,equity,web_csv
2026-08-31,GDX-ASX,HL,Hecla Mining Co,US4227041062,,20670005.0,410712999.0,1.35,USD,Materials,United States,Stock,equity,web_csv
2026-08-31,GDX-ASX,IAG,Iamgold Corp,CA4509131088,,20040686.0,409832029.0,1.35,USD,Materials,Burkina Faso,Stock,equity,web_csv
2026-08-31,GDX-ASX,EDV LN,Endeavour Mining Plc,GB00BL6K5J42,,6535445.0,408059951.0,1.35,GBP,Materials,United Kingdom,Stock,equity,web_csv
2026-08-31,GDX-ASX,AG,First Majestic Silver Corp,CA32076V1031,,19412682.0,399707122.0,1.32,USD,Materials,Canada,Stock,equity,web_csv
2026-08-31,GDX-ASX,GMIN CN,G Mining Ventures Corp,CA36270K1021,,9766206.0,367949895.0,1.21,CAD,Materials,Canada,Stock,equity,web_csv
2026-08-31,GDX-ASX,FRES LN,Fresnillo Plc,GB00B2QPKJ12,,7885347.0,330829485.0,1.09,GBP,Materials,Mexico,Stock,equity,web_csv
2026-08-31,GDX-ASX,HMY,Harmony Gold Mining Co Ltd,US4132163001,,16354041.0,321356906.0,1.06,USD,Materials,South Africa,Stock,equity,web_csv
2026-08-31,GDX-ASX,LUG CN,Lundin Gold Inc,CA5503711080,,4347422.0,309553506.0,1.02,CAD,Materials,Canada,Stock,equity,web_csv
2026-08-31,GDX-ASX,2259 HK,Zijin Gold International Co Ltd,HK0001200002,,16037400.0,308964025.0,1.02,HKD,Materials,China,Stock,equity,web_csv
2026-08-31,GDX-ASX,DPM CN,Dundee Precious Metals Inc,CA26139R1091,,6539886.0,295929488.0,0.98,CAD,Materials,Canada,Stock,equity,web_csv
2026-08-31,GDX-ASX,BTG,B2gold Corp,CA11777Q2099,,49617090.0,271901653.0,0.9,USD,Materials,Canada,Stock,equity,web_csv
2026-08-31,GDX-ASX,SSRM,Ssr Mining Inc,CA7847301032,,6838482.0,257195308.0,0.85,USD,Materials,Canada,Stock,equity,web_csv
2026-08-31,GDX-ASX,DSV CN,Discovery Silver Corp,CA25466C1077,,28804838.0,256403160.0,0.85,CAD,Materials,Canada,Stock,equity,web_csv
2026-08-31,GDX-ASX,OGC,Oceanagold Corp,CA6752224007,,8715788.0,256244167.0,0.85,USD,Materials,Canada,Stock,equity,web_csv
2026-08-31,GDX-ASX,BVN,Cia De Minas Buenaventura Saa,US2044481040,,6184045.0,212112744.0,0.7,USD,Materials,Peru,Stock,equity,web_csv
2026-08-31,GDX-ASX,1818 HK,Zhaojin Mining Industry Co Ltd,CNE1000004R6,,70306500.0,206463006.0,0.68,HKD,Materials,China,Stock,equity,web_csv
2026-08-31,GDX-ASX,PRU AU,Perseus Mining Ltd,AU000000PRU3,,42439790.0,197081280.0,0.65,AUD,Materials,Australia,Stock,equity,web_csv
2026-08-31,GDX-ASX,OR,Or Royalties Inc,CA68390D1069,,5296785.0,195769174.0,0.65,USD,Materials,Canada,Stock,equity,web_csv
2026-08-31,GDX-ASX,GMD AU,Genesis Minerals Ltd,AU000000GMD9,,31292678.0,184051130.0,0.61,AUD,Materials,Australia,Stock,equity,web_csv
2026-08-31,GDX-ASX,ARTG CN,Artemis Gold Inc,CA04302L1004,,5884596.0,177433537.0,0.59,CAD,Materials,Canada,Stock,equity,web_csv
2026-08-31,GDX-ASX,RMS AU,Ramelius Resources Ltd,AU000000RMS4,,64127422.0,175998622.0,0.58,AUD,Materials,Australia,Stock,equity,web_csv
2026-08-31,GDX-ASX,KNT CN,K92 Mining Inc,CA4991131083,,8183614.0,172963926.0,0.57,CAD,Materials,Canada,Stock,equity,web_csv
2026-08-31,GDX-ASX,MAU CN,Montage Gold Corp,CA61178L1013,,12243328.0,171864072.0,0.57,CAD,Materials,Côte D'Ivoire,Stock,equity,web_csv
2026-08-31,GDX-ASX,ARIS,Aris Mining Corp,CA04040Y1097,,8216815.0,164254132.0,0.54,USD,Materials,Colombia,Stock,equity,web_csv
2026-08-31,GDX-ASX,GGP AU,Greatland Resources Ltd,AU0000397705,,19059220.0,163113823.0,0.54,AUD,Materials,Australia,Stock,equity,web_csv
2026-08-31,GDX-ASX,VAU AU,Vault Minerals Ltd,AU0000427775,,34097367.0,162810327.0,0.54,AUD,Materials,Australia,Stock,equity,web_csv
2026-08-31,GDX-ASX,CMM AU,Capricorn Metals Ltd,AU000000CMM9,,13490680.0,160508977.0,0.53,AUD,Materials,Australia,Stock,equity,web_csv
2026-08-31,GDX-ASX,AMMN IJ,Amman Mineral Internasional Pt,ID1000191109,,651831500.0,159113856.0,0.52,IDR,Materials,Indonesia,Stock,equity,web_csv
2026-08-31,GDX-ASX,AYA CN,Aya Gold & Silver Inc,CA05466C1095,,5522140.0,153996922.0,0.51,CAD,Materials,Canada,Stock,equity,web_csv
2026-08-31,GDX-ASX,CGAU,Centerra Gold Inc,CA1520061021,,6628424.0,151923478.0,0.5,USD,Materials,Canada,Stock,equity,web_csv
2026-08-31,GDX-ASX,TXG CN,Torex Gold Resources Inc,CA8910546032,,2956684.0,144496387.0,0.48,CAD,Materials,Canada,Stock,equity,web_csv
2026-08-31,GDX-ASX,RRL AU,Regis Resources Ltd,AU000000RRL8,,23985222.0,142568647.0,0.47,AUD,Materials,Australia,Stock,equity,web_csv
2026-08-31,GDX-ASX,AUGO,Aura Minerals Inc,VGG069731120,,1649698.0,137881759.0,0.45,USD,Materials,United States,Stock,equity,web_csv
2026-08-31,GDX-ASX,FSM,Fortuna Silver Mines Inc,CA3499421020,,11341248.0,137002276.0,0.45,USD,Materials,Canada,Stock,equity,web_csv
2026-08-31,GDX-ASX,WDO CN,Wesdome Gold Mines Ltd/Canada,CA95083R1001,,5712619.0,136891873.0,0.45,CAD,Materials,Canada,Stock,equity,web_csv
2026-08-31,GDX-ASX,SKE,Skeena Resources Ltd,CA83056P7157,,4064035.0,132609462.0,0.44,USD,Materials,Canada,Stock,equity,web_csv
2026-08-31,GDX-ASX,BRMS IJ,Bumi Resources Minerals Tbk Pt,ID1000117609,,3095062500.0,130842784.0,0.43,IDR,Materials,Indonesia,Stock,equity,web_csv
2026-08-31,GDX-ASX,WGX AU,Westgold Resources Ltd,AU000000WGX6,,26691291.0,121838718.0,0.4,AUD,Materials,Australia,Stock,equity,web_csv
2026-08-31,GDX-ASX,EXK,Endeavour Silver Corp,CA29258Y1034,,10893511.0,116669503.0,0.38,USD,Materials,Canada,Stock,equity,web_csv
2026-08-31,GDX-ASX,SA,Seabridge Gold Inc,CA8119271028,,3547079.0,112726171.0,0.37,USD,Materials,Canada,Stock,equity,web_csv
2026-08-31,GDX-ASX,HOC LN,Hochschild Mining Plc,GB00B1FW5029,,12551571.0,111088394.0,0.37,GBP,Materials,Peru,Stock,equity,web_csv
2026-08-31,GDX-ASX,SVM,Silvercorp Metals Inc,CA82835P1036,,8709415.0,108345123.0,0.36,USD,Materials,Canada,Stock,equity,web_csv
2026-08-31,GDX-ASX,-USD CASH-,,CASH,,111523440.0,111523440.0,0.37,USD,,United States,Cash Bal,cash,web_csv
2026-08-31,GDX-ASX,-IDR CASH-,,CASH,,1.0,0.0,0.0,IDR,,Indonesia,Cash Bal,cash,web_csv
2026-08-31,GDX-ASX,-HKD CASH-,,CASH,,0.0,0.0,0.0,HKD,,China,Cash Bal,cash,web_csv
2026-08-31,GDX-ASX,-GBP CASH-,,CASH,,31.0,42.0,0.0,GBP,,United Kingdom,Cash Bal,cash,web_csv
2026-08-31,GDX-ASX,-EUR CASH-,,CASH,,0.0,0.0,0.0,EUR,,Europe,Cash Bal,cash,web_csv
2026-08-31,GDX-ASX,-CAD CASH-,,CASH,,-2927.0,-2111.0,0.0,CAD,,Canada,Cash Bal,cash,web_csv
2026-08-31,GDX-ASX,,Other/Cash,CASH,,0.0,-83480264.0,-0.28,USD,,,Cash,cash,web_csv
