as_of_date,etf_ticker,constituent_ticker,constituent_name,isin,sedol,shares_held,market_value,weight_pct,currency,sector,country,asset_class,instrument_type,source
2026-06-15,GDXJ,-BRL CASH-,,CASH,,-672.0,-133.0,0.0,BRL,,Brazil,,cash,web_csv
2026-06-15,GDXJ,-GBP CASH-,,CASH,,375.0,504.0,0.0,GBP,,United Kingdom,,cash,web_csv
2026-06-15,GDXJ,-HKD CASH-,,CASH,,1492466.0,190490.0,0.0,HKD,,China,,cash,web_csv
2026-06-15,GDXJ,-MXN CASH-,,CASH,,-3639.0,-212.0,0.0,MXN,,Mexico,,cash,web_csv
2026-06-15,GDXJ,-TRY CASH-,,CASH,,0.0,0.0,0.0,TRY,,Turkey,,cash,web_csv
2026-06-15,GDXJ,-USD CASH-,,CASH,,4976547.0,4976547.0,0.06,USD,,United States,,cash,web_csv
2026-06-15,GDXJ,1818 HK,Zhaojin Mining Industry Co Ltd,CNE1000004R6,,41443200.0,111622429.0,1.37,HKD,Materials,China,,equity,web_csv
2026-06-15,GDXJ,340 HK,Tongguan Gold Group Ltd,BMG8919D1074,,59010000.0,15271787.0,0.19,HKD,Materials,China,,equity,web_csv
2026-06-15,GDXJ,3939 HK,Wanguo Gold Group Ltd,KYG9430L1150,,32386500.0,45164255.0,0.55,HKD,Materials,China,,equity,web_csv
2026-06-15,GDXJ,6693 HK,Chifeng Jilong Gold Mining Co Ltd,CNE100006T51,,4478200.0,16348041.0,0.2,HKD,Materials,China,,equity,web_csv
2026-06-15,GDXJ,8299 HK,Gt Gold Holdings Ltd,KYG4136P1303,,111240000.0,4584112.0,0.06,HKD,Materials,China,,equity,web_csv
2026-06-15,GDXJ,AAUC,Allied Gold Corp,CA01921D2041,,1902219.0,50180537.0,0.62,USD,Materials,Canada,,equity,web_csv
2026-06-15,GDXJ,ABRA CN,Abrasilver Resource Corp,CA00379L3048,,3726606.0,42134155.0,0.52,CAD,Materials,Canada,,equity,web_csv
2026-06-15,GDXJ,AG,First Majestic Silver Corp,CA32076V1031,,11358492.0,214675499.0,2.64,USD,Materials,Canada,,equity,web_csv
2026-06-15,GDXJ,AGI,Alamos Gold Inc,CA0115321089,,13897683.0,523108788.0,6.43,USD,Materials,Canada,,equity,web_csv
2026-06-15,GDXJ,ALK AU,Alkane Resources Ltd,AU000000ALK9,,20754956.0,21433862.0,0.26,AUD,Materials,Australia,,equity,web_csv
2026-06-15,GDXJ,AMI AU,Aurelia Metals Ltd,AU000000AMI1,,31284204.0,6995845.0,0.09,AUD,Materials,Australia,,equity,web_csv
2026-06-15,GDXJ,APM CN,Andean Precious Metals Corp,CA03349X1015,,1479169.0,6541389.0,0.08,CAD,Materials,Canada,,equity,web_csv
2026-06-15,GDXJ,ARCI IJ,Archi Indonesia Tbk Pt,ID1000161003,,102226500.0,6593187.0,0.08,IDR,Materials,Indonesia,,equity,web_csv
2026-06-15,GDXJ,ARMN,Aris Mining Corp,CA04040Y1097,,4839696.0,83726741.0,1.03,USD,Materials,Colombia,,equity,web_csv
2026-06-15,GDXJ,ARTG CN,Artemis Gold Inc,CA04302L1004,,3403134.0,86767802.0,1.07,CAD,Materials,Canada,,equity,web_csv
2026-06-15,GDXJ,ASL AU,Andean Silver Ltd,AU0000343253,,3984612.0,5989176.0,0.07,AUD,Materials,Australia,,equity,web_csv
2026-06-15,GDXJ,ASM,Avino Silver & Gold Mines Ltd,CA0539061030,,4224060.0,28850330.0,0.35,USD,Materials,Mexico,,equity,web_csv
2026-06-15,GDXJ,ASM AU,Australian Strategic Materials Ltd,AU0000094153,,1.0,1.0,0.0,AUD,Materials,Australia,,equity,web_csv
2026-06-15,GDXJ,AUGO,Aura Minerals Inc,VGG069731120,,972922.0,64387978.0,0.79,USD,Materials,United States,,equity,web_csv
2026-06-15,GDXJ,AYA CN,Aya Gold & Silver Inc,CA05466C1095,,2968152.0,61319223.0,0.75,CAD,Materials,Canada,,equity,web_csv
2026-06-15,GDXJ,AZY AU,Antipa Minerals Ltd,AU000000AZY0,,13590860.0,6088262.0,0.07,AUD,Materials,Australia,,equity,web_csv
2026-06-15,GDXJ,BC8 AU,Black Cat Syndicate Ltd,AU000000BC88,,16042306.0,11467829.0,0.14,AUD,Materials,Australia,,equity,web_csv
2026-06-15,GDXJ,BGL AU,Bellevue Gold Ltd,AU0000019374,,24744587.0,26774187.0,0.33,AUD,Materials,Australia,,equity,web_csv
2026-06-15,GDXJ,BRMS IJ,Bumi Resources Minerals Tbk Pt,ID1000117609,,1794883400.0,67097687.0,0.82,IDR,Materials,Indonesia,,equity,web_csv
2026-06-15,GDXJ,BTG,B2gold Corp,CA11777Q2099,,28481856.0,127313896.0,1.56,USD,Materials,Canada,,equity,web_csv
2026-06-15,GDXJ,BVN,Cia De Minas Buenaventura Saa,US2044481040,,4384841.0,152855557.0,1.88,USD,Materials,Peru,,equity,web_csv
2026-06-15,GDXJ,CDE,Coeur Mining Inc,US1921085049,,30802641.0,574777281.0,7.06,USD,Materials,United States,,equity,web_csv
2026-06-15,GDXJ,CGAU,Centerra Gold Inc,CA1520061021,,4451912.0,75459908.0,0.93,USD,Materials,Canada,,equity,web_csv
2026-06-15,GDXJ,CMCL,Caledonia Mining Corp Plc,JE00BF0XVB15,,351749.0,7379694.0,0.09,USD,Materials,Jersey,,equity,web_csv
2026-06-15,GDXJ,CMM AU,Capricorn Metals Ltd,AU000000CMM9,,7979079.0,75869906.0,0.93,AUD,Materials,Australia,,equity,web_csv
2026-06-15,GDXJ,CNL CN,Collective Mining Ltd,CA19425C1005,,1031110.0,15856420.0,0.19,CAD,Materials,Canada,,equity,web_csv
2026-06-15,GDXJ,CNMC SP,Cnmc Goldmine Holdings Ltd,,,6875000.0,6921715.0,0.09,SGD,Materials,Singapore,,equity,web_csv
2026-06-15,GDXJ,CTGO,Contango Ore Inc,US21077F1003,,376628.0,6451638.0,0.08,USD,Materials,United States,,equity,web_csv
2026-06-15,GDXJ,CYL AU,Catalyst Metals Ltd,AU000000CYL6,,5941025.0,22780147.0,0.28,AUD,Materials,Australia,,equity,web_csv
2026-06-15,GDXJ,DC,Dakota Gold Corp,US46655E1001,,3058237.0,15688756.0,0.19,USD,Materials,Canada,,equity,web_csv
2026-06-15,GDXJ,DPM CN,Dundee Precious Metals Inc,CA26139R1091,,3877180.0,132453092.0,1.63,CAD,Materials,Canada,,equity,web_csv
2026-06-15,GDXJ,DRD,Drdgold Ltd,US26152H3012,,746710.0,18809625.0,0.23,USD,Materials,South Africa,,equity,web_csv
2026-06-15,GDXJ,DSV CN,Discovery Silver Corp,CA2546771072,,15716453.0,97507351.0,1.2,CAD,Materials,Canada,,equity,web_csv
2026-06-15,GDXJ,DTR AU,Dateline Resources Ltd,AU000000DTR1,,70109221.0,6366465.0,0.08,AUD,Materials,Australia,,equity,web_csv
2026-06-15,GDXJ,EDV LN,Endeavour Mining Plc,GB00BL6K5J42,,8635160.0,471888466.0,5.8,GBP,Materials,United Kingdom,,equity,web_csv
2026-06-15,GDXJ,EGO,Eldorado Gold Corp,CA2849025093,,4988136.0,168399471.0,2.07,USD,Materials,Turkey,,equity,web_csv
2026-06-15,GDXJ,EMAS IJ,Merdeka Gold Resources Tbk Pt,ID1000211600,,151575100.0,60089991.0,0.74,IDR,Materials,Indonesia,,equity,web_csv
2026-06-15,GDXJ,EMR AU,Emerald Resources Nl,AU000000EMR4,,12209997.0,51335298.0,0.63,AUD,Materials,Australia,,equity,web_csv
2026-06-15,GDXJ,EQX,Equinox Gold Corp,CA29446Y5020,,39736142.0,445044790.0,5.47,USD,Materials,Canada,,equity,web_csv
2026-06-15,GDXJ,EVN AU,Evolution Mining Ltd,AU000000EVN4,,58188345.0,512976848.0,6.3,AUD,Materials,Australia,,equity,web_csv
2026-06-15,GDXJ,EXK,Endeavour Silver Corp,CA29258Y1034,,7037879.0,64115078.0,0.79,USD,Materials,Canada,,equity,web_csv
2026-06-15,GDXJ,FDR CN,Founders Metals Inc,CA3505901056,,1786875.0,5830727.0,0.07,CAD,Materials,Canada,,equity,web_csv
2026-06-15,GDXJ,FFX AU,Firefinch Ltd,AU0000114522,,54133739.0,2332402.0,0.03,AUD,Materials,Australia,,equity,web_csv
2026-06-15,GDXJ,FMR CN,Future Mineral Resources Inc,CA3611551043,,168999.0,30233.0,0.0,CAD,Materials,Canada,,derivative,web_csv
2026-06-15,GDXJ,FSM,Fortuna Silver Mines Inc,CA3499421020,,6183210.0,58431335.0,0.72,USD,Materials,Canada,,equity,web_csv
2026-06-15,GDXJ,GAU,Galiano Gold Inc,CA36352H1001,,3815100.0,8507673.0,0.1,USD,Materials,Canada,,equity,web_csv
2026-06-15,GDXJ,GGD CN,Gogold Resources Inc,CA38045Y1025,,10974016.0,26307169.0,0.32,CAD,Materials,United States,,equity,web_csv
2026-06-15,GDXJ,GGP AU,Greatland Resources Ltd,AU0000397705,,11415225.0,111311828.0,1.37,AUD,Materials,Australia,,equity,web_csv
2026-06-15,GDXJ,GLDG,Goldmining Inc,CA38149E1016,,5412219.0,5520463.0,0.07,USD,Materials,Canada,,equity,web_csv
2026-06-15,GDXJ,GMD AU,Genesis Minerals Ltd,AU000000GMD9,,18510830.0,72464448.0,0.89,AUD,Materials,Australia,,equity,web_csv
2026-06-15,GDXJ,GMIN CN,G Mining Ventures Corp,CA36270K1021,,3928493.0,118547748.0,1.46,CAD,Materials,Canada,,equity,web_csv
2026-06-15,GDXJ,GROY,Gold Royalty Corp,CA38071H1064,,4354936.0,12977709.0,0.16,USD,Materials,Canada,,equity,web_csv
2026-06-15,GDXJ,GTWO CN,G2 Goldfields Inc,CA36256R1055,,3859863.0,27316931.0,0.34,CAD,Materials,Canada,,equity,web_csv
2026-06-15,GDXJ,HL,Hecla Mining Co,US4227041062,,10523209.0,175316662.0,2.15,USD,Materials,United States,,equity,web_csv
2026-06-15,GDXJ,HMY,Harmony Gold Mining Co Ltd,US4132163001,,9996511.0,175138873.0,2.15,USD,Materials,South Africa,,equity,web_csv
2026-06-15,GDXJ,HOC LN,Hochschild Mining Plc,GB00B1FW5029,,7424718.0,58958107.0,0.72,GBP,Materials,Peru,,equity,web_csv
2026-06-15,GDXJ,HYMC,Hycroft Mining Holding Corp,US44862P2083,,1359946.0,37860897.0,0.47,USD,Materials,United States,,equity,web_csv
2026-06-15,GDXJ,IAG,Iamgold Corp,CA4509131088,,10895933.0,195364079.0,2.4,USD,Materials,Burkina Faso,,equity,web_csv
2026-06-15,GDXJ,IAUX,I-80 Gold Corp,CA44955L1067,,17871469.0,27879492.0,0.34,USD,Materials,United States,,equity,web_csv
2026-06-15,GDXJ,IDR,Idaho Strategic Resources Inc,US6458272050,,323729.0,12395583.0,0.15,USD,Materials,United States,,equity,web_csv
2026-06-15,GDXJ,ITRG,Integra Resources Corp,CA45826T5098,,4030244.0,10962264.0,0.13,USD,Materials,Canada,,equity,web_csv
2026-06-15,GDXJ,KCN AU,Kingsgate Consolidated Ltd,AU000000KCN1,,6766328.0,25705409.0,0.32,AUD,Materials,Australia,,equity,web_csv
2026-06-15,GDXJ,KNT CN,K92 Mining Inc,CA4991131083,,4754993.0,81186542.0,1.0,CAD,Materials,Canada,,equity,web_csv
2026-06-15,GDXJ,KOZAA TI,Koza Anadolu Metal Madencilik Isletmele,TREKOZA00014,,4716465.0,11421271.0,0.14,TRY,Materials,Turkey,,equity,web_csv
2026-06-15,GDXJ,KOZAL TI,Koza Altin Isletmeleri As,TREKOAL00014,,24325689.0,24498765.0,0.3,TRY,Materials,Turkey,,equity,web_csv
2026-06-15,GDXJ,LUCA CN,Luca Mining Corp,CA54929M1068,,5663818.0,4660911.0,0.06,CAD,Materials,Mexico,,equity,web_csv
2026-06-15,GDXJ,LUG CN,Lundin Gold Inc,CA5503711080,,2570640.0,150528084.0,1.85,CAD,Materials,Canada,,equity,web_csv
2026-06-15,GDXJ,LUNR CN,Lunr Royalties Corp,CA5504281067,,542412.0,9897675.0,0.12,CAD,,Canada,,equity,web_csv
2026-06-15,GDXJ,MAU CN,Montage Gold Corp,CA61178L1013,,6548938.0,82432874.0,1.01,CAD,Materials,Côte D'Ivoire,,equity,web_csv
2026-06-15,GDXJ,MEK AU,Meeka Metals Ltd,AU0000192726,,70858931.0,5863359.0,0.07,AUD,Materials,Australia,,equity,web_csv
2026-06-15,GDXJ,MTA,Metalla Royalty & Streaming Ltd,CA59124U6051,,1815441.0,13906278.0,0.17,USD,Materials,Canada,,equity,web_csv
2026-06-15,GDXJ,MUX,Mcewen Mining Inc,US58039P3055,,1274472.0,25616887.0,0.31,USD,Materials,Canada,,equity,web_csv
2026-06-15,GDXJ,NFGC,New Found Gold Corp,CA64440N1033,,6202998.0,10172917.0,0.13,USD,Materials,Canada,,equity,web_csv
2026-06-15,GDXJ,NG,Novagold Resources Inc,CA66987E2069,,6108370.0,49599964.0,0.61,USD,Materials,Canada,,equity,web_csv
2026-06-15,GDXJ,NIX CN,Archer Exploration Corp,CA66860Q1028,,179304.0,17963.0,0.0,CAD,Materials,Canada,,equity,web_csv
2026-06-15,GDXJ,OBM AU,Ora Banda Mining Ltd,AU0000050130,,34574548.0,30418523.0,0.37,AUD,Materials,Australia,,equity,web_csv
2026-06-15,GDXJ,ODV,Osisko Development Corp,CA68828E8099,,5012954.0,13635235.0,0.17,USD,Materials,Canada,,equity,web_csv
2026-06-15,GDXJ,OGC CN,Oceanagold Corp,CA6752224007,,5243966.0,145860645.0,1.79,CAD,Materials,Canada,,equity,web_csv
2026-06-15,GDXJ,OR,Or Royalties Inc,CA68390D1069,,2800765.0,101275662.0,1.24,USD,Materials,Canada,,equity,web_csv
2026-06-15,GDXJ,ORE CN,Orezone Gold Corp,CA68616T1093,,11381501.0,19546748.0,0.24,CAD,Materials,Canada,,equity,web_csv
2026-06-15,GDXJ,ORLA,Orla Mining Ltd,CA68634K1066,,6105225.0,68378520.0,0.84,USD,Materials,Mexico,,equity,web_csv
2026-06-15,GDXJ,PAF LN,Pan African Resources Plc,GB0004300496,,35931358.0,55294358.0,0.68,GBP,Materials,United Kingdom,,equity,web_csv
2026-06-15,GDXJ,PDI AU,Predictive Discovery Ltd,AU000000PDI8,,34134315.0,20988385.0,0.26,AUD,Materials,Australia,,equity,web_csv
2026-06-15,GDXJ,PE&OLES* MF,Industrias Penoles Sab De Cv,MXP554091415,,4730073.0,233773080.0,2.87,MXN,Materials,Mexico,,equity,web_csv
2026-06-15,GDXJ,PNR AU,Pantoro Gold Ltd,AU000000PNR8,,5589045.0,10506858.0,0.13,AUD,Materials,Australia,,equity,web_csv
2026-06-15,GDXJ,PPTA,Perpetua Resources Corp,CA7142661031,,2112852.0,54955281.0,0.68,USD,Materials,United States,,equity,web_csv
2026-06-15,GDXJ,PRU AU,Perseus Mining Ltd,AU000000PRU3,,22922828.0,83620043.0,1.03,AUD,Materials,Australia,,equity,web_csv
2026-06-15,GDXJ,PSAB IJ,J Resources Asia Pasific Tbk Pt,ID1000094709,,66993700.0,1771780.0,0.02,IDR,Materials,Indonesia,,equity,web_csv
2026-06-15,GDXJ,RMS AU,Ramelius Resources Ltd,AU000000RMS4,,41395896.0,90072671.0,1.11,AUD,Materials,Australia,,equity,web_csv
2026-06-15,GDXJ,RRL AU,Regis Resources Ltd,AU000000RRL8,,13229530.0,59730147.0,0.73,AUD,Materials,Australia,,equity,web_csv
2026-06-15,GDXJ,RSG AU,Resolute Mining Ltd,AU000000RSG6,,35176898.0,26718044.0,0.33,AUD,Materials,Australia,,equity,web_csv
2026-06-15,GDXJ,SA,Seabridge Gold Inc,CA8119271028,,1952862.0,59308419.0,0.73,USD,Materials,Canada,,equity,web_csv
2026-06-15,GDXJ,SBM AU,St Barbara Ltd,AU000000SBM8,,24505120.0,9732489.0,0.12,AUD,Materials,Australia,,equity,web_csv
2026-06-15,GDXJ,SGD CN,Snowline Gold Corp,CA83342V1040,,3035558.0,28130149.0,0.35,CAD,Materials,Canada,,equity,web_csv
2026-06-15,GDXJ,SKE,Skeena Resources Ltd,CA83056P7157,,2303452.0,69172664.0,0.85,USD,Materials,Canada,,equity,web_csv
2026-06-15,GDXJ,SSRM,Ssr Mining Inc,CA7847301032,,4060512.0,117511217.0,1.44,USD,Materials,Canada,,equity,web_csv
2026-06-15,GDXJ,SVM,Silvercorp Metals Inc,CA82835P1036,,5591627.0,68106017.0,0.84,USD,Materials,Canada,,equity,web_csv
2026-06-15,GDXJ,SXGC CN,Southern Cross Gold Consolidated Ltd,CA8426851090,,5835344.0,42007629.0,0.52,CAD,Materials,Canada,,equity,web_csv
2026-06-15,GDXJ,TFPM,Triple Flag Precious Metals Corp,CA89679M1041,,1830243.0,56261670.0,0.69,USD,Materials,Canada,,equity,web_csv
2026-06-15,GDXJ,TXG CN,Torex Gold Resources Inc,CA8910546032,,1865529.0,82753689.0,1.02,CAD,Materials,Canada,,equity,web_csv
2026-06-15,GDXJ,USAS,Americas Gold & Silver Corp,CA03062D8035,,6409157.0,36916744.0,0.45,USD,Materials,Canada,,equity,web_csv
2026-06-15,GDXJ,USAU,Us Gold Corp,US90291C2017,,325883.0,5253234.0,0.06,USD,Materials,United States,,equity,web_csv
2026-06-15,GDXJ,VAU AU,Vault Minerals Ltd,AU0000427775,,20317212.0,63736802.0,0.78,AUD,Materials,Australia,,equity,web_csv
2026-06-15,GDXJ,VGC CN,Valor Gold Corp,CA9199211066,,1002769.0,2662187.0,0.03,CAD,,Canada,,equity,web_csv
2026-06-15,GDXJ,VGCX CN,Victoria Gold Corp/Vancouver,CA92625W5072,,1722275.0,1.0,0.0,CAD,Materials,Canada,,equity,web_csv
2026-06-15,GDXJ,VOXR,Vox Royalty Corp,CA92919F1036,,1161915.0,6204626.0,0.08,USD,Materials,Australia,,equity,web_csv
2026-06-15,GDXJ,VZLA,Vizsla Silver Corp,CA92859G6085,,8228108.0,30032594.0,0.37,USD,Materials,Canada,,equity,web_csv
2026-06-15,GDXJ,WAF AU,West African Resources Ltd,AU000000WAF6,,19956996.0,43199739.0,0.53,AUD,Materials,Australia,,equity,web_csv
2026-06-15,GDXJ,WDO CN,Wesdome Gold Mines Ltd/Canada,CA95083R1001,,3426827.0,66969584.0,0.82,CAD,Materials,Canada,,equity,web_csv
2026-06-15,GDXJ,WGX AU,Westgold Resources Ltd,AU000000WGX6,,16985077.0,59567954.0,0.73,AUD,Materials,Australia,,equity,web_csv
2026-06-15,GDXJ,WRLG CN,West Red Lake Gold Mines Ltd,CA95556L1013,,8922391.0,4405488.0,0.05,CAD,Materials,Canada,,equity,web_csv
2026-06-15,GDXJ,,Other/Cash,CASH,,0.0,8605572.0,0.11,USD,,,,cash,web_csv
2026-06-17,GDXJ,-BRL CASH-,,CASH,,-672.0,-133.0,0.0,BRL,,Brazil,,cash,web_csv
2026-06-17,GDXJ,-GBP CASH-,,CASH,,375.0,502.0,0.0,GBP,,United Kingdom,,cash,web_csv
2026-06-17,GDXJ,-MXN CASH-,,CASH,,-3639.0,-212.0,0.0,MXN,,Mexico,,cash,web_csv
2026-06-17,GDXJ,-TRY CASH-,,CASH,,0.0,0.0,0.0,TRY,,Turkey,,cash,web_csv
2026-06-17,GDXJ,-USD CASH-,,CASH,,9461086.0,9461086.0,0.12,USD,,United States,,cash,web_csv
2026-06-17,GDXJ,1818 HK,Zhaojin Mining Industry Co Ltd,CNE1000004R6,,41357700.0,110703203.0,1.36,HKD,Materials,China,,equity,web_csv
2026-06-17,GDXJ,340 HK,Tongguan Gold Group Ltd,BMG8919D1074,,58890000.0,15115218.0,0.19,HKD,Materials,China,,equity,web_csv
2026-06-17,GDXJ,3939 HK,Wanguo Gold Group Ltd,KYG9430L1150,,32320500.0,41993389.0,0.52,HKD,Materials,China,,equity,web_csv
2026-06-17,GDXJ,6693 HK,Chifeng Jilong Gold Mining Co Ltd,CNE100006T51,,4469200.0,16153331.0,0.2,HKD,Materials,China,,equity,web_csv
2026-06-17,GDXJ,8299 HK,Gt Gold Holdings Ltd,KYG4136P1303,,111024000.0,4272468.0,0.05,HKD,Materials,China,,equity,web_csv
2026-06-17,GDXJ,AAUC,Allied Gold Corp,CA01921D2041,,1898325.0,48559154.0,0.6,USD,Materials,Canada,,equity,web_csv
2026-06-17,GDXJ,ABRA CN,Abrasilver Resource Corp,CA00379L3048,,3718977.0,39096870.0,0.48,CAD,Materials,Canada,,equity,web_csv
2026-06-17,GDXJ,AG,First Majestic Silver Corp,CA32076V1031,,11335236.0,210268628.0,2.59,USD,Materials,Canada,,equity,web_csv
2026-06-17,GDXJ,AGI,Alamos Gold Inc,CA0115321089,,13869231.0,517461009.0,6.38,USD,Materials,Canada,,equity,web_csv
2026-06-17,GDXJ,ALK AU,Alkane Resources Ltd,AU000000ALK9,,20712464.0,23809992.0,0.29,AUD,Materials,Australia,,equity,web_csv
2026-06-17,GDXJ,AMI AU,Aurelia Metals Ltd,AU000000AMI1,,31220154.0,7118496.0,0.09,AUD,Materials,Australia,,equity,web_csv
2026-06-17,GDXJ,APM CN,Andean Precious Metals Corp,CA03349X1015,,1476142.0,6611634.0,0.08,CAD,Materials,Canada,,equity,web_csv
2026-06-17,GDXJ,ARCI IJ,Archi Indonesia Tbk Pt,ID1000161003,,102017100.0,6299669.0,0.08,IDR,Materials,Indonesia,,equity,web_csv
2026-06-17,GDXJ,ARMN,Aris Mining Corp,CA04040Y1097,,4829787.0,82492762.0,1.02,USD,Materials,Colombia,,equity,web_csv
2026-06-17,GDXJ,ARTG CN,Artemis Gold Inc,CA04302L1004,,3396168.0,81652395.0,1.01,CAD,Materials,Canada,,equity,web_csv
2026-06-17,GDXJ,ASL AU,Andean Silver Ltd,AU0000343253,,3976455.0,6196835.0,0.08,AUD,Materials,Australia,,equity,web_csv
2026-06-17,GDXJ,ASM,Avino Silver & Gold Mines Ltd,CA0539061030,,4215411.0,28791257.0,0.36,USD,Materials,Mexico,,equity,web_csv
2026-06-17,GDXJ,ASM AU,Australian Strategic Materials Ltd,AU0000094153,,1.0,1.0,0.0,AUD,Materials,Australia,,equity,web_csv
2026-06-17,GDXJ,AUGO,Aura Minerals Inc,VGG069731120,,970930.0,64061961.0,0.79,USD,Materials,United States,,equity,web_csv
2026-06-17,GDXJ,AYA CN,Aya Gold & Silver Inc,CA05466C1095,,2962074.0,60103420.0,0.74,CAD,Materials,Canada,,equity,web_csv
2026-06-17,GDXJ,AZY AU,Antipa Minerals Ltd,AU000000AZY0,,13563035.0,6113865.0,0.08,AUD,Materials,Australia,,equity,web_csv
2026-06-17,GDXJ,BC8 AU,Black Cat Syndicate Ltd,AU000000BC88,,16009462.0,12059876.0,0.15,AUD,Materials,Australia,,equity,web_csv
2026-06-17,GDXJ,BGL AU,Bellevue Gold Ltd,AU0000019374,,24693926.0,27461057.0,0.34,AUD,Materials,Australia,,equity,web_csv
2026-06-17,GDXJ,BRMS IJ,Bumi Resources Minerals Tbk Pt,ID1000117609,,1791208400.0,66507071.0,0.82,IDR,Materials,Indonesia,,equity,web_csv
2026-06-17,GDXJ,BTG,B2gold Corp,CA11777Q2099,,28423545.0,125347833.0,1.55,USD,Materials,Canada,,equity,web_csv
2026-06-17,GDXJ,BVN,Cia De Minas Buenaventura Saa,US2044481040,,4375865.0,149829618.0,1.85,USD,Materials,Peru,,equity,web_csv
2026-06-17,GDXJ,CDE,Coeur Mining Inc,US1921085049,,30739422.0,538862068.0,6.64,USD,Materials,United States,,equity,web_csv
2026-06-17,GDXJ,CGAU,Centerra Gold Inc,CA1520061021,,4442798.0,77349113.0,0.95,USD,Materials,Canada,,equity,web_csv
2026-06-17,GDXJ,CMCL,Caledonia Mining Corp Plc,JE00BF0XVB15,,351029.0,7203115.0,0.09,USD,Materials,Jersey,,equity,web_csv
2026-06-17,GDXJ,CMM AU,Capricorn Metals Ltd,AU000000CMM9,,7962744.0,74262137.0,0.92,AUD,Materials,Australia,,equity,web_csv
2026-06-17,GDXJ,CNL CN,Collective Mining Ltd,CA19425C1005,,1028998.0,15022886.0,0.19,CAD,Materials,Canada,,equity,web_csv
2026-06-17,GDXJ,CNMC SP,Cnmc Goldmine Holdings Ltd,,,6860900.0,6656073.0,0.08,SGD,Materials,Singapore,,equity,web_csv
2026-06-17,GDXJ,CTGO,Contango Ore Inc,US21077F1003,,375065.0,6338599.0,0.08,USD,Materials,United States,,equity,web_csv
2026-06-17,GDXJ,CYL AU,Catalyst Metals Ltd,AU000000CYL6,,5928863.0,26137309.0,0.32,AUD,Materials,Australia,,equity,web_csv
2026-06-17,GDXJ,DC,Dakota Gold Corp,US46655E1001,,3051976.0,15290400.0,0.19,USD,Materials,Canada,,equity,web_csv
2026-06-17,GDXJ,DPM CN,Dundee Precious Metals Inc,CA26139R1091,,3869242.0,129894602.0,1.6,CAD,Materials,Canada,,equity,web_csv
2026-06-17,GDXJ,DRD,Drdgold Ltd,US26152H3012,,745180.0,18219651.0,0.22,USD,Materials,South Africa,,equity,web_csv
2026-06-17,GDXJ,DSV CN,Discovery Silver Corp,CA2546771072,,15684275.0,98998526.0,1.22,CAD,Materials,Canada,,equity,web_csv
2026-06-17,GDXJ,DTR AU,Dateline Resources Ltd,AU000000DTR1,,69965683.0,8857579.0,0.11,AUD,Materials,Australia,,equity,web_csv
2026-06-17,GDXJ,EDV LN,Endeavour Mining Plc,GB00BL6K5J42,,8360533.0,478230145.0,5.9,GBP,Materials,United Kingdom,,equity,web_csv
2026-06-17,GDXJ,EGO,Eldorado Gold Corp,CA2849025093,,4977930.0,169797192.0,2.09,USD,Materials,Turkey,,equity,web_csv
2026-06-17,GDXJ,EMAS IJ,Merdeka Gold Resources Tbk Pt,ID1000211600,,151264900.0,59468087.0,0.73,IDR,Materials,Indonesia,,equity,web_csv
2026-06-17,GDXJ,EMR AU,Emerald Resources Nl,AU000000EMR4,,12184998.0,53384959.0,0.66,AUD,Materials,Australia,,equity,web_csv
2026-06-17,GDXJ,EQX,Equinox Gold Corp,CA29446Y5020,,39654788.0,437392312.0,5.39,USD,Materials,Canada,,equity,web_csv
2026-06-17,GDXJ,EVN AU,Evolution Mining Ltd,AU000000EVN4,,58069215.0,533711966.0,6.58,AUD,Materials,Australia,,equity,web_csv
2026-06-17,GDXJ,EXK,Endeavour Silver Corp,CA29258Y1034,,7023470.0,62227944.0,0.77,USD,Materials,Canada,,equity,web_csv
2026-06-17,GDXJ,FDR CN,Founders Metals Inc,CA3505901056,,1783218.0,5265332.0,0.06,CAD,Materials,Canada,,equity,web_csv
2026-06-17,GDXJ,FFX AU,Firefinch Ltd,AU0000114522,,54133739.0,2325983.0,0.03,AUD,Materials,Australia,,equity,web_csv
2026-06-17,GDXJ,FMR CN,Future Mineral Resources Inc,CA3611551043,,168999.0,31339.0,0.0,CAD,Materials,Canada,,derivative,web_csv
2026-06-17,GDXJ,FSM,Fortuna Silver Mines Inc,CA3499421020,,6170550.0,58188287.0,0.72,USD,Materials,Canada,,equity,web_csv
2026-06-17,GDXJ,GAU,Galiano Gold Inc,CA36352H1001,,3807288.0,8376034.0,0.1,USD,Materials,Canada,,equity,web_csv
2026-06-17,GDXJ,GGD CN,Gogold Resources Inc,CA38045Y1025,,10951549.0,26010027.0,0.32,CAD,Materials,United States,,equity,web_csv
2026-06-17,GDXJ,GGP AU,Greatland Resources Ltd,AU0000397705,,11391855.0,112486457.0,1.39,AUD,Materials,Australia,,equity,web_csv
2026-06-17,GDXJ,GLDG,Goldmining Inc,CA38149E1016,,5401137.0,5260707.0,0.06,USD,Materials,Canada,,equity,web_csv
2026-06-17,GDXJ,GMD AU,Genesis Minerals Ltd,AU000000GMD9,,18472931.0,78056694.0,0.96,AUD,Materials,Australia,,equity,web_csv
2026-06-17,GDXJ,GMIN CN,G Mining Ventures Corp,CA36270K1021,,3920450.0,121156193.0,1.49,CAD,Materials,Canada,,equity,web_csv
2026-06-17,GDXJ,GROY,Gold Royalty Corp,CA38071H1064,,4346020.0,12646918.0,0.16,USD,Materials,Canada,,equity,web_csv
2026-06-17,GDXJ,GTWO CN,G2 Goldfields Inc,CA36256R1055,,3851961.0,27253016.0,0.34,CAD,Materials,Canada,,equity,web_csv
2026-06-17,GDXJ,HL,Hecla Mining Co,US4227041062,,10501666.0,168656756.0,2.08,USD,Materials,United States,,equity,web_csv
2026-06-17,GDXJ,HMY,Harmony Gold Mining Co Ltd,US4132163001,,9976045.0,170590370.0,2.1,USD,Materials,South Africa,,equity,web_csv
2026-06-17,GDXJ,HOC LN,Hochschild Mining Plc,GB00B1FW5029,,7409517.0,58170372.0,0.72,GBP,Materials,Peru,,equity,web_csv
2026-06-17,GDXJ,HYMC,Hycroft Mining Holding Corp,US44862P2083,,1357162.0,34702632.0,0.43,USD,Materials,United States,,equity,web_csv
2026-06-17,GDXJ,IAG,Iamgold Corp,CA4509131088,,10873625.0,191158328.0,2.36,USD,Materials,Burkina Faso,,equity,web_csv
2026-06-17,GDXJ,IAUX,I-80 Gold Corp,CA44955L1067,,17834881.0,27109019.0,0.33,USD,Materials,United States,,equity,web_csv
2026-06-17,GDXJ,IDR,Idaho Strategic Resources Inc,US6458272050,,323066.0,11659452.0,0.14,USD,Materials,United States,,equity,web_csv
2026-06-17,GDXJ,ITRG,Integra Resources Corp,CA45826T5098,,4021994.0,10939824.0,0.13,USD,Materials,Canada,,equity,web_csv
2026-06-17,GDXJ,KCN AU,Kingsgate Consolidated Ltd,AU000000KCN1,,6752474.0,27495182.0,0.34,AUD,Materials,Australia,,equity,web_csv
2026-06-17,GDXJ,KNT CN,K92 Mining Inc,CA4991131083,,4745258.0,79296338.0,0.98,CAD,Materials,Canada,,equity,web_csv
2026-06-17,GDXJ,KOZAA TI,Koza Anadolu Metal Madencilik Isletmele,TREKOZA00014,,4706808.0,11725884.0,0.14,TRY,Materials,Turkey,,equity,web_csv
2026-06-17,GDXJ,KOZAL TI,Koza Altin Isletmeleri As,TREKOAL00014,,24275886.0,24726369.0,0.3,TRY,Materials,Turkey,,equity,web_csv
2026-06-17,GDXJ,LUCA CN,Luca Mining Corp,CA54929M1068,,5652223.0,4515006.0,0.06,CAD,Materials,Mexico,,equity,web_csv
2026-06-17,GDXJ,LUG CN,Lundin Gold Inc,CA5503711080,,2565378.0,148514180.0,1.83,CAD,Materials,Canada,,equity,web_csv
2026-06-17,GDXJ,LUNR CN,Lunr Royalties Corp,CA5504281067,,539424.0,7925346.0,0.1,CAD,,Canada,,equity,web_csv
2026-06-17,GDXJ,MAU CN,Montage Gold Corp,CA61178L1013,,6535531.0,77889397.0,0.96,CAD,Materials,Côte D'Ivoire,,equity,web_csv
2026-06-17,GDXJ,MEK AU,Meeka Metals Ltd,AU0000192726,,70713860.0,5846946.0,0.07,AUD,Materials,Australia,,equity,web_csv
2026-06-17,GDXJ,MTA,Metalla Royalty & Streaming Ltd,CA59124U6051,,1811724.0,13823454.0,0.17,USD,Materials,Canada,,equity,web_csv
2026-06-17,GDXJ,MUX,Mcewen Mining Inc,US58039P3055,,1271862.0,24852183.0,0.31,USD,Materials,Canada,,equity,web_csv
2026-06-17,GDXJ,NFGC,New Found Gold Corp,CA64440N1033,,6190299.0,9966381.0,0.12,USD,Materials,Canada,,equity,web_csv
2026-06-17,GDXJ,NG,Novagold Resources Inc,CA66987E2069,,6095863.0,49376490.0,0.61,USD,Materials,Canada,,equity,web_csv
2026-06-17,GDXJ,NIX CN,Archer Exploration Corp,CA66860Q1028,,179304.0,18543.0,0.0,CAD,Materials,Canada,,equity,web_csv
2026-06-17,GDXJ,OBM AU,Ora Banda Mining Ltd,AU0000050130,,34503763.0,32918182.0,0.41,AUD,Materials,Australia,,equity,web_csv
2026-06-17,GDXJ,ODV,Osisko Development Corp,CA68828E8099,,5002691.0,13557293.0,0.17,USD,Materials,Canada,,equity,web_csv
2026-06-17,GDXJ,OGC CN,Oceanagold Corp,CA6752224007,,5233229.0,145377840.0,1.79,CAD,Materials,Canada,,equity,web_csv
2026-06-17,GDXJ,OR,Or Royalties Inc,CA68390D1069,,2795032.0,100788854.0,1.24,USD,Materials,Canada,,equity,web_csv
2026-06-17,GDXJ,ORE CN,Orezone Gold Corp,CA68616T1093,,11358200.0,20333130.0,0.25,CAD,Materials,Canada,,equity,web_csv
2026-06-17,GDXJ,ORLA,Orla Mining Ltd,CA68634K1066,,6092727.0,67812052.0,0.84,USD,Materials,Mexico,,equity,web_csv
2026-06-17,GDXJ,PAF LN,Pan African Resources Plc,GB0004300496,,35857795.0,54220873.0,0.67,GBP,Materials,United Kingdom,,equity,web_csv
2026-06-17,GDXJ,PDI AU,Predictive Discovery Ltd,AU000000PDI8,,45250373.0,30123329.0,0.37,AUD,Materials,Australia,,equity,web_csv
2026-06-17,GDXJ,PE&OLES* MF,Industrias Penoles Sab De Cv,MXP554091415,,4720383.0,226514788.0,2.79,MXN,Materials,Mexico,,equity,web_csv
2026-06-17,GDXJ,PNR AU,Pantoro Gold Ltd,AU000000PNR8,,5577603.0,11749936.0,0.14,AUD,Materials,Australia,,equity,web_csv
2026-06-17,GDXJ,PPTA,Perpetua Resources Corp,CA7142661031,,2108526.0,52502297.0,0.65,USD,Materials,United States,,equity,web_csv
2026-06-17,GDXJ,PRU AU,Perseus Mining Ltd,AU000000PRU3,,22875896.0,88137273.0,1.09,AUD,Materials,Australia,,equity,web_csv
2026-06-17,GDXJ,PSAB IJ,J Resources Asia Pasific Tbk Pt,ID1000094709,,66856600.0,1675094.0,0.02,IDR,Materials,Indonesia,,equity,web_csv
2026-06-17,GDXJ,RMS AU,Ramelius Resources Ltd,AU000000RMS4,,41311146.0,93692059.0,1.16,AUD,Materials,Australia,,equity,web_csv
2026-06-17,GDXJ,RRL AU,Regis Resources Ltd,AU000000RRL8,,13202446.0,63756980.0,0.79,AUD,Materials,Australia,,equity,web_csv
2026-06-17,GDXJ,RSG AU,Resolute Mining Ltd,AU000000RSG6,,35104880.0,28915404.0,0.36,AUD,Materials,Australia,,equity,web_csv
2026-06-17,GDXJ,SA,Seabridge Gold Inc,CA8119271028,,1948863.0,59791117.0,0.74,USD,Materials,Canada,,equity,web_csv
2026-06-17,GDXJ,SBM AU,St Barbara Ltd,AU000000SBM8,,24454951.0,10806576.0,0.13,AUD,Materials,Australia,,equity,web_csv
2026-06-17,GDXJ,SGD CN,Snowline Gold Corp,CA83342V1040,,3029342.0,27763387.0,0.34,CAD,Materials,Canada,,equity,web_csv
2026-06-17,GDXJ,SKE,Skeena Resources Ltd,CA83056P7157,,2298736.0,68962080.0,0.85,USD,Materials,Canada,,equity,web_csv
2026-06-17,GDXJ,SSRM,Ssr Mining Inc,CA7847301032,,4052199.0,128738362.0,1.59,USD,Materials,Canada,,equity,web_csv
2026-06-17,GDXJ,SVM,Silvercorp Metals Inc,CA82835P1036,,5580179.0,66292527.0,0.82,USD,Materials,Canada,,equity,web_csv
2026-06-17,GDXJ,SXGC CN,Southern Cross Gold Consolidated Ltd,CA8426851090,,5823398.0,40079731.0,0.49,CAD,Materials,Canada,,equity,web_csv
2026-06-17,GDXJ,TFPM,Triple Flag Precious Metals Corp,CA89679M1041,,1826496.0,55817718.0,0.69,USD,Materials,Canada,,equity,web_csv
2026-06-17,GDXJ,TXG CN,Torex Gold Resources Inc,CA8910546032,,1861710.0,83200020.0,1.03,CAD,Materials,Canada,,equity,web_csv
2026-06-17,GDXJ,USAS,Americas Gold & Silver Corp,CA03062D8035,,6396035.0,36841162.0,0.45,USD,Materials,Canada,,equity,web_csv
2026-06-17,GDXJ,USAU,Us Gold Corp,US90291C2017,,325217.0,5252255.0,0.06,USD,Materials,United States,,equity,web_csv
2026-06-17,GDXJ,VAU AU,Vault Minerals Ltd,AU0000427775,,20275617.0,69299713.0,0.85,AUD,Materials,Australia,,equity,web_csv
2026-06-17,GDXJ,VGC CN,Valor Gold Corp,CA9199211066,,1002769.0,2889371.0,0.04,CAD,,Canada,,equity,web_csv
2026-06-17,GDXJ,VGCX CN,Victoria Gold Corp/Vancouver,CA92625W5072,,1722275.0,1.0,0.0,CAD,Materials,Canada,,equity,web_csv
2026-06-17,GDXJ,VOXR,Vox Royalty Corp,CA92919F1036,,1159536.0,6215113.0,0.08,USD,Materials,Australia,,equity,web_csv
2026-06-17,GDXJ,VZLA,Vizsla Silver Corp,CA92859G6085,,8211263.0,29396322.0,0.36,USD,Materials,Canada,,equity,web_csv
2026-06-17,GDXJ,WAF AU,West African Resources Ltd,AU000000WAF6,,19916139.0,44749497.0,0.55,AUD,Materials,Australia,,equity,web_csv
2026-06-17,GDXJ,WDO CN,Wesdome Gold Mines Ltd/Canada,CA95083R1001,,3419810.0,63415634.0,0.78,CAD,Materials,Canada,,equity,web_csv
2026-06-17,GDXJ,WGX AU,Westgold Resources Ltd,AU000000WGX6,,16950304.0,62830623.0,0.77,AUD,Materials,Australia,,equity,web_csv
2026-06-17,GDXJ,WRLG CN,West Red Lake Gold Mines Ltd,CA95556L1013,,8904124.0,4508900.0,0.06,CAD,Materials,Canada,,equity,web_csv
2026-06-17,GDXJ,,Other/Cash,CASH,,0.0,11277626.0,0.14,USD,,,,cash,web_csv
2026-06-18,GDXJ,AGI,Alamos Gold Inc,CA0115321089,,14603929.0,530706780.0,6.78,USD,Materials,Canada,Stock,equity,web_csv
2026-06-18,GDXJ,EVN AU,Evolution Mining Ltd,AU000000EVN4,,54838895.0,494385606.0,6.32,AUD,Materials,Australia,Stock,equity,web_csv
2026-06-18,GDXJ,EQX,Equinox Gold Corp,CA29446Y5020,,45973208.0,483178416.0,6.17,USD,Materials,Canada,Stock,equity,web_csv
2026-06-18,GDXJ,EDV LN,Endeavour Mining Plc,GB00BL6K5J42,,7740147.0,425945244.0,5.44,GBP,Materials,United Kingdom,Stock,equity,web_csv
2026-06-18,GDXJ,CDE,Coeur Mining Inc,US1921085049,,22423910.0,392642664.0,5.02,USD,Materials,United States,Stock,equity,web_csv
2026-06-18,GDXJ,PE&OLES* MF,Industrias Penoles Sab De Cv,MXP554091415,,4692613.0,218110241.0,2.79,MXN,Materials,Mexico,Stock,equity,web_csv
2026-06-18,GDXJ,AG,First Majestic Silver Corp,CA32076V1031,,11403896.0,205270128.0,2.62,USD,Materials,Canada,Stock,equity,web_csv
2026-06-18,GDXJ,IAG,Iamgold Corp,CA4509131088,,11766032.0,198610620.0,2.54,USD,Materials,Burkina Faso,Stock,equity,web_csv
2026-06-18,GDXJ,HL,Hecla Mining Co,US4227041062,,12129681.0,193589709.0,2.47,USD,Materials,United States,Stock,equity,web_csv
2026-06-18,GDXJ,EGO,Eldorado Gold Corp,CA2849025093,,5703736.0,188508475.0,2.41,USD,Materials,Turkey,Stock,equity,web_csv
2026-06-18,GDXJ,HMY,Harmony Gold Mining Co Ltd,US4132163001,,9610647.0,163477105.0,2.09,USD,Materials,South Africa,Stock,equity,web_csv
2026-06-18,GDXJ,LUG CN,Lundin Gold Inc,CA5503711080,,2551372.0,145389986.0,1.86,CAD,Materials,Canada,Stock,equity,web_csv
2026-06-18,GDXJ,OGC CN,Oceanagold Corp,CA6752224007,,5115697.0,135360629.0,1.73,CAD,Materials,Canada,Stock,equity,web_csv
2026-06-18,GDXJ,BTG,B2gold Corp,CA11777Q2099,,29142932.0,125314608.0,1.6,USD,Materials,Canada,Stock,equity,web_csv
2026-06-18,GDXJ,SSRM,Ssr Mining Inc,CA7847301032,,4017751.0,124349393.0,1.59,USD,Materials,Canada,Stock,equity,web_csv
2026-06-18,GDXJ,DPM CN,Dundee Precious Metals Inc,CA26139R1091,,3838074.0,122703113.0,1.57,CAD,Materials,Canada,Stock,equity,web_csv
2026-06-18,GDXJ,GMIN CN,G Mining Ventures Corp,CA36270K1021,,4059330.0,119627976.0,1.53,CAD,Materials,Canada,Stock,equity,web_csv
2026-06-18,GDXJ,BVN,Cia De Minas Buenaventura Saa,US2044481040,,3642567.0,118674833.0,1.52,USD,Materials,Peru,Stock,equity,web_csv
2026-06-18,GDXJ,GGP AU,Greatland Resources Ltd,AU0000397705,,11186353.0,108726773.0,1.39,AUD,Materials,Australia,Stock,equity,web_csv
2026-06-18,GDXJ,OR,Or Royalties Inc,CA68390D1069,,3109115.0,108383749.0,1.38,USD,Materials,Canada,Stock,equity,web_csv
2026-06-18,GDXJ,DSV CN,Discovery Silver Corp,CA2546771072,,16893748.0,104453005.0,1.33,CAD,Materials,Canada,Stock,equity,web_csv
2026-06-18,GDXJ,1818 HK,Zhaojin Mining Industry Co Ltd,CNE1000004R6,,41305200.0,102637239.0,1.31,HKD,Materials,China,Stock,equity,web_csv
2026-06-18,GDXJ,PRU AU,Perseus Mining Ltd,AU000000PRU3,,24888590.0,94136985.0,1.2,AUD,Materials,Australia,Stock,equity,web_csv
2026-06-18,GDXJ,RMS AU,Ramelius Resources Ltd,AU000000RMS4,,37662506.0,82609919.0,1.06,AUD,Materials,Australia,Stock,equity,web_csv
2026-06-18,GDXJ,MAU CN,Montage Gold Corp,CA61178L1013,,7179538.0,82120145.0,1.05,CAD,Materials,Côte D'Ivoire,Stock,equity,web_csv
2026-06-18,GDXJ,ARMN,Aris Mining Corp,CA04040Y1097,,4827184.0,80227798.0,1.02,USD,Materials,Colombia,Stock,equity,web_csv
2026-06-18,GDXJ,ARTG CN,Artemis Gold Inc,CA04302L1004,,3452863.0,79941989.0,1.02,CAD,Materials,Canada,Stock,equity,web_csv
2026-06-18,GDXJ,KNT CN,K92 Mining Inc,CA4991131083,,4801995.0,78902429.0,1.01,CAD,Materials,Canada,Stock,equity,web_csv
2026-06-18,GDXJ,GMD AU,Genesis Minerals Ltd,AU000000GMD9,,18364590.0,77682807.0,0.99,AUD,Materials,Australia,Stock,equity,web_csv
2026-06-18,GDXJ,TXG CN,Torex Gold Resources Inc,CA8910546032,,1736119.0,74672975.0,0.95,CAD,Materials,Canada,Stock,equity,web_csv
2026-06-18,GDXJ,CMM AU,Capricorn Metals Ltd,AU000000CMM9,,7917228.0,74104121.0,0.95,AUD,Materials,Australia,Stock,equity,web_csv
2026-06-18,GDXJ,VAU AU,Vault Minerals Ltd,AU0000427775,,20011765.0,69181844.0,0.88,AUD,Materials,Australia,Stock,equity,web_csv
2026-06-18,GDXJ,BRMS IJ,Bumi Resources Minerals Tbk Pt,ID1000117609,,1816091000.0,68664246.0,0.88,IDR,Materials,Indonesia,Stock,equity,web_csv
2026-06-18,GDXJ,SKE,Skeena Resources Ltd,CA83056P7157,,2386772.0,68500356.0,0.88,USD,Materials,Canada,Stock,equity,web_csv
2026-06-18,GDXJ,RRL AU,Regis Resources Ltd,AU000000RRL8,,14068268.0,67894101.0,0.87,AUD,Materials,Australia,Stock,equity,web_csv
2026-06-18,GDXJ,CGAU,Centerra Gold Inc,CA1520061021,,3898573.0,64599355.0,0.83,USD,Materials,Canada,Stock,equity,web_csv
2026-06-18,GDXJ,AYA CN,Aya Gold & Silver Inc,CA05466C1095,,3238342.0,64493911.0,0.82,CAD,Materials,Canada,Stock,equity,web_csv
2026-06-18,GDXJ,SA,Seabridge Gold Inc,CA8119271028,,2082696.0,61751936.0,0.79,USD,Materials,Canada,Stock,equity,web_csv
2026-06-18,GDXJ,FSM,Fortuna Silver Mines Inc,CA3499421020,,6658664.0,61659229.0,0.79,USD,Materials,Canada,Stock,equity,web_csv
2026-06-18,GDXJ,AUGO,Aura Minerals Inc,VGG069731120,,969207.0,61583413.0,0.79,USD,Materials,United States,Stock,equity,web_csv
2026-06-18,GDXJ,WDO CN,Wesdome Gold Mines Ltd/Canada,CA95083R1001,,3352964.0,58987659.0,0.75,CAD,Materials,Canada,Stock,equity,web_csv
2026-06-18,GDXJ,ORLA,Orla Mining Ltd,CA68634K1066,,5658710.0,58737410.0,0.75,USD,Materials,Mexico,Stock,equity,web_csv
2026-06-18,GDXJ,SVM,Silvercorp Metals Inc,CA82835P1036,,5120334.0,57962181.0,0.74,USD,Materials,Canada,Stock,equity,web_csv
2026-06-18,GDXJ,HOC LN,Hochschild Mining Plc,GB00B1FW5029,,7366068.0,55695089.0,0.71,GBP,Materials,Peru,Stock,equity,web_csv
2026-06-18,GDXJ,WGX AU,Westgold Resources Ltd,AU000000WGX6,,15674006.0,55373378.0,0.71,AUD,Materials,Australia,Stock,equity,web_csv
2026-06-18,GDXJ,EXK,Endeavour Silver Corp,CA29258Y1034,,6404792.0,55145259.0,0.7,USD,Materials,Canada,Stock,equity,web_csv
2026-06-18,GDXJ,EMAS IJ,Merdeka Gold Resources Tbk Pt,ID1000211600,,137026900.0,55025626.0,0.7,IDR,Materials,Indonesia,Stock,equity,web_csv
2026-06-18,GDXJ,TFPM,Triple Flag Precious Metals Corp,CA89679M1041,,1818388.0,54642559.0,0.7,USD,Materials,Canada,Stock,equity,web_csv
2026-06-18,GDXJ,PPTA,Perpetua Resources Corp,CA7142661031,,2136285.0,51954451.0,0.66,USD,Materials,United States,Stock,equity,web_csv
2026-06-18,GDXJ,NG,Novagold Resources Inc,CA66987E2069,,6506312.0,50749234.0,0.65,USD,Materials,Canada,Stock,equity,web_csv
2026-06-18,GDXJ,EMR AU,Emerald Resources Nl,AU000000EMR4,,11458308.0,48767880.0,0.62,AUD,Materials,Australia,Stock,equity,web_csv
2026-06-18,GDXJ,PDI AU,Predictive Discovery Ltd,AU000000PDI8,,72511549.0,47974409.0,0.61,AUD,Materials,Australia,Stock,equity,web_csv
2026-06-18,GDXJ,AAUC,Allied Gold Corp,CA01921D2041,,1867822.0,47890956.0,0.61,USD,Materials,Canada,Stock,equity,web_csv
2026-06-18,GDXJ,3939 HK,Wanguo Gold Group Ltd,KYG9430L1150,,35470500.0,42840914.0,0.55,HKD,Materials,China,Stock,equity,web_csv
2026-06-18,GDXJ,PAF LN,Pan African Resources Plc,GB0004300496,,28576849.0,42608297.0,0.54,GBP,Materials,United Kingdom,Stock,equity,web_csv
2026-06-18,GDXJ,SXGC CN,Southern Cross Gold Consolidated Ltd,CA8426851090,,6006915.0,40373684.0,0.52,CAD,Materials,Canada,Stock,equity,web_csv
2026-06-18,GDXJ,WAF AU,West African Resources Ltd,AU000000WAF6,,16686793.0,37233712.0,0.48,AUD,Materials,Australia,Stock,equity,web_csv
2026-06-18,GDXJ,HYMC,Hycroft Mining Holding Corp,US44862P2083,,1355437.0,35254916.0,0.45,USD,Materials,United States,Stock,equity,web_csv
2026-06-18,GDXJ,USAS,Americas Gold & Silver Corp,CA03062D8035,,6546014.0,35086635.0,0.45,USD,Materials,Canada,Stock,equity,web_csv
2026-06-18,GDXJ,ABRA CN,Abrasilver Resource Corp,CA00379L3048,,3318672.0,31777645.0,0.41,CAD,Materials,Canada,Stock,equity,web_csv
2026-06-18,GDXJ,OBM AU,Ora Banda Mining Ltd,AU0000050130,,34374991.0,30368660.0,0.39,AUD,Materials,Australia,Stock,equity,web_csv
2026-06-18,GDXJ,RSG AU,Resolute Mining Ltd,AU000000RSG6,,37561407.0,29724571.0,0.38,AUD,Materials,Australia,Stock,equity,web_csv
2026-06-18,GDXJ,VZLA,Vizsla Silver Corp,CA92859G6085,,8296264.0,29451737.0,0.38,USD,Materials,Canada,Stock,equity,web_csv
2026-06-18,GDXJ,IAUX,I-80 Gold Corp,CA44955L1067,,18174043.0,28169767.0,0.36,USD,Materials,United States,Stock,equity,web_csv
2026-06-18,GDXJ,ASM,Avino Silver & Gold Mines Ltd,CA0539061030,,4238638.0,27720693.0,0.35,USD,Materials,Mexico,Stock,equity,web_csv
2026-06-18,GDXJ,SGD CN,Snowline Gold Corp,CA83342V1040,,3091477.0,27631602.0,0.35,CAD,Materials,Canada,Stock,equity,web_csv
2026-06-18,GDXJ,KOZAL TI,Koza Altin Isletmeleri As,TREKOAL00014,,24133537.0,26897378.0,0.34,TRY,Materials,Turkey,Stock,equity,web_csv
2026-06-18,GDXJ,GGD CN,Gogold Resources Inc,CA38045Y1025,,10888046.0,26449944.0,0.34,CAD,Materials,United States,Stock,equity,web_csv
2026-06-18,GDXJ,BGL AU,Bellevue Gold Ltd,AU0000019374,,25083347.0,26357685.0,0.34,AUD,Materials,Australia,Stock,equity,web_csv
2026-06-18,GDXJ,ALK AU,Alkane Resources Ltd,AU000000ALK9,,23313815.0,26132216.0,0.33,AUD,Materials,Australia,Stock,equity,web_csv
2026-06-18,GDXJ,CYL AU,Catalyst Metals Ltd,AU000000CYL6,,5899279.0,25992521.0,0.33,AUD,Materials,Australia,Stock,equity,web_csv
2026-06-18,GDXJ,GTWO CN,G2 Goldfields Inc,CA36256R1055,,3701777.0,25614477.0,0.33,CAD,Materials,Canada,Stock,equity,web_csv
2026-06-18,GDXJ,MUX,Mcewen Mining Inc,US58039P3055,,1291726.0,25033650.0,0.32,USD,Materials,Canada,Stock,equity,web_csv
2026-06-18,GDXJ,KCN AU,Kingsgate Consolidated Ltd,AU000000KCN1,,6285565.0,24170976.0,0.31,AUD,Materials,Australia,Stock,equity,web_csv
2026-06-18,GDXJ,DRD,Drdgold Ltd,US26152H3012,,979558.0,23871828.0,0.3,USD,Materials,South Africa,Stock,equity,web_csv
2026-06-18,GDXJ,ORE CN,Orezone Gold Corp,CA68616T1093,,12721048.0,21893230.0,0.28,CAD,Materials,Canada,Stock,equity,web_csv
2026-06-18,GDXJ,6693 HK,Chifeng Jilong Gold Mining Co Ltd,CNE100006T51,,5050600.0,17410963.0,0.22,HKD,Materials,China,Stock,equity,web_csv
2026-06-18,GDXJ,DC,Dakota Gold Corp,US46655E1001,,3164702.0,15601981.0,0.2,USD,Materials,Canada,Stock,equity,web_csv
2026-06-18,GDXJ,CNL CN,Collective Mining Ltd,CA19425C1005,,1048063.0,14429934.0,0.18,CAD,Materials,Canada,Stock,equity,web_csv
2026-06-18,GDXJ,340 HK,Tongguan Gold Group Ltd,BMG8919D1074,,60108000.0,14342334.0,0.18,HKD,Materials,China,Stock,equity,web_csv
2026-06-18,GDXJ,ODV,Osisko Development Corp,CA68828E8099,,4980745.0,13198974.0,0.17,USD,Materials,Canada,Stock,equity,web_csv
2026-06-18,GDXJ,GROY,Gold Royalty Corp,CA38071H1064,,4525180.0,12987267.0,0.17,USD,Materials,Canada,Stock,equity,web_csv
2026-06-18,GDXJ,MTA,Metalla Royalty & Streaming Ltd,CA59124U6051,,1739355.0,12923408.0,0.17,USD,Materials,Canada,Stock,equity,web_csv
2026-06-18,GDXJ,KOZAA TI,Koza Anadolu Metal Madencilik Isletmele,TREKOZA00014,,4679215.0,12236032.0,0.16,TRY,Materials,Turkey,Stock,equity,web_csv
2026-06-18,GDXJ,CTGO,Contango Ore Inc,US21077F1003,,719944.0,12224649.0,0.16,USD,Materials,United States,Stock,equity,web_csv
2026-06-18,GDXJ,IDR,Idaho Strategic Resources Inc,US6458272050,,329912.0,11692081.0,0.15,USD,Materials,United States,Stock,equity,web_csv
2026-06-18,GDXJ,BC8 AU,Black Cat Syndicate Ltd,AU000000BC88,,15928677.0,11494204.0,0.15,AUD,Materials,Australia,Stock,equity,web_csv
2026-06-18,GDXJ,ITRG,Integra Resources Corp,CA45826T5098,,4320408.0,11319469.0,0.14,USD,Materials,Canada,Stock,equity,web_csv
2026-06-18,GDXJ,PNR AU,Pantoro Gold Ltd,AU000000PNR8,,5786028.0,11296658.0,0.14,AUD,Materials,Australia,Stock,equity,web_csv
2026-06-18,GDXJ,NFGC,New Found Gold Corp,CA64440N1033,,6947496.0,11254944.0,0.14,USD,Materials,Canada,Stock,equity,web_csv
2026-06-18,GDXJ,SBM AU,St Barbara Ltd,AU000000SBM8,,24311537.0,10217362.0,0.13,AUD,Materials,Australia,Stock,equity,web_csv
2026-06-18,GDXJ,DTR AU,Dateline Resources Ltd,AU000000DTR1,,71974241.0,8546543.0,0.11,AUD,Materials,Australia,Stock,equity,web_csv
2026-06-18,GDXJ,GAU,Galiano Gold Inc,CA36352H1001,,3808665.0,8379063.0,0.11,USD,Materials,Canada,Stock,equity,web_csv
2026-06-18,GDXJ,CMCL,Caledonia Mining Corp Plc,JE00BF0XVB15,,373748.0,7796383.0,0.1,USD,Materials,Jersey,Stock,equity,web_csv
2026-06-18,GDXJ,LUNR CN,Lunr Royalties Corp,CA5504281067,,539424.0,7583527.0,0.1,CAD,,Canada,Stock,equity,web_csv
2026-06-18,GDXJ,AMI AU,Aurelia Metals Ltd,AU000000AMI1,,30208421.0,6709879.0,0.09,AUD,Materials,Australia,Stock,equity,web_csv
2026-06-18,GDXJ,ASL AU,Andean Silver Ltd,AU0000343253,,4006119.0,6584761.0,0.08,AUD,Materials,Australia,Stock,equity,web_csv
2026-06-18,GDXJ,APM CN,Andean Precious Metals Corp,CA03349X1015,,1504788.0,6362537.0,0.08,CAD,Materials,Canada,Stock,equity,web_csv
2026-06-18,GDXJ,CNMC SP,Cnmc Goldmine Holdings Ltd,,,6719600.0,6282186.0,0.08,SGD,Materials,Singapore,Stock,equity,web_csv
2026-06-18,GDXJ,VOXR,Vox Royalty Corp,CA92919F1036,,1160815.0,5896940.0,0.08,USD,Materials,Australia,Stock,equity,web_csv
2026-06-18,GDXJ,AZY AU,Antipa Minerals Ltd,AU000000AZY0,,12333049.0,5429923.0,0.07,AUD,Materials,Australia,Stock,equity,web_csv
2026-06-18,GDXJ,MEK AU,Meeka Metals Ltd,AU0000192726,,65895870.0,5232447.0,0.07,AUD,Materials,Australia,Stock,equity,web_csv
2026-06-18,GDXJ,USAU,Us Gold Corp,US90291C2017,,323653.0,5129900.0,0.07,USD,Materials,United States,Stock,equity,web_csv
2026-06-18,GDXJ,GLDG,Goldmining Inc,CA38149E1016,,5381315.0,5128931.0,0.07,USD,Materials,Canada,Stock,equity,web_csv
2026-06-18,GDXJ,LUCA CN,Luca Mining Corp,CA54929M1068,,6009710.0,4681951.0,0.06,CAD,Materials,Mexico,Stock,equity,web_csv
2026-06-18,GDXJ,FDR CN,Founders Metals Inc,CA3505901056,,1487723.0,4235735.0,0.05,CAD,Materials,Canada,Stock,equity,web_csv
2026-06-18,GDXJ,WRLG CN,West Red Lake Gold Mines Ltd,CA95556L1013,,8398680.0,4044833.0,0.05,CAD,Materials,Canada,Stock,equity,web_csv
2026-06-18,GDXJ,8299 HK,Gt Gold Holdings Ltd,KYG4136P1303,,111456000.0,4024811.0,0.05,HKD,Materials,China,Stock,equity,web_csv
2026-06-18,GDXJ,ARCI IJ,Archi Indonesia Tbk Pt,ID1000161003,,63702000.0,3981686.0,0.05,IDR,Materials,Indonesia,Stock,equity,web_csv
2026-06-18,GDXJ,VGC CN,Valor Gold Corp,CA9199211066,,994513.0,2584980.0,0.03,CAD,,Canada,Stock,equity,web_csv
2026-06-18,GDXJ,FFX AU,Firefinch Ltd,AU0000114522,,54133739.0,2315781.0,0.03,AUD,Materials,Australia,Stock,equity,web_csv
2026-06-18,GDXJ,PSAB IJ,J Resources Asia Pasific Tbk Pt,ID1000094709,,66466100.0,1677983.0,0.02,IDR,Materials,Indonesia,Stock,equity,web_csv
2026-06-18,GDXJ,FMR CN,Future Mineral Resources Inc,CA3611551043,,168999.0,31120.0,0.0,CAD,Materials,Canada,Stock,equity,web_csv
2026-06-18,GDXJ,NIX CN,Archer Exploration Corp,CA66860Q1028,,179304.0,18414.0,0.0,CAD,Materials,Canada,Stock,equity,web_csv
2026-06-18,GDXJ,VGCX CN,Victoria Gold Corp/Vancouver,CA92625W5072,,1722275.0,1.0,0.0,CAD,Materials,Canada,Stock,equity,web_csv
2026-06-18,GDXJ,ASM AU,Australian Strategic Materials Ltd,AU0000094153,,1.0,1.0,0.0,AUD,Materials,Australia,Stock,equity,web_csv
2026-06-18,GDXJ,-GBP CASH-,,CASH,,5979408.0,7923608.0,0.1,GBP,,United Kingdom,Cash Bal,cash,web_csv
2026-06-18,GDXJ,-CAD CASH-,,CASH,,6001096.0,4250219.0,0.05,CAD,,Canada,Cash Bal,cash,web_csv
2026-06-18,GDXJ,-TRY CASH-,,CASH,,0.0,0.0,0.0,TRY,,Turkey,Cash Bal,cash,web_csv
2026-06-18,GDXJ,-MXN CASH-,,CASH,,-3639.0,-210.0,0.0,MXN,,Mexico,Cash Bal,cash,web_csv
2026-06-18,GDXJ,-BRL CASH-,,CASH,,-672.0,-130.0,0.0,BRL,,Brazil,Cash Bal,cash,web_csv
2026-06-18,GDXJ,-USD CASH-,,CASH,,-10885437.0,-10885437.0,-0.14,USD,,United States,Cash Bal,cash,web_csv
2026-06-18,GDXJ,,Other/Cash,CASH,,0.0,9382099.0,0.12,USD,,,Cash,cash,web_csv
2026-06-22,GDXJ,EVN AU,Evolution Mining Ltd,AU000000EVN4,,54611153.0,500471811.0,6.51,AUD,Materials,Australia,Stock,equity,web_csv
2026-06-22,GDXJ,EQX,Equinox Gold Corp,CA29446Y5020,,45782180.0,469267345.0,6.11,USD,Materials,Canada,Stock,equity,web_csv
2026-06-22,GDXJ,AGI,Alamos Gold Inc,CA0115321089,,14543293.0,465967108.0,6.07,USD,Materials,Canada,Stock,equity,web_csv
2026-06-22,GDXJ,EDV LN,Endeavour Mining Plc,GB00BL6K5J42,,7708017.0,412495541.0,5.37,GBP,Materials,United Kingdom,Stock,equity,web_csv
2026-06-22,GDXJ,CDE,Coeur Mining Inc,US1921085049,,22331126.0,390124771.0,5.08,USD,Materials,United States,Stock,equity,web_csv
2026-06-22,GDXJ,PE&OLES* MF,Industrias Penoles Sab De Cv,MXP554091415,,4673113.0,214070652.0,2.79,MXN,Materials,Mexico,Stock,equity,web_csv
2026-06-22,GDXJ,AG,First Majestic Silver Corp,CA32076V1031,,11356562.0,201238279.0,2.62,USD,Materials,Canada,Stock,equity,web_csv
2026-06-22,GDXJ,IAG,Iamgold Corp,CA4509131088,,11717168.0,198137311.0,2.58,USD,Materials,Burkina Faso,Stock,equity,web_csv
2026-06-22,GDXJ,HL,Hecla Mining Co,US4227041062,,12079281.0,193026910.0,2.51,USD,Materials,United States,Stock,equity,web_csv
2026-06-22,GDXJ,EGO,Eldorado Gold Corp,CA2849025093,,5680036.0,183862765.0,2.39,USD,Materials,Turkey,Stock,equity,web_csv
2026-06-22,GDXJ,HMY,Harmony Gold Mining Co Ltd,US4132163001,,9570771.0,154472244.0,2.01,USD,Materials,South Africa,Stock,equity,web_csv
2026-06-22,GDXJ,LUG CN,Lundin Gold Inc,CA5503711080,,2540770.0,144722633.0,1.88,CAD,Materials,Canada,Stock,equity,web_csv
2026-06-22,GDXJ,OGC CN,Oceanagold Corp,CA6752224007,,5094445.0,133948769.0,1.74,CAD,Materials,Canada,Stock,equity,web_csv
2026-06-22,GDXJ,DPM CN,Dundee Precious Metals Inc,CA26139R1091,,3822126.0,128556527.0,1.67,CAD,Materials,Canada,Stock,equity,web_csv
2026-06-22,GDXJ,SSRM,Ssr Mining Inc,CA7847301032,,4001077.0,122913085.0,1.6,USD,Materials,Canada,Stock,equity,web_csv
2026-06-22,GDXJ,BTG,B2gold Corp,CA11777Q2099,,29021948.0,121892182.0,1.59,USD,Materials,Canada,Stock,equity,web_csv
2026-06-22,GDXJ,GMIN CN,G Mining Ventures Corp,CA36270K1021,,4042458.0,120828133.0,1.57,CAD,Materials,Canada,Stock,equity,web_csv
2026-06-22,GDXJ,BVN,Cia De Minas Buenaventura Saa,US2044481040,,3627471.0,117566335.0,1.53,USD,Materials,Peru,Stock,equity,web_csv
2026-06-22,GDXJ,GGP AU,Greatland Resources Ltd,AU0000397705,,11139883.0,106601337.0,1.39,AUD,Materials,Australia,Stock,equity,web_csv
2026-06-22,GDXJ,OR,Or Royalties Inc,CA68390D1069,,3096197.0,104930116.0,1.37,USD,Materials,Canada,Stock,equity,web_csv
2026-06-22,GDXJ,DSV CN,Discovery Silver Corp,CA2546771072,,16823512.0,102591089.0,1.34,CAD,Materials,Canada,Stock,equity,web_csv
2026-06-22,GDXJ,1818 HK,Zhaojin Mining Industry Co Ltd,CNE1000004R6,,41134200.0,100119192.0,1.3,HKD,Materials,China,Stock,equity,web_csv
2026-06-22,GDXJ,PRU AU,Perseus Mining Ltd,AU000000PRU3,,24785108.0,95028897.0,1.24,AUD,Materials,Australia,Stock,equity,web_csv
2026-06-22,GDXJ,RMS AU,Ramelius Resources Ltd,AU000000RMS4,,37506146.0,84568467.0,1.1,AUD,Materials,Australia,Stock,equity,web_csv
2026-06-22,GDXJ,MAU CN,Montage Gold Corp,CA61178L1013,,7149682.0,83864274.0,1.09,CAD,Materials,Côte D'Ivoire,Stock,equity,web_csv
2026-06-22,GDXJ,ARTG CN,Artemis Gold Inc,CA04302L1004,,3438517.0,80058744.0,1.04,CAD,Materials,Canada,Stock,equity,web_csv
2026-06-22,GDXJ,GMD AU,Genesis Minerals Ltd,AU000000GMD9,,18288288.0,79752763.0,1.04,AUD,Materials,Australia,Stock,equity,web_csv
2026-06-22,GDXJ,KNT CN,K92 Mining Inc,CA4991131083,,4782039.0,79644332.0,1.04,CAD,Materials,Canada,Stock,equity,web_csv
2026-06-22,GDXJ,ARMN,Aris Mining Corp,CA04040Y1097,,4807150.0,79029546.0,1.03,USD,Materials,Colombia,Stock,equity,web_csv
2026-06-22,GDXJ,CMM AU,Capricorn Metals Ltd,AU000000CMM9,,7884336.0,75448352.0,0.98,AUD,Materials,Australia,Stock,equity,web_csv
2026-06-22,GDXJ,TXG CN,Torex Gold Resources Inc,CA8910546032,,1728907.0,72677132.0,0.95,CAD,Materials,Canada,Stock,equity,web_csv
2026-06-22,GDXJ,RRL AU,Regis Resources Ltd,AU000000RRL8,,14009786.0,69787637.0,0.91,AUD,Materials,Australia,Stock,equity,web_csv
2026-06-22,GDXJ,VAU AU,Vault Minerals Ltd,AU0000427775,,19928623.0,68638875.0,0.89,AUD,Materials,Australia,Stock,equity,web_csv
2026-06-22,GDXJ,SKE,Skeena Resources Ltd,CA83056P7157,,2376860.0,66670923.0,0.87,USD,Materials,Canada,Stock,equity,web_csv
2026-06-22,GDXJ,BRMS IJ,Bumi Resources Minerals Tbk Pt,ID1000117609,,1808544200.0,64773843.0,0.84,IDR,Materials,Indonesia,Stock,equity,web_csv
2026-06-22,GDXJ,CGAU,Centerra Gold Inc,CA1520061021,,3882409.0,64409165.0,0.84,USD,Materials,Canada,Stock,equity,web_csv
2026-06-22,GDXJ,AYA CN,Aya Gold & Silver Inc,CA05466C1095,,3224878.0,63645310.0,0.83,CAD,Materials,Canada,Stock,equity,web_csv
2026-06-22,GDXJ,AUGO,Aura Minerals Inc,VGG069731120,,965187.0,62988104.0,0.82,USD,Materials,United States,Stock,equity,web_csv
2026-06-22,GDXJ,SA,Seabridge Gold Inc,CA8119271028,,2074050.0,60873368.0,0.79,USD,Materials,Canada,Stock,equity,web_csv
2026-06-22,GDXJ,FSM,Fortuna Silver Mines Inc,CA3499421020,,6631010.0,60010641.0,0.78,USD,Materials,Canada,Stock,equity,web_csv
2026-06-22,GDXJ,WDO CN,Wesdome Gold Mines Ltd/Canada,CA95083R1001,,3339032.0,59787359.0,0.78,CAD,Materials,Canada,Stock,equity,web_csv
2026-06-22,GDXJ,ORLA,Orla Mining Ltd,CA68634K1066,,5635238.0,57648485.0,0.75,USD,Materials,Mexico,Stock,equity,web_csv
2026-06-22,GDXJ,SVM,Silvercorp Metals Inc,CA82835P1036,,5099100.0,56956947.0,0.74,USD,Materials,Canada,Stock,equity,web_csv
2026-06-22,GDXJ,WGX AU,Westgold Resources Ltd,AU000000WGX6,,15608924.0,56629534.0,0.74,AUD,Materials,Australia,Stock,equity,web_csv
2026-06-22,GDXJ,EXK,Endeavour Silver Corp,CA29258Y1034,,6378230.0,54533867.0,0.71,USD,Materials,Canada,Stock,equity,web_csv
2026-06-22,GDXJ,TFPM,Triple Flag Precious Metals Corp,CA89679M1041,,1810840.0,54071682.0,0.7,USD,Materials,Canada,Stock,equity,web_csv
2026-06-22,GDXJ,EMAS IJ,Merdeka Gold Resources Tbk Pt,ID1000211600,,136458100.0,53695796.0,0.7,IDR,Materials,Indonesia,Stock,equity,web_csv
2026-06-22,GDXJ,HOC LN,Hochschild Mining Plc,GB00B1FW5029,,7335462.0,53574519.0,0.7,GBP,Materials,Peru,Stock,equity,web_csv
2026-06-22,GDXJ,PPTA,Perpetua Resources Corp,CA7142661031,,2127417.0,50632525.0,0.66,USD,Materials,United States,Stock,equity,web_csv
2026-06-22,GDXJ,PDI AU,Predictive Discovery Ltd,AU000000PDI8,,72210277.0,49054099.0,0.64,AUD,Materials,Australia,Stock,equity,web_csv
2026-06-22,GDXJ,NG,Novagold Resources Inc,CA66987E2069,,6479294.0,48983463.0,0.64,USD,Materials,Canada,Stock,equity,web_csv
2026-06-22,GDXJ,EMR AU,Emerald Resources Nl,AU000000EMR4,,11410722.0,48733473.0,0.63,AUD,Materials,Australia,Stock,equity,web_csv
2026-06-22,GDXJ,AAUC,Allied Gold Corp,CA01921D2041,,1860070.0,48008407.0,0.62,USD,Materials,Canada,Stock,equity,web_csv
2026-06-22,GDXJ,PAF LN,Pan African Resources Plc,GB0004300496,,28458361.0,41267126.0,0.54,GBP,Materials,United Kingdom,Stock,equity,web_csv
2026-06-22,GDXJ,SXGC CN,Southern Cross Gold Consolidated Ltd,CA8426851090,,5981949.0,41085744.0,0.53,CAD,Materials,Canada,Stock,equity,web_csv
2026-06-22,GDXJ,3939 HK,Wanguo Gold Group Ltd,KYG9430L1150,,35323500.0,40184126.0,0.52,HKD,Materials,China,Stock,equity,web_csv
2026-06-22,GDXJ,WAF AU,West African Resources Ltd,AU000000WAF6,,16617571.0,37653716.0,0.49,AUD,Materials,Australia,Stock,equity,web_csv
2026-06-22,GDXJ,USAS,Americas Gold & Silver Corp,CA03062D8035,,6518840.0,34745417.0,0.45,USD,Materials,Canada,Stock,equity,web_csv
2026-06-22,GDXJ,HYMC,Hycroft Mining Holding Corp,US44862P2083,,1349809.0,33812715.0,0.44,USD,Materials,United States,Stock,equity,web_csv
2026-06-22,GDXJ,ABRA CN,Abrasilver Resource Corp,CA00379L3048,,3304896.0,32460468.0,0.42,CAD,Materials,Canada,Stock,equity,web_csv
2026-06-22,GDXJ,OBM AU,Ora Banda Mining Ltd,AU0000050130,,34232167.0,31298524.0,0.41,AUD,Materials,Australia,Stock,equity,web_csv
2026-06-22,GDXJ,RSG AU,Resolute Mining Ltd,AU000000RSG6,,37405257.0,30249774.0,0.39,AUD,Materials,Australia,Stock,equity,web_csv
2026-06-22,GDXJ,VZLA,Vizsla Silver Corp,CA92859G6085,,8261830.0,29081642.0,0.38,USD,Materials,Canada,Stock,equity,web_csv
2026-06-22,GDXJ,SGD CN,Snowline Gold Corp,CA83342V1040,,3078631.0,28062705.0,0.37,CAD,Materials,Canada,Stock,equity,web_csv
2026-06-22,GDXJ,IAUX,I-80 Gold Corp,CA44955L1067,,18098599.0,27147899.0,0.35,USD,Materials,United States,Stock,equity,web_csv
2026-06-22,GDXJ,ASM,Avino Silver & Gold Mines Ltd,CA0539061030,,4221046.0,27099115.0,0.35,USD,Materials,Mexico,Stock,equity,web_csv
2026-06-22,GDXJ,ALK AU,Alkane Resources Ltd,AU000000ALK9,,23216855.0,26877415.0,0.35,AUD,Materials,Australia,Stock,equity,web_csv
2026-06-22,GDXJ,KOZAL TI,Koza Altin Isletmeleri As,TREKOAL00014,,24033265.0,26596719.0,0.35,TRY,Materials,Turkey,Stock,equity,web_csv
2026-06-22,GDXJ,GGD CN,Gogold Resources Inc,CA38045Y1025,,10842806.0,26432787.0,0.34,CAD,Materials,United States,Stock,equity,web_csv
2026-06-22,GDXJ,KCN AU,Kingsgate Consolidated Ltd,AU000000KCN1,,6259465.0,25859506.0,0.34,AUD,Materials,Australia,Stock,equity,web_csv
2026-06-22,GDXJ,BGL AU,Bellevue Gold Ltd,AU0000019374,,24979115.0,25615469.0,0.33,AUD,Materials,Australia,Stock,equity,web_csv
2026-06-22,GDXJ,CYL AU,Catalyst Metals Ltd,AU000000CYL6,,5874769.0,25359191.0,0.33,AUD,Materials,Australia,Stock,equity,web_csv
2026-06-22,GDXJ,GTWO CN,G2 Goldfields Inc,CA36256R1055,,3686399.0,25162955.0,0.33,CAD,Materials,Canada,Stock,equity,web_csv
2026-06-22,GDXJ,MUX,Mcewen Mining Inc,US58039P3055,,1286362.0,24530923.0,0.32,USD,Materials,Canada,Stock,equity,web_csv
2026-06-22,GDXJ,DRD,Drdgold Ltd,US26152H3012,,975484.0,22416622.0,0.29,USD,Materials,South Africa,Stock,equity,web_csv
2026-06-22,GDXJ,ORE CN,Orezone Gold Corp,CA68616T1093,,12668146.0,21931146.0,0.29,CAD,Materials,Canada,Stock,equity,web_csv
2026-06-22,GDXJ,6693 HK,Chifeng Jilong Gold Mining Co Ltd,CNE100006T51,,5030200.0,17216398.0,0.22,HKD,Materials,China,Stock,equity,web_csv
2026-06-22,GDXJ,CNL CN,Collective Mining Ltd,CA19425C1005,,1043707.0,14528708.0,0.19,CAD,Materials,Canada,Stock,equity,web_csv
2026-06-22,GDXJ,DC,Dakota Gold Corp,US46655E1001,,3151562.0,14497185.0,0.19,USD,Materials,Canada,Stock,equity,web_csv
2026-06-22,GDXJ,340 HK,Tongguan Gold Group Ltd,BMG8919D1074,,59856000.0,13772377.0,0.18,HKD,Materials,China,Stock,equity,web_csv
2026-06-22,GDXJ,ODV,Osisko Development Corp,CA68828E8099,,4960075.0,12648191.0,0.16,USD,Materials,Canada,Stock,equity,web_csv
2026-06-22,GDXJ,GROY,Gold Royalty Corp,CA38071H1064,,4506394.0,12617903.0,0.16,USD,Materials,Canada,Stock,equity,web_csv
2026-06-22,GDXJ,MTA,Metalla Royalty & Streaming Ltd,CA59124U6051,,1732137.0,12557993.0,0.16,USD,Materials,Canada,Stock,equity,web_csv
2026-06-22,GDXJ,BC8 AU,Black Cat Syndicate Ltd,AU000000BC88,,15862497.0,11879492.0,0.15,AUD,Materials,Australia,Stock,equity,web_csv
2026-06-22,GDXJ,KOZAA TI,Koza Anadolu Metal Madencilik Isletmele,TREKOZA00014,,4659775.0,11634667.0,0.15,TRY,Materials,Turkey,Stock,equity,web_csv
2026-06-22,GDXJ,CTGO,Contango Ore Inc,US21077F1003,,716956.0,11449787.0,0.15,USD,Materials,United States,Stock,equity,web_csv
2026-06-22,GDXJ,IDR,Idaho Strategic Resources Inc,US6458272050,,328544.0,11430046.0,0.15,USD,Materials,United States,Stock,equity,web_csv
2026-06-22,GDXJ,PNR AU,Pantoro Gold Ltd,AU000000PNR8,,5761980.0,11346051.0,0.15,AUD,Materials,Australia,Stock,equity,web_csv
2026-06-22,GDXJ,ITRG,Integra Resources Corp,CA45826T5098,,4302468.0,11272466.0,0.15,USD,Materials,Canada,Stock,equity,web_csv
2026-06-22,GDXJ,NFGC,New Found Gold Corp,CA64440N1033,,6918636.0,11208190.0,0.15,USD,Materials,Canada,Stock,equity,web_csv
2026-06-22,GDXJ,SBM AU,St Barbara Ltd,AU000000SBM8,,24210527.0,9906897.0,0.13,AUD,Materials,Australia,Stock,equity,web_csv
2026-06-22,GDXJ,DTR AU,Dateline Resources Ltd,AU000000DTR1,,71675117.0,8807792.0,0.11,AUD,Materials,Australia,Stock,equity,web_csv
2026-06-22,GDXJ,LUNR CN,Lunr Royalties Corp,CA5504281067,,539424.0,7691895.0,0.1,CAD,,Canada,Stock,equity,web_csv
2026-06-22,GDXJ,CMCL,Caledonia Mining Corp Plc,JE00BF0XVB15,,372194.0,7670918.0,0.1,USD,Materials,Jersey,Stock,equity,web_csv
2026-06-22,GDXJ,GAU,Galiano Gold Inc,CA36352H1001,,3792855.0,7661567.0,0.1,USD,Materials,Canada,Stock,equity,web_csv
2026-06-22,GDXJ,ASL AU,Andean Silver Ltd,AU0000343253,,3989475.0,6786433.0,0.09,AUD,Materials,Australia,Stock,equity,web_csv
2026-06-22,GDXJ,AMI AU,Aurelia Metals Ltd,AU000000AMI1,,30082943.0,6659899.0,0.09,AUD,Materials,Australia,Stock,equity,web_csv
2026-06-22,GDXJ,APM CN,Andean Precious Metals Corp,CA03349X1015,,1498536.0,6279196.0,0.08,CAD,Materials,Canada,Stock,equity,web_csv
2026-06-22,GDXJ,CNMC SP,Cnmc Goldmine Holdings Ltd,,,6691400.0,6162226.0,0.08,SGD,Materials,Singapore,Stock,equity,web_csv
2026-06-22,GDXJ,VOXR,Vox Royalty Corp,CA92919F1036,,1155997.0,5930265.0,0.08,USD,Materials,Australia,Stock,equity,web_csv
2026-06-22,GDXJ,AZY AU,Antipa Minerals Ltd,AU000000AZY0,,12281845.0,5266739.0,0.07,AUD,Materials,Australia,Stock,equity,web_csv
2026-06-22,GDXJ,USAU,Us Gold Corp,US90291C2017,,322309.0,5047359.0,0.07,USD,Materials,United States,Stock,equity,web_csv
2026-06-22,GDXJ,GLDG,Goldmining Inc,CA38149E1016,,5358983.0,4940446.0,0.06,USD,Materials,Canada,Stock,equity,web_csv
2026-06-22,GDXJ,MEK AU,Meeka Metals Ltd,AU0000192726,,65622234.0,4858347.0,0.06,AUD,Materials,Australia,Stock,equity,web_csv
2026-06-22,GDXJ,LUCA CN,Luca Mining Corp,CA54929M1068,,5984726.0,4440335.0,0.06,CAD,Materials,Mexico,Stock,equity,web_csv
2026-06-22,GDXJ,8299 HK,Gt Gold Holdings Ltd,KYG4136P1303,,111024000.0,3981933.0,0.05,HKD,Materials,China,Stock,equity,web_csv
2026-06-22,GDXJ,FDR CN,Founders Metals Inc,CA3505901056,,1481549.0,3946749.0,0.05,CAD,Materials,Canada,Stock,equity,web_csv
2026-06-22,GDXJ,WRLG CN,West Red Lake Gold Mines Ltd,CA95556L1013,,8363802.0,3841486.0,0.05,CAD,Materials,Canada,Stock,equity,web_csv
2026-06-22,GDXJ,ARCI IJ,Archi Indonesia Tbk Pt,ID1000161003,,63438600.0,3731567.0,0.05,IDR,Materials,Indonesia,Stock,equity,web_csv
2026-06-22,GDXJ,VGC CN,Valor Gold Corp,CA9199211066,,990379.0,2785266.0,0.04,CAD,,Canada,Stock,equity,web_csv
2026-06-22,GDXJ,FFX AU,Firefinch Ltd,AU0000114522,,54133739.0,2307387.0,0.03,AUD,Materials,Australia,Stock,equity,web_csv
2026-06-22,GDXJ,PSAB IJ,J Resources Asia Pasific Tbk Pt,ID1000094709,,66190100.0,1593602.0,0.02,IDR,Materials,Indonesia,Stock,equity,web_csv
2026-06-22,GDXJ,FMR CN,Future Mineral Resources Inc,CA3611551043,,168999.0,38213.0,0.0,CAD,Materials,Canada,Stock,equity,web_csv
2026-06-22,GDXJ,NIX CN,Archer Exploration Corp,CA66860Q1028,,179304.0,18371.0,0.0,CAD,Materials,Canada,Stock,equity,web_csv
2026-06-22,GDXJ,VGCX CN,Victoria Gold Corp/Vancouver,CA92625W5072,,1722275.0,1.0,0.0,CAD,Materials,Canada,Stock,equity,web_csv
2026-06-22,GDXJ,ASM AU,Australian Strategic Materials Ltd,AU0000094153,,1.0,1.0,0.0,AUD,Materials,Australia,Stock,equity,web_csv
2026-06-22,GDXJ,-USD CASH-,,CASH,,62083627.0,62083627.0,0.81,USD,,United States,Cash Bal,cash,web_csv
2026-06-22,GDXJ,-CAD CASH-,,CASH,,6001110.0,4240468.0,0.06,CAD,,Canada,Cash Bal,cash,web_csv
2026-06-22,GDXJ,-TRY CASH-,,CASH,,0.0,0.0,0.0,TRY,,Turkey,Cash Bal,cash,web_csv
2026-06-22,GDXJ,-MXN CASH-,,CASH,,-3639.0,-210.0,0.0,MXN,,Mexico,Cash Bal,cash,web_csv
2026-06-22,GDXJ,-GBP CASH-,,CASH,,375.0,498.0,0.0,GBP,,United Kingdom,Cash Bal,cash,web_csv
2026-06-22,GDXJ,-BRL CASH-,,CASH,,-672.0,-131.0,0.0,BRL,,Brazil,Cash Bal,cash,web_csv
2026-06-22,GDXJ,,Other/Cash,CASH,,0.0,-59210297.0,-0.77,USD,,,Cash,cash,web_csv
2026-06-23,GDXJ,EVN AU,Evolution Mining Ltd,AU000000EVN4,,54611153.0,475899445.0,6.52,AUD,Materials,Australia,Stock,equity,web_csv
2026-06-23,GDXJ,AGI,Alamos Gold Inc,CA0115321089,,14543293.0,449096888.0,6.15,USD,Materials,Canada,Stock,equity,web_csv
2026-06-23,GDXJ,EQX,Equinox Gold Corp,CA29446Y5020,,45782180.0,447291899.0,6.13,USD,Materials,Canada,Stock,equity,web_csv
2026-06-23,GDXJ,EDV LN,Endeavour Mining Plc,GB00BL6K5J42,,7708017.0,395845224.0,5.42,GBP,Materials,United Kingdom,Stock,equity,web_csv
2026-06-23,GDXJ,CDE,Coeur Mining Inc,US1921085049,,22331126.0,364443976.0,4.99,USD,Materials,United States,Stock,equity,web_csv
2026-06-23,GDXJ,PE&OLES* MF,Industrias Penoles Sab De Cv,MXP554091415,,4673113.0,209790112.0,2.87,MXN,Materials,Mexico,Stock,equity,web_csv
2026-06-23,GDXJ,IAG,Iamgold Corp,CA4509131088,,11717168.0,189583778.0,2.6,USD,Materials,Burkina Faso,Stock,equity,web_csv
2026-06-23,GDXJ,AG,First Majestic Silver Corp,CA32076V1031,,11356562.0,187383273.0,2.57,USD,Materials,Canada,Stock,equity,web_csv
2026-06-23,GDXJ,HL,Hecla Mining Co,US4227041062,,12079281.0,182034765.0,2.49,USD,Materials,United States,Stock,equity,web_csv
2026-06-23,GDXJ,EGO,Eldorado Gold Corp,CA2849025093,,5680036.0,178523531.0,2.44,USD,Materials,Turkey,Stock,equity,web_csv
2026-06-23,GDXJ,HMY,Harmony Gold Mining Co Ltd,US4132163001,,9570771.0,147485581.0,2.02,USD,Materials,South Africa,Stock,equity,web_csv
2026-06-23,GDXJ,LUG CN,Lundin Gold Inc,CA5503711080,,2540770.0,136706758.0,1.87,CAD,Materials,Canada,Stock,equity,web_csv
2026-06-23,GDXJ,OGC CN,Oceanagold Corp,CA6752224007,,5094445.0,127419434.0,1.74,CAD,Materials,Canada,Stock,equity,web_csv
2026-06-23,GDXJ,DPM CN,Dundee Precious Metals Inc,CA26139R1091,,3822126.0,126367737.0,1.73,CAD,Materials,Canada,Stock,equity,web_csv
2026-06-23,GDXJ,SSRM,Ssr Mining Inc,CA7847301032,,4001077.0,117071513.0,1.6,USD,Materials,Canada,Stock,equity,web_csv
2026-06-23,GDXJ,BTG,B2gold Corp,CA11777Q2099,,29021948.0,116378011.0,1.59,USD,Materials,Canada,Stock,equity,web_csv
2026-06-23,GDXJ,BVN,Cia De Minas Buenaventura Saa,US2044481040,,3627471.0,112451601.0,1.54,USD,Materials,Peru,Stock,equity,web_csv
2026-06-23,GDXJ,GMIN CN,G Mining Ventures Corp,CA36270K1021,,4042458.0,108852382.0,1.49,CAD,Materials,Canada,Stock,equity,web_csv
2026-06-23,GDXJ,GGP AU,Greatland Resources Ltd,AU0000397705,,11139883.0,102272791.0,1.4,AUD,Materials,Australia,Stock,equity,web_csv
2026-06-23,GDXJ,OR,Or Royalties Inc,CA68390D1069,,3096197.0,99697543.0,1.37,USD,Materials,Canada,Stock,equity,web_csv
2026-06-23,GDXJ,1818 HK,Zhaojin Mining Industry Co Ltd,CNE1000004R6,,41134200.0,95874236.0,1.31,HKD,Materials,China,Stock,equity,web_csv
2026-06-23,GDXJ,DSV CN,Discovery Silver Corp,CA2546771072,,16823512.0,94323054.0,1.29,CAD,Materials,Canada,Stock,equity,web_csv
2026-06-23,GDXJ,PRU AU,Perseus Mining Ltd,AU000000PRU3,,24785108.0,90481698.0,1.24,AUD,Materials,Australia,Stock,equity,web_csv
2026-06-23,GDXJ,RMS AU,Ramelius Resources Ltd,AU000000RMS4,,37506146.0,80070239.0,1.1,AUD,Materials,Australia,Stock,equity,web_csv
2026-06-23,GDXJ,MAU CN,Montage Gold Corp,CA61178L1013,,7149682.0,77602817.0,1.06,CAD,Materials,Côte D'Ivoire,Stock,equity,web_csv
2026-06-23,GDXJ,ARTG CN,Artemis Gold Inc,CA04302L1004,,3438517.0,76023982.0,1.04,CAD,Materials,Canada,Stock,equity,web_csv
2026-06-23,GDXJ,ARMN,Aris Mining Corp,CA04040Y1097,,4807150.0,75760684.0,1.04,USD,Materials,Colombia,Stock,equity,web_csv
2026-06-23,GDXJ,KNT CN,K92 Mining Inc,CA4991131083,,4782039.0,75010395.0,1.03,CAD,Materials,Canada,Stock,equity,web_csv
2026-06-23,GDXJ,GMD AU,Genesis Minerals Ltd,AU000000GMD9,,18288288.0,73276321.0,1.0,AUD,Materials,Australia,Stock,equity,web_csv
2026-06-23,GDXJ,CMM AU,Capricorn Metals Ltd,AU000000CMM9,,7884336.0,72385425.0,0.99,AUD,Materials,Australia,Stock,equity,web_csv
2026-06-23,GDXJ,TXG CN,Torex Gold Resources Inc,CA8910546032,,1728907.0,69010149.0,0.95,CAD,Materials,Canada,Stock,equity,web_csv
2026-06-23,GDXJ,VAU AU,Vault Minerals Ltd,AU0000427775,,19928623.0,65463676.0,0.9,AUD,Materials,Australia,Stock,equity,web_csv
2026-06-23,GDXJ,RRL AU,Regis Resources Ltd,AU000000RRL8,,14009786.0,65377749.0,0.9,AUD,Materials,Australia,Stock,equity,web_csv
2026-06-23,GDXJ,BRMS IJ,Bumi Resources Minerals Tbk Pt,ID1000117609,,1808544200.0,64767098.0,0.89,IDR,Materials,Indonesia,Stock,equity,web_csv
2026-06-23,GDXJ,CGAU,Centerra Gold Inc,CA1520061021,,3882409.0,62196192.0,0.85,USD,Materials,Canada,Stock,equity,web_csv
2026-06-23,GDXJ,SKE,Skeena Resources Ltd,CA83056P7157,,2376860.0,61988509.0,0.85,USD,Materials,Canada,Stock,equity,web_csv
2026-06-23,GDXJ,AUGO,Aura Minerals Inc,VGG069731120,,965187.0,59359001.0,0.81,USD,Materials,United States,Stock,equity,web_csv
2026-06-23,GDXJ,AYA CN,Aya Gold & Silver Inc,CA05466C1095,,3224878.0,58830315.0,0.81,CAD,Materials,Canada,Stock,equity,web_csv
2026-06-23,GDXJ,WDO CN,Wesdome Gold Mines Ltd/Canada,CA95083R1001,,3339032.0,58255202.0,0.8,CAD,Materials,Canada,Stock,equity,web_csv
2026-06-23,GDXJ,FSM,Fortuna Silver Mines Inc,CA3499421020,,6631010.0,57026686.0,0.78,USD,Materials,Canada,Stock,equity,web_csv
2026-06-23,GDXJ,SA,Seabridge Gold Inc,CA8119271028,,2074050.0,56123793.0,0.77,USD,Materials,Canada,Stock,equity,web_csv
2026-06-23,GDXJ,ORLA,Orla Mining Ltd,CA68634K1066,,5635238.0,55056275.0,0.75,USD,Materials,Mexico,Stock,equity,web_csv
2026-06-23,GDXJ,SVM,Silvercorp Metals Inc,CA82835P1036,,5099100.0,53948478.0,0.74,USD,Materials,Canada,Stock,equity,web_csv
2026-06-23,GDXJ,WGX AU,Westgold Resources Ltd,AU000000WGX6,,15608924.0,53803783.0,0.74,AUD,Materials,Australia,Stock,equity,web_csv
2026-06-23,GDXJ,EMAS IJ,Merdeka Gold Resources Tbk Pt,ID1000211600,,136458100.0,52741290.0,0.72,IDR,Materials,Indonesia,Stock,equity,web_csv
2026-06-23,GDXJ,TFPM,Triple Flag Precious Metals Corp,CA89679M1041,,1810840.0,52152192.0,0.71,USD,Materials,Canada,Stock,equity,web_csv
2026-06-23,GDXJ,EXK,Endeavour Silver Corp,CA29258Y1034,,6378230.0,51089622.0,0.7,USD,Materials,Canada,Stock,equity,web_csv
2026-06-23,GDXJ,HOC LN,Hochschild Mining Plc,GB00B1FW5029,,7335462.0,50033460.0,0.69,GBP,Materials,Peru,Stock,equity,web_csv
2026-06-23,GDXJ,EMR AU,Emerald Resources Nl,AU000000EMR4,,11410722.0,47596442.0,0.65,AUD,Materials,Australia,Stock,equity,web_csv
2026-06-23,GDXJ,PPTA,Perpetua Resources Corp,CA7142661031,,2127417.0,47505222.0,0.65,USD,Materials,United States,Stock,equity,web_csv
2026-06-23,GDXJ,NG,Novagold Resources Inc,CA66987E2069,,6479294.0,46780503.0,0.64,USD,Materials,Canada,Stock,equity,web_csv
2026-06-23,GDXJ,PDI AU,Predictive Discovery Ltd,AU000000PDI8,,72210277.0,46662740.0,0.64,AUD,Materials,Australia,Stock,equity,web_csv
2026-06-23,GDXJ,AAUC,Allied Gold Corp,CA01921D2041,,1860070.0,45943729.0,0.63,USD,Materials,Canada,Stock,equity,web_csv
2026-06-23,GDXJ,PAF LN,Pan African Resources Plc,GB0004300496,,28458361.0,39125823.0,0.54,GBP,Materials,United Kingdom,Stock,equity,web_csv
2026-06-23,GDXJ,SXGC CN,Southern Cross Gold Consolidated Ltd,CA8426851090,,5981949.0,38383909.0,0.53,CAD,Materials,Canada,Stock,equity,web_csv
2026-06-23,GDXJ,3939 HK,Wanguo Gold Group Ltd,KYG9430L1150,,35323500.0,37594865.0,0.51,HKD,Materials,China,Stock,equity,web_csv
2026-06-23,GDXJ,WAF AU,West African Resources Ltd,AU000000WAF6,,16617571.0,36221367.0,0.5,AUD,Materials,Australia,Stock,equity,web_csv
2026-06-23,GDXJ,USAS,Americas Gold & Silver Corp,CA03062D8035,,6518840.0,31942316.0,0.44,USD,Materials,Canada,Stock,equity,web_csv
2026-06-23,GDXJ,ABRA CN,Abrasilver Resource Corp,CA00379L3048,,3304896.0,31239094.0,0.43,CAD,Materials,Canada,Stock,equity,web_csv
2026-06-23,GDXJ,HYMC,Hycroft Mining Holding Corp,US44862P2083,,1349809.0,31234580.0,0.43,USD,Materials,United States,Stock,equity,web_csv
2026-06-23,GDXJ,OBM AU,Ora Banda Mining Ltd,AU0000050130,,34232167.0,28909215.0,0.4,AUD,Materials,Australia,Stock,equity,web_csv
2026-06-23,GDXJ,RSG AU,Resolute Mining Ltd,AU000000RSG6,,37405257.0,27797260.0,0.38,AUD,Materials,Australia,Stock,equity,web_csv
2026-06-23,GDXJ,VZLA,Vizsla Silver Corp,CA92859G6085,,8261830.0,27677131.0,0.38,USD,Materials,Canada,Stock,equity,web_csv
2026-06-23,GDXJ,SGD CN,Snowline Gold Corp,CA83342V1040,,3078631.0,26433183.0,0.36,CAD,Materials,Canada,Stock,equity,web_csv
2026-06-23,GDXJ,IAUX,I-80 Gold Corp,CA44955L1067,,18098599.0,25700011.0,0.35,USD,Materials,United States,Stock,equity,web_csv
2026-06-23,GDXJ,ALK AU,Alkane Resources Ltd,AU000000ALK9,,23216855.0,25679289.0,0.35,AUD,Materials,Australia,Stock,equity,web_csv
2026-06-23,GDXJ,KOZAL TI,Koza Altin Isletmeleri As,TREKOAL00014,,24033265.0,25616306.0,0.35,TRY,Materials,Turkey,Stock,equity,web_csv
2026-06-23,GDXJ,KCN AU,Kingsgate Consolidated Ltd,AU000000KCN1,,6259465.0,24939430.0,0.34,AUD,Materials,Australia,Stock,equity,web_csv
2026-06-23,GDXJ,ASM,Avino Silver & Gold Mines Ltd,CA0539061030,,4221046.0,24819750.0,0.34,USD,Materials,Mexico,Stock,equity,web_csv
2026-06-23,GDXJ,GGD CN,Gogold Resources Inc,CA38045Y1025,,10842806.0,24362424.0,0.33,CAD,Materials,United States,Stock,equity,web_csv
2026-06-23,GDXJ,BGL AU,Bellevue Gold Ltd,AU0000019374,,24979115.0,24308166.0,0.33,AUD,Materials,Australia,Stock,equity,web_csv
2026-06-23,GDXJ,MUX,Mcewen Mining Inc,US58039P3055,,1286362.0,23308879.0,0.32,USD,Materials,Canada,Stock,equity,web_csv
2026-06-23,GDXJ,CYL AU,Catalyst Metals Ltd,AU000000CYL6,,5874769.0,23236489.0,0.32,AUD,Materials,Australia,Stock,equity,web_csv
2026-06-23,GDXJ,GTWO CN,G2 Goldfields Inc,CA36256R1055,,3686399.0,22849312.0,0.31,CAD,Materials,Canada,Stock,equity,web_csv
2026-06-23,GDXJ,DRD,Drdgold Ltd,US26152H3012,,975484.0,21168003.0,0.29,USD,Materials,South Africa,Stock,equity,web_csv
2026-06-23,GDXJ,ORE CN,Orezone Gold Corp,CA68616T1093,,12668146.0,20433213.0,0.28,CAD,Materials,Canada,Stock,equity,web_csv
2026-06-23,GDXJ,6693 HK,Chifeng Jilong Gold Mining Co Ltd,CNE100006T51,,5030200.0,16108743.0,0.22,HKD,Materials,China,Stock,equity,web_csv
2026-06-23,GDXJ,DC,Dakota Gold Corp,US46655E1001,,3151562.0,14024451.0,0.19,USD,Materials,Canada,Stock,equity,web_csv
2026-06-23,GDXJ,340 HK,Tongguan Gold Group Ltd,BMG8919D1074,,59856000.0,13697763.0,0.19,HKD,Materials,China,Stock,equity,web_csv
2026-06-23,GDXJ,CNL CN,Collective Mining Ltd,CA19425C1005,,1043707.0,13570580.0,0.19,CAD,Materials,Canada,Stock,equity,web_csv
2026-06-23,GDXJ,GROY,Gold Royalty Corp,CA38071H1064,,4506394.0,12708031.0,0.17,USD,Materials,Canada,Stock,equity,web_csv
2026-06-23,GDXJ,ODV,Osisko Development Corp,CA68828E8099,,4960075.0,12201785.0,0.17,USD,Materials,Canada,Stock,equity,web_csv
2026-06-23,GDXJ,MTA,Metalla Royalty & Streaming Ltd,CA59124U6051,,1732137.0,12124959.0,0.17,USD,Materials,Canada,Stock,equity,web_csv
2026-06-23,GDXJ,CTGO,Contango Ore Inc,US21077F1003,,716956.0,11213192.0,0.15,USD,Materials,United States,Stock,equity,web_csv
2026-06-23,GDXJ,BC8 AU,Black Cat Syndicate Ltd,AU000000BC88,,15862497.0,11032207.0,0.15,AUD,Materials,Australia,Stock,equity,web_csv
2026-06-23,GDXJ,KOZAA TI,Koza Anadolu Metal Madencilik Isletmele,TREKOZA00014,,4659775.0,11028546.0,0.15,TRY,Materials,Turkey,Stock,equity,web_csv
2026-06-23,GDXJ,ITRG,Integra Resources Corp,CA45826T5098,,4302468.0,10799195.0,0.15,USD,Materials,Canada,Stock,equity,web_csv
2026-06-23,GDXJ,IDR,Idaho Strategic Resources Inc,US6458272050,,328544.0,10733532.0,0.15,USD,Materials,United States,Stock,equity,web_csv
2026-06-23,GDXJ,NFGC,New Found Gold Corp,CA64440N1033,,6918636.0,10654699.0,0.15,USD,Materials,Canada,Stock,equity,web_csv
2026-06-23,GDXJ,PNR AU,Pantoro Gold Ltd,AU000000PNR8,,5761980.0,10379809.0,0.14,AUD,Materials,Australia,Stock,equity,web_csv
2026-06-23,GDXJ,SBM AU,St Barbara Ltd,AU000000SBM8,,24210527.0,9332962.0,0.13,AUD,Materials,Australia,Stock,equity,web_csv
2026-06-23,GDXJ,DTR AU,Dateline Resources Ltd,AU000000DTR1,,71675117.0,7682112.0,0.11,AUD,Materials,Australia,Stock,equity,web_csv
2026-06-23,GDXJ,CMCL,Caledonia Mining Corp Plc,JE00BF0XVB15,,372194.0,7518319.0,0.1,USD,Materials,Jersey,Stock,equity,web_csv
2026-06-23,GDXJ,LUNR CN,Lunr Royalties Corp,CA5504281067,,539424.0,7477273.0,0.1,CAD,,Canada,Stock,equity,web_csv
2026-06-23,GDXJ,GAU,Galiano Gold Inc,CA36352H1001,,3792855.0,7244353.0,0.1,USD,Materials,Canada,Stock,equity,web_csv
2026-06-23,GDXJ,AMI AU,Aurelia Metals Ltd,AU000000AMI1,,30082943.0,6399433.0,0.09,AUD,Materials,Australia,Stock,equity,web_csv
2026-06-23,GDXJ,VOXR,Vox Royalty Corp,CA92919F1036,,1155997.0,5837785.0,0.08,USD,Materials,Australia,Stock,equity,web_csv
2026-06-23,GDXJ,APM CN,Andean Precious Metals Corp,CA03349X1015,,1498536.0,5784101.0,0.08,CAD,Materials,Canada,Stock,equity,web_csv
2026-06-23,GDXJ,CNMC SP,Cnmc Goldmine Holdings Ltd,,,6691400.0,5765441.0,0.08,SGD,Materials,Singapore,Stock,equity,web_csv
2026-06-23,GDXJ,ASL AU,Andean Silver Ltd,AU0000343253,,3989475.0,5724855.0,0.08,AUD,Materials,Australia,Stock,equity,web_csv
2026-06-23,GDXJ,AZY AU,Antipa Minerals Ltd,AU000000AZY0,,12281845.0,4990532.0,0.07,AUD,Materials,Australia,Stock,equity,web_csv
2026-06-23,GDXJ,USAU,Us Gold Corp,US90291C2017,,322309.0,4892651.0,0.07,USD,Materials,United States,Stock,equity,web_csv
2026-06-23,GDXJ,GLDG,Goldmining Inc,CA38149E1016,,5358983.0,4771103.0,0.07,USD,Materials,Canada,Stock,equity,web_csv
2026-06-23,GDXJ,MEK AU,Meeka Metals Ltd,AU0000192726,,65622234.0,4746492.0,0.07,AUD,Materials,Australia,Stock,equity,web_csv
2026-06-23,GDXJ,LUCA CN,Luca Mining Corp,CA54929M1068,,5984726.0,4383951.0,0.06,CAD,Materials,Mexico,Stock,equity,web_csv
2026-06-23,GDXJ,8299 HK,Gt Gold Holdings Ltd,KYG4136P1303,,111024000.0,4054644.0,0.06,HKD,Materials,China,Stock,equity,web_csv
2026-06-23,GDXJ,FDR CN,Founders Metals Inc,CA3505901056,,1481549.0,4017583.0,0.06,CAD,Materials,Canada,Stock,equity,web_csv
2026-06-23,GDXJ,WRLG CN,West Red Lake Gold Mines Ltd,CA95556L1013,,8363802.0,3829175.0,0.05,CAD,Materials,Canada,Stock,equity,web_csv
2026-06-23,GDXJ,ARCI IJ,Archi Indonesia Tbk Pt,ID1000161003,,63438600.0,3795469.0,0.05,IDR,Materials,Indonesia,Stock,equity,web_csv
2026-06-23,GDXJ,VGC CN,Valor Gold Corp,CA9199211066,,990379.0,2755413.0,0.04,CAD,,Canada,Stock,equity,web_csv
2026-06-23,GDXJ,FFX AU,Firefinch Ltd,AU0000114522,,54133739.0,2281222.0,0.03,AUD,Materials,Australia,Stock,equity,web_csv
2026-06-23,GDXJ,PSAB IJ,J Resources Asia Pasific Tbk Pt,ID1000094709,,66190100.0,1561998.0,0.02,IDR,Materials,Indonesia,Stock,equity,web_csv
2026-06-23,GDXJ,FMR CN,Future Mineral Resources Inc,CA3611551043,,168999.0,38091.0,0.0,CAD,Materials,Canada,Stock,equity,web_csv
2026-06-23,GDXJ,NIX CN,Archer Exploration Corp,CA66860Q1028,,179304.0,17681.0,0.0,CAD,Materials,Canada,Stock,equity,web_csv
2026-06-23,GDXJ,VGCX CN,Victoria Gold Corp/Vancouver,CA92625W5072,,1722275.0,1.0,0.0,CAD,Materials,Canada,Stock,equity,web_csv
2026-06-23,GDXJ,ASM AU,Australian Strategic Materials Ltd,AU0000094153,,1.0,1.0,0.0,AUD,Materials,Australia,Stock,equity,web_csv
2026-06-23,GDXJ,-USD CASH-,,CASH,,9376894.0,9376894.0,0.13,USD,,United States,Cash Bal,cash,web_csv
2026-06-23,GDXJ,-CAD CASH-,,CASH,,12002192.0,8453736.0,0.12,CAD,,Canada,Cash Bal,cash,web_csv
2026-06-23,GDXJ,-TRY CASH-,,CASH,,0.0,0.0,0.0,TRY,,Turkey,Cash Bal,cash,web_csv
2026-06-23,GDXJ,-MXN CASH-,,CASH,,-7277.0,-415.0,0.0,MXN,,Mexico,Cash Bal,cash,web_csv
2026-06-23,GDXJ,-GBP CASH-,,CASH,,750.0,990.0,0.0,GBP,,United Kingdom,Cash Bal,cash,web_csv
2026-06-23,GDXJ,-BRL CASH-,,CASH,,-1344.0,-260.0,0.0,BRL,,Brazil,Cash Bal,cash,web_csv
2026-06-23,GDXJ,,Other/Cash,CASH,,0.0,-1904555.0,-0.15,USD,,,Cash,cash,web_csv
2026-06-24,GDXJ,EVN AU,Evolution Mining Ltd,AU000000EVN4,,54345524.0,456175628.0,6.58,AUD,Materials,Australia,Stock,equity,web_csv
2026-06-24,GDXJ,AGI,Alamos Gold Inc,CA0115321089,,14472565.0,435624207.0,6.28,USD,Materials,Canada,Stock,equity,web_csv
2026-06-24,GDXJ,EQX,Equinox Gold Corp,CA29446Y5020,,45559377.0,426891362.0,6.15,USD,Materials,Canada,Stock,equity,web_csv
2026-06-24,GDXJ,EDV LN,Endeavour Mining Plc,GB00BL6K5J42,,7670546.0,375669472.0,5.42,GBP,Materials,United Kingdom,Stock,equity,web_csv
2026-06-24,GDXJ,CDE,Coeur Mining Inc,US1921085049,,22222913.0,343788464.0,4.96,USD,Materials,United States,Stock,equity,web_csv
2026-06-24,GDXJ,PE&OLES* MF,Industrias Penoles Sab De Cv,MXP554091415,,4650363.0,198339101.0,2.86,MXN,Materials,Mexico,Stock,equity,web_csv
2026-06-24,GDXJ,AG,First Majestic Silver Corp,CA32076V1031,,11301353.0,181499729.0,2.62,USD,Materials,Canada,Stock,equity,web_csv
2026-06-24,GDXJ,IAG,Iamgold Corp,CA4509131088,,11660174.0,177584450.0,2.56,USD,Materials,Burkina Faso,Stock,equity,web_csv
2026-06-24,GDXJ,HL,Hecla Mining Co,US4227041062,,12020495.0,174537587.0,2.52,USD,Materials,United States,Stock,equity,web_csv
2026-06-24,GDXJ,EGO,Eldorado Gold Corp,CA2849025093,,5652393.0,168102168.0,2.42,USD,Materials,Turkey,Stock,equity,web_csv
2026-06-24,GDXJ,HMY,Harmony Gold Mining Co Ltd,US4132163001,,9524263.0,138958997.0,2.0,USD,Materials,South Africa,Stock,equity,web_csv
2026-06-24,GDXJ,LUG CN,Lundin Gold Inc,CA5503711080,,2528408.0,132709685.0,1.91,CAD,Materials,Canada,Stock,equity,web_csv
2026-06-24,GDXJ,OGC CN,Oceanagold Corp,CA6752224007,,5069658.0,123061529.0,1.77,CAD,Materials,Canada,Stock,equity,web_csv
2026-06-24,GDXJ,DPM CN,Dundee Precious Metals Inc,CA26139R1091,,3803527.0,119328432.0,1.72,CAD,Materials,Canada,Stock,equity,web_csv
2026-06-24,GDXJ,SSRM,Ssr Mining Inc,CA7847301032,,3981631.0,112879239.0,1.63,USD,Materials,Canada,Stock,equity,web_csv
2026-06-24,GDXJ,BTG,B2gold Corp,CA11777Q2099,,28880842.0,112346475.0,1.62,USD,Materials,Canada,Stock,equity,web_csv
2026-06-24,GDXJ,BVN,Cia De Minas Buenaventura Saa,US2044481040,,3609866.0,107393514.0,1.55,USD,Materials,Peru,Stock,equity,web_csv
2026-06-24,GDXJ,GMIN CN,G Mining Ventures Corp,CA36270K1021,,4022781.0,104005053.0,1.5,CAD,Materials,Canada,Stock,equity,web_csv
2026-06-24,GDXJ,OR,Or Royalties Inc,CA68390D1069,,3081133.0,96778388.0,1.4,USD,Materials,Canada,Stock,equity,web_csv
2026-06-24,GDXJ,1818 HK,Zhaojin Mining Industry Co Ltd,CNE1000004R6,,40934700.0,94468946.0,1.36,HKD,Materials,China,Stock,equity,web_csv
2026-06-24,GDXJ,GGP AU,Greatland Resources Ltd,AU0000397705,,11085682.0,94362607.0,1.36,AUD,Materials,Australia,Stock,equity,web_csv
2026-06-24,GDXJ,DSV CN,Discovery Silver Corp,CA2546771072,,16741591.0,88989112.0,1.28,CAD,Materials,Canada,Stock,equity,web_csv
2026-06-24,GDXJ,PRU AU,Perseus Mining Ltd,AU000000PRU3,,24664414.0,86875074.0,1.25,AUD,Materials,Australia,Stock,equity,web_csv
2026-06-24,GDXJ,RMS AU,Ramelius Resources Ltd,AU000000RMS4,,37323775.0,76313039.0,1.1,AUD,Materials,Australia,Stock,equity,web_csv
2026-06-24,GDXJ,ARTG CN,Artemis Gold Inc,CA04302L1004,,3421780.0,72753220.0,1.05,CAD,Materials,Canada,Stock,equity,web_csv
2026-06-24,GDXJ,KNT CN,K92 Mining Inc,CA4991131083,,4758764.0,72443214.0,1.04,CAD,Materials,Canada,Stock,equity,web_csv
2026-06-24,GDXJ,MAU CN,Montage Gold Corp,CA61178L1013,,7114864.0,72440072.0,1.04,CAD,Materials,Côte D'Ivoire,Stock,equity,web_csv
2026-06-24,GDXJ,ARMN,Aris Mining Corp,CA04040Y1097,,4783784.0,70369463.0,1.01,USD,Materials,Colombia,Stock,equity,web_csv
2026-06-24,GDXJ,GMD AU,Genesis Minerals Ltd,AU000000GMD9,,18199297.0,68938845.0,0.99,AUD,Materials,Australia,Stock,equity,web_csv
2026-06-24,GDXJ,CMM AU,Capricorn Metals Ltd,AU000000CMM9,,7845969.0,65811974.0,0.95,AUD,Materials,Australia,Stock,equity,web_csv
2026-06-24,GDXJ,TXG CN,Torex Gold Resources Inc,CA8910546032,,1720500.0,65333455.0,0.94,CAD,Materials,Canada,Stock,equity,web_csv
2026-06-24,GDXJ,RRL AU,Regis Resources Ltd,AU000000RRL8,,13941571.0,62767742.0,0.91,AUD,Materials,Australia,Stock,equity,web_csv
2026-06-24,GDXJ,VAU AU,Vault Minerals Ltd,AU0000427775,,19831652.0,62065693.0,0.89,AUD,Materials,Australia,Stock,equity,web_csv
2026-06-24,GDXJ,SKE,Skeena Resources Ltd,CA83056P7157,,2365303.0,60362533.0,0.87,USD,Materials,Canada,Stock,equity,web_csv
2026-06-24,GDXJ,CGAU,Centerra Gold Inc,CA1520061021,,3863558.0,59962420.0,0.86,USD,Materials,Canada,Stock,equity,web_csv
2026-06-24,GDXJ,AUGO,Aura Minerals Inc,VGG069731120,,960497.0,55603171.0,0.8,USD,Materials,United States,Stock,equity,web_csv
2026-06-24,GDXJ,WDO CN,Wesdome Gold Mines Ltd/Canada,CA95083R1001,,3322785.0,55039496.0,0.79,CAD,Materials,Canada,Stock,equity,web_csv
2026-06-24,GDXJ,FSM,Fortuna Silver Mines Inc,CA3499421020,,6598754.0,54967621.0,0.79,USD,Materials,Canada,Stock,equity,web_csv
2026-06-24,GDXJ,BRMS IJ,Bumi Resources Minerals Tbk Pt,ID1000117609,,1799742400.0,54939235.0,0.79,IDR,Materials,Indonesia,Stock,equity,web_csv
2026-06-24,GDXJ,AYA CN,Aya Gold & Silver Inc,CA05466C1095,,3209170.0,54802524.0,0.79,CAD,Materials,Canada,Stock,equity,web_csv
2026-06-24,GDXJ,SVM,Silvercorp Metals Inc,CA82835P1036,,5074334.0,52773074.0,0.76,USD,Materials,Canada,Stock,equity,web_csv
2026-06-24,GDXJ,ORLA,Orla Mining Ltd,CA68634K1066,,5607861.0,52601736.0,0.76,USD,Materials,Mexico,Stock,equity,web_csv
2026-06-24,GDXJ,EMAS IJ,Merdeka Gold Resources Tbk Pt,ID1000211600,,135794500.0,51608662.0,0.74,IDR,Materials,Indonesia,Stock,equity,web_csv
2026-06-24,GDXJ,WGX AU,Westgold Resources Ltd,AU000000WGX6,,15533016.0,51547487.0,0.74,AUD,Materials,Australia,Stock,equity,web_csv
2026-06-24,GDXJ,SA,Seabridge Gold Inc,CA8119271028,,2063963.0,51083084.0,0.74,USD,Materials,Canada,Stock,equity,web_csv
2026-06-24,GDXJ,TFPM,Triple Flag Precious Metals Corp,CA89679M1041,,1802041.0,50583291.0,0.73,USD,Materials,Canada,Stock,equity,web_csv
2026-06-24,GDXJ,EXK,Endeavour Silver Corp,CA29258Y1034,,6347248.0,48937282.0,0.71,USD,Materials,Canada,Stock,equity,web_csv
2026-06-24,GDXJ,HOC LN,Hochschild Mining Plc,GB00B1FW5029,,7299769.0,44812959.0,0.65,GBP,Materials,Peru,Stock,equity,web_csv
2026-06-24,GDXJ,PPTA,Perpetua Resources Corp,CA7142661031,,2117071.0,44712540.0,0.64,USD,Materials,United States,Stock,equity,web_csv
2026-06-24,GDXJ,EMR AU,Emerald Resources Nl,AU000000EMR4,,11355219.0,44139859.0,0.64,AUD,Materials,Australia,Stock,equity,web_csv
2026-06-24,GDXJ,AAUC,Allied Gold Corp,CA01921D2041,,1851026.0,42592108.0,0.61,USD,Materials,Canada,Stock,equity,web_csv
2026-06-24,GDXJ,NG,Novagold Resources Inc,CA66987E2069,,6447780.0,39976236.0,0.58,USD,Materials,Canada,Stock,equity,web_csv
2026-06-24,GDXJ,PDI AU,Predictive Discovery Ltd,AU000000PDI8,,71858891.0,39939194.0,0.58,AUD,Materials,Australia,Stock,equity,web_csv
2026-06-24,GDXJ,SXGC CN,Southern Cross Gold Consolidated Ltd,CA8426851090,,5952829.0,36657873.0,0.53,CAD,Materials,Canada,Stock,equity,web_csv
2026-06-24,GDXJ,3939 HK,Wanguo Gold Group Ltd,KYG9430L1150,,35152000.0,36440279.0,0.53,HKD,Materials,China,Stock,equity,web_csv
2026-06-24,GDXJ,PAF LN,Pan African Resources Plc,GB0004300496,,28320167.0,36223807.0,0.52,GBP,Materials,United Kingdom,Stock,equity,web_csv
2026-06-24,GDXJ,WAF AU,West African Resources Ltd,AU000000WAF6,,16536833.0,33936188.0,0.49,AUD,Materials,Australia,Stock,equity,web_csv
2026-06-24,GDXJ,ABRA CN,Abrasilver Resource Corp,CA00379L3048,,3288831.0,30044371.0,0.43,CAD,Materials,Canada,Stock,equity,web_csv
2026-06-24,GDXJ,USAS,Americas Gold & Silver Corp,CA03062D8035,,6487144.0,29581377.0,0.43,USD,Materials,Canada,Stock,equity,web_csv
2026-06-24,GDXJ,HYMC,Hycroft Mining Holding Corp,US44862P2083,,1343250.0,29148525.0,0.42,USD,Materials,United States,Stock,equity,web_csv
2026-06-24,GDXJ,OBM AU,Ora Banda Mining Ltd,AU0000050130,,34065588.0,26974950.0,0.39,AUD,Materials,Australia,Stock,equity,web_csv
2026-06-24,GDXJ,RSG AU,Resolute Mining Ltd,AU000000RSG6,,37223131.0,26068265.0,0.38,AUD,Materials,Australia,Stock,equity,web_csv
2026-06-24,GDXJ,VZLA,Vizsla Silver Corp,CA92859G6085,,8221664.0,25569375.0,0.37,USD,Materials,Canada,Stock,equity,web_csv
2026-06-24,GDXJ,IAUX,I-80 Gold Corp,CA44955L1067,,18010609.0,25034747.0,0.36,USD,Materials,United States,Stock,equity,web_csv
2026-06-24,GDXJ,KOZAL TI,Koza Altin Isletmeleri As,TREKOAL00014,,23916316.0,24860745.0,0.36,TRY,Materials,Turkey,Stock,equity,web_csv
2026-06-24,GDXJ,SGD CN,Snowline Gold Corp,CA83342V1040,,3063644.0,24717389.0,0.36,CAD,Materials,Canada,Stock,equity,web_csv
2026-06-24,GDXJ,ALK AU,Alkane Resources Ltd,AU000000ALK9,,23103770.0,23826716.0,0.34,AUD,Materials,Australia,Stock,equity,web_csv
2026-06-24,GDXJ,ASM,Avino Silver & Gold Mines Ltd,CA0539061030,,4200529.0,23690984.0,0.34,USD,Materials,Mexico,Stock,equity,web_csv
2026-06-24,GDXJ,KCN AU,Kingsgate Consolidated Ltd,AU000000KCN1,,6229022.0,23461023.0,0.34,AUD,Materials,Australia,Stock,equity,web_csv
2026-06-24,GDXJ,GGD CN,Gogold Resources Inc,CA38045Y1025,,10790040.0,22880961.0,0.33,CAD,Materials,United States,Stock,equity,web_csv
2026-06-24,GDXJ,GTWO CN,G2 Goldfields Inc,CA36256R1055,,3668465.0,22513348.0,0.32,CAD,Materials,Canada,Stock,equity,web_csv
2026-06-24,GDXJ,CYL AU,Catalyst Metals Ltd,AU000000CYL6,,5846181.0,22292735.0,0.32,AUD,Materials,Australia,Stock,equity,web_csv
2026-06-24,GDXJ,MUX,Mcewen Mining Inc,US58039P3055,,1280111.0,21813091.0,0.31,USD,Materials,Canada,Stock,equity,web_csv
2026-06-24,GDXJ,BGL AU,Bellevue Gold Ltd,AU0000019374,,24857539.0,21747168.0,0.31,AUD,Materials,Australia,Stock,equity,web_csv
2026-06-24,GDXJ,DRD,Drdgold Ltd,US26152H3012,,970731.0,20433888.0,0.29,USD,Materials,South Africa,Stock,equity,web_csv
2026-06-24,GDXJ,ORE CN,Orezone Gold Corp,CA68616T1093,,12606441.0,19297154.0,0.28,CAD,Materials,Canada,Stock,equity,web_csv
2026-06-24,GDXJ,6693 HK,Chifeng Jilong Gold Mining Co Ltd,CNE100006T51,,5006400.0,15584468.0,0.22,HKD,Materials,China,Stock,equity,web_csv
2026-06-24,GDXJ,340 HK,Tongguan Gold Group Ltd,BMG8919D1074,,59562000.0,13590197.0,0.2,HKD,Materials,China,Stock,equity,web_csv
2026-06-24,GDXJ,CNL CN,Collective Mining Ltd,CA19425C1005,,1038625.0,12850172.0,0.19,CAD,Materials,Canada,Stock,equity,web_csv
2026-06-24,GDXJ,DC,Dakota Gold Corp,US46655E1001,,3136239.0,12827218.0,0.18,USD,Materials,Canada,Stock,equity,web_csv
2026-06-24,GDXJ,GROY,Gold Royalty Corp,CA38071H1064,,4484484.0,12018417.0,0.17,USD,Materials,Canada,Stock,equity,web_csv
2026-06-24,GDXJ,ODV,Osisko Development Corp,CA68828E8099,,4935967.0,11648882.0,0.17,USD,Materials,Canada,Stock,equity,web_csv
2026-06-24,GDXJ,MTA,Metalla Royalty & Streaming Ltd,CA59124U6051,,1723723.0,11359335.0,0.16,USD,Materials,Canada,Stock,equity,web_csv
2026-06-24,GDXJ,KOZAA TI,Koza Anadolu Metal Madencilik Isletmele,TREKOZA00014,,4637102.0,10895549.0,0.16,TRY,Materials,Turkey,Stock,equity,web_csv
2026-06-24,GDXJ,CTGO,Contango Ore Inc,US21077F1003,,713470.0,10580760.0,0.15,USD,Materials,United States,Stock,equity,web_csv
2026-06-24,GDXJ,BC8 AU,Black Cat Syndicate Ltd,AU000000BC88,,15785308.0,10519375.0,0.15,AUD,Materials,Australia,Stock,equity,web_csv
2026-06-24,GDXJ,IDR,Idaho Strategic Resources Inc,US6458272050,,326948.0,10351174.0,0.15,USD,Materials,United States,Stock,equity,web_csv
2026-06-24,GDXJ,ITRG,Integra Resources Corp,CA45826T5098,,4281545.0,10232893.0,0.15,USD,Materials,Canada,Stock,equity,web_csv
2026-06-24,GDXJ,NFGC,New Found Gold Corp,CA64440N1033,,6884973.0,10120910.0,0.15,USD,Materials,Canada,Stock,equity,web_csv
2026-06-24,GDXJ,PNR AU,Pantoro Gold Ltd,AU000000PNR8,,5733931.0,9959119.0,0.14,AUD,Materials,Australia,Stock,equity,web_csv
2026-06-24,GDXJ,SBM AU,St Barbara Ltd,AU000000SBM8,,24092717.0,8791285.0,0.13,AUD,Materials,Australia,Stock,equity,web_csv
2026-06-24,GDXJ,CMCL,Caledonia Mining Corp Plc,JE00BF0XVB15,,370381.0,7255764.0,0.1,USD,Materials,Jersey,Stock,equity,web_csv
2026-06-24,GDXJ,LUNR CN,Lunr Royalties Corp,CA5504281067,,539424.0,7117067.0,0.1,CAD,,Canada,Stock,equity,web_csv
2026-06-24,GDXJ,DTR AU,Dateline Resources Ltd,AU000000DTR1,,71326237.0,6836956.0,0.1,AUD,Materials,Australia,Stock,equity,web_csv
2026-06-24,GDXJ,GAU,Galiano Gold Inc,CA36352H1001,,3774417.0,6756206.0,0.1,USD,Materials,Canada,Stock,equity,web_csv
2026-06-24,GDXJ,AMI AU,Aurelia Metals Ltd,AU000000AMI1,,29936587.0,6030104.0,0.09,AUD,Materials,Australia,Stock,equity,web_csv
2026-06-24,GDXJ,CNMC SP,Cnmc Goldmine Holdings Ltd,,,6658500.0,5608864.0,0.08,SGD,Materials,Singapore,Stock,equity,web_csv
2026-06-24,GDXJ,APM CN,Andean Precious Metals Corp,CA03349X1015,,1491242.0,5549684.0,0.08,CAD,Materials,Canada,Stock,equity,web_csv
2026-06-24,GDXJ,VOXR,Vox Royalty Corp,CA92919F1036,,1150376.0,5464286.0,0.08,USD,Materials,Australia,Stock,equity,web_csv
2026-06-24,GDXJ,ASL AU,Andean Silver Ltd,AU0000343253,,3970057.0,5358671.0,0.08,AUD,Materials,Australia,Stock,equity,web_csv
2026-06-24,GDXJ,AZY AU,Antipa Minerals Ltd,AU000000AZY0,,12222128.0,4803677.0,0.07,AUD,Materials,Australia,Stock,equity,web_csv
2026-06-24,GDXJ,GLDG,Goldmining Inc,CA38149E1016,,5332936.0,4682318.0,0.07,USD,Materials,Canada,Stock,equity,web_csv
2026-06-24,GDXJ,USAU,Us Gold Corp,US90291C2017,,320741.0,4625085.0,0.07,USD,Materials,United States,Stock,equity,web_csv
2026-06-24,GDXJ,MEK AU,Meeka Metals Ltd,AU0000192726,,65303090.0,4454791.0,0.06,AUD,Materials,Australia,Stock,equity,web_csv
2026-06-24,GDXJ,LUCA CN,Luca Mining Corp,CA54929M1068,,5955585.0,4181852.0,0.06,CAD,Materials,Mexico,Stock,equity,web_csv
2026-06-24,GDXJ,8299 HK,Gt Gold Holdings Ltd,KYG4136P1303,,110520000.0,3927293.0,0.06,HKD,Materials,China,Stock,equity,web_csv
2026-06-24,GDXJ,FDR CN,Founders Metals Inc,CA3505901056,,1474353.0,3840782.0,0.06,CAD,Materials,Canada,Stock,equity,web_csv
2026-06-24,GDXJ,WRLG CN,West Red Lake Gold Mines Ltd,CA95556L1013,,8323118.0,3565005.0,0.05,CAD,Materials,Canada,Stock,equity,web_csv
2026-06-24,GDXJ,ARCI IJ,Archi Indonesia Tbk Pt,ID1000161003,,63131300.0,3375253.0,0.05,IDR,Materials,Indonesia,Stock,equity,web_csv
2026-06-24,GDXJ,VGC CN,Valor Gold Corp,CA9199211066,,985556.0,2595116.0,0.04,CAD,,Canada,Stock,equity,web_csv
2026-06-24,GDXJ,FFX AU,Firefinch Ltd,AU0000114522,,54133739.0,2268551.0,0.03,AUD,Materials,Australia,Stock,equity,web_csv
2026-06-24,GDXJ,PSAB IJ,J Resources Asia Pasific Tbk Pt,ID1000094709,,65868100.0,1484079.0,0.02,IDR,Materials,Indonesia,Stock,equity,web_csv
2026-06-24,GDXJ,FMR CN,Future Mineral Resources Inc,CA3611551043,,168999.0,37973.0,0.0,CAD,Materials,Canada,Stock,equity,web_csv
2026-06-24,GDXJ,NIX CN,Archer Exploration Corp,CA66860Q1028,,179304.0,17626.0,0.0,CAD,Materials,Canada,Stock,equity,web_csv
2026-06-24,GDXJ,VGCX CN,Victoria Gold Corp/Vancouver,CA92625W5072,,1722275.0,1.0,0.0,CAD,Materials,Canada,Stock,equity,web_csv
2026-06-24,GDXJ,ASM AU,Australian Strategic Materials Ltd,AU0000094153,,1.0,1.0,0.0,AUD,Materials,Australia,Stock,equity,web_csv
2026-06-24,GDXJ,-USD CASH-,,CASH,,44159057.0,44159057.0,0.64,USD,,United States,Cash Bal,cash,web_csv
2026-06-24,GDXJ,-CAD CASH-,,CASH,,19336505.0,13577576.0,0.2,CAD,,Canada,Cash Bal,cash,web_csv
2026-06-24,GDXJ,-TRY CASH-,,CASH,,0.0,0.0,0.0,TRY,,Turkey,Cash Bal,cash,web_csv
2026-06-24,GDXJ,-MXN CASH-,,CASH,,-7277.0,-412.0,0.0,MXN,,Mexico,Cash Bal,cash,web_csv
2026-06-24,GDXJ,-GBP CASH-,,CASH,,750.0,986.0,0.0,GBP,,United Kingdom,Cash Bal,cash,web_csv
2026-06-24,GDXJ,-BRL CASH-,,CASH,,-1344.0,-258.0,0.0,BRL,,Brazil,Cash Bal,cash,web_csv
2026-06-24,GDXJ,,Other/Cash,CASH,,0.0,-21967331.0,-0.73,USD,,,Cash,cash,web_csv
2026-06-25,GDXJ,EVN AU,Evolution Mining Ltd,AU000000EVN4,,54345524.0,450838763.0,6.42,AUD,Materials,Australia,Stock,equity,web_csv
2026-06-25,GDXJ,AGI,Alamos Gold Inc,CA0115321089,,14472565.0,450241497.0,6.41,USD,Materials,Canada,Stock,equity,web_csv
2026-06-25,GDXJ,EQX,Equinox Gold Corp,CA29446Y5020,,45559377.0,428713738.0,6.1,USD,Materials,Canada,Stock,equity,web_csv
2026-06-25,GDXJ,EDV LN,Endeavour Mining Plc,GB00BL6K5J42,,7670546.0,378814086.0,5.39,GBP,Materials,United Kingdom,Stock,equity,web_csv
2026-06-25,GDXJ,CDE,Coeur Mining Inc,US1921085049,,22222913.0,355344379.0,5.06,USD,Materials,United States,Stock,equity,web_csv
2026-06-25,GDXJ,PE&OLES* MF,Industrias Penoles Sab De Cv,MXP554091415,,4650363.0,209861381.0,2.99,MXN,Materials,Mexico,Stock,equity,web_csv
2026-06-25,GDXJ,AG,First Majestic Silver Corp,CA32076V1031,,11301353.0,186472325.0,2.65,USD,Materials,Canada,Stock,equity,web_csv
2026-06-25,GDXJ,IAG,Iamgold Corp,CA4509131088,,11660174.0,184580554.0,2.63,USD,Materials,Burkina Faso,Stock,equity,web_csv
2026-06-25,GDXJ,HL,Hecla Mining Co,US4227041062,,12020495.0,182110499.0,2.59,USD,Materials,United States,Stock,equity,web_csv
2026-06-25,GDXJ,EGO,Eldorado Gold Corp,CA2849025093,,5652393.0,172002319.0,2.45,USD,Materials,Turkey,Stock,equity,web_csv
2026-06-25,GDXJ,HMY,Harmony Gold Mining Co Ltd,US4132163001,,9524263.0,144006857.0,2.05,USD,Materials,South Africa,Stock,equity,web_csv
2026-06-25,GDXJ,LUG CN,Lundin Gold Inc,CA5503711080,,2528408.0,136011527.0,1.94,CAD,Materials,Canada,Stock,equity,web_csv
2026-06-25,GDXJ,OGC CN,Oceanagold Corp,CA6752224007,,5069658.0,125541188.0,1.79,CAD,Materials,Canada,Stock,equity,web_csv
2026-06-25,GDXJ,DPM CN,Dundee Precious Metals Inc,CA26139R1091,,3803527.0,120325624.0,1.71,CAD,Materials,Canada,Stock,equity,web_csv
2026-06-25,GDXJ,BTG,B2gold Corp,CA11777Q2099,,28880842.0,114368134.0,1.63,USD,Materials,Canada,Stock,equity,web_csv
2026-06-25,GDXJ,SSRM,Ssr Mining Inc,CA7847301032,,3981631.0,113317218.0,1.61,USD,Materials,Canada,Stock,equity,web_csv
2026-06-25,GDXJ,BVN,Cia De Minas Buenaventura Saa,US2044481040,,3609866.0,110750689.0,1.58,USD,Materials,Peru,Stock,equity,web_csv
2026-06-25,GDXJ,GMIN CN,G Mining Ventures Corp,CA36270K1021,,4022781.0,107236394.0,1.53,CAD,Materials,Canada,Stock,equity,web_csv
2026-06-25,GDXJ,OR,Or Royalties Inc,CA68390D1069,,3081133.0,96932444.0,1.38,USD,Materials,Canada,Stock,equity,web_csv
2026-06-25,GDXJ,GGP AU,Greatland Resources Ltd,AU0000397705,,11085682.0,93091306.0,1.33,AUD,Materials,Australia,Stock,equity,web_csv
2026-06-25,GDXJ,DSV CN,Discovery Silver Corp,CA2546771072,,16741591.0,91001642.0,1.3,CAD,Materials,Canada,Stock,equity,web_csv
2026-06-25,GDXJ,1818 HK,Zhaojin Mining Industry Co Ltd,CNE1000004R6,,40934700.0,87401488.0,1.24,HKD,Materials,China,Stock,equity,web_csv
2026-06-25,GDXJ,PRU AU,Perseus Mining Ltd,AU000000PRU3,,24664414.0,85668590.0,1.22,AUD,Materials,Australia,Stock,equity,web_csv
2026-06-25,GDXJ,RMS AU,Ramelius Resources Ltd,AU000000RMS4,,37323775.0,75458040.0,1.07,AUD,Materials,Australia,Stock,equity,web_csv
2026-06-25,GDXJ,MAU CN,Montage Gold Corp,CA61178L1013,,7114864.0,74141867.0,1.06,CAD,Materials,Côte D'Ivoire,Stock,equity,web_csv
2026-06-25,GDXJ,ARTG CN,Artemis Gold Inc,CA04302L1004,,3421780.0,73916712.0,1.05,CAD,Materials,Canada,Stock,equity,web_csv
2026-06-25,GDXJ,KNT CN,K92 Mining Inc,CA4991131083,,4758764.0,73379286.0,1.04,CAD,Materials,Canada,Stock,equity,web_csv
2026-06-25,GDXJ,ARMN,Aris Mining Corp,CA04040Y1097,,4783784.0,71756760.0,1.02,USD,Materials,Colombia,Stock,equity,web_csv
2026-06-25,GDXJ,GMD AU,Genesis Minerals Ltd,AU000000GMD9,,18199297.0,67773412.0,0.96,AUD,Materials,Australia,Stock,equity,web_csv
2026-06-25,GDXJ,TXG CN,Torex Gold Resources Inc,CA8910546032,,1720500.0,67438997.0,0.96,CAD,Materials,Canada,Stock,equity,web_csv
2026-06-25,GDXJ,CMM AU,Capricorn Metals Ltd,AU000000CMM9,,7845969.0,66862202.0,0.95,AUD,Materials,Australia,Stock,equity,web_csv
2026-06-25,GDXJ,RRL AU,Regis Resources Ltd,AU000000RRL8,,13941571.0,62120413.0,0.88,AUD,Materials,Australia,Stock,equity,web_csv
2026-06-25,GDXJ,SKE,Skeena Resources Ltd,CA83056P7157,,2365303.0,61545184.0,0.88,USD,Materials,Canada,Stock,equity,web_csv
2026-06-25,GDXJ,VAU AU,Vault Minerals Ltd,AU0000427775,,19831652.0,61391049.0,0.87,AUD,Materials,Australia,Stock,equity,web_csv
2026-06-25,GDXJ,CGAU,Centerra Gold Inc,CA1520061021,,3863558.0,61082852.0,0.87,USD,Materials,Canada,Stock,equity,web_csv
2026-06-25,GDXJ,AUGO,Aura Minerals Inc,VGG069731120,,960497.0,58715182.0,0.84,USD,Materials,United States,Stock,equity,web_csv
2026-06-25,GDXJ,AYA CN,Aya Gold & Silver Inc,CA05466C1095,,3209170.0,58523149.0,0.83,CAD,Materials,Canada,Stock,equity,web_csv
2026-06-25,GDXJ,WDO CN,Wesdome Gold Mines Ltd/Canada,CA95083R1001,,3322785.0,56126465.0,0.8,CAD,Materials,Canada,Stock,equity,web_csv
2026-06-25,GDXJ,FSM,Fortuna Silver Mines Inc,CA3499421020,,6598754.0,55495521.0,0.79,USD,Materials,Canada,Stock,equity,web_csv
2026-06-25,GDXJ,BRMS IJ,Bumi Resources Minerals Tbk Pt,ID1000117609,,1799742400.0,54502789.0,0.78,IDR,Materials,Indonesia,Stock,equity,web_csv
2026-06-25,GDXJ,SVM,Silvercorp Metals Inc,CA82835P1036,,5074334.0,53838684.0,0.77,USD,Materials,Canada,Stock,equity,web_csv
2026-06-25,GDXJ,EMAS IJ,Merdeka Gold Resources Tbk Pt,ID1000211600,,135794500.0,53268101.0,0.76,IDR,Materials,Indonesia,Stock,equity,web_csv
2026-06-25,GDXJ,ORLA,Orla Mining Ltd,CA68634K1066,,5607861.0,53218601.0,0.76,USD,Materials,Mexico,Stock,equity,web_csv
2026-06-25,GDXJ,SA,Seabridge Gold Inc,CA8119271028,,2063963.0,52713615.0,0.75,USD,Materials,Canada,Stock,equity,web_csv
2026-06-25,GDXJ,EXK,Endeavour Silver Corp,CA29258Y1034,,6347248.0,51031874.0,0.73,USD,Materials,Canada,Stock,equity,web_csv
2026-06-25,GDXJ,WGX AU,Westgold Resources Ltd,AU000000WGX6,,15533016.0,50849662.0,0.72,AUD,Materials,Australia,Stock,equity,web_csv
2026-06-25,GDXJ,TFPM,Triple Flag Precious Metals Corp,CA89679M1041,,1802041.0,50763495.0,0.72,USD,Materials,Canada,Stock,equity,web_csv
2026-06-25,GDXJ,HOC LN,Hochschild Mining Plc,GB00B1FW5029,,7299769.0,45387836.0,0.65,GBP,Materials,Peru,Stock,equity,web_csv
2026-06-25,GDXJ,PPTA,Perpetua Resources Corp,CA7142661031,,2117071.0,44881905.0,0.64,USD,Materials,United States,Stock,equity,web_csv
2026-06-25,GDXJ,EMR AU,Emerald Resources Nl,AU000000EMR4,,11355219.0,44387527.0,0.63,AUD,Materials,Australia,Stock,equity,web_csv
2026-06-25,GDXJ,AAUC,Allied Gold Corp,CA01921D2041,,1851026.0,42295944.0,0.6,USD,Materials,Canada,Stock,equity,web_csv
2026-06-25,GDXJ,NG,Novagold Resources Inc,CA66987E2069,,6447780.0,39653847.0,0.56,USD,Materials,Canada,Stock,equity,web_csv
2026-06-25,GDXJ,PAF LN,Pan African Resources Plc,GB0004300496,,28320167.0,37120190.0,0.53,GBP,Materials,United Kingdom,Stock,equity,web_csv
2026-06-25,GDXJ,PDI AU,Predictive Discovery Ltd,AU000000PDI8,,71858891.0,36189442.0,0.52,AUD,Materials,Australia,Stock,equity,web_csv
2026-06-25,GDXJ,SXGC CN,Southern Cross Gold Consolidated Ltd,CA8426851090,,5952829.0,35752601.0,0.51,CAD,Materials,Canada,Stock,equity,web_csv
2026-06-25,GDXJ,3939 HK,Wanguo Gold Group Ltd,KYG9430L1150,,35152000.0,33753205.0,0.48,HKD,Materials,China,Stock,equity,web_csv
2026-06-25,GDXJ,WAF AU,West African Resources Ltd,AU000000WAF6,,16536833.0,33351515.0,0.47,AUD,Materials,Australia,Stock,equity,web_csv
2026-06-25,GDXJ,ABRA CN,Abrasilver Resource Corp,CA00379L3048,,3288831.0,31122611.0,0.44,CAD,Materials,Canada,Stock,equity,web_csv
2026-06-25,GDXJ,USAS,Americas Gold & Silver Corp,CA03062D8035,,6487144.0,31073420.0,0.44,USD,Materials,Canada,Stock,equity,web_csv
2026-06-25,GDXJ,HYMC,Hycroft Mining Holding Corp,US44862P2083,,1343250.0,29403743.0,0.42,USD,Materials,United States,Stock,equity,web_csv
2026-06-25,GDXJ,OBM AU,Ora Banda Mining Ltd,AU0000050130,,34065588.0,26412736.0,0.38,AUD,Materials,Australia,Stock,equity,web_csv
2026-06-25,GDXJ,VZLA,Vizsla Silver Corp,CA92859G6085,,8221664.0,25733808.0,0.37,USD,Materials,Canada,Stock,equity,web_csv
2026-06-25,GDXJ,RSG AU,Resolute Mining Ltd,AU000000RSG6,,37223131.0,25423721.0,0.36,AUD,Materials,Australia,Stock,equity,web_csv
2026-06-25,GDXJ,IAUX,I-80 Gold Corp,CA44955L1067,,18010609.0,25034747.0,0.36,USD,Materials,United States,Stock,equity,web_csv
2026-06-25,GDXJ,ASM,Avino Silver & Gold Mines Ltd,CA0539061030,,4200529.0,24615100.0,0.35,USD,Materials,Mexico,Stock,equity,web_csv
2026-06-25,GDXJ,SGD CN,Snowline Gold Corp,CA83342V1040,,3063644.0,24569551.0,0.35,CAD,Materials,Canada,Stock,equity,web_csv
2026-06-25,GDXJ,KOZAL TI,Koza Altin Isletmeleri As,TREKOAL00014,,23916316.0,24232602.0,0.35,TRY,Materials,Turkey,Stock,equity,web_csv
2026-06-25,GDXJ,ALK AU,Alkane Resources Ltd,AU000000ALK9,,23103770.0,23375215.0,0.33,AUD,Materials,Australia,Stock,equity,web_csv
2026-06-25,GDXJ,GGD CN,Gogold Resources Inc,CA38045Y1025,,10790040.0,22867819.0,0.33,CAD,Materials,United States,Stock,equity,web_csv
2026-06-25,GDXJ,BGL AU,Bellevue Gold Ltd,AU0000019374,,24857539.0,22650480.0,0.32,AUD,Materials,Australia,Stock,equity,web_csv
2026-06-25,GDXJ,KCN AU,Kingsgate Consolidated Ltd,AU000000KCN1,,6229022.0,22396266.0,0.32,AUD,Materials,Australia,Stock,equity,web_csv
2026-06-25,GDXJ,GTWO CN,G2 Goldfields Inc,CA36256R1055,,3668465.0,22213553.0,0.32,CAD,Materials,Canada,Stock,equity,web_csv
2026-06-25,GDXJ,MUX,Mcewen Mining Inc,US58039P3055,,1280111.0,22171523.0,0.32,USD,Materials,Canada,Stock,equity,web_csv
2026-06-25,GDXJ,CYL AU,Catalyst Metals Ltd,AU000000CYL6,,5846181.0,21193239.0,0.3,AUD,Materials,Australia,Stock,equity,web_csv
2026-06-25,GDXJ,DRD,Drdgold Ltd,US26152H3012,,970731.0,20686278.0,0.29,USD,Materials,South Africa,Stock,equity,web_csv
2026-06-25,GDXJ,ORE CN,Orezone Gold Corp,CA68616T1093,,12606441.0,19616430.0,0.28,CAD,Materials,Canada,Stock,equity,web_csv
2026-06-25,GDXJ,6693 HK,Chifeng Jilong Gold Mining Co Ltd,CNE100006T51,,5006400.0,15017969.0,0.21,HKD,Materials,China,Stock,equity,web_csv
2026-06-25,GDXJ,340 HK,Tongguan Gold Group Ltd,BMG8919D1074,,59562000.0,13061487.0,0.19,HKD,Materials,China,Stock,equity,web_csv
2026-06-25,GDXJ,CNL CN,Collective Mining Ltd,CA19425C1005,,1038625.0,13031718.0,0.19,CAD,Materials,Canada,Stock,equity,web_csv
2026-06-25,GDXJ,DC,Dakota Gold Corp,US46655E1001,,3136239.0,12795855.0,0.18,USD,Materials,Canada,Stock,equity,web_csv
2026-06-25,GDXJ,GROY,Gold Royalty Corp,CA38071H1064,,4484484.0,12018417.0,0.17,USD,Materials,Canada,Stock,equity,web_csv
2026-06-25,GDXJ,MTA,Metalla Royalty & Streaming Ltd,CA59124U6051,,1723723.0,11945400.0,0.17,USD,Materials,Canada,Stock,equity,web_csv
2026-06-25,GDXJ,ODV,Osisko Development Corp,CA68828E8099,,4935967.0,11846321.0,0.17,USD,Materials,Canada,Stock,equity,web_csv
2026-06-25,GDXJ,KOZAA TI,Koza Anadolu Metal Madencilik Isletmele,TREKOZA00014,,4637102.0,10803278.0,0.15,TRY,Materials,Turkey,Stock,equity,web_csv
2026-06-25,GDXJ,CTGO,Contango Ore Inc,US21077F1003,,713470.0,10644972.0,0.15,USD,Materials,United States,Stock,equity,web_csv
2026-06-25,GDXJ,IDR,Idaho Strategic Resources Inc,US6458272050,,326948.0,10638888.0,0.15,USD,Materials,United States,Stock,equity,web_csv
2026-06-25,GDXJ,NFGC,New Found Gold Corp,CA64440N1033,,6884973.0,10396309.0,0.15,USD,Materials,Canada,Stock,equity,web_csv
2026-06-25,GDXJ,BC8 AU,Black Cat Syndicate Ltd,AU000000BC88,,15785308.0,10144693.0,0.14,AUD,Materials,Australia,Stock,equity,web_csv
2026-06-25,GDXJ,ITRG,Integra Resources Corp,CA45826T5098,,4281545.0,10018815.0,0.14,USD,Materials,Canada,Stock,equity,web_csv
2026-06-25,GDXJ,PNR AU,Pantoro Gold Ltd,AU000000PNR8,,5733931.0,9439312.0,0.13,AUD,Materials,Australia,Stock,equity,web_csv
2026-06-25,GDXJ,SBM AU,St Barbara Ltd,AU000000SBM8,,24092717.0,8399205.0,0.12,AUD,Materials,Australia,Stock,equity,web_csv
2026-06-25,GDXJ,CMCL,Caledonia Mining Corp Plc,JE00BF0XVB15,,370381.0,7218726.0,0.1,USD,Materials,Jersey,Stock,equity,web_csv
2026-06-25,GDXJ,LUNR CN,Lunr Royalties Corp,CA5504281067,,539424.0,7216370.0,0.1,CAD,,Canada,Stock,equity,web_csv
2026-06-25,GDXJ,GAU,Galiano Gold Inc,CA36352H1001,,3774417.0,7058160.0,0.1,USD,Materials,Canada,Stock,equity,web_csv
2026-06-25,GDXJ,DTR AU,Dateline Resources Ltd,AU000000DTR1,,71326237.0,6600956.0,0.09,AUD,Materials,Australia,Stock,equity,web_csv
2026-06-25,GDXJ,APM CN,Andean Precious Metals Corp,CA03349X1015,,1491242.0,5816920.0,0.08,CAD,Materials,Canada,Stock,equity,web_csv
2026-06-25,GDXJ,CNMC SP,Cnmc Goldmine Holdings Ltd,,,6658500.0,5767299.0,0.08,SGD,Materials,Singapore,Stock,equity,web_csv
2026-06-25,GDXJ,AMI AU,Aurelia Metals Ltd,AU000000AMI1,,29936587.0,5718693.0,0.08,AUD,Materials,Australia,Stock,equity,web_csv
2026-06-25,GDXJ,VOXR,Vox Royalty Corp,CA92919F1036,,1150376.0,5521805.0,0.08,USD,Materials,Australia,Stock,equity,web_csv
2026-06-25,GDXJ,ASL AU,Andean Silver Ltd,AU0000343253,,3970057.0,5326837.0,0.08,AUD,Materials,Australia,Stock,equity,web_csv
2026-06-25,GDXJ,GLDG,Goldmining Inc,CA38149E1016,,5332936.0,4756979.0,0.07,USD,Materials,Canada,Stock,equity,web_csv
2026-06-25,GDXJ,USAU,Us Gold Corp,US90291C2017,,320741.0,4634707.0,0.07,USD,Materials,United States,Stock,equity,web_csv
2026-06-25,GDXJ,AZY AU,Antipa Minerals Ltd,AU000000AZY0,,12222128.0,4583954.0,0.07,AUD,Materials,Australia,Stock,equity,web_csv
2026-06-25,GDXJ,MEK AU,Meeka Metals Ltd,AU0000192726,,65303090.0,4222975.0,0.06,AUD,Materials,Australia,Stock,equity,web_csv
2026-06-25,GDXJ,LUCA CN,Luca Mining Corp,CA54929M1068,,5955585.0,4193336.0,0.06,CAD,Materials,Mexico,Stock,equity,web_csv
2026-06-25,GDXJ,8299 HK,Gt Gold Holdings Ltd,KYG4136P1303,,110520000.0,3803033.0,0.05,HKD,Materials,China,Stock,equity,web_csv
2026-06-25,GDXJ,FDR CN,Founders Metals Inc,CA3505901056,,1474353.0,3747519.0,0.05,CAD,Materials,Canada,Stock,equity,web_csv
2026-06-25,GDXJ,WRLG CN,West Red Lake Gold Mines Ltd,CA95556L1013,,8323118.0,3633398.0,0.05,CAD,Materials,Canada,Stock,equity,web_csv
2026-06-25,GDXJ,ARCI IJ,Archi Indonesia Tbk Pt,ID1000161003,,63131300.0,3315623.0,0.05,IDR,Materials,Indonesia,Stock,equity,web_csv
2026-06-25,GDXJ,VGC CN,Valor Gold Corp,CA9199211066,,985556.0,2539789.0,0.04,CAD,,Canada,Stock,equity,web_csv
2026-06-25,GDXJ,FFX AU,Firefinch Ltd,AU0000114522,,54133739.0,2273487.0,0.03,AUD,Materials,Australia,Stock,equity,web_csv
2026-06-25,GDXJ,PSAB IJ,J Resources Asia Pasific Tbk Pt,ID1000094709,,65868100.0,1547690.0,0.02,IDR,Materials,Indonesia,Stock,equity,web_csv
2026-06-25,GDXJ,FMR CN,Future Mineral Resources Inc,CA3611551043,,168999.0,40457.0,0.0,CAD,Materials,Canada,Stock,equity,web_csv
2026-06-25,GDXJ,NIX CN,Archer Exploration Corp,CA66860Q1028,,179304.0,19568.0,0.0,CAD,Materials,Canada,Stock,equity,web_csv
2026-06-25,GDXJ,VGCX CN,Victoria Gold Corp/Vancouver,CA92625W5072,,1722275.0,1.0,0.0,CAD,Materials,Canada,Stock,equity,web_csv
2026-06-25,GDXJ,ASM AU,Australian Strategic Materials Ltd,AU0000094153,,1.0,1.0,0.0,AUD,Materials,Australia,Stock,equity,web_csv
2026-06-25,GDXJ,-USD CASH-,,CASH,,15570379.0,15570379.0,0.22,USD,,United States,Cash Bal,cash,web_csv
2026-06-25,GDXJ,-CAD CASH-,,CASH,,19336505.0,13614860.0,0.19,CAD,,Canada,Cash Bal,cash,web_csv
2026-06-25,GDXJ,-TRY CASH-,,CASH,,0.0,0.0,0.0,TRY,,Turkey,Cash Bal,cash,web_csv
2026-06-25,GDXJ,-MXN CASH-,,CASH,,-7277.0,-414.0,0.0,MXN,,Mexico,Cash Bal,cash,web_csv
2026-06-25,GDXJ,-GBP CASH-,,CASH,,750.0,991.0,0.0,GBP,,United Kingdom,Cash Bal,cash,web_csv
2026-06-25,GDXJ,-BRL CASH-,,CASH,,-1344.0,-259.0,0.0,BRL,,Brazil,Cash Bal,cash,web_csv
2026-06-25,GDXJ,,Other/Cash,CASH,,0.0,-7775499.0,-0.32,USD,,,Cash,cash,web_csv
2026-06-26,GDXJ,EVN AU,Evolution Mining Ltd,AU000000EVN4,,54307576.0,459578569.0,6.42,AUD,Materials,Australia,Stock,equity,web_csv
2026-06-26,GDXJ,AGI,Alamos Gold Inc,CA0115321089,,14462461.0,452964279.0,6.33,USD,Materials,Canada,Stock,equity,web_csv
2026-06-26,GDXJ,EQX,Equinox Gold Corp,CA29446Y5020,,45527547.0,442072481.0,6.18,USD,Materials,Canada,Stock,equity,web_csv
2026-06-26,GDXJ,EDV LN,Endeavour Mining Plc,GB00BL6K5J42,,7665193.0,387800251.0,5.42,GBP,Materials,United Kingdom,Stock,equity,web_csv
2026-06-26,GDXJ,CDE,Coeur Mining Inc,US1921085049,,22207453.0,355763397.0,4.97,USD,Materials,United States,Stock,equity,web_csv
2026-06-26,GDXJ,PE&OLES* MF,Industrias Penoles Sab De Cv,MXP554091415,,4647113.0,206800593.0,2.89,MXN,Materials,Mexico,Stock,equity,web_csv
2026-06-26,GDXJ,AG,First Majestic Silver Corp,CA32076V1031,,11293466.0,190746641.0,2.67,USD,Materials,Canada,Stock,equity,web_csv
2026-06-26,GDXJ,HL,Hecla Mining Co,US4227041062,,12012097.0,186667987.0,2.61,USD,Materials,United States,Stock,equity,web_csv
2026-06-26,GDXJ,IAG,Iamgold Corp,CA4509131088,,11652032.0,184917748.0,2.58,USD,Materials,Burkina Faso,Stock,equity,web_csv
2026-06-26,GDXJ,EGO,Eldorado Gold Corp,CA2849025093,,5648444.0,177135204.0,2.48,USD,Materials,Turkey,Stock,equity,web_csv
2026-06-26,GDXJ,HMY,Harmony Gold Mining Co Ltd,US4132163001,,9517619.0,147808623.0,2.07,USD,Materials,South Africa,Stock,equity,web_csv
2026-06-26,GDXJ,LUG CN,Lundin Gold Inc,CA5503711080,,2526642.0,137101846.0,1.92,CAD,Materials,Canada,Stock,equity,web_csv
2026-06-26,GDXJ,OGC CN,Oceanagold Corp,CA6752224007,,5066117.0,125515684.0,1.75,CAD,Materials,Canada,Stock,equity,web_csv
2026-06-26,GDXJ,DPM CN,Dundee Precious Metals Inc,CA26139R1091,,3800870.0,123479089.0,1.73,CAD,Materials,Canada,Stock,equity,web_csv
2026-06-26,GDXJ,SSRM,Ssr Mining Inc,CA7847301032,,3978853.0,116898701.0,1.63,USD,Materials,Canada,Stock,equity,web_csv
2026-06-26,GDXJ,BTG,B2gold Corp,CA11777Q2099,,28860684.0,113711095.0,1.59,USD,Materials,Canada,Stock,equity,web_csv
2026-06-26,GDXJ,GMIN CN,G Mining Ventures Corp,CA36270K1021,,4019970.0,113440753.0,1.59,CAD,Materials,Canada,Stock,equity,web_csv
2026-06-26,GDXJ,BVN,Cia De Minas Buenaventura Saa,US2044481040,,3607351.0,109735617.0,1.53,USD,Materials,Peru,Stock,equity,web_csv
2026-06-26,GDXJ,OR,Or Royalties Inc,CA68390D1069,,3078981.0,99297137.0,1.39,USD,Materials,Canada,Stock,equity,web_csv
2026-06-26,GDXJ,DSV CN,Discovery Silver Corp,CA2546771072,,16729888.0,98969019.0,1.38,CAD,Materials,Canada,Stock,equity,web_csv
2026-06-26,GDXJ,GGP AU,Greatland Resources Ltd,AU0000397705,,11077939.0,94870958.0,1.33,AUD,Materials,Australia,Stock,equity,web_csv
2026-06-26,GDXJ,PRU AU,Perseus Mining Ltd,AU000000PRU3,,24647172.0,87720849.0,1.23,AUD,Materials,Australia,Stock,equity,web_csv
2026-06-26,GDXJ,1818 HK,Zhaojin Mining Industry Co Ltd,CNE1000004R6,,40906200.0,87336035.0,1.22,HKD,Materials,China,Stock,equity,web_csv
2026-06-26,GDXJ,MAU CN,Montage Gold Corp,CA61178L1013,,7109890.0,79763758.0,1.11,CAD,Materials,Côte D'Ivoire,Stock,equity,web_csv
2026-06-26,GDXJ,RMS AU,Ramelius Resources Ltd,AU000000RMS4,,37297721.0,77344314.0,1.08,AUD,Materials,Australia,Stock,equity,web_csv
2026-06-26,GDXJ,ARTG CN,Artemis Gold Inc,CA04302L1004,,3419389.0,76457341.0,1.07,CAD,Materials,Canada,Stock,equity,web_csv
2026-06-26,GDXJ,KNT CN,K92 Mining Inc,CA4991131083,,4755439.0,74515664.0,1.04,CAD,Materials,Canada,Stock,equity,web_csv
2026-06-26,GDXJ,ARMN,Aris Mining Corp,CA04040Y1097,,4780446.0,72519366.0,1.01,USD,Materials,Colombia,Stock,equity,web_csv
2026-06-26,GDXJ,TXG CN,Torex Gold Resources Inc,CA8910546032,,1719299.0,68956004.0,0.96,CAD,Materials,Canada,Stock,equity,web_csv
2026-06-26,GDXJ,GMD AU,Genesis Minerals Ltd,AU000000GMD9,,18186583.0,67934104.0,0.95,AUD,Materials,Australia,Stock,equity,web_csv
2026-06-26,GDXJ,CMM AU,Capricorn Metals Ltd,AU000000CMM9,,7840488.0,67843586.0,0.95,AUD,Materials,Australia,Stock,equity,web_csv
2026-06-26,GDXJ,SKE,Skeena Resources Ltd,CA83056P7157,,2363652.0,63582239.0,0.89,USD,Materials,Canada,Stock,equity,web_csv
2026-06-26,GDXJ,AYA CN,Aya Gold & Silver Inc,CA05466C1095,,3206926.0,63530989.0,0.89,CAD,Materials,Canada,Stock,equity,web_csv
2026-06-26,GDXJ,RRL AU,Regis Resources Ltd,AU000000RRL8,,13931826.0,63528106.0,0.89,AUD,Materials,Australia,Stock,equity,web_csv
2026-06-26,GDXJ,CGAU,Centerra Gold Inc,CA1520061021,,3860865.0,62507404.0,0.87,USD,Materials,Canada,Stock,equity,web_csv
2026-06-26,GDXJ,VAU AU,Vault Minerals Ltd,AU0000427775,,19817799.0,62419988.0,0.87,AUD,Materials,Australia,Stock,equity,web_csv
2026-06-26,GDXJ,AUGO,Aura Minerals Inc,VGG069731120,,959827.0,61505714.0,0.86,USD,Materials,United States,Stock,equity,web_csv
2026-06-26,GDXJ,WDO CN,Wesdome Gold Mines Ltd/Canada,CA95083R1001,,3320464.0,57665863.0,0.81,CAD,Materials,Canada,Stock,equity,web_csv
2026-06-26,GDXJ,FSM,Fortuna Silver Mines Inc,CA3499421020,,6594146.0,56116182.0,0.78,USD,Materials,Canada,Stock,equity,web_csv
2026-06-26,GDXJ,SVM,Silvercorp Metals Inc,CA82835P1036,,5070796.0,55119553.0,0.77,USD,Materials,Canada,Stock,equity,web_csv
2026-06-26,GDXJ,ORLA,Orla Mining Ltd,CA68634K1066,,5603950.0,54022078.0,0.75,USD,Materials,Mexico,Stock,equity,web_csv
2026-06-26,GDXJ,SA,Seabridge Gold Inc,CA8119271028,,2062522.0,53934950.0,0.75,USD,Materials,Canada,Stock,equity,web_csv
2026-06-26,GDXJ,TFPM,Triple Flag Precious Metals Corp,CA89679M1041,,1800784.0,53843442.0,0.75,USD,Materials,Canada,Stock,equity,web_csv
2026-06-26,GDXJ,EXK,Endeavour Silver Corp,CA29258Y1034,,6342822.0,52835707.0,0.74,USD,Materials,Canada,Stock,equity,web_csv
2026-06-26,GDXJ,WGX AU,Westgold Resources Ltd,AU000000WGX6,,15522172.0,51853332.0,0.72,AUD,Materials,Australia,Stock,equity,web_csv
2026-06-26,GDXJ,BRMS IJ,Bumi Resources Minerals Tbk Pt,ID1000117609,,1798484900.0,50275466.0,0.7,IDR,Materials,Indonesia,Stock,equity,web_csv
2026-06-26,GDXJ,HOC LN,Hochschild Mining Plc,GB00B1FW5029,,7294670.0,46713555.0,0.65,GBP,Materials,Peru,Stock,equity,web_csv
2026-06-26,GDXJ,EMAS IJ,Merdeka Gold Resources Tbk Pt,ID1000211600,,135699700.0,46548478.0,0.65,IDR,Materials,Indonesia,Stock,equity,web_csv
2026-06-26,GDXJ,PPTA,Perpetua Resources Corp,CA7142661031,,2115593.0,45146755.0,0.63,USD,Materials,United States,Stock,equity,web_csv
2026-06-26,GDXJ,EMR AU,Emerald Resources Nl,AU000000EMR4,,11347290.0,45014195.0,0.63,AUD,Materials,Australia,Stock,equity,web_csv
2026-06-26,GDXJ,AAUC,Allied Gold Corp,CA01921D2041,,1849734.0,42673363.0,0.6,USD,Materials,Canada,Stock,equity,web_csv
2026-06-26,GDXJ,NG,Novagold Resources Inc,CA66987E2069,,6443278.0,40979248.0,0.57,USD,Materials,Canada,Stock,equity,web_csv
2026-06-26,GDXJ,PAF LN,Pan African Resources Plc,GB0004300496,,28300424.0,38054717.0,0.53,GBP,Materials,United Kingdom,Stock,equity,web_csv
2026-06-26,GDXJ,SXGC CN,Southern Cross Gold Consolidated Ltd,CA8426851090,,5948669.0,37117650.0,0.52,CAD,Materials,Canada,Stock,equity,web_csv
2026-06-26,GDXJ,PDI AU,Predictive Discovery Ltd,AU000000PDI8,,71808692.0,36280195.0,0.51,AUD,Materials,Australia,Stock,equity,web_csv
2026-06-26,GDXJ,3939 HK,Wanguo Gold Group Ltd,KYG9430L1150,,35127500.0,34435777.0,0.48,HKD,Materials,China,Stock,equity,web_csv
2026-06-26,GDXJ,ABRA CN,Abrasilver Resource Corp,CA00379L3048,,3286536.0,33468299.0,0.47,CAD,Materials,Canada,Stock,equity,web_csv
2026-06-26,GDXJ,WAF AU,West African Resources Ltd,AU000000WAF6,,16525299.0,32951412.0,0.46,AUD,Materials,Australia,Stock,equity,web_csv
2026-06-26,GDXJ,HYMC,Hycroft Mining Holding Corp,US44862P2083,,1342313.0,31866511.0,0.45,USD,Materials,United States,Stock,equity,web_csv
2026-06-26,GDXJ,USAS,Americas Gold & Silver Corp,CA03062D8035,,6482616.0,31181383.0,0.44,USD,Materials,Canada,Stock,equity,web_csv
2026-06-26,GDXJ,VZLA,Vizsla Silver Corp,CA92859G6085,,8215926.0,26948237.0,0.38,USD,Materials,Canada,Stock,equity,web_csv
2026-06-26,GDXJ,OBM AU,Ora Banda Mining Ltd,AU0000050130,,34041790.0,26656387.0,0.37,AUD,Materials,Australia,Stock,equity,web_csv
2026-06-26,GDXJ,SGD CN,Snowline Gold Corp,CA83342V1040,,3061503.0,26282420.0,0.37,CAD,Materials,Canada,Stock,equity,web_csv
2026-06-26,GDXJ,RSG AU,Resolute Mining Ltd,AU000000RSG6,,37197112.0,25982125.0,0.36,AUD,Materials,Australia,Stock,equity,web_csv
2026-06-26,GDXJ,ASM,Avino Silver & Gold Mines Ltd,CA0539061030,,4197598.0,25815228.0,0.36,USD,Materials,Mexico,Stock,equity,web_csv
2026-06-26,GDXJ,IAUX,I-80 Gold Corp,CA44955L1067,,17998038.0,25557214.0,0.36,USD,Materials,United States,Stock,equity,web_csv
2026-06-26,GDXJ,KOZAL TI,Koza Altin Isletmeleri As,TREKOAL00014,,23899609.0,24153260.0,0.34,TRY,Materials,Turkey,Stock,equity,web_csv
2026-06-26,GDXJ,GGD CN,Gogold Resources Inc,CA38045Y1025,,10782502.0,24071644.0,0.34,CAD,Materials,United States,Stock,equity,web_csv
2026-06-26,GDXJ,GTWO CN,G2 Goldfields Inc,CA36256R1055,,3665903.0,23829209.0,0.33,CAD,Materials,Canada,Stock,equity,web_csv
2026-06-26,GDXJ,KCN AU,Kingsgate Consolidated Ltd,AU000000KCN1,,6224673.0,23252436.0,0.32,AUD,Materials,Australia,Stock,equity,web_csv
2026-06-26,GDXJ,ALK AU,Alkane Resources Ltd,AU000000ALK9,,23087614.0,23182837.0,0.32,AUD,Materials,Australia,Stock,equity,web_csv
2026-06-26,GDXJ,MUX,Mcewen Mining Inc,US58039P3055,,1279218.0,23025924.0,0.32,USD,Materials,Canada,Stock,equity,web_csv
2026-06-26,GDXJ,BGL AU,Bellevue Gold Ltd,AU0000019374,,24840171.0,22656155.0,0.32,AUD,Materials,Australia,Stock,equity,web_csv
2026-06-26,GDXJ,CYL AU,Catalyst Metals Ltd,AU000000CYL6,,5842097.0,21650336.0,0.3,AUD,Materials,Australia,Stock,equity,web_csv
2026-06-26,GDXJ,DRD,Drdgold Ltd,US26152H3012,,970052.0,20720311.0,0.29,USD,Materials,South Africa,Stock,equity,web_csv
2026-06-26,GDXJ,ORE CN,Orezone Gold Corp,CA68616T1093,,12597626.0,20494043.0,0.29,CAD,Materials,Canada,Stock,equity,web_csv
2026-06-26,GDXJ,6693 HK,Chifeng Jilong Gold Mining Co Ltd,CNE100006T51,,5003000.0,15046508.0,0.21,HKD,Materials,China,Stock,equity,web_csv
2026-06-26,GDXJ,340 HK,Tongguan Gold Group Ltd,BMG8919D1074,,59520000.0,13529376.0,0.19,HKD,Materials,China,Stock,equity,web_csv
2026-06-26,GDXJ,CNL CN,Collective Mining Ltd,CA19425C1005,,1037899.0,13427377.0,0.19,CAD,Materials,Canada,Stock,equity,web_csv
2026-06-26,GDXJ,DC,Dakota Gold Corp,US46655E1001,,3134050.0,13288372.0,0.19,USD,Materials,Canada,Stock,equity,web_csv
2026-06-26,GDXJ,MTA,Metalla Royalty & Streaming Ltd,CA59124U6051,,1722521.0,12781106.0,0.18,USD,Materials,Canada,Stock,equity,web_csv
2026-06-26,GDXJ,GROY,Gold Royalty Corp,CA38071H1064,,4481354.0,12592605.0,0.18,USD,Materials,Canada,Stock,equity,web_csv
2026-06-26,GDXJ,ODV,Osisko Development Corp,CA68828E8099,,4932523.0,11838055.0,0.17,USD,Materials,Canada,Stock,equity,web_csv
2026-06-26,GDXJ,CTGO,Contango Ore Inc,US21077F1003,,712972.0,11222179.0,0.16,USD,Materials,United States,Stock,equity,web_csv
2026-06-26,GDXJ,KOZAA TI,Koza Anadolu Metal Madencilik Isletmele,TREKOZA00014,,4633863.0,11164419.0,0.16,TRY,Materials,Turkey,Stock,equity,web_csv
2026-06-26,GDXJ,IDR,Idaho Strategic Resources Inc,US6458272050,,326720.0,11164022.0,0.16,USD,Materials,United States,Stock,equity,web_csv
2026-06-26,GDXJ,NFGC,New Found Gold Corp,CA64440N1033,,6880164.0,10595453.0,0.15,USD,Materials,Canada,Stock,equity,web_csv
2026-06-26,GDXJ,BC8 AU,Black Cat Syndicate Ltd,AU000000BC88,,15774281.0,10152079.0,0.14,AUD,Materials,Australia,Stock,equity,web_csv
2026-06-26,GDXJ,ITRG,Integra Resources Corp,CA45826T5098,,4278555.0,9969033.0,0.14,USD,Materials,Canada,Stock,equity,web_csv
2026-06-26,GDXJ,PNR AU,Pantoro Gold Ltd,AU000000PNR8,,5729924.0,9522151.0,0.13,AUD,Materials,Australia,Stock,equity,web_csv
2026-06-26,GDXJ,SBM AU,St Barbara Ltd,AU000000SBM8,,24075886.0,7924772.0,0.11,AUD,Materials,Australia,Stock,equity,web_csv
2026-06-26,GDXJ,CMCL,Caledonia Mining Corp Plc,JE00BF0XVB15,,370122.0,7332117.0,0.1,USD,Materials,Jersey,Stock,equity,web_csv
2026-06-26,GDXJ,LUNR CN,Lunr Royalties Corp,CA5504281067,,539423.0,7244478.0,0.1,CAD,,Canada,Stock,equity,web_csv
2026-06-26,GDXJ,GAU,Galiano Gold Inc,CA36352H1001,,3771783.0,7204106.0,0.1,USD,Materials,Canada,Stock,equity,web_csv
2026-06-26,GDXJ,DTR AU,Dateline Resources Ltd,AU000000DTR1,,71276396.0,6892883.0,0.1,AUD,Materials,Australia,Stock,equity,web_csv
2026-06-26,GDXJ,APM CN,Andean Precious Metals Corp,CA03349X1015,,1490200.0,5919031.0,0.08,CAD,Materials,Canada,Stock,equity,web_csv
2026-06-26,GDXJ,AMI AU,Aurelia Metals Ltd,AU000000AMI1,,29915679.0,5696875.0,0.08,AUD,Materials,Australia,Stock,equity,web_csv
2026-06-26,GDXJ,CNMC SP,Cnmc Goldmine Holdings Ltd,,,6653800.0,5694096.0,0.08,SGD,Materials,Singapore,Stock,equity,web_csv
2026-06-26,GDXJ,VOXR,Vox Royalty Corp,CA92919F1036,,1149573.0,5655899.0,0.08,USD,Materials,Australia,Stock,equity,web_csv
2026-06-26,GDXJ,ASL AU,Andean Silver Ltd,AU0000343253,,3967283.0,5102321.0,0.07,AUD,Materials,Australia,Stock,equity,web_csv
2026-06-26,GDXJ,GLDG,Goldmining Inc,CA38149E1016,,5329215.0,4838927.0,0.07,USD,Materials,Canada,Stock,equity,web_csv
2026-06-26,GDXJ,USAU,Us Gold Corp,US90291C2017,,320517.0,4830191.0,0.07,USD,Materials,United States,Stock,equity,web_csv
2026-06-26,GDXJ,AZY AU,Antipa Minerals Ltd,AU000000AZY0,,12213597.0,4644145.0,0.06,AUD,Materials,Australia,Stock,equity,web_csv
2026-06-26,GDXJ,MEK AU,Meeka Metals Ltd,AU0000192726,,65257497.0,4384979.0,0.06,AUD,Materials,Australia,Stock,equity,web_csv
2026-06-26,GDXJ,LUCA CN,Luca Mining Corp,CA54929M1068,,5951422.0,4275116.0,0.06,CAD,Materials,Mexico,Stock,equity,web_csv
2026-06-26,GDXJ,8299 HK,Gt Gold Holdings Ltd,KYG4136P1303,,110448000.0,3898522.0,0.05,HKD,Materials,China,Stock,equity,web_csv
2026-06-26,GDXJ,FDR CN,Founders Metals Inc,CA3505901056,,1473325.0,3890960.0,0.05,CAD,Materials,Canada,Stock,equity,web_csv
2026-06-26,GDXJ,WRLG CN,West Red Lake Gold Mines Ltd,CA95556L1013,,8317306.0,3631628.0,0.05,CAD,Materials,Canada,Stock,equity,web_csv
2026-06-26,GDXJ,ARCI IJ,Archi Indonesia Tbk Pt,ID1000161003,,63087400.0,3209938.0,0.04,IDR,Materials,Indonesia,Stock,equity,web_csv
2026-06-26,GDXJ,VGC CN,Valor Gold Corp,CA9199211066,,984867.0,2524678.0,0.04,CAD,,Canada,Stock,equity,web_csv
2026-06-26,GDXJ,FFX AU,Firefinch Ltd,AU0000114522,,54133739.0,2271184.0,0.03,AUD,Materials,Australia,Stock,equity,web_csv
2026-06-26,GDXJ,PSAB IJ,J Resources Asia Pasific Tbk Pt,ID1000094709,,65822100.0,1509792.0,0.02,IDR,Materials,Indonesia,Stock,equity,web_csv
2026-06-26,GDXJ,FMR CN,Future Mineral Resources Inc,CA3611551043,,168999.0,41061.0,0.0,CAD,Materials,Canada,Stock,equity,web_csv
2026-06-26,GDXJ,NIX CN,Archer Exploration Corp,CA66860Q1028,,179304.0,19573.0,0.0,CAD,Materials,Canada,Stock,equity,web_csv
2026-06-26,GDXJ,VGCX CN,Victoria Gold Corp/Vancouver,CA92625W5072,,1722275.0,1.0,0.0,CAD,Materials,Canada,Stock,equity,web_csv
2026-06-26,GDXJ,ASM AU,Australian Strategic Materials Ltd,AU0000094153,,1.0,1.0,0.0,AUD,Materials,Australia,Stock,equity,web_csv
2026-06-26,GDXJ,-USD CASH-,,CASH,,10300682.0,10300682.0,0.14,USD,,United States,Cash Bal,cash,web_csv
2026-06-26,GDXJ,-CAD CASH-,,CASH,,6001096.0,4226273.0,0.06,CAD,,Canada,Cash Bal,cash,web_csv
2026-06-26,GDXJ,-TRY CASH-,,CASH,,0.0,0.0,0.0,TRY,,Turkey,Cash Bal,cash,web_csv
2026-06-26,GDXJ,-MXN CASH-,,CASH,,-3639.0,-208.0,0.0,MXN,,Mexico,Cash Bal,cash,web_csv
2026-06-26,GDXJ,-GBP CASH-,,CASH,,375.0,495.0,0.0,GBP,,United Kingdom,Cash Bal,cash,web_csv
2026-06-26,GDXJ,-BRL CASH-,,CASH,,-672.0,-130.0,0.0,BRL,,Brazil,Cash Bal,cash,web_csv
2026-06-26,GDXJ,,Other/Cash,CASH,,0.0,-7803329.0,-0.11,USD,,,Cash,cash,web_csv
2026-06-29,GDXJ,EVN AU,Evolution Mining Ltd,AU000000EVN4,,54535246.0,463013669.0,6.49,AUD,Materials,Australia,Stock,equity,web_csv
2026-06-29,GDXJ,AGI,Alamos Gold Inc,CA0115321089,,14523079.0,446439448.0,6.26,USD,Materials,Canada,Stock,equity,web_csv
2026-06-29,GDXJ,EQX,Equinox Gold Corp,CA29446Y5020,,45718515.0,444841151.0,6.24,USD,Materials,Canada,Stock,equity,web_csv
2026-06-29,GDXJ,EDV LN,Endeavour Mining Plc,GB00BL6K5J42,,7697311.0,380984583.0,5.34,GBP,Materials,United Kingdom,Stock,equity,web_csv
2026-06-29,GDXJ,CDE,Coeur Mining Inc,US1921085049,,22300207.0,364162380.0,5.11,USD,Materials,United States,Stock,equity,web_csv
2026-06-29,GDXJ,PE&OLES* MF,Industrias Penoles Sab De Cv,MXP554091415,,4666613.0,207732504.0,2.91,MXN,Materials,Mexico,Stock,equity,web_csv
2026-06-29,GDXJ,AG,First Majestic Silver Corp,CA32076V1031,,11340782.0,190638545.0,2.67,USD,Materials,Canada,Stock,equity,web_csv
2026-06-29,GDXJ,IAG,Iamgold Corp,CA4509131088,,11700884.0,186512091.0,2.62,USD,Materials,Burkina Faso,Stock,equity,web_csv
2026-06-29,GDXJ,HL,Hecla Mining Co,US4227041062,,12062479.0,185762177.0,2.61,USD,Materials,United States,Stock,equity,web_csv
2026-06-29,GDXJ,EGO,Eldorado Gold Corp,CA2849025093,,5672132.0,176516748.0,2.48,USD,Materials,Turkey,Stock,equity,web_csv
2026-06-29,GDXJ,HMY,Harmony Gold Mining Co Ltd,US4132163001,,9557483.0,145082592.0,2.03,USD,Materials,South Africa,Stock,equity,web_csv
2026-06-29,GDXJ,LUG CN,Lundin Gold Inc,CA5503711080,,2537238.0,137088163.0,1.92,CAD,Materials,Canada,Stock,equity,web_csv
2026-06-29,GDXJ,OGC CN,Oceanagold Corp,CA6752224007,,5087363.0,127734500.0,1.79,CAD,Materials,Canada,Stock,equity,web_csv
2026-06-29,GDXJ,DPM CN,Dundee Precious Metals Inc,CA26139R1091,,3816812.0,122880369.0,1.72,CAD,Materials,Canada,Stock,equity,web_csv
2026-06-29,GDXJ,GMIN CN,G Mining Ventures Corp,CA36270K1021,,4036836.0,117464670.0,1.65,CAD,Materials,Canada,Stock,equity,web_csv
2026-06-29,GDXJ,SSRM,Ssr Mining Inc,CA7847301032,,3995521.0,113372908.0,1.59,USD,Materials,Canada,Stock,equity,web_csv
2026-06-29,GDXJ,BTG,B2gold Corp,CA11777Q2099,,28981626.0,109840363.0,1.54,USD,Materials,Canada,Stock,equity,web_csv
2026-06-29,GDXJ,BVN,Cia De Minas Buenaventura Saa,US2044481040,,3622441.0,103529364.0,1.45,USD,Materials,Peru,Stock,equity,web_csv
2026-06-29,GDXJ,DSV CN,Discovery Silver Corp,CA2546771072,,16800100.0,102735913.0,1.44,CAD,Materials,Canada,Stock,equity,web_csv
2026-06-29,GDXJ,OR,Or Royalties Inc,CA68390D1069,,3091893.0,98677765.0,1.38,USD,Materials,Canada,Stock,equity,web_csv
2026-06-29,GDXJ,GGP AU,Greatland Resources Ltd,AU0000397705,,11124397.0,90488943.0,1.27,AUD,Materials,Australia,Stock,equity,web_csv
2026-06-29,GDXJ,1818 HK,Zhaojin Mining Industry Co Ltd,CNE1000004R6,,41077200.0,90013789.0,1.26,HKD,Materials,China,Stock,equity,web_csv
2026-06-29,GDXJ,PRU AU,Perseus Mining Ltd,AU000000PRU3,,24750618.0,87408356.0,1.23,AUD,Materials,Australia,Stock,equity,web_csv
2026-06-29,GDXJ,MAU CN,Montage Gold Corp,CA61178L1013,,7139734.0,80388265.0,1.13,CAD,Materials,Côte D'Ivoire,Stock,equity,web_csv
2026-06-29,GDXJ,RMS AU,Ramelius Resources Ltd,AU000000RMS4,,37454033.0,78670006.0,1.1,AUD,Materials,Australia,Stock,equity,web_csv
2026-06-29,GDXJ,KNT CN,K92 Mining Inc,CA4991131083,,4775389.0,74938373.0,1.05,CAD,Materials,Canada,Stock,equity,web_csv
2026-06-29,GDXJ,ARTG CN,Artemis Gold Inc,CA04302L1004,,3433735.0,74640635.0,1.05,CAD,Materials,Canada,Stock,equity,web_csv
2026-06-29,GDXJ,ARMN,Aris Mining Corp,CA04040Y1097,,4800474.0,71863096.0,1.01,USD,Materials,Colombia,Stock,equity,web_csv
2026-06-29,GDXJ,TXG CN,Torex Gold Resources Inc,CA8910546032,,1726505.0,68814780.0,0.97,CAD,Materials,Canada,Stock,equity,web_csv
2026-06-29,GDXJ,GMD AU,Genesis Minerals Ltd,AU000000GMD9,,18262861.0,68604585.0,0.96,AUD,Materials,Australia,Stock,equity,web_csv
2026-06-29,GDXJ,CMM AU,Capricorn Metals Ltd,AU000000CMM9,,7873374.0,66989269.0,0.94,AUD,Materials,Australia,Stock,equity,web_csv
2026-06-29,GDXJ,SKE,Skeena Resources Ltd,CA83056P7157,,2373558.0,63587619.0,0.89,USD,Materials,Canada,Stock,equity,web_csv
2026-06-29,GDXJ,CGAU,Centerra Gold Inc,CA1520061021,,3877023.0,62613921.0,0.88,USD,Materials,Canada,Stock,equity,web_csv
2026-06-29,GDXJ,RRL AU,Regis Resources Ltd,AU000000RRL8,,13990290.0,62026966.0,0.87,AUD,Materials,Australia,Stock,equity,web_csv
2026-06-29,GDXJ,AUGO,Aura Minerals Inc,VGG069731120,,963847.0,61348862.0,0.86,USD,Materials,United States,Stock,equity,web_csv
2026-06-29,GDXJ,VAU AU,Vault Minerals Ltd,AU0000427775,,19900911.0,61185460.0,0.86,AUD,Materials,Australia,Stock,equity,web_csv
2026-06-29,GDXJ,AYA CN,Aya Gold & Silver Inc,CA05466C1095,,3220384.0,60326253.0,0.85,CAD,Materials,Canada,Stock,equity,web_csv
2026-06-29,GDXJ,WDO CN,Wesdome Gold Mines Ltd/Canada,CA95083R1001,,3334390.0,56900853.0,0.8,CAD,Materials,Canada,Stock,equity,web_csv
2026-06-29,GDXJ,SVM,Silvercorp Metals Inc,CA82835P1036,,5092024.0,55604902.0,0.78,USD,Materials,Canada,Stock,equity,web_csv
2026-06-29,GDXJ,FSM,Fortuna Silver Mines Inc,CA3499421020,,6621788.0,55424366.0,0.78,USD,Materials,Canada,Stock,equity,web_csv
2026-06-29,GDXJ,ORLA,Orla Mining Ltd,CA68634K1066,,5627416.0,54754758.0,0.77,USD,Materials,Mexico,Stock,equity,web_csv
2026-06-29,GDXJ,TFPM,Triple Flag Precious Metals Corp,CA89679M1041,,1808326.0,54448696.0,0.76,USD,Materials,Canada,Stock,equity,web_csv
2026-06-29,GDXJ,SA,Seabridge Gold Inc,CA8119271028,,2071168.0,52524820.0,0.74,USD,Materials,Canada,Stock,equity,web_csv
2026-06-29,GDXJ,EXK,Endeavour Silver Corp,CA29258Y1034,,6369378.0,52419981.0,0.74,USD,Materials,Canada,Stock,equity,web_csv
2026-06-29,GDXJ,WGX AU,Westgold Resources Ltd,AU000000WGX6,,15587236.0,51759677.0,0.73,AUD,Materials,Australia,Stock,equity,web_csv
2026-06-29,GDXJ,BRMS IJ,Bumi Resources Minerals Tbk Pt,ID1000117609,,1806029300.0,50607138.0,0.71,IDR,Materials,Indonesia,Stock,equity,web_csv
2026-06-29,GDXJ,EMAS IJ,Merdeka Gold Resources Tbk Pt,ID1000211600,,136268500.0,46812285.0,0.66,IDR,Materials,Indonesia,Stock,equity,web_csv
2026-06-29,GDXJ,HOC LN,Hochschild Mining Plc,GB00B1FW5029,,7325264.0,46434989.0,0.65,GBP,Materials,Peru,Stock,equity,web_csv
2026-06-29,GDXJ,EMR AU,Emerald Resources Nl,AU000000EMR4,,11394858.0,44122027.0,0.62,AUD,Materials,Australia,Stock,equity,web_csv
2026-06-29,GDXJ,PPTA,Perpetua Resources Corp,CA7142661031,,2124455.0,43806262.0,0.61,USD,Materials,United States,Stock,equity,web_csv
2026-06-29,GDXJ,AAUC,Allied Gold Corp,CA01921D2041,,1857480.0,43465032.0,0.61,USD,Materials,Canada,Stock,equity,web_csv
2026-06-29,GDXJ,NG,Novagold Resources Inc,CA66987E2069,,6470290.0,38886443.0,0.55,USD,Materials,Canada,Stock,equity,web_csv
2026-06-29,GDXJ,SXGC CN,Southern Cross Gold Consolidated Ltd,CA8426851090,,5973629.0,37328613.0,0.52,CAD,Materials,Canada,Stock,equity,web_csv
2026-06-29,GDXJ,PAF LN,Pan African Resources Plc,GB0004300496,,28418870.0,37185731.0,0.52,GBP,Materials,United Kingdom,Stock,equity,web_csv
2026-06-29,GDXJ,3939 HK,Wanguo Gold Group Ltd,KYG9430L1150,,35274500.0,35268464.0,0.49,HKD,Materials,China,Stock,equity,web_csv
2026-06-29,GDXJ,PDI AU,Predictive Discovery Ltd,AU000000PDI8,,72109868.0,34811205.0,0.49,AUD,Materials,Australia,Stock,equity,web_csv
2026-06-29,GDXJ,ABRA CN,Abrasilver Resource Corp,CA00379L3048,,3300306.0,33025123.0,0.46,CAD,Materials,Canada,Stock,equity,web_csv
2026-06-29,GDXJ,WAF AU,West African Resources Ltd,AU000000WAF6,,16594497.0,31935132.0,0.45,AUD,Materials,Australia,Stock,equity,web_csv
2026-06-29,GDXJ,HYMC,Hycroft Mining Holding Corp,US44862P2083,,1347935.0,31514720.0,0.44,USD,Materials,United States,Stock,equity,web_csv
2026-06-29,GDXJ,USAS,Americas Gold & Silver Corp,CA03062D8035,,6509784.0,30530887.0,0.43,USD,Materials,Canada,Stock,equity,web_csv
2026-06-29,GDXJ,SGD CN,Snowline Gold Corp,CA83342V1040,,3074349.0,27691965.0,0.39,CAD,Materials,Canada,Stock,equity,web_csv
2026-06-29,GDXJ,VZLA,Vizsla Silver Corp,CA92859G6085,,8250354.0,26978658.0,0.38,USD,Materials,Canada,Stock,equity,web_csv
2026-06-29,GDXJ,ASM,Avino Silver & Gold Mines Ltd,CA0539061030,,4215184.0,26429204.0,0.37,USD,Materials,Mexico,Stock,equity,web_csv
2026-06-29,GDXJ,OBM AU,Ora Banda Mining Ltd,AU0000050130,,34184566.0,26350225.0,0.37,AUD,Materials,Australia,Stock,equity,web_csv
2026-06-29,GDXJ,RSG AU,Resolute Mining Ltd,AU000000RSG6,,37353214.0,26276625.0,0.37,AUD,Materials,Australia,Stock,equity,web_csv
2026-06-29,GDXJ,IAUX,I-80 Gold Corp,CA44955L1067,,18073458.0,26025780.0,0.37,USD,Materials,United States,Stock,equity,web_csv
2026-06-29,GDXJ,GGD CN,Gogold Resources Inc,CA38045Y1025,,10827724.0,24458671.0,0.34,CAD,Materials,United States,Stock,equity,web_csv
2026-06-29,GDXJ,GTWO CN,G2 Goldfields Inc,CA36256R1055,,3681275.0,24299187.0,0.34,CAD,Materials,Canada,Stock,equity,web_csv
2026-06-29,GDXJ,KOZAL TI,Koza Altin Isletmeleri As,TREKOAL00014,,23999845.0,23608737.0,0.33,TRY,Materials,Turkey,Stock,equity,web_csv
2026-06-29,GDXJ,MUX,Mcewen Mining Inc,US58039P3055,,1284576.0,23045293.0,0.32,USD,Materials,Canada,Stock,equity,web_csv
2026-06-29,GDXJ,KCN AU,Kingsgate Consolidated Ltd,AU000000KCN1,,6250767.0,22384601.0,0.31,AUD,Materials,Australia,Stock,equity,web_csv
2026-06-29,GDXJ,ALK AU,Alkane Resources Ltd,AU000000ALK9,,23184544.0,22330116.0,0.31,AUD,Materials,Australia,Stock,equity,web_csv
2026-06-29,GDXJ,BGL AU,Bellevue Gold Ltd,AU0000019374,,24944373.0,21260461.0,0.3,AUD,Materials,Australia,Stock,equity,web_csv
2026-06-29,GDXJ,CYL AU,Catalyst Metals Ltd,AU000000CYL6,,5866601.0,20813264.0,0.29,AUD,Materials,Australia,Stock,equity,web_csv
2026-06-29,GDXJ,ORE CN,Orezone Gold Corp,CA68616T1093,,12650510.0,20742189.0,0.29,CAD,Materials,Canada,Stock,equity,web_csv
2026-06-29,GDXJ,DRD,Drdgold Ltd,US26152H3012,,974126.0,20398198.0,0.29,USD,Materials,South Africa,Stock,equity,web_csv
2026-06-29,GDXJ,6693 HK,Chifeng Jilong Gold Mining Co Ltd,CNE100006T51,,5023400.0,15067691.0,0.21,HKD,Materials,China,Stock,equity,web_csv
2026-06-29,GDXJ,DC,Dakota Gold Corp,US46655E1001,,3147184.0,13407004.0,0.19,USD,Materials,Canada,Stock,equity,web_csv
2026-06-29,GDXJ,340 HK,Tongguan Gold Group Ltd,BMG8919D1074,,59772000.0,13257998.0,0.19,HKD,Materials,China,Stock,equity,web_csv
2026-06-29,GDXJ,CNL CN,Collective Mining Ltd,CA19425C1005,,1042255.0,13099240.0,0.18,CAD,Materials,Canada,Stock,equity,web_csv
2026-06-29,GDXJ,MTA,Metalla Royalty & Streaming Ltd,CA59124U6051,,1729733.0,13024889.0,0.18,USD,Materials,Canada,Stock,equity,web_csv
2026-06-29,GDXJ,GROY,Gold Royalty Corp,CA38071H1064,,4500134.0,12375369.0,0.17,USD,Materials,Canada,Stock,equity,web_csv
2026-06-29,GDXJ,ODV,Osisko Development Corp,CA68828E8099,,4953187.0,12036244.0,0.17,USD,Materials,Canada,Stock,equity,web_csv
2026-06-29,GDXJ,CTGO,Contango Ore Inc,US21077F1003,,715960.0,11219093.0,0.16,USD,Materials,United States,Stock,equity,web_csv
2026-06-29,GDXJ,KOZAA TI,Koza Anadolu Metal Madencilik Isletmele,TREKOZA00014,,4653297.0,10795929.0,0.15,TRY,Materials,Turkey,Stock,equity,web_csv
2026-06-29,GDXJ,IDR,Idaho Strategic Resources Inc,US6458272050,,328088.0,10780972.0,0.15,USD,Materials,United States,Stock,equity,web_csv
2026-06-29,GDXJ,NFGC,New Found Gold Corp,CA64440N1033,,6909018.0,10501707.0,0.15,USD,Materials,Canada,Stock,equity,web_csv
2026-06-29,GDXJ,BC8 AU,Black Cat Syndicate Ltd,AU000000BC88,,15840443.0,9927597.0,0.14,AUD,Materials,Australia,Stock,equity,web_csv
2026-06-29,GDXJ,PNR AU,Pantoro Gold Ltd,AU000000PNR8,,5753966.0,9586396.0,0.13,AUD,Materials,Australia,Stock,equity,web_csv
2026-06-29,GDXJ,ITRG,Integra Resources Corp,CA45826T5098,,4296489.0,9538206.0,0.13,USD,Materials,Canada,Stock,equity,web_csv
2026-06-29,GDXJ,SBM AU,St Barbara Ltd,AU000000SBM8,,24176866.0,7872844.0,0.11,AUD,Materials,Australia,Stock,equity,web_csv
2026-06-29,GDXJ,LUNR CN,Lunr Royalties Corp,CA5504281067,,539423.0,7375524.0,0.1,CAD,,Canada,Stock,equity,web_csv
2026-06-29,GDXJ,CMCL,Caledonia Mining Corp Plc,JE00BF0XVB15,,371676.0,7221665.0,0.1,USD,Materials,Jersey,Stock,equity,web_csv
2026-06-29,GDXJ,GAU,Galiano Gold Inc,CA36352H1001,,3787587.0,7082788.0,0.1,USD,Materials,Canada,Stock,equity,web_csv
2026-06-29,GDXJ,DTR AU,Dateline Resources Ltd,AU000000DTR1,,71575424.0,6698788.0,0.09,AUD,Materials,Australia,Stock,equity,web_csv
2026-06-29,GDXJ,APM CN,Andean Precious Metals Corp,CA03349X1015,,1496452.0,6107752.0,0.09,CAD,Materials,Canada,Stock,equity,web_csv
2026-06-29,GDXJ,CNMC SP,Cnmc Goldmine Holdings Ltd,,,6682000.0,5803485.0,0.08,SGD,Materials,Singapore,Stock,equity,web_csv
2026-06-29,GDXJ,AMI AU,Aurelia Metals Ltd,AU000000AMI1,,30041121.0,5778901.0,0.08,AUD,Materials,Australia,Stock,equity,web_csv
2026-06-29,GDXJ,VOXR,Vox Royalty Corp,CA92919F1036,,1154391.0,5489129.0,0.08,USD,Materials,Australia,Stock,equity,web_csv
2026-06-29,GDXJ,ASL AU,Andean Silver Ltd,AU0000343253,,3983927.0,5200738.0,0.07,AUD,Materials,Australia,Stock,equity,web_csv
2026-06-29,GDXJ,GLDG,Goldmining Inc,CA38149E1016,,5351541.0,4869902.0,0.07,USD,Materials,Canada,Stock,equity,web_csv
2026-06-29,GDXJ,USAU,Us Gold Corp,US90291C2017,,321861.0,4824696.0,0.07,USD,Materials,United States,Stock,equity,web_csv
2026-06-29,GDXJ,AZY AU,Antipa Minerals Ltd,AU000000AZY0,,12264783.0,4758714.0,0.07,AUD,Materials,Australia,Stock,equity,web_csv
2026-06-29,GDXJ,MEK AU,Meeka Metals Ltd,AU0000192726,,65531043.0,4321429.0,0.06,AUD,Materials,Australia,Stock,equity,web_csv
2026-06-29,GDXJ,LUCA CN,Luca Mining Corp,CA54929M1068,,5976394.0,4289731.0,0.06,CAD,Materials,Mexico,Stock,equity,web_csv
2026-06-29,GDXJ,FDR CN,Founders Metals Inc,CA3505901056,,1479493.0,3945870.0,0.06,CAD,Materials,Canada,Stock,equity,web_csv
2026-06-29,GDXJ,8299 HK,Gt Gold Holdings Ltd,KYG4136P1303,,110880000.0,3885805.0,0.05,HKD,Materials,China,Stock,equity,web_csv
2026-06-29,GDXJ,WRLG CN,West Red Lake Gold Mines Ltd,CA95556L1013,,8352172.0,3644028.0,0.05,CAD,Materials,Canada,Stock,equity,web_csv
2026-06-29,GDXJ,ARCI IJ,Archi Indonesia Tbk Pt,ID1000161003,,63350800.0,3227488.0,0.05,IDR,Materials,Indonesia,Stock,equity,web_csv
2026-06-29,GDXJ,VGC CN,Valor Gold Corp,CA9199211066,,989001.0,2421958.0,0.03,CAD,,Canada,Stock,equity,web_csv
2026-06-29,GDXJ,FFX AU,Firefinch Ltd,AU0000114522,,54133739.0,2264600.0,0.03,AUD,Materials,Australia,Stock,equity,web_csv
2026-06-29,GDXJ,PSAB IJ,J Resources Asia Pasific Tbk Pt,ID1000094709,,66098100.0,1515788.0,0.02,IDR,Materials,Indonesia,Stock,equity,web_csv
2026-06-29,GDXJ,FMR CN,Future Mineral Resources Inc,CA3611551043,,168999.0,42813.0,0.0,CAD,Materials,Canada,Stock,equity,web_csv
2026-06-29,GDXJ,NIX CN,Archer Exploration Corp,CA66860Q1028,,179304.0,19557.0,0.0,CAD,Materials,Canada,Stock,equity,web_csv
2026-06-29,GDXJ,VGCX CN,Victoria Gold Corp/Vancouver,CA92625W5072,,1722275.0,1.0,0.0,CAD,Materials,Canada,Stock,equity,web_csv
2026-06-29,GDXJ,ASM AU,Australian Strategic Materials Ltd,AU0000094153,,1.0,1.0,0.0,AUD,Materials,Australia,Stock,equity,web_csv
2026-06-29,GDXJ,-USD CASH-,,CASH,,7840149.0,7840149.0,0.11,USD,,United States,Cash Bal,cash,web_csv
2026-06-29,GDXJ,-HKD CASH-,,CASH,,4301000.0,548387.0,0.01,HKD,,China,Cash Bal,cash,web_csv
2026-06-29,GDXJ,-TRY CASH-,,CASH,,0.0,0.0,0.0,TRY,,Turkey,Cash Bal,cash,web_csv
2026-06-29,GDXJ,-MXN CASH-,,CASH,,-3639.0,-208.0,0.0,MXN,,Mexico,Cash Bal,cash,web_csv
2026-06-29,GDXJ,-GBP CASH-,,CASH,,375.0,497.0,0.0,GBP,,United Kingdom,Cash Bal,cash,web_csv
2026-06-29,GDXJ,-BRL CASH-,,CASH,,-672.0,-130.0,0.0,BRL,,Brazil,Cash Bal,cash,web_csv
2026-06-29,GDXJ,-CAD CASH-,,CASH,,-1666817.0,-1172948.0,-0.02,CAD,,Canada,Cash Bal,cash,web_csv
2026-06-29,GDXJ,,Other/Cash,CASH,,0.0,-1625134.0,-0.02,USD,,,Cash,cash,web_csv
2026-06-30,GDXJ,EVN AU,Evolution Mining Ltd,AU000000EVN4,,54535246.0,451231293.0,6.37,AUD,Materials,Australia,Stock,equity,web_csv
2026-06-30,GDXJ,EQX,Equinox Gold Corp,CA29446Y5020,,45718515.0,444383966.0,6.28,USD,Materials,Canada,Stock,equity,web_csv
2026-06-30,GDXJ,AGI,Alamos Gold Inc,CA0115321089,,14523079.0,440630217.0,6.23,USD,Materials,Canada,Stock,equity,web_csv
2026-06-30,GDXJ,EDV LN,Endeavour Mining Plc,GB00BL6K5J42,,7697311.0,377249315.0,5.33,GBP,Materials,United Kingdom,Stock,equity,web_csv
2026-06-30,GDXJ,CDE,Coeur Mining Inc,US1921085049,,22300207.0,363939378.0,5.14,USD,Materials,United States,Stock,equity,web_csv
2026-06-30,GDXJ,PE&OLES* MF,Industrias Penoles Sab De Cv,MXP554091415,,4666613.0,204111824.0,2.88,MXN,Materials,Mexico,Stock,equity,web_csv
2026-06-30,GDXJ,AG,First Majestic Silver Corp,CA32076V1031,,11340782.0,192339663.0,2.72,USD,Materials,Canada,Stock,equity,web_csv
2026-06-30,GDXJ,HL,Hecla Mining Co,US4227041062,,12062479.0,186124051.0,2.63,USD,Materials,United States,Stock,equity,web_csv
2026-06-30,GDXJ,IAG,Iamgold Corp,CA4509131088,,11700884.0,185342003.0,2.62,USD,Materials,Burkina Faso,Stock,equity,web_csv
2026-06-30,GDXJ,EGO,Eldorado Gold Corp,CA2849025093,,5672132.0,176346584.0,2.49,USD,Materials,Turkey,Stock,equity,web_csv
2026-06-30,GDXJ,HMY,Harmony Gold Mining Co Ltd,US4132163001,,9557483.0,145369316.0,2.05,USD,Materials,South Africa,Stock,equity,web_csv
2026-06-30,GDXJ,LUG CN,Lundin Gold Inc,CA5503711080,,2537238.0,136827545.0,1.93,CAD,Materials,Canada,Stock,equity,web_csv
2026-06-30,GDXJ,OGC CN,Oceanagold Corp,CA6752224007,,5087363.0,127475422.0,1.8,CAD,Materials,Canada,Stock,equity,web_csv
2026-06-30,GDXJ,DPM CN,Dundee Precious Metals Inc,CA26139R1091,,3816812.0,123913558.0,1.75,CAD,Materials,Canada,Stock,equity,web_csv
2026-06-30,GDXJ,GMIN CN,G Mining Ventures Corp,CA36270K1021,,4036836.0,118167259.0,1.67,CAD,Materials,Canada,Stock,equity,web_csv
2026-06-30,GDXJ,SSRM,Ssr Mining Inc,CA7847301032,,3995521.0,112993334.0,1.6,USD,Materials,Canada,Stock,equity,web_csv
2026-06-30,GDXJ,BTG,B2gold Corp,CA11777Q2099,,28981626.0,108391281.0,1.53,USD,Materials,Canada,Stock,equity,web_csv
2026-06-30,GDXJ,BVN,Cia De Minas Buenaventura Saa,US2044481040,,3622441.0,106101297.0,1.5,USD,Materials,Peru,Stock,equity,web_csv
2026-06-30,GDXJ,DSV CN,Discovery Silver Corp,CA2546771072,,16800100.0,100415752.0,1.42,CAD,Materials,Canada,Stock,equity,web_csv
2026-06-30,GDXJ,OR,Or Royalties Inc,CA68390D1069,,3091893.0,97796576.0,1.38,USD,Materials,Canada,Stock,equity,web_csv
2026-06-30,GDXJ,GGP AU,Greatland Resources Ltd,AU0000397705,,11124397.0,89212991.0,1.26,AUD,Materials,Australia,Stock,equity,web_csv
2026-06-30,GDXJ,1818 HK,Zhaojin Mining Industry Co Ltd,CNE1000004R6,,41077200.0,86880715.0,1.23,HKD,Materials,China,Stock,equity,web_csv
2026-06-30,GDXJ,PRU AU,Perseus Mining Ltd,AU000000PRU3,,24750618.0,83682452.0,1.18,AUD,Materials,Australia,Stock,equity,web_csv
2026-06-30,GDXJ,MAU CN,Montage Gold Corp,CA61178L1013,,7139734.0,81172800.0,1.15,CAD,Materials,Côte D'Ivoire,Stock,equity,web_csv
2026-06-30,GDXJ,RMS AU,Ramelius Resources Ltd,AU000000RMS4,,37454033.0,77129929.0,1.09,AUD,Materials,Australia,Stock,equity,web_csv
2026-06-30,GDXJ,ARTG CN,Artemis Gold Inc,CA04302L1004,,3433735.0,75536119.0,1.07,CAD,Materials,Canada,Stock,equity,web_csv
2026-06-30,GDXJ,KNT CN,K92 Mining Inc,CA4991131083,,4775389.0,74925222.0,1.06,CAD,Materials,Canada,Stock,equity,web_csv
2026-06-30,GDXJ,ARMN,Aris Mining Corp,CA04040Y1097,,4800474.0,71575067.0,1.01,USD,Materials,Colombia,Stock,equity,web_csv
2026-06-30,GDXJ,CMM AU,Capricorn Metals Ltd,AU000000CMM9,,7873374.0,69694942.0,0.98,AUD,Materials,Australia,Stock,equity,web_csv
2026-06-30,GDXJ,TXG CN,Torex Gold Resources Inc,CA8910546032,,1726505.0,68695124.0,0.97,CAD,Materials,Canada,Stock,equity,web_csv
2026-06-30,GDXJ,GMD AU,Genesis Minerals Ltd,AU000000GMD9,,18262861.0,67141330.0,0.95,AUD,Materials,Australia,Stock,equity,web_csv
2026-06-30,GDXJ,SKE,Skeena Resources Ltd,CA83056P7157,,2373558.0,63279056.0,0.89,USD,Materials,Canada,Stock,equity,web_csv
2026-06-30,GDXJ,CGAU,Centerra Gold Inc,CA1520061021,,3877023.0,61489585.0,0.87,USD,Materials,Canada,Stock,equity,web_csv
2026-06-30,GDXJ,AYA CN,Aya Gold & Silver Inc,CA05466C1095,,3220384.0,60968821.0,0.86,CAD,Materials,Canada,Stock,equity,web_csv
2026-06-30,GDXJ,AUGO,Aura Minerals Inc,VGG069731120,,963847.0,60674169.0,0.86,USD,Materials,United States,Stock,equity,web_csv
2026-06-30,GDXJ,RRL AU,Regis Resources Ltd,AU000000RRL8,,13990290.0,59330128.0,0.84,AUD,Materials,Australia,Stock,equity,web_csv
2026-06-30,GDXJ,VAU AU,Vault Minerals Ltd,AU0000427775,,19900911.0,58376914.0,0.82,AUD,Materials,Australia,Stock,equity,web_csv
2026-06-30,GDXJ,WDO CN,Wesdome Gold Mines Ltd/Canada,CA95083R1001,,3334390.0,57228121.0,0.81,CAD,Materials,Canada,Stock,equity,web_csv
2026-06-30,GDXJ,FSM,Fortuna Silver Mines Inc,CA3499421020,,6621788.0,55954109.0,0.79,USD,Materials,Canada,Stock,equity,web_csv
2026-06-30,GDXJ,ORLA,Orla Mining Ltd,CA68634K1066,,5627416.0,55092403.0,0.78,USD,Materials,Mexico,Stock,equity,web_csv
2026-06-30,GDXJ,TFPM,Triple Flag Precious Metals Corp,CA89679M1041,,1808326.0,54195530.0,0.77,USD,Materials,Canada,Stock,equity,web_csv
2026-06-30,GDXJ,SA,Seabridge Gold Inc,CA8119271028,,2071168.0,53311864.0,0.75,USD,Materials,Canada,Stock,equity,web_csv
2026-06-30,GDXJ,EXK,Endeavour Silver Corp,CA29258Y1034,,6369378.0,52738450.0,0.75,USD,Materials,Canada,Stock,equity,web_csv
2026-06-30,GDXJ,WGX AU,Westgold Resources Ltd,AU000000WGX6,,15587236.0,51744756.0,0.73,AUD,Materials,Australia,Stock,equity,web_csv
2026-06-30,GDXJ,SVM,Silvercorp Metals Inc,CA82835P1036,,5092024.0,51429442.0,0.73,USD,Materials,Canada,Stock,equity,web_csv
2026-06-30,GDXJ,BRMS IJ,Bumi Resources Minerals Tbk Pt,ID1000117609,,1806029300.0,48396380.0,0.68,IDR,Materials,Indonesia,Stock,equity,web_csv
2026-06-30,GDXJ,HOC LN,Hochschild Mining Plc,GB00B1FW5029,,7325264.0,45025798.0,0.64,GBP,Materials,Peru,Stock,equity,web_csv
2026-06-30,GDXJ,AAUC,Allied Gold Corp,CA01921D2041,,1857480.0,44170874.0,0.62,USD,Materials,Canada,Stock,equity,web_csv
2026-06-30,GDXJ,PPTA,Perpetua Resources Corp,CA7142661031,,2124455.0,44103686.0,0.62,USD,Materials,United States,Stock,equity,web_csv
2026-06-30,GDXJ,EMR AU,Emerald Resources Nl,AU000000EMR4,,11394858.0,43758038.0,0.62,AUD,Materials,Australia,Stock,equity,web_csv
2026-06-30,GDXJ,EMAS IJ,Merdeka Gold Resources Tbk Pt,ID1000211600,,136268500.0,42890520.0,0.61,IDR,Materials,Indonesia,Stock,equity,web_csv
2026-06-30,GDXJ,NG,Novagold Resources Inc,CA66987E2069,,6470290.0,38627631.0,0.55,USD,Materials,Canada,Stock,equity,web_csv
2026-06-30,GDXJ,SXGC CN,Southern Cross Gold Consolidated Ltd,CA8426851090,,5973629.0,36968079.0,0.52,CAD,Materials,Canada,Stock,equity,web_csv
2026-06-30,GDXJ,PAF LN,Pan African Resources Plc,GB0004300496,,28418870.0,36035565.0,0.51,GBP,Materials,United Kingdom,Stock,equity,web_csv
2026-06-30,GDXJ,3939 HK,Wanguo Gold Group Ltd,KYG9430L1150,,35274500.0,35479443.0,0.5,HKD,Materials,China,Stock,equity,web_csv
2026-06-30,GDXJ,PDI AU,Predictive Discovery Ltd,AU000000PDI8,,72109868.0,34235774.0,0.48,AUD,Materials,Australia,Stock,equity,web_csv
2026-06-30,GDXJ,ABRA CN,Abrasilver Resource Corp,CA00379L3048,,3300306.0,33288020.0,0.47,CAD,Materials,Canada,Stock,equity,web_csv
2026-06-30,GDXJ,HYMC,Hycroft Mining Holding Corp,US44862P2083,,1347935.0,31541679.0,0.45,USD,Materials,United States,Stock,equity,web_csv
2026-06-30,GDXJ,WAF AU,West African Resources Ltd,AU000000WAF6,,16594497.0,31201381.0,0.44,AUD,Materials,Australia,Stock,equity,web_csv
2026-06-30,GDXJ,USAS,Americas Gold & Silver Corp,CA03062D8035,,6509784.0,30726180.0,0.43,USD,Materials,Canada,Stock,equity,web_csv
2026-06-30,GDXJ,SGD CN,Snowline Gold Corp,CA83342V1040,,3074349.0,27780197.0,0.39,CAD,Materials,Canada,Stock,equity,web_csv
2026-06-30,GDXJ,VZLA,Vizsla Silver Corp,CA92859G6085,,8250354.0,27226168.0,0.38,USD,Materials,Canada,Stock,equity,web_csv
2026-06-30,GDXJ,ASM,Avino Silver & Gold Mines Ltd,CA0539061030,,4215184.0,26724267.0,0.38,USD,Materials,Mexico,Stock,equity,web_csv
2026-06-30,GDXJ,IAUX,I-80 Gold Corp,CA44955L1067,,18073458.0,26025780.0,0.37,USD,Materials,United States,Stock,equity,web_csv
2026-06-30,GDXJ,OBM AU,Ora Banda Mining Ltd,AU0000050130,,34184566.0,25456337.0,0.36,AUD,Materials,Australia,Stock,equity,web_csv
2026-06-30,GDXJ,RSG AU,Resolute Mining Ltd,AU000000RSG6,,37353214.0,24892085.0,0.35,AUD,Materials,Australia,Stock,equity,web_csv
2026-06-30,GDXJ,GTWO CN,G2 Goldfields Inc,CA36256R1055,,3681275.0,24416421.0,0.34,CAD,Materials,Canada,Stock,equity,web_csv
2026-06-30,GDXJ,GGD CN,Gogold Resources Inc,CA38045Y1025,,10827724.0,24269366.0,0.34,CAD,Materials,United States,Stock,equity,web_csv
2026-06-30,GDXJ,KOZAL TI,Koza Altin Isletmeleri As,TREKOAL00014,,23999845.0,24061874.0,0.34,TRY,Materials,Turkey,Stock,equity,web_csv
2026-06-30,GDXJ,MUX,Mcewen Mining Inc,US58039P3055,,1284576.0,23289363.0,0.33,USD,Materials,Canada,Stock,equity,web_csv
2026-06-30,GDXJ,ALK AU,Alkane Resources Ltd,AU000000ALK9,,23184544.0,22347379.0,0.32,AUD,Materials,Australia,Stock,equity,web_csv
2026-06-30,GDXJ,KCN AU,Kingsgate Consolidated Ltd,AU000000KCN1,,6250767.0,21796963.0,0.31,AUD,Materials,Australia,Stock,equity,web_csv
2026-06-30,GDXJ,BGL AU,Bellevue Gold Ltd,AU0000019374,,24944373.0,21233093.0,0.3,AUD,Materials,Australia,Stock,equity,web_csv
2026-06-30,GDXJ,DRD,Drdgold Ltd,US26152H3012,,974126.0,20748884.0,0.29,USD,Materials,South Africa,Stock,equity,web_csv
2026-06-30,GDXJ,CYL AU,Catalyst Metals Ltd,AU000000CYL6,,5866601.0,20699056.0,0.29,AUD,Materials,Australia,Stock,equity,web_csv
2026-06-30,GDXJ,ORE CN,Orezone Gold Corp,CA68616T1093,,12650510.0,20151649.0,0.28,CAD,Materials,Canada,Stock,equity,web_csv
2026-06-30,GDXJ,6693 HK,Chifeng Jilong Gold Mining Co Ltd,CNE100006T51,,5023400.0,14903340.0,0.21,HKD,Materials,China,Stock,equity,web_csv
2026-06-30,GDXJ,340 HK,Tongguan Gold Group Ltd,BMG8919D1074,,59772000.0,14066795.0,0.2,HKD,Materials,China,Stock,equity,web_csv
2026-06-30,GDXJ,DC,Dakota Gold Corp,US46655E1001,,3147184.0,13407004.0,0.19,USD,Materials,Canada,Stock,equity,web_csv
2026-06-30,GDXJ,MTA,Metalla Royalty & Streaming Ltd,CA59124U6051,,1729733.0,13163268.0,0.19,USD,Materials,Canada,Stock,equity,web_csv
2026-06-30,GDXJ,CNL CN,Collective Mining Ltd,CA19425C1005,,1042255.0,12819277.0,0.18,CAD,Materials,Canada,Stock,equity,web_csv
2026-06-30,GDXJ,GROY,Gold Royalty Corp,CA38071H1064,,4500134.0,12420370.0,0.18,USD,Materials,Canada,Stock,equity,web_csv
2026-06-30,GDXJ,ODV,Osisko Development Corp,CA68828E8099,,4953187.0,12184840.0,0.17,USD,Materials,Canada,Stock,equity,web_csv
2026-06-30,GDXJ,CTGO,Contango Ore Inc,US21077F1003,,715960.0,11305008.0,0.16,USD,Materials,United States,Stock,equity,web_csv
2026-06-30,GDXJ,KOZAA TI,Koza Anadolu Metal Madencilik Isletmele,TREKOZA00014,,4653297.0,11115375.0,0.16,TRY,Materials,Turkey,Stock,equity,web_csv
2026-06-30,GDXJ,IDR,Idaho Strategic Resources Inc,US6458272050,,328088.0,10744882.0,0.15,USD,Materials,United States,Stock,equity,web_csv
2026-06-30,GDXJ,NFGC,New Found Gold Corp,CA64440N1033,,6909018.0,10639888.0,0.15,USD,Materials,Canada,Stock,equity,web_csv
2026-06-30,GDXJ,BC8 AU,Black Cat Syndicate Ltd,AU000000BC88,,15840443.0,9819405.0,0.14,AUD,Materials,Australia,Stock,equity,web_csv
2026-06-30,GDXJ,ITRG,Integra Resources Corp,CA45826T5098,,4296489.0,9753030.0,0.14,USD,Materials,Canada,Stock,equity,web_csv
2026-06-30,GDXJ,PNR AU,Pantoro Gold Ltd,AU000000PNR8,,5753966.0,9359968.0,0.13,AUD,Materials,Australia,Stock,equity,web_csv
2026-06-30,GDXJ,SBM AU,St Barbara Ltd,AU000000SBM8,,24176866.0,7811288.0,0.11,AUD,Materials,Australia,Stock,equity,web_csv
2026-06-30,GDXJ,LUNR CN,Lunr Royalties Corp,CA5504281067,,539423.0,7185970.0,0.1,CAD,,Canada,Stock,equity,web_csv
2026-06-30,GDXJ,CMCL,Caledonia Mining Corp Plc,JE00BF0XVB15,,371676.0,7099012.0,0.1,USD,Materials,Jersey,Stock,equity,web_csv
2026-06-30,GDXJ,GAU,Galiano Gold Inc,CA36352H1001,,3787587.0,7082788.0,0.1,USD,Materials,Canada,Stock,equity,web_csv
2026-06-30,GDXJ,DTR AU,Dateline Resources Ltd,AU000000DTR1,,71575424.0,6742555.0,0.1,AUD,Materials,Australia,Stock,equity,web_csv
2026-06-30,GDXJ,APM CN,Andean Precious Metals Corp,CA03349X1015,,1496452.0,6138749.0,0.09,CAD,Materials,Canada,Stock,equity,web_csv
2026-06-30,GDXJ,CNMC SP,Cnmc Goldmine Holdings Ltd,,,6682000.0,5830044.0,0.08,SGD,Materials,Singapore,Stock,equity,web_csv
2026-06-30,GDXJ,AMI AU,Aurelia Metals Ltd,AU000000AMI1,,30041121.0,5813407.0,0.08,AUD,Materials,Australia,Stock,equity,web_csv
2026-06-30,GDXJ,VOXR,Vox Royalty Corp,CA92919F1036,,1154391.0,5460269.0,0.08,USD,Materials,Australia,Stock,equity,web_csv
2026-06-30,GDXJ,ASL AU,Andean Silver Ltd,AU0000343253,,3983927.0,5343306.0,0.08,AUD,Materials,Australia,Stock,equity,web_csv
2026-06-30,GDXJ,USAU,Us Gold Corp,US90291C2017,,321861.0,4934129.0,0.07,USD,Materials,United States,Stock,equity,web_csv
2026-06-30,GDXJ,AZY AU,Antipa Minerals Ltd,AU000000AZY0,,12264783.0,4901323.0,0.07,AUD,Materials,Australia,Stock,equity,web_csv
2026-06-30,GDXJ,GLDG,Goldmining Inc,CA38149E1016,,5351541.0,4853848.0,0.07,USD,Materials,Canada,Stock,equity,web_csv
2026-06-30,GDXJ,MEK AU,Meeka Metals Ltd,AU0000192726,,65531043.0,4370467.0,0.06,AUD,Materials,Australia,Stock,equity,web_csv
2026-06-30,GDXJ,LUCA CN,Luca Mining Corp,CA54929M1068,,5976394.0,4086063.0,0.06,CAD,Materials,Mexico,Stock,equity,web_csv
2026-06-30,GDXJ,FDR CN,Founders Metals Inc,CA3505901056,,1479493.0,4004407.0,0.06,CAD,Materials,Canada,Stock,equity,web_csv
2026-06-30,GDXJ,8299 HK,Gt Gold Holdings Ltd,KYG4136P1303,,110880000.0,3920082.0,0.06,HKD,Materials,China,Stock,equity,web_csv
2026-06-30,GDXJ,WRLG CN,West Red Lake Gold Mines Ltd,CA95556L1013,,8352172.0,3826546.0,0.05,CAD,Materials,Canada,Stock,equity,web_csv
2026-06-30,GDXJ,ARCI IJ,Archi Indonesia Tbk Pt,ID1000161003,,63350800.0,3159287.0,0.04,IDR,Materials,Indonesia,Stock,equity,web_csv
2026-06-30,GDXJ,VGC CN,Valor Gold Corp,CA9199211066,,989001.0,2579245.0,0.04,CAD,,Canada,Stock,equity,web_csv
2026-06-30,GDXJ,FFX AU,Firefinch Ltd,AU0000114522,,54133739.0,2280234.0,0.03,AUD,Materials,Australia,Stock,equity,web_csv
2026-06-30,GDXJ,PSAB IJ,J Resources Asia Pasific Tbk Pt,ID1000094709,,66098100.0,1441017.0,0.02,IDR,Materials,Indonesia,Stock,equity,web_csv
2026-06-30,GDXJ,FMR CN,Future Mineral Resources Inc,CA3611551043,,168999.0,42883.0,0.0,CAD,Materials,Canada,Stock,equity,web_csv
2026-06-30,GDXJ,NIX CN,Archer Exploration Corp,CA66860Q1028,,179304.0,19589.0,0.0,CAD,Materials,Canada,Stock,equity,web_csv
2026-06-30,GDXJ,VGCX CN,Victoria Gold Corp/Vancouver,CA92625W5072,,1722275.0,1.0,0.0,CAD,Materials,Canada,Stock,equity,web_csv
2026-06-30,GDXJ,ASM AU,Australian Strategic Materials Ltd,AU0000094153,,1.0,1.0,0.0,AUD,Materials,Australia,Stock,equity,web_csv
2026-06-30,GDXJ,-USD CASH-,,CASH,,8173379.0,8173379.0,0.12,USD,,United States,Cash Bal,cash,web_csv
2026-06-30,GDXJ,-HKD CASH-,,CASH,,4301000.0,548454.0,0.01,HKD,,China,Cash Bal,cash,web_csv
2026-06-30,GDXJ,-IDR CASH-,,CASH,,5971030275.0,333950.0,0.0,IDR,,Indonesia,Cash Bal,cash,web_csv
2026-06-30,GDXJ,-TRY CASH-,,CASH,,0.0,0.0,0.0,TRY,,Turkey,Cash Bal,cash,web_csv
2026-06-30,GDXJ,-MXN CASH-,,CASH,,-3639.0,-208.0,0.0,MXN,,Mexico,Cash Bal,cash,web_csv
2026-06-30,GDXJ,-GBP CASH-,,CASH,,582.0,772.0,0.0,GBP,,United Kingdom,Cash Bal,cash,web_csv
2026-06-30,GDXJ,-BRL CASH-,,CASH,,-672.0,-130.0,0.0,BRL,,Brazil,Cash Bal,cash,web_csv
2026-06-30,GDXJ,-AUD CASH-,,CASH,,79.0,54.0,0.0,AUD,,Australia,Cash Bal,cash,web_csv
2026-06-30,GDXJ,-CAD CASH-,,CASH,,-1668149.0,-1175788.0,-0.02,CAD,,Canada,Cash Bal,cash,web_csv
2026-06-30,GDXJ,,Other/Cash,CASH,,0.0,-2394939.0,-0.03,USD,,,Cash,cash,web_csv
2026-07-01,GDXJ,EQX,Equinox Gold Corp,CA29446Y5020,,45718515.0,445755521.0,6.33,USD,Materials,Canada,Stock,equity,web_csv
2026-07-01,GDXJ,AGI,Alamos Gold Inc,CA0115321089,,14523079.0,440194524.0,6.25,USD,Materials,Canada,Stock,equity,web_csv
2026-07-01,GDXJ,EVN AU,Evolution Mining Ltd,AU000000EVN4,,54535246.0,430090498.0,6.11,AUD,Materials,Australia,Stock,equity,web_csv
2026-07-01,GDXJ,EDV LN,Endeavour Mining Plc,GB00BL6K5J42,,7697311.0,389453150.0,5.53,GBP,Materials,United Kingdom,Stock,equity,web_csv
2026-07-01,GDXJ,CDE,Coeur Mining Inc,US1921085049,,22300207.0,368845424.0,5.24,USD,Materials,United States,Stock,equity,web_csv
2026-07-01,GDXJ,PE&OLES* MF,Industrias Penoles Sab De Cv,MXP554091415,,4666613.0,205206383.0,2.92,MXN,Materials,Mexico,Stock,equity,web_csv
2026-07-01,GDXJ,AG,First Majestic Silver Corp,CA32076V1031,,11340782.0,193246925.0,2.75,USD,Materials,Canada,Stock,equity,web_csv
2026-07-01,GDXJ,HL,Hecla Mining Co,US4227041062,,12062479.0,188054048.0,2.67,USD,Materials,United States,Stock,equity,web_csv
2026-07-01,GDXJ,IAG,Iamgold Corp,CA4509131088,,11700884.0,184522941.0,2.62,USD,Materials,Burkina Faso,Stock,equity,web_csv
2026-07-01,GDXJ,EGO,Eldorado Gold Corp,CA2849025093,,5672132.0,179579699.0,2.55,USD,Materials,Turkey,Stock,equity,web_csv
2026-07-01,GDXJ,HMY,Harmony Gold Mining Co Ltd,US4132163001,,9557483.0,145082592.0,2.06,USD,Materials,South Africa,Stock,equity,web_csv
2026-07-01,GDXJ,LUG CN,Lundin Gold Inc,CA5503711080,,2537238.0,134341843.0,1.91,CAD,Materials,Canada,Stock,equity,web_csv
2026-07-01,GDXJ,OGC CN,Oceanagold Corp,CA6752224007,,5087363.0,128341955.0,1.82,CAD,Materials,Canada,Stock,equity,web_csv
2026-07-01,GDXJ,DPM CN,Dundee Precious Metals Inc,CA26139R1091,,3816812.0,121855644.0,1.73,CAD,Materials,Canada,Stock,equity,web_csv
2026-07-01,GDXJ,SSRM,Ssr Mining Inc,CA7847301032,,3995521.0,115190870.0,1.64,USD,Materials,Canada,Stock,equity,web_csv
2026-07-01,GDXJ,GMIN CN,G Mining Ventures Corp,CA36270K1021,,4036836.0,115187230.0,1.64,CAD,Materials,Canada,Stock,equity,web_csv
2026-07-01,GDXJ,BTG,B2gold Corp,CA11777Q2099,,28981626.0,110709811.0,1.57,USD,Materials,Canada,Stock,equity,web_csv
2026-07-01,GDXJ,BVN,Cia De Minas Buenaventura Saa,US2044481040,,3622441.0,105775277.0,1.5,USD,Materials,Peru,Stock,equity,web_csv
2026-07-01,GDXJ,DSV CN,Discovery Silver Corp,CA2546771072,,16800100.0,98602661.0,1.4,CAD,Materials,Canada,Stock,equity,web_csv
2026-07-01,GDXJ,OR,Or Royalties Inc,CA68390D1069,,3091893.0,97085440.0,1.38,USD,Materials,Canada,Stock,equity,web_csv
2026-07-01,GDXJ,GGP AU,Greatland Resources Ltd,AU0000397705,,11124397.0,86204059.0,1.22,AUD,Materials,Australia,Stock,equity,web_csv
2026-07-01,GDXJ,1818 HK,Zhaojin Mining Industry Co Ltd,CNE1000004R6,,41077200.0,85172256.0,1.21,HKD,Materials,China,Stock,equity,web_csv
2026-07-01,GDXJ,PRU AU,Perseus Mining Ltd,AU000000PRU3,,24750618.0,81059732.0,1.15,AUD,Materials,Australia,Stock,equity,web_csv
2026-07-01,GDXJ,MAU CN,Montage Gold Corp,CA61178L1013,,7139734.0,79921345.0,1.14,CAD,Materials,Côte D'Ivoire,Stock,equity,web_csv
2026-07-01,GDXJ,KNT CN,K92 Mining Inc,CA4991131083,,4775389.0,75430795.0,1.07,CAD,Materials,Canada,Stock,equity,web_csv
2026-07-01,GDXJ,ARTG CN,Artemis Gold Inc,CA04302L1004,,3433735.0,74765893.0,1.06,CAD,Materials,Canada,Stock,equity,web_csv
2026-07-01,GDXJ,RMS AU,Ramelius Resources Ltd,AU000000RMS4,,37454033.0,73761625.0,1.05,AUD,Materials,Australia,Stock,equity,web_csv
2026-07-01,GDXJ,ARMN,Aris Mining Corp,CA04040Y1097,,4800474.0,70182930.0,1.0,USD,Materials,Colombia,Stock,equity,web_csv
2026-07-01,GDXJ,CMM AU,Capricorn Metals Ltd,AU000000CMM9,,7873374.0,69769091.0,0.99,AUD,Materials,Australia,Stock,equity,web_csv
2026-07-01,GDXJ,TXG CN,Torex Gold Resources Inc,CA8910546032,,1726505.0,67479133.0,0.96,CAD,Materials,Canada,Stock,equity,web_csv
2026-07-01,GDXJ,GMD AU,Genesis Minerals Ltd,AU000000GMD9,,18262861.0,64748422.0,0.92,AUD,Materials,Australia,Stock,equity,web_csv
2026-07-01,GDXJ,SKE,Skeena Resources Ltd,CA83056P7157,,2373558.0,64204744.0,0.91,USD,Materials,Canada,Stock,equity,web_csv
2026-07-01,GDXJ,CGAU,Centerra Gold Inc,CA1520061021,,3877023.0,60248937.0,0.86,USD,Materials,Canada,Stock,equity,web_csv
2026-07-01,GDXJ,AYA CN,Aya Gold & Silver Inc,CA05466C1095,,3220384.0,59624289.0,0.85,CAD,Materials,Canada,Stock,equity,web_csv
2026-07-01,GDXJ,AUGO,Aura Minerals Inc,VGG069731120,,963847.0,58312744.0,0.83,USD,Materials,United States,Stock,equity,web_csv
2026-07-01,GDXJ,WDO CN,Wesdome Gold Mines Ltd/Canada,CA95083R1001,,3334390.0,57614393.0,0.82,CAD,Materials,Canada,Stock,equity,web_csv
2026-07-01,GDXJ,RRL AU,Regis Resources Ltd,AU000000RRL8,,13990290.0,57029395.0,0.81,AUD,Materials,Australia,Stock,equity,web_csv
2026-07-01,GDXJ,VAU AU,Vault Minerals Ltd,AU0000427775,,19900911.0,55819143.0,0.79,AUD,Materials,Australia,Stock,equity,web_csv
2026-07-01,GDXJ,FSM,Fortuna Silver Mines Inc,CA3499421020,,6621788.0,55291930.0,0.79,USD,Materials,Canada,Stock,equity,web_csv
2026-07-01,GDXJ,ORLA,Orla Mining Ltd,CA68634K1066,,5627416.0,55092403.0,0.78,USD,Materials,Mexico,Stock,equity,web_csv
2026-07-01,GDXJ,TFPM,Triple Flag Precious Metals Corp,CA89679M1041,,1808326.0,54575279.0,0.78,USD,Materials,Canada,Stock,equity,web_csv
2026-07-01,GDXJ,SA,Seabridge Gold Inc,CA8119271028,,2071168.0,54078196.0,0.77,USD,Materials,Canada,Stock,equity,web_csv
2026-07-01,GDXJ,EXK,Endeavour Silver Corp,CA29258Y1034,,6369378.0,53120613.0,0.75,USD,Materials,Canada,Stock,equity,web_csv
2026-07-01,GDXJ,SVM,Silvercorp Metals Inc,CA82835P1036,,5092024.0,51225761.0,0.73,USD,Materials,Canada,Stock,equity,web_csv
2026-07-01,GDXJ,WGX AU,Westgold Resources Ltd,AU000000WGX6,,15587236.0,49792945.0,0.71,AUD,Materials,Australia,Stock,equity,web_csv
2026-07-01,GDXJ,BRMS IJ,Bumi Resources Minerals Tbk Pt,ID1000117609,,1806029300.0,47508041.0,0.68,IDR,Materials,Indonesia,Stock,equity,web_csv
2026-07-01,GDXJ,HOC LN,Hochschild Mining Plc,GB00B1FW5029,,7325264.0,46201376.0,0.66,GBP,Materials,Peru,Stock,equity,web_csv
2026-07-01,GDXJ,PPTA,Perpetua Resources Corp,CA7142661031,,2124455.0,44592310.0,0.63,USD,Materials,United States,Stock,equity,web_csv
2026-07-01,GDXJ,AAUC,Allied Gold Corp,CA01921D2041,,1857480.0,44040851.0,0.63,USD,Materials,Canada,Stock,equity,web_csv
2026-07-01,GDXJ,EMR AU,Emerald Resources Nl,AU000000EMR4,,11394858.0,43798411.0,0.62,AUD,Materials,Australia,Stock,equity,web_csv
2026-07-01,GDXJ,EMAS IJ,Merdeka Gold Resources Tbk Pt,ID1000211600,,136268500.0,42402606.0,0.6,IDR,Materials,Indonesia,Stock,equity,web_csv
2026-07-01,GDXJ,NG,Novagold Resources Inc,CA66987E2069,,6470290.0,39274660.0,0.56,USD,Materials,Canada,Stock,equity,web_csv
2026-07-01,GDXJ,PAF LN,Pan African Resources Plc,GB0004300496,,28418870.0,37028055.0,0.53,GBP,Materials,United Kingdom,Stock,equity,web_csv
2026-07-01,GDXJ,SXGC CN,Southern Cross Gold Consolidated Ltd,CA8426851090,,5973629.0,36310556.0,0.52,CAD,Materials,Canada,Stock,equity,web_csv
2026-07-01,GDXJ,PDI AU,Predictive Discovery Ltd,AU000000PDI8,,72109868.0,35558504.0,0.51,AUD,Materials,Australia,Stock,equity,web_csv
2026-07-01,GDXJ,3939 HK,Wanguo Gold Group Ltd,KYG9430L1150,,35274500.0,34785471.0,0.49,HKD,Materials,China,Stock,equity,web_csv
2026-07-01,GDXJ,ABRA CN,Abrasilver Resource Corp,CA00379L3048,,3300306.0,32641863.0,0.46,CAD,Materials,Canada,Stock,equity,web_csv
2026-07-01,GDXJ,HYMC,Hycroft Mining Holding Corp,US44862P2083,,1347935.0,31096860.0,0.44,USD,Materials,United States,Stock,equity,web_csv
2026-07-01,GDXJ,USAS,Americas Gold & Silver Corp,CA03062D8035,,6509784.0,30856376.0,0.44,USD,Materials,Canada,Stock,equity,web_csv
2026-07-01,GDXJ,WAF AU,West African Resources Ltd,AU000000WAF6,,16594497.0,30353757.0,0.43,AUD,Materials,Australia,Stock,equity,web_csv
2026-07-01,GDXJ,SGD CN,Snowline Gold Corp,CA83342V1040,,3074349.0,27476590.0,0.39,CAD,Materials,Canada,Stock,equity,web_csv
2026-07-01,GDXJ,VZLA,Vizsla Silver Corp,CA92859G6085,,8250354.0,26896154.0,0.38,USD,Materials,Canada,Stock,equity,web_csv
2026-07-01,GDXJ,ASM,Avino Silver & Gold Mines Ltd,CA0539061030,,4215184.0,26808570.0,0.38,USD,Materials,Mexico,Stock,equity,web_csv
2026-07-01,GDXJ,IAUX,I-80 Gold Corp,CA44955L1067,,18073458.0,26206514.0,0.37,USD,Materials,United States,Stock,equity,web_csv
2026-07-01,GDXJ,KOZAL TI,Koza Altin Isletmeleri As,TREKOAL00014,,23999845.0,24516939.0,0.35,TRY,Materials,Turkey,Stock,equity,web_csv
2026-07-01,GDXJ,GTWO CN,G2 Goldfields Inc,CA36256R1055,,3681275.0,23892969.0,0.34,CAD,Materials,Canada,Stock,equity,web_csv
2026-07-01,GDXJ,OBM AU,Ora Banda Mining Ltd,AU0000050130,,34184566.0,23847992.0,0.34,AUD,Materials,Australia,Stock,equity,web_csv
2026-07-01,GDXJ,GGD CN,Gogold Resources Inc,CA38045Y1025,,10827724.0,23818333.0,0.34,CAD,Materials,United States,Stock,equity,web_csv
2026-07-01,GDXJ,RSG AU,Resolute Mining Ltd,AU000000RSG6,,37353214.0,23572905.0,0.33,AUD,Materials,Australia,Stock,equity,web_csv
2026-07-01,GDXJ,MUX,Mcewen Mining Inc,US58039P3055,,1284576.0,23109522.0,0.33,USD,Materials,Canada,Stock,equity,web_csv
2026-07-01,GDXJ,BGL AU,Bellevue Gold Ltd,AU0000019374,,24944373.0,21274364.0,0.3,AUD,Materials,Australia,Stock,equity,web_csv
2026-07-01,GDXJ,ALK AU,Alkane Resources Ltd,AU000000ALK9,,23184544.0,20918961.0,0.3,AUD,Materials,Australia,Stock,equity,web_csv
2026-07-01,GDXJ,DRD,Drdgold Ltd,US26152H3012,,974126.0,20573541.0,0.29,USD,Materials,South Africa,Stock,equity,web_csv
2026-07-01,GDXJ,KCN AU,Kingsgate Consolidated Ltd,AU000000KCN1,,6250767.0,20269175.0,0.29,AUD,Materials,Australia,Stock,equity,web_csv
2026-07-01,GDXJ,ORE CN,Orezone Gold Corp,CA68616T1093,,12650510.0,19881253.0,0.28,CAD,Materials,Canada,Stock,equity,web_csv
2026-07-01,GDXJ,CYL AU,Catalyst Metals Ltd,AU000000CYL6,,5866601.0,19265337.0,0.27,AUD,Materials,Australia,Stock,equity,web_csv
2026-07-01,GDXJ,6693 HK,Chifeng Jilong Gold Mining Co Ltd,CNE100006T51,,5023400.0,14627725.0,0.21,HKD,Materials,China,Stock,equity,web_csv
2026-07-01,GDXJ,340 HK,Tongguan Gold Group Ltd,BMG8919D1074,,59772000.0,13957009.0,0.2,HKD,Materials,China,Stock,equity,web_csv
2026-07-01,GDXJ,DC,Dakota Gold Corp,US46655E1001,,3147184.0,13407004.0,0.19,USD,Materials,Canada,Stock,equity,web_csv
2026-07-01,GDXJ,MTA,Metalla Royalty & Streaming Ltd,CA59124U6051,,1729733.0,13284349.0,0.19,USD,Materials,Canada,Stock,equity,web_csv
2026-07-01,GDXJ,CNL CN,Collective Mining Ltd,CA19425C1005,,1042255.0,12570402.0,0.18,CAD,Materials,Canada,Stock,equity,web_csv
2026-07-01,GDXJ,GROY,Gold Royalty Corp,CA38071H1064,,4500134.0,12420370.0,0.18,USD,Materials,Canada,Stock,equity,web_csv
2026-07-01,GDXJ,ODV,Osisko Development Corp,CA68828E8099,,4953187.0,12333436.0,0.18,USD,Materials,Canada,Stock,equity,web_csv
2026-07-01,GDXJ,CTGO,Contango Ore Inc,US21077F1003,,715960.0,11448200.0,0.16,USD,Materials,United States,Stock,equity,web_csv
2026-07-01,GDXJ,KOZAA TI,Koza Anadolu Metal Madencilik Isletmele,TREKOZA00014,,4653297.0,11290114.0,0.16,TRY,Materials,Turkey,Stock,equity,web_csv
2026-07-01,GDXJ,NFGC,New Found Gold Corp,CA64440N1033,,6909018.0,10985339.0,0.16,USD,Materials,Canada,Stock,equity,web_csv
2026-07-01,GDXJ,IDR,Idaho Strategic Resources Inc,US6458272050,,328088.0,10744882.0,0.15,USD,Materials,United States,Stock,equity,web_csv
2026-07-01,GDXJ,ITRG,Integra Resources Corp,CA45826T5098,,4296489.0,9624135.0,0.14,USD,Materials,Canada,Stock,equity,web_csv
2026-07-01,GDXJ,BC8 AU,Black Cat Syndicate Ltd,AU000000BC88,,15840443.0,9302810.0,0.13,AUD,Materials,Australia,Stock,equity,web_csv
2026-07-01,GDXJ,PNR AU,Pantoro Gold Ltd,AU000000PNR8,,5753966.0,8774257.0,0.12,AUD,Materials,Australia,Stock,equity,web_csv
2026-07-01,GDXJ,SBM AU,St Barbara Ltd,AU000000SBM8,,24176866.0,7539785.0,0.11,AUD,Materials,Australia,Stock,equity,web_csv
2026-07-01,GDXJ,GAU,Galiano Gold Inc,CA36352H1001,,3787587.0,7234291.0,0.1,USD,Materials,Canada,Stock,equity,web_csv
2026-07-01,GDXJ,CMCL,Caledonia Mining Corp Plc,JE00BF0XVB15,,371676.0,7154763.0,0.1,USD,Materials,Jersey,Stock,equity,web_csv
2026-07-01,GDXJ,LUNR CN,Lunr Royalties Corp,CA5504281067,,539423.0,7063434.0,0.1,CAD,,Canada,Stock,equity,web_csv
2026-07-01,GDXJ,DTR AU,Dateline Resources Ltd,AU000000DTR1,,71575424.0,6408579.0,0.09,AUD,Materials,Australia,Stock,equity,web_csv
2026-07-01,GDXJ,APM CN,Andean Precious Metals Corp,CA03349X1015,,1496452.0,6074112.0,0.09,CAD,Materials,Canada,Stock,equity,web_csv
2026-07-01,GDXJ,AMI AU,Aurelia Metals Ltd,AU000000AMI1,,30041121.0,5790063.0,0.08,AUD,Materials,Australia,Stock,equity,web_csv
2026-07-01,GDXJ,CNMC SP,Cnmc Goldmine Holdings Ltd,,,6682000.0,5598850.0,0.08,SGD,Materials,Singapore,Stock,equity,web_csv
2026-07-01,GDXJ,VOXR,Vox Royalty Corp,CA92919F1036,,1154391.0,5460269.0,0.08,USD,Materials,Australia,Stock,equity,web_csv
2026-07-01,GDXJ,ASL AU,Andean Silver Ltd,AU0000343253,,3983927.0,5307585.0,0.08,AUD,Materials,Australia,Stock,equity,web_csv
2026-07-01,GDXJ,USAU,Us Gold Corp,US90291C2017,,321861.0,5046780.0,0.07,USD,Materials,United States,Stock,equity,web_csv
2026-07-01,GDXJ,AZY AU,Antipa Minerals Ltd,AU000000AZY0,,12264783.0,4928244.0,0.07,AUD,Materials,Australia,Stock,equity,web_csv
2026-07-01,GDXJ,GLDG,Goldmining Inc,CA38149E1016,,5351541.0,4721665.0,0.07,USD,Materials,Canada,Stock,equity,web_csv
2026-07-01,GDXJ,MEK AU,Meeka Metals Ltd,AU0000192726,,65531043.0,4135074.0,0.06,AUD,Materials,Australia,Stock,equity,web_csv
2026-07-01,GDXJ,LUCA CN,Luca Mining Corp,CA54929M1068,,5976394.0,4017262.0,0.06,CAD,Materials,Mexico,Stock,equity,web_csv
2026-07-01,GDXJ,FDR CN,Founders Metals Inc,CA3505901056,,1479493.0,3989899.0,0.06,CAD,Materials,Canada,Stock,equity,web_csv
2026-07-01,GDXJ,8299 HK,Gt Gold Holdings Ltd,KYG4136P1303,,110880000.0,3861218.0,0.05,HKD,Materials,China,Stock,equity,web_csv
2026-07-01,GDXJ,WRLG CN,West Red Lake Gold Mines Ltd,CA95556L1013,,8352172.0,3778971.0,0.05,CAD,Materials,Canada,Stock,equity,web_csv
2026-07-01,GDXJ,ARCI IJ,Archi Indonesia Tbk Pt,ID1000161003,,63350800.0,3157608.0,0.04,IDR,Materials,Indonesia,Stock,equity,web_csv
2026-07-01,GDXJ,VGC CN,Valor Gold Corp,CA9199211066,,989001.0,2575977.0,0.04,CAD,,Canada,Stock,equity,web_csv
2026-07-01,GDXJ,FFX AU,Firefinch Ltd,AU0000114522,,54133739.0,2272005.0,0.03,AUD,Materials,Australia,Stock,equity,web_csv
2026-07-01,GDXJ,PSAB IJ,J Resources Asia Pasific Tbk Pt,ID1000094709,,66098100.0,1407482.0,0.02,IDR,Materials,Indonesia,Stock,equity,web_csv
2026-07-01,GDXJ,FMR CN,Future Mineral Resources Inc,CA3611551043,,168999.0,42243.0,0.0,CAD,Materials,Canada,Stock,equity,web_csv
2026-07-01,GDXJ,NIX CN,Archer Exploration Corp,CA66860Q1028,,179304.0,19564.0,0.0,CAD,Materials,Canada,Stock,equity,web_csv
2026-07-01,GDXJ,VGCX CN,Victoria Gold Corp/Vancouver,CA92625W5072,,1722275.0,1.0,0.0,CAD,Materials,Canada,Stock,equity,web_csv
2026-07-01,GDXJ,ASM AU,Australian Strategic Materials Ltd,AU0000094153,,1.0,1.0,0.0,AUD,Materials,Australia,Stock,equity,web_csv
2026-07-01,GDXJ,-USD CASH-,,CASH,,5573651.0,5573651.0,0.08,USD,,United States,Cash Bal,cash,web_csv
2026-07-01,GDXJ,-HKD CASH-,,CASH,,4301000.0,548335.0,0.01,HKD,,China,Cash Bal,cash,web_csv
2026-07-01,GDXJ,-TRY CASH-,,CASH,,0.0,0.0,0.0,TRY,,Turkey,Cash Bal,cash,web_csv
2026-07-01,GDXJ,-MXN CASH-,,CASH,,-3639.0,-208.0,0.0,MXN,,Mexico,Cash Bal,cash,web_csv
2026-07-01,GDXJ,-GBP CASH-,,CASH,,582.0,772.0,0.0,GBP,,United Kingdom,Cash Bal,cash,web_csv
2026-07-01,GDXJ,-BRL CASH-,,CASH,,-672.0,-129.0,0.0,BRL,,Brazil,Cash Bal,cash,web_csv
2026-07-01,GDXJ,-AUD CASH-,,CASH,,79.0,54.0,0.0,AUD,,Australia,Cash Bal,cash,web_csv
2026-07-01,GDXJ,-CAD CASH-,,CASH,,-1668149.0,-1174298.0,-0.02,CAD,,Canada,Cash Bal,cash,web_csv
2026-07-01,GDXJ,,Other/Cash,CASH,,0.0,441775.0,0.01,USD,,,Cash,cash,web_csv
2026-07-02,GDXJ,EQX,Equinox Gold Corp,CA29446Y5020,,45718515.0,463585742.0,6.27,USD,Materials,Canada,Stock,equity,web_csv
2026-07-02,GDXJ,AGI,Alamos Gold Inc,CA0115321089,,14523079.0,458638835.0,6.21,USD,Materials,Canada,Stock,equity,web_csv
2026-07-02,GDXJ,EVN AU,Evolution Mining Ltd,AU000000EVN4,,54535246.0,451167514.0,6.11,AUD,Materials,Australia,Stock,equity,web_csv
2026-07-02,GDXJ,EDV LN,Endeavour Mining Plc,GB00BL6K5J42,,7697311.0,410647070.0,5.56,GBP,Materials,United Kingdom,Stock,equity,web_csv
2026-07-02,GDXJ,CDE,Coeur Mining Inc,US1921085049,,22300207.0,385793581.0,5.22,USD,Materials,United States,Stock,equity,web_csv
2026-07-02,GDXJ,PE&OLES* MF,Industrias Penoles Sab De Cv,MXP554091415,,4666613.0,206492148.0,2.79,MXN,Materials,Mexico,Stock,equity,web_csv
2026-07-02,GDXJ,AG,First Majestic Silver Corp,CA32076V1031,,11340782.0,202092735.0,2.74,USD,Materials,Canada,Stock,equity,web_csv
2026-07-02,GDXJ,HL,Hecla Mining Co,US4227041062,,12062479.0,196980282.0,2.67,USD,Materials,United States,Stock,equity,web_csv
2026-07-02,GDXJ,IAG,Iamgold Corp,CA4509131088,,11700884.0,193766639.0,2.62,USD,Materials,Burkina Faso,Stock,equity,web_csv
2026-07-02,GDXJ,EGO,Eldorado Gold Corp,CA2849025093,,5672132.0,191037406.0,2.59,USD,Materials,Turkey,Stock,equity,web_csv
2026-07-02,GDXJ,HMY,Harmony Gold Mining Co Ltd,US4132163001,,9557483.0,153779901.0,2.08,USD,Materials,South Africa,Stock,equity,web_csv
2026-07-02,GDXJ,LUG CN,Lundin Gold Inc,CA5503711080,,2537238.0,144578643.0,1.96,CAD,Materials,Canada,Stock,equity,web_csv
2026-07-02,GDXJ,OGC CN,Oceanagold Corp,CA6752224007,,5087363.0,132802721.0,1.8,CAD,Materials,Canada,Stock,equity,web_csv
2026-07-02,GDXJ,DPM CN,Dundee Precious Metals Inc,CA26139R1091,,3816812.0,130721404.0,1.77,CAD,Materials,Canada,Stock,equity,web_csv
2026-07-02,GDXJ,GMIN CN,G Mining Ventures Corp,CA36270K1021,,4036836.0,122800201.0,1.66,CAD,Materials,Canada,Stock,equity,web_csv
2026-07-02,GDXJ,SSRM,Ssr Mining Inc,CA7847301032,,3995521.0,122342853.0,1.66,USD,Materials,Canada,Stock,equity,web_csv
2026-07-02,GDXJ,BTG,B2gold Corp,CA11777Q2099,,28981626.0,118245034.0,1.6,USD,Materials,Canada,Stock,equity,web_csv
2026-07-02,GDXJ,BVN,Cia De Minas Buenaventura Saa,US2044481040,,3622441.0,107658947.0,1.46,USD,Materials,Peru,Stock,equity,web_csv
2026-07-02,GDXJ,OR,Or Royalties Inc,CA68390D1069,,3091893.0,97209116.0,1.32,USD,Materials,Canada,Stock,equity,web_csv
2026-07-02,GDXJ,1818 HK,Zhaojin Mining Industry Co Ltd,CNE1000004R6,,41077200.0,91471390.0,1.24,HKD,Materials,China,Stock,equity,web_csv
2026-07-02,GDXJ,GGP AU,Greatland Resources Ltd,AU0000397705,,11124397.0,88998323.0,1.2,AUD,Materials,Australia,Stock,equity,web_csv
2026-07-02,GDXJ,MAU CN,Montage Gold Corp,CA61178L1013,,7139734.0,85889266.0,1.16,CAD,Materials,Côte D'Ivoire,Stock,equity,web_csv
2026-07-02,GDXJ,PRU AU,Perseus Mining Ltd,AU000000PRU3,,24750618.0,84493668.0,1.14,AUD,Materials,Australia,Stock,equity,web_csv
2026-07-02,GDXJ,ARTG CN,Artemis Gold Inc,CA04302L1004,,3433735.0,80459059.0,1.09,CAD,Materials,Canada,Stock,equity,web_csv
2026-07-02,GDXJ,KNT CN,K92 Mining Inc,CA4991131083,,4775389.0,79199767.0,1.07,CAD,Materials,Canada,Stock,equity,web_csv
2026-07-02,GDXJ,RMS AU,Ramelius Resources Ltd,AU000000RMS4,,37454033.0,78873157.0,1.07,AUD,Materials,Australia,Stock,equity,web_csv
2026-07-02,GDXJ,ARMN,Aris Mining Corp,CA04040Y1097,,4800474.0,76807584.0,1.04,USD,Materials,Colombia,Stock,equity,web_csv
2026-07-02,GDXJ,TXG CN,Torex Gold Resources Inc,CA8910546032,,1726505.0,72826943.0,0.99,CAD,Materials,Canada,Stock,equity,web_csv
2026-07-02,GDXJ,CMM AU,Capricorn Metals Ltd,AU000000CMM9,,7873374.0,70911433.0,0.96,AUD,Materials,Australia,Stock,equity,web_csv
2026-07-02,GDXJ,GMD AU,Genesis Minerals Ltd,AU000000GMD9,,18262861.0,69422170.0,0.94,AUD,Materials,Australia,Stock,equity,web_csv
2026-07-02,GDXJ,SKE,Skeena Resources Ltd,CA83056P7157,,2373558.0,68121115.0,0.92,USD,Materials,Canada,Stock,equity,web_csv
2026-07-02,GDXJ,CGAU,Centerra Gold Inc,CA1520061021,,3877023.0,64281041.0,0.87,USD,Materials,Canada,Stock,equity,web_csv
2026-07-02,GDXJ,AUGO,Aura Minerals Inc,VGG069731120,,963847.0,63093425.0,0.85,USD,Materials,United States,Stock,equity,web_csv
2026-07-02,GDXJ,AYA CN,Aya Gold & Silver Inc,CA05466C1095,,3220384.0,63038367.0,0.85,CAD,Materials,Canada,Stock,equity,web_csv
2026-07-02,GDXJ,WDO CN,Wesdome Gold Mines Ltd/Canada,CA95083R1001,,3334390.0,61461026.0,0.83,CAD,Materials,Canada,Stock,equity,web_csv
2026-07-02,GDXJ,RRL AU,Regis Resources Ltd,AU000000RRL8,,13990290.0,60283381.0,0.82,AUD,Materials,Australia,Stock,equity,web_csv
2026-07-02,GDXJ,VAU AU,Vault Minerals Ltd,AU0000427775,,19900911.0,59056774.0,0.8,AUD,Materials,Australia,Stock,equity,web_csv
2026-07-02,GDXJ,FSM,Fortuna Silver Mines Inc,CA3499421020,,6621788.0,57741991.0,0.78,USD,Materials,Canada,Stock,equity,web_csv
2026-07-02,GDXJ,ORLA,Orla Mining Ltd,CA68634K1066,,5627416.0,57287095.0,0.78,USD,Materials,Mexico,Stock,equity,web_csv
2026-07-02,GDXJ,SA,Seabridge Gold Inc,CA8119271028,,2071168.0,57205660.0,0.77,USD,Materials,Canada,Stock,equity,web_csv
2026-07-02,GDXJ,TFPM,Triple Flag Precious Metals Corp,CA89679M1041,,1808326.0,56944186.0,0.77,USD,Materials,Canada,Stock,equity,web_csv
2026-07-02,GDXJ,EXK,Endeavour Silver Corp,CA29258Y1034,,6369378.0,54521876.0,0.74,USD,Materials,Canada,Stock,equity,web_csv
2026-07-02,GDXJ,DSV CN,Discovery Silver Corp,CA2546771072,,16800100.0,52611883.0,0.71,CAD,Materials,Canada,Stock,equity,web_csv
2026-07-02,GDXJ,SVM,Silvercorp Metals Inc,CA82835P1036,,5092024.0,52295086.0,0.71,USD,Materials,Canada,Stock,equity,web_csv
2026-07-02,GDXJ,WGX AU,Westgold Resources Ltd,AU000000WGX6,,15587236.0,52051690.0,0.7,AUD,Materials,Australia,Stock,equity,web_csv
2026-07-02,GDXJ,BRMS IJ,Bumi Resources Minerals Tbk Pt,ID1000117609,,1806029300.0,48474913.0,0.66,IDR,Materials,Indonesia,Stock,equity,web_csv
2026-07-02,GDXJ,HOC LN,Hochschild Mining Plc,GB00B1FW5029,,7325264.0,48452846.0,0.66,GBP,Materials,Peru,Stock,equity,web_csv
2026-07-02,GDXJ,AAUC,Allied Gold Corp,CA01921D2041,,1857480.0,45694008.0,0.62,USD,Materials,Canada,Stock,equity,web_csv
2026-07-02,GDXJ,PPTA,Perpetua Resources Corp,CA7142661031,,2124455.0,45314625.0,0.61,USD,Materials,United States,Stock,equity,web_csv
2026-07-02,GDXJ,EMR AU,Emerald Resources Nl,AU000000EMR4,,11394858.0,43101523.0,0.58,AUD,Materials,Australia,Stock,equity,web_csv
2026-07-02,GDXJ,EMAS IJ,Merdeka Gold Resources Tbk Pt,ID1000211600,,136268500.0,42750955.0,0.58,IDR,Materials,Indonesia,Stock,equity,web_csv
2026-07-02,GDXJ,NG,Novagold Resources Inc,CA66987E2069,,6470290.0,41668668.0,0.56,USD,Materials,Canada,Stock,equity,web_csv
2026-07-02,GDXJ,PAF LN,Pan African Resources Plc,GB0004300496,,28418870.0,38435959.0,0.52,GBP,Materials,United Kingdom,Stock,equity,web_csv
2026-07-02,GDXJ,SXGC CN,Southern Cross Gold Consolidated Ltd,CA8426851090,,5973629.0,37910419.0,0.51,CAD,Materials,Canada,Stock,equity,web_csv
2026-07-02,GDXJ,3939 HK,Wanguo Gold Group Ltd,KYG9430L1150,,35274500.0,37389211.0,0.51,HKD,Materials,China,Stock,equity,web_csv
2026-07-02,GDXJ,PDI AU,Predictive Discovery Ltd,AU000000PDI8,,72109868.0,37022528.0,0.5,AUD,Materials,Australia,Stock,equity,web_csv
2026-07-02,GDXJ,ABRA CN,Abrasilver Resource Corp,CA00379L3048,,3300306.0,34046805.0,0.46,CAD,Materials,Canada,Stock,equity,web_csv
2026-07-02,GDXJ,WAF AU,West African Resources Ltd,AU000000WAF6,,16594497.0,32349241.0,0.44,AUD,Materials,Australia,Stock,equity,web_csv
2026-07-02,GDXJ,HYMC,Hycroft Mining Holding Corp,US44862P2083,,1347935.0,31838225.0,0.43,USD,Materials,United States,Stock,equity,web_csv
2026-07-02,GDXJ,USAS,Americas Gold & Silver Corp,CA03062D8035,,6509784.0,31832844.0,0.43,USD,Materials,Canada,Stock,equity,web_csv
2026-07-02,GDXJ,SGD CN,Snowline Gold Corp,CA83342V1040,,3074349.0,29396166.0,0.4,CAD,Materials,Canada,Stock,equity,web_csv
2026-07-02,GDXJ,ASM,Avino Silver & Gold Mines Ltd,CA0539061030,,4215184.0,27693759.0,0.37,USD,Materials,Mexico,Stock,equity,web_csv
2026-07-02,GDXJ,VZLA,Vizsla Silver Corp,CA92859G6085,,8250354.0,27556182.0,0.37,USD,Materials,Canada,Stock,equity,web_csv
2026-07-02,GDXJ,IAUX,I-80 Gold Corp,CA44955L1067,,18073458.0,26929452.0,0.36,USD,Materials,United States,Stock,equity,web_csv
2026-07-02,GDXJ,OBM AU,Ora Banda Mining Ltd,AU0000050130,,34184566.0,26586455.0,0.36,AUD,Materials,Australia,Stock,equity,web_csv
2026-07-02,GDXJ,GGD CN,Gogold Resources Inc,CA38045Y1025,,10827724.0,25883006.0,0.35,CAD,Materials,United States,Stock,equity,web_csv
2026-07-02,GDXJ,GTWO CN,G2 Goldfields Inc,CA36256R1055,,3681275.0,25465083.0,0.34,CAD,Materials,Canada,Stock,equity,web_csv
2026-07-02,GDXJ,RSG AU,Resolute Mining Ltd,AU000000RSG6,,37353214.0,25452611.0,0.34,AUD,Materials,Australia,Stock,equity,web_csv
2026-07-02,GDXJ,KOZAL TI,Koza Altin Isletmeleri As,TREKOAL00014,,23999845.0,24583469.0,0.33,TRY,Materials,Turkey,Stock,equity,web_csv
2026-07-02,GDXJ,MUX,Mcewen Mining Inc,US58039P3055,,1284576.0,24278486.0,0.33,USD,Materials,Canada,Stock,equity,web_csv
2026-07-02,GDXJ,BGL AU,Bellevue Gold Ltd,AU0000019374,,24944373.0,22328357.0,0.3,AUD,Materials,Australia,Stock,equity,web_csv
2026-07-02,GDXJ,ORE CN,Orezone Gold Corp,CA68616T1093,,12650510.0,22033466.0,0.3,CAD,Materials,Canada,Stock,equity,web_csv
2026-07-02,GDXJ,ALK AU,Alkane Resources Ltd,AU000000ALK9,,23184544.0,21990310.0,0.3,AUD,Materials,Australia,Stock,equity,web_csv
2026-07-02,GDXJ,KCN AU,Kingsgate Consolidated Ltd,AU000000KCN1,,6250767.0,21583497.0,0.29,AUD,Materials,Australia,Stock,equity,web_csv
2026-07-02,GDXJ,DRD,Drdgold Ltd,US26152H3012,,974126.0,21333359.0,0.29,USD,Materials,South Africa,Stock,equity,web_csv
2026-07-02,GDXJ,CYL AU,Catalyst Metals Ltd,AU000000CYL6,,5866601.0,21087613.0,0.29,AUD,Materials,Australia,Stock,equity,web_csv
2026-07-02,GDXJ,6693 HK,Chifeng Jilong Gold Mining Co Ltd,CNE100006T51,,5023400.0,16324113.0,0.22,HKD,Materials,China,Stock,equity,web_csv
2026-07-02,GDXJ,340 HK,Tongguan Gold Group Ltd,BMG8919D1074,,59772000.0,14150698.0,0.19,HKD,Materials,China,Stock,equity,web_csv
2026-07-02,GDXJ,DC,Dakota Gold Corp,US46655E1001,,3147184.0,14099384.0,0.19,USD,Materials,Canada,Stock,equity,web_csv
2026-07-02,GDXJ,CNL CN,Collective Mining Ltd,CA19425C1005,,1042255.0,13824219.0,0.19,CAD,Materials,Canada,Stock,equity,web_csv
2026-07-02,GDXJ,MTA,Metalla Royalty & Streaming Ltd,CA59124U6051,,1729733.0,13215160.0,0.18,USD,Materials,Canada,Stock,equity,web_csv
2026-07-02,GDXJ,GROY,Gold Royalty Corp,CA38071H1064,,4500134.0,12870383.0,0.17,USD,Materials,Canada,Stock,equity,web_csv
2026-07-02,GDXJ,ODV,Osisko Development Corp,CA68828E8099,,4953187.0,12729691.0,0.17,USD,Materials,Canada,Stock,equity,web_csv
2026-07-02,GDXJ,CTGO,Contango Ore Inc,US21077F1003,,715960.0,12335991.0,0.17,USD,Materials,United States,Stock,equity,web_csv
2026-07-02,GDXJ,KOZAA TI,Koza Anadolu Metal Madencilik Isletmele,TREKOZA00014,,4653297.0,11502075.0,0.16,TRY,Materials,Turkey,Stock,equity,web_csv
2026-07-02,GDXJ,NFGC,New Found Gold Corp,CA64440N1033,,6909018.0,11468970.0,0.16,USD,Materials,Canada,Stock,equity,web_csv
2026-07-02,GDXJ,IDR,Idaho Strategic Resources Inc,US6458272050,,328088.0,10981105.0,0.15,USD,Materials,United States,Stock,equity,web_csv
2026-07-02,GDXJ,ITRG,Integra Resources Corp,CA45826T5098,,4296489.0,10397503.0,0.14,USD,Materials,Canada,Stock,equity,web_csv
2026-07-02,GDXJ,BC8 AU,Black Cat Syndicate Ltd,AU000000BC88,,15840443.0,10236681.0,0.14,AUD,Materials,Australia,Stock,equity,web_csv
2026-07-02,GDXJ,PNR AU,Pantoro Gold Ltd,AU000000PNR8,,5753966.0,9265880.0,0.13,AUD,Materials,Australia,Stock,equity,web_csv
2026-07-02,GDXJ,SBM AU,St Barbara Ltd,AU000000SBM8,,24176866.0,8156959.0,0.11,AUD,Materials,Australia,Stock,equity,web_csv
2026-07-02,GDXJ,GAU,Galiano Gold Inc,CA36352H1001,,3787587.0,7499422.0,0.1,USD,Materials,Canada,Stock,equity,web_csv
2026-07-02,GDXJ,LUNR CN,Lunr Royalties Corp,CA5504281067,,539423.0,7481896.0,0.1,CAD,,Canada,Stock,equity,web_csv
2026-07-02,GDXJ,CMCL,Caledonia Mining Corp Plc,JE00BF0XVB15,,371676.0,7466971.0,0.1,USD,Materials,Jersey,Stock,equity,web_csv
2026-07-02,GDXJ,APM CN,Andean Precious Metals Corp,CA03349X1015,,1496452.0,6489567.0,0.09,CAD,Materials,Canada,Stock,equity,web_csv
2026-07-02,GDXJ,DTR AU,Dateline Resources Ltd,AU000000DTR1,,71575424.0,6468330.0,0.09,AUD,Materials,Australia,Stock,equity,web_csv
2026-07-02,GDXJ,AMI AU,Aurelia Metals Ltd,AU000000AMI1,,30041121.0,5888536.0,0.08,AUD,Materials,Australia,Stock,equity,web_csv
2026-07-02,GDXJ,ASL AU,Andean Silver Ltd,AU0000343253,,3983927.0,5815258.0,0.08,AUD,Materials,Australia,Stock,equity,web_csv
2026-07-02,GDXJ,CNMC SP,Cnmc Goldmine Holdings Ltd,,,6682000.0,5694741.0,0.08,SGD,Materials,Singapore,Stock,equity,web_csv
2026-07-02,GDXJ,VOXR,Vox Royalty Corp,CA92919F1036,,1154391.0,5621884.0,0.08,USD,Materials,Australia,Stock,equity,web_csv
2026-07-02,GDXJ,USAU,Us Gold Corp,US90291C2017,,321861.0,5307488.0,0.07,USD,Materials,United States,Stock,equity,web_csv
2026-07-02,GDXJ,MEK AU,Meeka Metals Ltd,AU0000192726,,65531043.0,5058067.0,0.07,AUD,Materials,Australia,Stock,equity,web_csv
2026-07-02,GDXJ,AZY AU,Antipa Minerals Ltd,AU000000AZY0,,12264783.0,5052864.0,0.07,AUD,Materials,Australia,Stock,equity,web_csv
2026-07-02,GDXJ,GLDG,Goldmining Inc,CA38149E1016,,5351541.0,4992988.0,0.07,USD,Materials,Canada,Stock,equity,web_csv
2026-07-02,GDXJ,FDR CN,Founders Metals Inc,CA3505901056,,1479493.0,4339944.0,0.06,CAD,Materials,Canada,Stock,equity,web_csv
2026-07-02,GDXJ,LUCA CN,Luca Mining Corp,CA54929M1068,,5976394.0,4298503.0,0.06,CAD,Materials,Mexico,Stock,equity,web_csv
2026-07-02,GDXJ,8299 HK,Gt Gold Holdings Ltd,KYG4136P1303,,110880000.0,4251907.0,0.06,HKD,Materials,China,Stock,equity,web_csv
2026-07-02,GDXJ,WRLG CN,West Red Lake Gold Mines Ltd,CA95556L1013,,8352172.0,4004849.0,0.05,CAD,Materials,Canada,Stock,equity,web_csv
2026-07-02,GDXJ,ARCI IJ,Archi Indonesia Tbk Pt,ID1000161003,,63350800.0,3249733.0,0.04,IDR,Materials,Indonesia,Stock,equity,web_csv
2026-07-02,GDXJ,VGC CN,Valor Gold Corp,CA9199211066,,989001.0,2859291.0,0.04,CAD,,Canada,Stock,equity,web_csv
2026-07-02,GDXJ,FFX AU,Firefinch Ltd,AU0000114522,,54133739.0,2282209.0,0.03,AUD,Materials,Australia,Stock,equity,web_csv
2026-07-02,GDXJ,PSAB IJ,J Resources Asia Pasific Tbk Pt,ID1000094709,,66098100.0,1437994.0,0.02,IDR,Materials,Indonesia,Stock,equity,web_csv
2026-07-02,GDXJ,FMR CN,Future Mineral Resources Inc,CA3611551043,,168999.0,39326.0,0.0,CAD,Materials,Canada,Stock,equity,web_csv
2026-07-02,GDXJ,NIX CN,Archer Exploration Corp,CA66860Q1028,,179304.0,19597.0,0.0,CAD,Materials,Canada,Stock,equity,web_csv
2026-07-02,GDXJ,VGCX CN,Victoria Gold Corp/Vancouver,CA92625W5072,,1722275.0,1.0,0.0,CAD,Materials,Canada,Stock,equity,web_csv
2026-07-02,GDXJ,ASM AU,Australian Strategic Materials Ltd,AU0000094153,,1.0,1.0,0.0,AUD,Materials,Australia,Stock,equity,web_csv
2026-07-02,GDXJ,-USD CASH-,,CASH,,5575018.0,5575018.0,0.08,USD,,United States,Cash Bal,cash,web_csv
2026-07-02,GDXJ,-TRY CASH-,,CASH,,0.0,0.0,0.0,TRY,,Turkey,Cash Bal,cash,web_csv
2026-07-02,GDXJ,-MXN CASH-,,CASH,,-3639.0,-208.0,0.0,MXN,,Mexico,Cash Bal,cash,web_csv
2026-07-02,GDXJ,-GBP CASH-,,CASH,,582.0,778.0,0.0,GBP,,United Kingdom,Cash Bal,cash,web_csv
2026-07-02,GDXJ,-BRL CASH-,,CASH,,-672.0,-129.0,0.0,BRL,,Brazil,Cash Bal,cash,web_csv
2026-07-02,GDXJ,-AUD CASH-,,CASH,,79.0,54.0,0.0,AUD,,Australia,Cash Bal,cash,web_csv
2026-07-02,GDXJ,-CAD CASH-,,CASH,,-1668149.0,-1176286.0,-0.02,CAD,,Canada,Cash Bal,cash,web_csv
2026-07-02,GDXJ,,Other/Cash,CASH,,0.0,56441853.0,0.76,USD,,,Cash,cash,web_csv
2026-07-06,GDXJ,EVN AU,Evolution Mining Ltd,AU000000EVN4,,54535246.0,477148151.0,6.37,AUD,Materials,Australia,Stock,equity,web_csv
2026-07-06,GDXJ,EQX,Equinox Gold Corp,CA29446Y5020,,45718515.0,471357890.0,6.29,USD,Materials,Canada,Stock,equity,web_csv
2026-07-06,GDXJ,AGI,Alamos Gold Inc,CA0115321089,,14523079.0,458493604.0,6.12,USD,Materials,Canada,Stock,equity,web_csv
2026-07-06,GDXJ,EDV LN,Endeavour Mining Plc,GB00BL6K5J42,,7697311.0,407249796.0,5.43,GBP,Materials,United Kingdom,Stock,equity,web_csv
2026-07-06,GDXJ,CDE,Coeur Mining Inc,US1921085049,,22300207.0,378880517.0,5.05,USD,Materials,United States,Stock,equity,web_csv
2026-07-06,GDXJ,PE&OLES* MF,Industrias Penoles Sab De Cv,MXP554091415,,4666613.0,208933868.0,2.79,MXN,Materials,Mexico,Stock,equity,web_csv
2026-07-06,GDXJ,HL,Hecla Mining Co,US4227041062,,12062479.0,198548404.0,2.65,USD,Materials,United States,Stock,equity,web_csv
2026-07-06,GDXJ,AG,First Majestic Silver Corp,CA32076V1031,,11340782.0,196308936.0,2.62,USD,Materials,Canada,Stock,equity,web_csv
2026-07-06,GDXJ,IAG,Iamgold Corp,CA4509131088,,11700884.0,193766639.0,2.59,USD,Materials,Burkina Faso,Stock,equity,web_csv
2026-07-06,GDXJ,EGO,Eldorado Gold Corp,CA2849025093,,5672132.0,189505930.0,2.53,USD,Materials,Turkey,Stock,equity,web_csv
2026-07-06,GDXJ,HMY,Harmony Gold Mining Co Ltd,US4132163001,,9557483.0,155691398.0,2.08,USD,Materials,South Africa,Stock,equity,web_csv
2026-07-06,GDXJ,LUG CN,Lundin Gold Inc,CA5503711080,,2537238.0,145894753.0,1.95,CAD,Materials,Canada,Stock,equity,web_csv
2026-07-06,GDXJ,DPM CN,Dundee Precious Metals Inc,CA26139R1091,,3816812.0,136905054.0,1.83,CAD,Materials,Canada,Stock,equity,web_csv
2026-07-06,GDXJ,OGC CN,Oceanagold Corp,CA6752224007,,5087363.0,130867978.0,1.75,CAD,Materials,Canada,Stock,equity,web_csv
2026-07-06,GDXJ,GMIN CN,G Mining Ventures Corp,CA36270K1021,,4036836.0,126293027.0,1.68,CAD,Materials,Canada,Stock,equity,web_csv
2026-07-06,GDXJ,SSRM,Ssr Mining Inc,CA7847301032,,3995521.0,122422763.0,1.63,USD,Materials,Canada,Stock,equity,web_csv
2026-07-06,GDXJ,BTG,B2gold Corp,CA11777Q2099,,28981626.0,117375585.0,1.57,USD,Materials,Canada,Stock,equity,web_csv
2026-07-06,GDXJ,DSV CN,Discovery Silver Corp,CA2546771072,,16800100.0,110906172.0,1.48,CAD,Materials,Canada,Stock,equity,web_csv
2026-07-06,GDXJ,BVN,Cia De Minas Buenaventura Saa,US2044481040,,3622441.0,108528332.0,1.45,USD,Materials,Peru,Stock,equity,web_csv
2026-07-06,GDXJ,1818 HK,Zhaojin Mining Industry Co Ltd,CNE1000004R6,,41077200.0,99567198.0,1.33,HKD,Materials,China,Stock,equity,web_csv
2026-07-06,GDXJ,OR,Or Royalties Inc,CA68390D1069,,3091893.0,95261223.0,1.27,USD,Materials,Canada,Stock,equity,web_csv
2026-07-06,GDXJ,GGP AU,Greatland Resources Ltd,AU0000397705,,11124397.0,91395667.0,1.22,AUD,Materials,Australia,Stock,equity,web_csv
2026-07-06,GDXJ,PRU AU,Perseus Mining Ltd,AU000000PRU3,,24750618.0,88785792.0,1.18,AUD,Materials,Australia,Stock,equity,web_csv
2026-07-06,GDXJ,MAU CN,Montage Gold Corp,CA61178L1013,,7139734.0,86285171.0,1.15,CAD,Materials,Côte D'Ivoire,Stock,equity,web_csv
2026-07-06,GDXJ,RMS AU,Ramelius Resources Ltd,AU000000RMS4,,37454033.0,80797463.0,1.08,AUD,Materials,Australia,Stock,equity,web_csv
2026-07-06,GDXJ,ARTG CN,Artemis Gold Inc,CA04302L1004,,3433735.0,78746088.0,1.05,CAD,Materials,Canada,Stock,equity,web_csv
2026-07-06,GDXJ,CMM AU,Capricorn Metals Ltd,AU000000CMM9,,7873374.0,77844671.0,1.04,AUD,Materials,Australia,Stock,equity,web_csv
2026-07-06,GDXJ,KNT CN,K92 Mining Inc,CA4991131083,,4775389.0,77284487.0,1.03,CAD,Materials,Canada,Stock,equity,web_csv
2026-07-06,GDXJ,ARMN,Aris Mining Corp,CA04040Y1097,,4800474.0,76711575.0,1.02,USD,Materials,Colombia,Stock,equity,web_csv
2026-07-06,GDXJ,GMD AU,Genesis Minerals Ltd,AU000000GMD9,,18262861.0,76392474.0,1.02,AUD,Materials,Australia,Stock,equity,web_csv
2026-07-06,GDXJ,TXG CN,Torex Gold Resources Inc,CA8910546032,,1726505.0,72706447.0,0.97,CAD,Materials,Canada,Stock,equity,web_csv
2026-07-06,GDXJ,VAU AU,Vault Minerals Ltd,AU0000427775,,19900911.0,70229524.0,0.94,AUD,Materials,Australia,Stock,equity,web_csv
2026-07-06,GDXJ,SKE,Skeena Resources Ltd,CA83056P7157,,2373558.0,66839393.0,0.89,USD,Materials,Canada,Stock,equity,web_csv
2026-07-06,GDXJ,AUGO,Aura Minerals Inc,VGG069731120,,963847.0,65281357.0,0.87,USD,Materials,United States,Stock,equity,web_csv
2026-07-06,GDXJ,RRL AU,Regis Resources Ltd,AU000000RRL8,,13990290.0,64937004.0,0.87,AUD,Materials,Australia,Stock,equity,web_csv
2026-07-06,GDXJ,WDO CN,Wesdome Gold Mines Ltd/Canada,CA95083R1001,,3334390.0,64465498.0,0.86,CAD,Materials,Canada,Stock,equity,web_csv
2026-07-06,GDXJ,CGAU,Centerra Gold Inc,CA1520061021,,3877023.0,64009650.0,0.85,USD,Materials,Canada,Stock,equity,web_csv
2026-07-06,GDXJ,AYA CN,Aya Gold & Silver Inc,CA05466C1095,,3220384.0,63936758.0,0.85,CAD,Materials,Canada,Stock,equity,web_csv
2026-07-06,GDXJ,ORLA,Orla Mining Ltd,CA68634K1066,,5627416.0,57962385.0,0.77,USD,Materials,Mexico,Stock,equity,web_csv
2026-07-06,GDXJ,FSM,Fortuna Silver Mines Inc,CA3499421020,,6621788.0,57477120.0,0.77,USD,Materials,Canada,Stock,equity,web_csv
2026-07-06,GDXJ,SA,Seabridge Gold Inc,CA8119271028,,2071168.0,56750003.0,0.76,USD,Materials,Canada,Stock,equity,web_csv
2026-07-06,GDXJ,TFPM,Triple Flag Precious Metals Corp,CA89679M1041,,1808326.0,54394446.0,0.73,USD,Materials,Canada,Stock,equity,web_csv
2026-07-06,GDXJ,EXK,Endeavour Silver Corp,CA29258Y1034,,6369378.0,54203407.0,0.72,USD,Materials,Canada,Stock,equity,web_csv
2026-07-06,GDXJ,WGX AU,Westgold Resources Ltd,AU000000WGX6,,15587236.0,53313308.0,0.71,AUD,Materials,Australia,Stock,equity,web_csv
2026-07-06,GDXJ,BRMS IJ,Bumi Resources Minerals Tbk Pt,ID1000117609,,1806029300.0,52767591.0,0.7,IDR,Materials,Indonesia,Stock,equity,web_csv
2026-07-06,GDXJ,SVM,Silvercorp Metals Inc,CA82835P1036,,5092024.0,50716559.0,0.68,USD,Materials,Canada,Stock,equity,web_csv
2026-07-06,GDXJ,HOC LN,Hochschild Mining Plc,GB00B1FW5029,,7325264.0,48720917.0,0.65,GBP,Materials,Peru,Stock,equity,web_csv
2026-07-06,GDXJ,EMR AU,Emerald Resources Nl,AU000000EMR4,,11394858.0,45871031.0,0.61,AUD,Materials,Australia,Stock,equity,web_csv
2026-07-06,GDXJ,PPTA,Perpetua Resources Corp,CA7142661031,,2124455.0,44910979.0,0.6,USD,Materials,United States,Stock,equity,web_csv
2026-07-06,GDXJ,AAUC,Allied Gold Corp,CA01921D2041,,1857480.0,44690969.0,0.6,USD,Materials,Canada,Stock,equity,web_csv
2026-07-06,GDXJ,EMAS IJ,Merdeka Gold Resources Tbk Pt,ID1000211600,,136268500.0,43793035.0,0.58,IDR,Materials,Indonesia,Stock,equity,web_csv
2026-07-06,GDXJ,3939 HK,Wanguo Gold Group Ltd,KYG9430L1150,,35274500.0,42633646.0,0.57,HKD,Materials,China,Stock,equity,web_csv
2026-07-06,GDXJ,NG,Novagold Resources Inc,CA66987E2069,,6470290.0,41798073.0,0.56,USD,Materials,Canada,Stock,equity,web_csv
2026-07-06,GDXJ,SXGC CN,Southern Cross Gold Consolidated Ltd,CA8426851090,,5973629.0,40400950.0,0.54,CAD,Materials,Canada,Stock,equity,web_csv
2026-07-06,GDXJ,PAF LN,Pan African Resources Plc,GB0004300496,,28418870.0,39364837.0,0.53,GBP,Materials,United Kingdom,Stock,equity,web_csv
2026-07-06,GDXJ,PDI AU,Predictive Discovery Ltd,AU000000PDI8,,72109868.0,37639140.0,0.5,AUD,Materials,Australia,Stock,equity,web_csv
2026-07-06,GDXJ,WAF AU,West African Resources Ltd,AU000000WAF6,,16594497.0,34026075.0,0.45,AUD,Materials,Australia,Stock,equity,web_csv
2026-07-06,GDXJ,ABRA CN,Abrasilver Resource Corp,CA00379L3048,,3300306.0,32715351.0,0.44,CAD,Materials,Canada,Stock,equity,web_csv
2026-07-06,GDXJ,USAS,Americas Gold & Silver Corp,CA03062D8035,,6509784.0,31767746.0,0.42,USD,Materials,Canada,Stock,equity,web_csv
2026-07-06,GDXJ,HYMC,Hycroft Mining Holding Corp,US44862P2083,,1347935.0,31662993.0,0.42,USD,Materials,United States,Stock,equity,web_csv
2026-07-06,GDXJ,SGD CN,Snowline Gold Corp,CA83342V1040,,3074349.0,29718995.0,0.4,CAD,Materials,Canada,Stock,equity,web_csv
2026-07-06,GDXJ,OBM AU,Ora Banda Mining Ltd,AU0000050130,,34184566.0,27939693.0,0.37,AUD,Materials,Australia,Stock,equity,web_csv
2026-07-06,GDXJ,ASM,Avino Silver & Gold Mines Ltd,CA0539061030,,4215184.0,27735911.0,0.37,USD,Materials,Mexico,Stock,equity,web_csv
2026-07-06,GDXJ,VZLA,Vizsla Silver Corp,CA92859G6085,,8250354.0,26978658.0,0.36,USD,Materials,Canada,Stock,equity,web_csv
2026-07-06,GDXJ,IAUX,I-80 Gold Corp,CA44955L1067,,18073458.0,26387249.0,0.35,USD,Materials,United States,Stock,equity,web_csv
2026-07-06,GDXJ,KOZAL TI,Koza Altin Isletmeleri As,TREKOAL00014,,23999845.0,26305909.0,0.35,TRY,Materials,Turkey,Stock,equity,web_csv
2026-07-06,GDXJ,GTWO CN,G2 Goldfields Inc,CA36256R1055,,3681275.0,26165418.0,0.35,CAD,Materials,Canada,Stock,equity,web_csv
2026-07-06,GDXJ,GGD CN,Gogold Resources Inc,CA38045Y1025,,10827724.0,25805670.0,0.34,CAD,Materials,United States,Stock,equity,web_csv
2026-07-06,GDXJ,RSG AU,Resolute Mining Ltd,AU000000RSG6,,37353214.0,25774513.0,0.34,AUD,Materials,Australia,Stock,equity,web_csv
2026-07-06,GDXJ,CYL AU,Catalyst Metals Ltd,AU000000CYL6,,5866601.0,24670635.0,0.33,AUD,Materials,Australia,Stock,equity,web_csv
2026-07-06,GDXJ,MUX,Mcewen Mining Inc,US58039P3055,,1284576.0,24201412.0,0.32,USD,Materials,Canada,Stock,equity,web_csv
2026-07-06,GDXJ,BGL AU,Bellevue Gold Ltd,AU0000019374,,24944373.0,23903069.0,0.32,AUD,Materials,Australia,Stock,equity,web_csv
2026-07-06,GDXJ,ALK AU,Alkane Resources Ltd,AU000000ALK9,,23184544.0,23328900.0,0.31,AUD,Materials,Australia,Stock,equity,web_csv
2026-07-06,GDXJ,ORE CN,Orezone Gold Corp,CA68616T1093,,12650510.0,22501259.0,0.3,CAD,Materials,Canada,Stock,equity,web_csv
2026-07-06,GDXJ,KCN AU,Kingsgate Consolidated Ltd,AU000000KCN1,,6250767.0,22273268.0,0.3,AUD,Materials,Australia,Stock,equity,web_csv
2026-07-06,GDXJ,DRD,Drdgold Ltd,US26152H3012,,974126.0,21372324.0,0.29,USD,Materials,South Africa,Stock,equity,web_csv
2026-07-06,GDXJ,6693 HK,Chifeng Jilong Gold Mining Co Ltd,CNE100006T51,,5023400.0,18331213.0,0.24,HKD,Materials,China,Stock,equity,web_csv
2026-07-06,GDXJ,340 HK,Tongguan Gold Group Ltd,BMG8919D1074,,59772000.0,14856811.0,0.2,HKD,Materials,China,Stock,equity,web_csv
2026-07-06,GDXJ,DC,Dakota Gold Corp,US46655E1001,,3147184.0,14193800.0,0.19,USD,Materials,Canada,Stock,equity,web_csv
2026-07-06,GDXJ,CNL CN,Collective Mining Ltd,CA19425C1005,,1042255.0,14083339.0,0.19,CAD,Materials,Canada,Stock,equity,web_csv
2026-07-06,GDXJ,ODV,Osisko Development Corp,CA68828E8099,,4953187.0,12779222.0,0.17,USD,Materials,Canada,Stock,equity,web_csv
2026-07-06,GDXJ,MTA,Metalla Royalty & Streaming Ltd,CA59124U6051,,1729733.0,12765430.0,0.17,USD,Materials,Canada,Stock,equity,web_csv
2026-07-06,GDXJ,GROY,Gold Royalty Corp,CA38071H1064,,4500134.0,12555374.0,0.17,USD,Materials,Canada,Stock,equity,web_csv
2026-07-06,GDXJ,CTGO,Contango Ore Inc,US21077F1003,,715960.0,12307352.0,0.16,USD,Materials,United States,Stock,equity,web_csv
2026-07-06,GDXJ,KOZAA TI,Koza Anadolu Metal Madencilik Isletmele,TREKOZA00014,,4653297.0,11989054.0,0.16,TRY,Materials,Turkey,Stock,equity,web_csv
2026-07-06,GDXJ,NFGC,New Found Gold Corp,CA64440N1033,,6909018.0,11468970.0,0.15,USD,Materials,Canada,Stock,equity,web_csv
2026-07-06,GDXJ,BC8 AU,Black Cat Syndicate Ltd,AU000000BC88,,15840443.0,10888726.0,0.15,AUD,Materials,Australia,Stock,equity,web_csv
2026-07-06,GDXJ,IDR,Idaho Strategic Resources Inc,US6458272050,,328088.0,10446322.0,0.14,USD,Materials,United States,Stock,equity,web_csv
2026-07-06,GDXJ,ITRG,Integra Resources Corp,CA45826T5098,,4296489.0,10096749.0,0.13,USD,Materials,Canada,Stock,equity,web_csv
2026-07-06,GDXJ,PNR AU,Pantoro Gold Ltd,AU000000PNR8,,5753966.0,9541352.0,0.13,AUD,Materials,Australia,Stock,equity,web_csv
2026-07-06,GDXJ,SBM AU,St Barbara Ltd,AU000000SBM8,,24176866.0,8480733.0,0.11,AUD,Materials,Australia,Stock,equity,web_csv
2026-07-06,GDXJ,GAU,Galiano Gold Inc,CA36352H1001,,3787587.0,7461546.0,0.1,USD,Materials,Canada,Stock,equity,web_csv
2026-07-06,GDXJ,LUNR CN,Lunr Royalties Corp,CA5504281067,,539423.0,7402655.0,0.1,CAD,,Canada,Stock,equity,web_csv
2026-07-06,GDXJ,CMCL,Caledonia Mining Corp Plc,JE00BF0XVB15,,371676.0,7180780.0,0.1,USD,Materials,Jersey,Stock,equity,web_csv
2026-07-06,GDXJ,DTR AU,Dateline Resources Ltd,AU000000DTR1,,71575424.0,6487536.0,0.09,AUD,Materials,Australia,Stock,equity,web_csv
2026-07-06,GDXJ,CNMC SP,Cnmc Goldmine Holdings Ltd,,,6682000.0,6377189.0,0.09,SGD,Materials,Singapore,Stock,equity,web_csv
2026-07-06,GDXJ,APM CN,Andean Precious Metals Corp,CA03349X1015,,1496452.0,6301847.0,0.08,CAD,Materials,Canada,Stock,equity,web_csv
2026-07-06,GDXJ,AMI AU,Aurelia Metals Ltd,AU000000AMI1,,30041121.0,6182201.0,0.08,AUD,Materials,Australia,Stock,equity,web_csv
2026-07-06,GDXJ,ASL AU,Andean Silver Ltd,AU0000343253,,3983927.0,5917218.0,0.08,AUD,Materials,Australia,Stock,equity,web_csv
2026-07-06,GDXJ,MEK AU,Meeka Metals Ltd,AU0000192726,,65531043.0,5467008.0,0.07,AUD,Materials,Australia,Stock,equity,web_csv
2026-07-06,GDXJ,USAU,Us Gold Corp,US90291C2017,,321861.0,5339674.0,0.07,USD,Materials,United States,Stock,equity,web_csv
2026-07-06,GDXJ,VOXR,Vox Royalty Corp,CA92919F1036,,1154391.0,5275567.0,0.07,USD,Materials,Australia,Stock,equity,web_csv
2026-07-06,GDXJ,AZY AU,Antipa Minerals Ltd,AU000000AZY0,,12264783.0,5242744.0,0.07,AUD,Materials,Australia,Stock,equity,web_csv
2026-07-06,GDXJ,GLDG,Goldmining Inc,CA38149E1016,,5351541.0,5105905.0,0.07,USD,Materials,Canada,Stock,equity,web_csv
2026-07-06,GDXJ,LUCA CN,Luca Mining Corp,CA54929M1068,,5976394.0,4453724.0,0.06,CAD,Materials,Mexico,Stock,equity,web_csv
2026-07-06,GDXJ,FDR CN,Founders Metals Inc,CA3505901056,,1479493.0,4316575.0,0.06,CAD,Materials,Canada,Stock,equity,web_csv
2026-07-06,GDXJ,8299 HK,Gt Gold Holdings Ltd,KYG4136P1303,,110880000.0,4308582.0,0.06,HKD,Materials,China,Stock,equity,web_csv
2026-07-06,GDXJ,WRLG CN,West Red Lake Gold Mines Ltd,CA95556L1013,,8352172.0,3816727.0,0.05,CAD,Materials,Canada,Stock,equity,web_csv
2026-07-06,GDXJ,ARCI IJ,Archi Indonesia Tbk Pt,ID1000161003,,63350800.0,3508053.0,0.05,IDR,Materials,Indonesia,Stock,equity,web_csv
2026-07-06,GDXJ,VGC CN,Valor Gold Corp,CA9199211066,,989001.0,3017621.0,0.04,CAD,,Canada,Stock,equity,web_csv
2026-07-06,GDXJ,FFX AU,Firefinch Ltd,AU0000114522,,54133739.0,2283362.0,0.03,AUD,Materials,Australia,Stock,equity,web_csv
2026-07-06,GDXJ,PSAB IJ,J Resources Asia Pasific Tbk Pt,ID1000094709,,66098100.0,1499479.0,0.02,IDR,Materials,Indonesia,Stock,equity,web_csv
2026-07-06,GDXJ,FMR CN,Future Mineral Resources Inc,CA3611551043,,168999.0,41584.0,0.0,CAD,Materials,Canada,Stock,equity,web_csv
2026-07-06,GDXJ,NIX CN,Archer Exploration Corp,CA66860Q1028,,179304.0,22690.0,0.0,CAD,Materials,Canada,Stock,equity,web_csv
2026-07-06,GDXJ,VGCX CN,Victoria Gold Corp/Vancouver,CA92625W5072,,1722275.0,1.0,0.0,CAD,Materials,Canada,Stock,equity,web_csv
2026-07-06,GDXJ,ASM AU,Australian Strategic Materials Ltd,AU0000094153,,1.0,1.0,0.0,AUD,Materials,Australia,Stock,equity,web_csv
2026-07-06,GDXJ,-USD CASH-,,CASH,,5576553.0,5576553.0,0.07,USD,,United States,Cash Bal,cash,web_csv
2026-07-06,GDXJ,-HKD CASH-,,CASH,,1888320.0,240771.0,0.0,HKD,,China,Cash Bal,cash,web_csv
2026-07-06,GDXJ,-TRY CASH-,,CASH,,0.0,0.0,0.0,TRY,,Turkey,Cash Bal,cash,web_csv
2026-07-06,GDXJ,-MXN CASH-,,CASH,,-3639.0,-208.0,0.0,MXN,,Mexico,Cash Bal,cash,web_csv
2026-07-06,GDXJ,-GBP CASH-,,CASH,,582.0,777.0,0.0,GBP,,United Kingdom,Cash Bal,cash,web_csv
2026-07-06,GDXJ,-BRL CASH-,,CASH,,-672.0,-130.0,0.0,BRL,,Brazil,Cash Bal,cash,web_csv
2026-07-06,GDXJ,-AUD CASH-,,CASH,,79.0,54.0,0.0,AUD,,Australia,Cash Bal,cash,web_csv
2026-07-06,GDXJ,-CAD CASH-,,CASH,,-1668149.0,-1172771.0,-0.02,CAD,,Canada,Cash Bal,cash,web_csv
2026-07-06,GDXJ,,Other/Cash,CASH,,0.0,259499.0,0.0,USD,,,Cash,cash,web_csv
2026-07-07,GDXJ,EQX,Equinox Gold Corp,CA29446Y5020,,45718515.0,448498632.0,6.26,USD,Materials,Canada,Stock,equity,web_csv
2026-07-07,GDXJ,EVN AU,Evolution Mining Ltd,AU000000EVN4,,54535246.0,444700607.0,6.21,AUD,Materials,Australia,Stock,equity,web_csv
2026-07-07,GDXJ,AGI,Alamos Gold Inc,CA0115321089,,14523079.0,443244371.0,6.19,USD,Materials,Canada,Stock,equity,web_csv
2026-07-07,GDXJ,EDV LN,Endeavour Mining Plc,GB00BL6K5J42,,7697311.0,392148218.0,5.47,GBP,Materials,United Kingdom,Stock,equity,web_csv
2026-07-07,GDXJ,CDE,Coeur Mining Inc,US1921085049,,22300207.0,357695320.0,4.99,USD,Materials,United States,Stock,equity,web_csv
2026-07-07,GDXJ,PE&OLES* MF,Industrias Penoles Sab De Cv,MXP554091415,,4666613.0,205909468.0,2.87,MXN,Materials,Mexico,Stock,equity,web_csv
2026-07-07,GDXJ,HL,Hecla Mining Co,US4227041062,,12062479.0,187692173.0,2.62,USD,Materials,United States,Stock,equity,web_csv
2026-07-07,GDXJ,AG,First Majestic Silver Corp,CA32076V1031,,11340782.0,186555864.0,2.6,USD,Materials,Canada,Stock,equity,web_csv
2026-07-07,GDXJ,IAG,Iamgold Corp,CA4509131088,,11700884.0,185810038.0,2.59,USD,Materials,Burkina Faso,Stock,equity,web_csv
2026-07-07,GDXJ,EGO,Eldorado Gold Corp,CA2849025093,,5672132.0,181621667.0,2.53,USD,Materials,Turkey,Stock,equity,web_csv
2026-07-07,GDXJ,HMY,Harmony Gold Mining Co Ltd,US4132163001,,9557483.0,147185238.0,2.05,USD,Materials,South Africa,Stock,equity,web_csv
2026-07-07,GDXJ,LUG CN,Lundin Gold Inc,CA5503711080,,2537238.0,143041920.0,2.0,CAD,Materials,Canada,Stock,equity,web_csv
2026-07-07,GDXJ,DPM CN,Dundee Precious Metals Inc,CA26139R1091,,3816812.0,131560432.0,1.84,CAD,Materials,Canada,Stock,equity,web_csv
2026-07-07,GDXJ,OGC CN,Oceanagold Corp,CA6752224007,,5087363.0,124930770.0,1.74,CAD,Materials,Canada,Stock,equity,web_csv
2026-07-07,GDXJ,GMIN CN,G Mining Ventures Corp,CA36270K1021,,4036836.0,119920661.0,1.67,CAD,Materials,Canada,Stock,equity,web_csv
2026-07-07,GDXJ,SSRM,Ssr Mining Inc,CA7847301032,,3995521.0,119506033.0,1.67,USD,Materials,Canada,Stock,equity,web_csv
2026-07-07,GDXJ,BTG,B2gold Corp,CA11777Q2099,,28981626.0,114187606.0,1.59,USD,Materials,Canada,Stock,equity,web_csv
2026-07-07,GDXJ,DSV CN,Discovery Silver Corp,CA25466C1077,,16800100.0,107105002.0,1.49,CAD,Materials,Canada,Stock,equity,web_csv
2026-07-07,GDXJ,BVN,Cia De Minas Buenaventura Saa,US2044481040,,3622441.0,104724769.0,1.46,USD,Materials,Peru,Stock,equity,web_csv
2026-07-07,GDXJ,1818 HK,Zhaojin Mining Industry Co Ltd,CNE1000004R6,,41077200.0,95327597.0,1.33,HKD,Materials,China,Stock,equity,web_csv
2026-07-07,GDXJ,OR,Or Royalties Inc,CA68390D1069,,3091893.0,93096898.0,1.3,USD,Materials,Canada,Stock,equity,web_csv
2026-07-07,GDXJ,GGP AU,Greatland Resources Ltd,AU0000397705,,11124397.0,86642947.0,1.21,AUD,Materials,Australia,Stock,equity,web_csv
2026-07-07,GDXJ,PRU AU,Perseus Mining Ltd,AU000000PRU3,,24750618.0,84036417.0,1.17,AUD,Materials,Australia,Stock,equity,web_csv
2026-07-07,GDXJ,MAU CN,Montage Gold Corp,CA61178L1013,,7139734.0,83591546.0,1.17,CAD,Materials,Côte D'Ivoire,Stock,equity,web_csv
2026-07-07,GDXJ,ARTG CN,Artemis Gold Inc,CA04302L1004,,3433735.0,78565540.0,1.1,CAD,Materials,Canada,Stock,equity,web_csv
2026-07-07,GDXJ,RMS AU,Ramelius Resources Ltd,AU000000RMS4,,37454033.0,76393555.0,1.07,AUD,Materials,Australia,Stock,equity,web_csv
2026-07-07,GDXJ,CMM AU,Capricorn Metals Ltd,AU000000CMM9,,7873374.0,74344889.0,1.04,AUD,Materials,Australia,Stock,equity,web_csv
2026-07-07,GDXJ,KNT CN,K92 Mining Inc,CA4991131083,,4775389.0,73873793.0,1.03,CAD,Materials,Canada,Stock,equity,web_csv
2026-07-07,GDXJ,ARMN,Aris Mining Corp,CA04040Y1097,,4800474.0,72967205.0,1.02,USD,Materials,Colombia,Stock,equity,web_csv
2026-07-07,GDXJ,GMD AU,Genesis Minerals Ltd,AU000000GMD9,,18262861.0,72076405.0,1.01,AUD,Materials,Australia,Stock,equity,web_csv
2026-07-07,GDXJ,TXG CN,Torex Gold Resources Inc,CA8910546032,,1726505.0,69033443.0,0.96,CAD,Materials,Canada,Stock,equity,web_csv
2026-07-07,GDXJ,VAU AU,Vault Minerals Ltd,AU0000427775,,19900911.0,67769268.0,0.95,AUD,Materials,Australia,Stock,equity,web_csv
2026-07-07,GDXJ,SKE,Skeena Resources Ltd,CA83056P7157,,2373558.0,63943653.0,0.89,USD,Materials,Canada,Stock,equity,web_csv
2026-07-07,GDXJ,RRL AU,Regis Resources Ltd,AU000000RRL8,,13990290.0,63737326.0,0.89,AUD,Materials,Australia,Stock,equity,web_csv
2026-07-07,GDXJ,WDO CN,Wesdome Gold Mines Ltd/Canada,CA95083R1001,,3334390.0,62880223.0,0.88,CAD,Materials,Canada,Stock,equity,web_csv
2026-07-07,GDXJ,CGAU,Centerra Gold Inc,CA1520061021,,3877023.0,62769002.0,0.88,USD,Materials,Canada,Stock,equity,web_csv
2026-07-07,GDXJ,AUGO,Aura Minerals Inc,VGG069731120,,963847.0,61078984.0,0.85,USD,Materials,United States,Stock,equity,web_csv
2026-07-07,GDXJ,AYA CN,Aya Gold & Silver Inc,CA05466C1095,,3220384.0,60503428.0,0.84,CAD,Materials,Canada,Stock,equity,web_csv
2026-07-07,GDXJ,FSM,Fortuna Silver Mines Inc,CA3499421020,,6621788.0,55755455.0,0.78,USD,Materials,Canada,Stock,equity,web_csv
2026-07-07,GDXJ,SA,Seabridge Gold Inc,CA8119271028,,2071168.0,54989510.0,0.77,USD,Materials,Canada,Stock,equity,web_csv
2026-07-07,GDXJ,ORLA,Orla Mining Ltd,CA68634K1066,,5627416.0,54979854.0,0.77,USD,Materials,Mexico,Stock,equity,web_csv
2026-07-07,GDXJ,TFPM,Triple Flag Precious Metals Corp,CA89679M1041,,1808326.0,52766953.0,0.74,USD,Materials,Canada,Stock,equity,web_csv
2026-07-07,GDXJ,WGX AU,Westgold Resources Ltd,AU000000WGX6,,15587236.0,51232114.0,0.71,AUD,Materials,Australia,Stock,equity,web_csv
2026-07-07,GDXJ,EXK,Endeavour Silver Corp,CA29258Y1034,,6369378.0,51082412.0,0.71,USD,Materials,Canada,Stock,equity,web_csv
2026-07-07,GDXJ,BRMS IJ,Bumi Resources Minerals Tbk Pt,ID1000117609,,1806029300.0,50829706.0,0.71,IDR,Materials,Indonesia,Stock,equity,web_csv
2026-07-07,GDXJ,SVM,Silvercorp Metals Inc,CA82835P1036,,5092024.0,47712265.0,0.67,USD,Materials,Canada,Stock,equity,web_csv
2026-07-07,GDXJ,HOC LN,Hochschild Mining Plc,GB00B1FW5029,,7325264.0,46996136.0,0.66,GBP,Materials,Peru,Stock,equity,web_csv
2026-07-07,GDXJ,AAUC,Allied Gold Corp,CA01921D2041,,1857480.0,43762229.0,0.61,USD,Materials,Canada,Stock,equity,web_csv
2026-07-07,GDXJ,EMAS IJ,Merdeka Gold Resources Tbk Pt,ID1000211600,,136268500.0,43104024.0,0.6,IDR,Materials,Indonesia,Stock,equity,web_csv
2026-07-07,GDXJ,EMR AU,Emerald Resources Nl,AU000000EMR4,,11394858.0,43053338.0,0.6,AUD,Materials,Australia,Stock,equity,web_csv
2026-07-07,GDXJ,PPTA,Perpetua Resources Corp,CA7142661031,,2124455.0,42467855.0,0.59,USD,Materials,United States,Stock,equity,web_csv
2026-07-07,GDXJ,3939 HK,Wanguo Gold Group Ltd,KYG9430L1150,,35274500.0,40187648.0,0.56,HKD,Materials,China,Stock,equity,web_csv
2026-07-07,GDXJ,NG,Novagold Resources Inc,CA66987E2069,,6470290.0,39468769.0,0.55,USD,Materials,Canada,Stock,equity,web_csv
2026-07-07,GDXJ,SXGC CN,Southern Cross Gold Consolidated Ltd,CA8426851090,,5973629.0,38209680.0,0.53,CAD,Materials,Canada,Stock,equity,web_csv
2026-07-07,GDXJ,PAF LN,Pan African Resources Plc,GB0004300496,,28418870.0,37518732.0,0.52,GBP,Materials,United Kingdom,Stock,equity,web_csv
2026-07-07,GDXJ,PDI AU,Predictive Discovery Ltd,AU000000PDI8,,72109868.0,32953247.0,0.46,AUD,Materials,Australia,Stock,equity,web_csv
2026-07-07,GDXJ,WAF AU,West African Resources Ltd,AU000000WAF6,,16594497.0,31762311.0,0.44,AUD,Materials,Australia,Stock,equity,web_csv
2026-07-07,GDXJ,ABRA CN,Abrasilver Resource Corp,CA00379L3048,,3300306.0,31339597.0,0.44,CAD,Materials,Canada,Stock,equity,web_csv
2026-07-07,GDXJ,SGD CN,Snowline Gold Corp,CA83342V1040,,3074349.0,29280546.0,0.41,CAD,Materials,Canada,Stock,equity,web_csv
2026-07-07,GDXJ,HYMC,Hycroft Mining Holding Corp,US44862P2083,,1347935.0,29263669.0,0.41,USD,Materials,United States,Stock,equity,web_csv
2026-07-07,GDXJ,USAS,Americas Gold & Silver Corp,CA03062D8035,,6509784.0,28512854.0,0.4,USD,Materials,Canada,Stock,equity,web_csv
2026-07-07,GDXJ,KOZAL TI,Koza Altin Isletmeleri As,TREKOAL00014,,23999845.0,26783134.0,0.37,TRY,Materials,Turkey,Stock,equity,web_csv
2026-07-07,GDXJ,OBM AU,Ora Banda Mining Ltd,AU0000050130,,34184566.0,26457314.0,0.37,AUD,Materials,Australia,Stock,equity,web_csv
2026-07-07,GDXJ,ASM,Avino Silver & Gold Mines Ltd,CA0539061030,,4215184.0,25586167.0,0.36,USD,Materials,Mexico,Stock,equity,web_csv
2026-07-07,GDXJ,VZLA,Vizsla Silver Corp,CA92859G6085,,8250354.0,25493594.0,0.36,USD,Materials,Canada,Stock,equity,web_csv
2026-07-07,GDXJ,IAUX,I-80 Gold Corp,CA44955L1067,,18073458.0,25483576.0,0.36,USD,Materials,United States,Stock,equity,web_csv
2026-07-07,GDXJ,GTWO CN,G2 Goldfields Inc,CA36256R1055,,3681275.0,25102844.0,0.35,CAD,Materials,Canada,Stock,equity,web_csv
2026-07-07,GDXJ,GGD CN,Gogold Resources Inc,CA38045Y1025,,10827724.0,24331964.0,0.34,CAD,Materials,United States,Stock,equity,web_csv
2026-07-07,GDXJ,RSG AU,Resolute Mining Ltd,AU000000RSG6,,37353214.0,23887750.0,0.33,AUD,Materials,Australia,Stock,equity,web_csv
2026-07-07,GDXJ,MUX,Mcewen Mining Inc,US58039P3055,,1284576.0,23315054.0,0.33,USD,Materials,Canada,Stock,equity,web_csv
2026-07-07,GDXJ,CYL AU,Catalyst Metals Ltd,AU000000CYL6,,5866601.0,23075870.0,0.32,AUD,Materials,Australia,Stock,equity,web_csv
2026-07-07,GDXJ,BGL AU,Bellevue Gold Ltd,AU0000019374,,24944373.0,22945895.0,0.32,AUD,Materials,Australia,Stock,equity,web_csv
2026-07-07,GDXJ,ALK AU,Alkane Resources Ltd,AU000000ALK9,,23184544.0,22066622.0,0.31,AUD,Materials,Australia,Stock,equity,web_csv
2026-07-07,GDXJ,KCN AU,Kingsgate Consolidated Ltd,AU000000KCN1,,6250767.0,21763541.0,0.3,AUD,Materials,Australia,Stock,equity,web_csv
2026-07-07,GDXJ,ORE CN,Orezone Gold Corp,CA68616T1093,,12650510.0,20942340.0,0.29,CAD,Materials,Canada,Stock,equity,web_csv
2026-07-07,GDXJ,DRD,Drdgold Ltd,US26152H3012,,974126.0,20768366.0,0.29,USD,Materials,South Africa,Stock,equity,web_csv
2026-07-07,GDXJ,6693 HK,Chifeng Jilong Gold Mining Co Ltd,CNE100006T51,,5023400.0,17312880.0,0.24,HKD,Materials,China,Stock,equity,web_csv
2026-07-07,GDXJ,340 HK,Tongguan Gold Group Ltd,BMG8919D1074,,59772000.0,13978310.0,0.2,HKD,Materials,China,Stock,equity,web_csv
2026-07-07,GDXJ,DC,Dakota Gold Corp,US46655E1001,,3147184.0,13218173.0,0.18,USD,Materials,Canada,Stock,equity,web_csv
2026-07-07,GDXJ,CNL CN,Collective Mining Ltd,CA19425C1005,,1042255.0,13098397.0,0.18,CAD,Materials,Canada,Stock,equity,web_csv
2026-07-07,GDXJ,KOZAA TI,Koza Anadolu Metal Madencilik Isletmele,TREKOZA00014,,4653297.0,12040761.0,0.17,TRY,Materials,Turkey,Stock,equity,web_csv
2026-07-07,GDXJ,ODV,Osisko Development Corp,CA68828E8099,,4953187.0,12036244.0,0.17,USD,Materials,Canada,Stock,equity,web_csv
2026-07-07,GDXJ,GROY,Gold Royalty Corp,CA38071H1064,,4500134.0,11925355.0,0.17,USD,Materials,Canada,Stock,equity,web_csv
2026-07-07,GDXJ,CTGO,Contango Ore Inc,US21077F1003,,715960.0,11906415.0,0.17,USD,Materials,United States,Stock,equity,web_csv
2026-07-07,GDXJ,MTA,Metalla Royalty & Streaming Ltd,CA59124U6051,,1729733.0,11796779.0,0.16,USD,Materials,Canada,Stock,equity,web_csv
2026-07-07,GDXJ,NFGC,New Found Gold Corp,CA64440N1033,,6909018.0,10570798.0,0.15,USD,Materials,Canada,Stock,equity,web_csv
2026-07-07,GDXJ,IDR,Idaho Strategic Resources Inc,US6458272050,,328088.0,10275716.0,0.14,USD,Materials,United States,Stock,equity,web_csv
2026-07-07,GDXJ,BC8 AU,Black Cat Syndicate Ltd,AU000000BC88,,15840443.0,10235810.0,0.14,AUD,Materials,Australia,Stock,equity,web_csv
2026-07-07,GDXJ,ITRG,Integra Resources Corp,CA45826T5098,,4296489.0,9667100.0,0.13,USD,Materials,Canada,Stock,equity,web_csv
2026-07-07,GDXJ,PNR AU,Pantoro Gold Ltd,AU000000PNR8,,5753966.0,9121840.0,0.13,AUD,Materials,Australia,Stock,equity,web_csv
2026-07-07,GDXJ,SBM AU,St Barbara Ltd,AU000000SBM8,,24176866.0,8061176.0,0.11,AUD,Materials,Australia,Stock,equity,web_csv
2026-07-07,GDXJ,GAU,Galiano Gold Inc,CA36352H1001,,3787587.0,7196415.0,0.1,USD,Materials,Canada,Stock,equity,web_csv
2026-07-07,GDXJ,LUNR CN,Lunr Royalties Corp,CA5504281067,,539423.0,7117321.0,0.1,CAD,,Canada,Stock,equity,web_csv
2026-07-07,GDXJ,CMCL,Caledonia Mining Corp Plc,JE00BF0XVB15,,371676.0,7028393.0,0.1,USD,Materials,Jersey,Stock,equity,web_csv
2026-07-07,GDXJ,DTR AU,Dateline Resources Ltd,AU000000DTR1,,71575424.0,6162216.0,0.09,AUD,Materials,Australia,Stock,equity,web_csv
2026-07-07,GDXJ,APM CN,Andean Precious Metals Corp,CA03349X1015,,1496452.0,6072039.0,0.08,CAD,Materials,Canada,Stock,equity,web_csv
2026-07-07,GDXJ,CNMC SP,Cnmc Goldmine Holdings Ltd,,,6682000.0,5996732.0,0.08,SGD,Materials,Singapore,Stock,equity,web_csv
2026-07-07,GDXJ,AMI AU,Aurelia Metals Ltd,AU000000AMI1,,30041121.0,5696634.0,0.08,AUD,Materials,Australia,Stock,equity,web_csv
2026-07-07,GDXJ,ASL AU,Andean Silver Ltd,AU0000343253,,3983927.0,5648121.0,0.08,AUD,Materials,Australia,Stock,equity,web_csv
2026-07-07,GDXJ,VOXR,Vox Royalty Corp,CA92919F1036,,1154391.0,5183216.0,0.07,USD,Materials,Australia,Stock,equity,web_csv
2026-07-07,GDXJ,AZY AU,Antipa Minerals Ltd,AU000000AZY0,,12264783.0,5109095.0,0.07,AUD,Materials,Australia,Stock,equity,web_csv
2026-07-07,GDXJ,USAU,Us Gold Corp,US90291C2017,,321861.0,5075748.0,0.07,USD,Materials,United States,Stock,equity,web_csv
2026-07-07,GDXJ,MEK AU,Meeka Metals Ltd,AU0000192726,,65531043.0,4953274.0,0.07,AUD,Materials,Australia,Stock,equity,web_csv
2026-07-07,GDXJ,GLDG,Goldmining Inc,CA38149E1016,,5351541.0,4812106.0,0.07,USD,Materials,Canada,Stock,equity,web_csv
2026-07-07,GDXJ,FDR CN,Founders Metals Inc,CA3505901056,,1479493.0,4210596.0,0.06,CAD,Materials,Canada,Stock,equity,web_csv
2026-07-07,GDXJ,LUCA CN,Luca Mining Corp,CA54929M1068,,5976394.0,4167962.0,0.06,CAD,Materials,Mexico,Stock,equity,web_csv
2026-07-07,GDXJ,8299 HK,Gt Gold Holdings Ltd,KYG4136P1303,,110880000.0,4008561.0,0.06,HKD,Materials,China,Stock,equity,web_csv
2026-07-07,GDXJ,WRLG CN,West Red Lake Gold Mines Ltd,CA95556L1013,,8352172.0,3765553.0,0.05,CAD,Materials,Canada,Stock,equity,web_csv
2026-07-07,GDXJ,ARCI IJ,Archi Indonesia Tbk Pt,ID1000161003,,63350800.0,3434047.0,0.05,IDR,Materials,Indonesia,Stock,equity,web_csv
2026-07-07,GDXJ,VGC CN,Valor Gold Corp,CA9199211066,,989001.0,2786801.0,0.04,CAD,,Canada,Stock,equity,web_csv
2026-07-07,GDXJ,FFX AU,Firefinch Ltd,AU0000114522,,54133739.0,2284677.0,0.03,AUD,Materials,Australia,Stock,equity,web_csv
2026-07-07,GDXJ,PSAB IJ,J Resources Asia Pasific Tbk Pt,ID1000094709,,66098100.0,1473855.0,0.02,IDR,Materials,Indonesia,Stock,equity,web_csv
2026-07-07,GDXJ,FMR CN,Future Mineral Resources Inc,CA3611551043,,168999.0,39882.0,0.0,CAD,Materials,Canada,Stock,equity,web_csv
2026-07-07,GDXJ,NIX CN,Archer Exploration Corp,CA66860Q1028,,179304.0,22736.0,0.0,CAD,Materials,Canada,Stock,equity,web_csv
2026-07-07,GDXJ,VGCX CN,Victoria Gold Corp/Vancouver,CA92625W5072,,1722275.0,1.0,0.0,CAD,Materials,Canada,Stock,equity,web_csv
2026-07-07,GDXJ,ASM AU,Australian Strategic Materials Ltd,AU0000094153,,1.0,1.0,0.0,AUD,Materials,Australia,Stock,equity,web_csv
2026-07-07,GDXJ,-USD CASH-,,CASH,,5825099.0,5825099.0,0.08,USD,,United States,Cash Bal,cash,web_csv
2026-07-07,GDXJ,-HKD CASH-,,CASH,,1888320.0,240780.0,0.0,HKD,,China,Cash Bal,cash,web_csv
2026-07-07,GDXJ,-TRY CASH-,,CASH,,0.0,0.0,0.0,TRY,,Turkey,Cash Bal,cash,web_csv
2026-07-07,GDXJ,-MXN CASH-,,CASH,,-3639.0,-208.0,0.0,MXN,,Mexico,Cash Bal,cash,web_csv
2026-07-07,GDXJ,-GBP CASH-,,CASH,,582.0,778.0,0.0,GBP,,United Kingdom,Cash Bal,cash,web_csv
2026-07-07,GDXJ,-BRL CASH-,,CASH,,-672.0,-131.0,0.0,BRL,,Brazil,Cash Bal,cash,web_csv
2026-07-07,GDXJ,-AUD CASH-,,CASH,,79.0,55.0,0.0,AUD,,Australia,Cash Bal,cash,web_csv
2026-07-07,GDXJ,-CAD CASH-,,CASH,,-1668149.0,-1175126.0,-0.02,CAD,,Canada,Cash Bal,cash,web_csv
2026-07-07,GDXJ,,Other/Cash,CASH,,0.0,-92467.0,-0.0,USD,,,Cash,cash,web_csv
2026-07-08,GDXJ,EQX,Equinox Gold Corp,CA29446Y5020,,45623058.0,430681668.0,6.26,USD,Materials,Canada,Stock,equity,web_csv
2026-07-08,GDXJ,EVN AU,Evolution Mining Ltd,AU000000EVN4,,54421441.0,425286214.0,6.18,AUD,Materials,Australia,Stock,equity,web_csv
2026-07-08,GDXJ,AGI,Alamos Gold Inc,CA0115321089,,14492779.0,423623930.0,6.16,USD,Materials,Canada,Stock,equity,web_csv
2026-07-08,GDXJ,EDV LN,Endeavour Mining Plc,GB00BL6K5J42,,7681258.0,371296091.0,5.4,GBP,Materials,United Kingdom,Stock,equity,web_csv
2026-07-08,GDXJ,CDE,Coeur Mining Inc,US1921085049,,22253845.0,339148598.0,4.93,USD,Materials,United States,Stock,equity,web_csv
2026-07-08,GDXJ,PE&OLES* MF,Industrias Penoles Sab De Cv,MXP554091415,,4656863.0,202533925.0,2.94,MXN,Materials,Mexico,Stock,equity,web_csv
2026-07-08,GDXJ,HL,Hecla Mining Co,US4227041062,,12037294.0,181642766.0,2.64,USD,Materials,United States,Stock,equity,web_csv
2026-07-08,GDXJ,AG,First Majestic Silver Corp,CA32076V1031,,11317130.0,178810654.0,2.6,USD,Materials,Canada,Stock,equity,web_csv
2026-07-08,GDXJ,IAG,Iamgold Corp,CA4509131088,,11676467.0,175497299.0,2.55,USD,Materials,Burkina Faso,Stock,equity,web_csv
2026-07-08,GDXJ,EGO,Eldorado Gold Corp,CA2849025093,,5660291.0,168223849.0,2.45,USD,Materials,Turkey,Stock,equity,web_csv
2026-07-08,GDXJ,HMY,Harmony Gold Mining Co Ltd,US4132163001,,9537557.0,137626948.0,2.0,USD,Materials,South Africa,Stock,equity,web_csv
2026-07-08,GDXJ,LUG CN,Lundin Gold Inc,CA5503711080,,2531940.0,137045539.0,1.99,CAD,Materials,Canada,Stock,equity,web_csv
2026-07-08,GDXJ,DPM CN,Dundee Precious Metals Inc,CA26139R1091,,3808844.0,123916398.0,1.8,CAD,Materials,Canada,Stock,equity,web_csv
2026-07-08,GDXJ,OGC CN,Oceanagold Corp,CA6752224007,,5076743.0,122800168.0,1.78,CAD,Materials,Canada,Stock,equity,web_csv
2026-07-08,GDXJ,GMIN CN,G Mining Ventures Corp,CA36270K1021,,4028406.0,112474823.0,1.63,CAD,Materials,Canada,Stock,equity,web_csv
2026-07-08,GDXJ,SSRM,Ssr Mining Inc,CA7847301032,,3987190.0,112438758.0,1.63,USD,Materials,Canada,Stock,equity,web_csv
2026-07-08,GDXJ,BTG,B2gold Corp,CA11777Q2099,,28921173.0,109322034.0,1.59,USD,Materials,Canada,Stock,equity,web_csv
2026-07-08,GDXJ,DSV CN,Discovery Silver Corp,CA25466C1077,,16765003.0,103125583.0,1.5,CAD,Materials,Canada,Stock,equity,web_csv
2026-07-08,GDXJ,BVN,Cia De Minas Buenaventura Saa,US2044481040,,3614899.0,102518536.0,1.49,USD,Materials,Peru,Stock,equity,web_csv
2026-07-08,GDXJ,1818 HK,Zhaojin Mining Industry Co Ltd,CNE1000004R6,,40991700.0,95875041.0,1.39,HKD,Materials,China,Stock,equity,web_csv
2026-07-08,GDXJ,OR,Or Royalties Inc,CA68390D1069,,3085440.0,90187411.0,1.31,USD,Materials,Canada,Stock,equity,web_csv
2026-07-08,GDXJ,PRU AU,Perseus Mining Ltd,AU000000PRU3,,24698910.0,83005280.0,1.21,AUD,Materials,Australia,Stock,equity,web_csv
2026-07-08,GDXJ,GGP AU,Greatland Resources Ltd,AU0000397705,,11101174.0,82397439.0,1.2,AUD,Materials,Australia,Stock,equity,web_csv
2026-07-08,GDXJ,MAU CN,Montage Gold Corp,CA61178L1013,,7124815.0,81772531.0,1.19,CAD,Materials,Côte D'Ivoire,Stock,equity,web_csv
2026-07-08,GDXJ,ARTG CN,Artemis Gold Inc,CA04302L1004,,3426565.0,77349097.0,1.12,CAD,Materials,Canada,Stock,equity,web_csv
2026-07-08,GDXJ,RMS AU,Ramelius Resources Ltd,AU000000RMS4,,37375898.0,75643670.0,1.1,AUD,Materials,Australia,Stock,equity,web_csv
2026-07-08,GDXJ,KNT CN,K92 Mining Inc,CA4991131083,,4765417.0,73215845.0,1.06,CAD,Materials,Canada,Stock,equity,web_csv
2026-07-08,GDXJ,CMM AU,Capricorn Metals Ltd,AU000000CMM9,,7856937.0,70509088.0,1.02,AUD,Materials,Australia,Stock,equity,web_csv
2026-07-08,GDXJ,GMD AU,Genesis Minerals Ltd,AU000000GMD9,,18224734.0,68630805.0,1.0,AUD,Materials,Australia,Stock,equity,web_csv
2026-07-08,GDXJ,ARMN,Aris Mining Corp,CA04040Y1097,,4790463.0,67114387.0,0.98,USD,Materials,Colombia,Stock,equity,web_csv
2026-07-08,GDXJ,VAU AU,Vault Minerals Ltd,AU0000427775,,19859367.0,65429653.0,0.95,AUD,Materials,Australia,Stock,equity,web_csv
2026-07-08,GDXJ,TXG CN,Torex Gold Resources Inc,CA8910546032,,1722902.0,65423120.0,0.95,CAD,Materials,Canada,Stock,equity,web_csv
2026-07-08,GDXJ,SKE,Skeena Resources Ltd,CA83056P7157,,2368605.0,61702160.0,0.9,USD,Materials,Canada,Stock,equity,web_csv
2026-07-08,GDXJ,AYA CN,Aya Gold & Silver Inc,CA05466C1095,,3213655.0,61321507.0,0.89,CAD,Materials,Canada,Stock,equity,web_csv
2026-07-08,GDXJ,WDO CN,Wesdome Gold Mines Ltd/Canada,CA95083R1001,,3327430.0,60840142.0,0.88,CAD,Materials,Canada,Stock,equity,web_csv
2026-07-08,GDXJ,CGAU,Centerra Gold Inc,CA1520061021,,3868947.0,60432952.0,0.88,USD,Materials,Canada,Stock,equity,web_csv
2026-07-08,GDXJ,RRL AU,Regis Resources Ltd,AU000000RRL8,,13961067.0,60378990.0,0.88,AUD,Materials,Australia,Stock,equity,web_csv
2026-07-08,GDXJ,AUGO,Aura Minerals Inc,VGG069731120,,961837.0,57537089.0,0.84,USD,Materials,United States,Stock,equity,web_csv
2026-07-08,GDXJ,FSM,Fortuna Silver Mines Inc,CA3499421020,,6607970.0,53722796.0,0.78,USD,Materials,Canada,Stock,equity,web_csv
2026-07-08,GDXJ,ORLA,Orla Mining Ltd,CA68634K1066,,5615686.0,53068233.0,0.77,USD,Materials,Mexico,Stock,equity,web_csv
2026-07-08,GDXJ,SA,Seabridge Gold Inc,CA8119271028,,2066845.0,51567783.0,0.75,USD,Materials,Canada,Stock,equity,web_csv
2026-07-08,GDXJ,WGX AU,Westgold Resources Ltd,AU000000WGX6,,15554716.0,50291663.0,0.73,AUD,Materials,Australia,Stock,equity,web_csv
2026-07-08,GDXJ,TFPM,Triple Flag Precious Metals Corp,CA89679M1041,,1804555.0,49986174.0,0.73,USD,Materials,Canada,Stock,equity,web_csv
2026-07-08,GDXJ,EXK,Endeavour Silver Corp,CA29258Y1034,,6356106.0,49069138.0,0.71,USD,Materials,Canada,Stock,equity,web_csv
2026-07-08,GDXJ,BRMS IJ,Bumi Resources Minerals Tbk Pt,ID1000117609,,1802258300.0,48164429.0,0.7,IDR,Materials,Indonesia,Stock,equity,web_csv
2026-07-08,GDXJ,SVM,Silvercorp Metals Inc,CA82835P1036,,5081413.0,46291672.0,0.67,USD,Materials,Canada,Stock,equity,web_csv
2026-07-08,GDXJ,HOC LN,Hochschild Mining Plc,GB00B1FW5029,,7309970.0,43527506.0,0.63,GBP,Materials,Peru,Stock,equity,web_csv
2026-07-08,GDXJ,EMAS IJ,Merdeka Gold Resources Tbk Pt,ID1000211600,,135984100.0,42196289.0,0.61,IDR,Materials,Indonesia,Stock,equity,web_csv
2026-07-08,GDXJ,AAUC,Allied Gold Corp,CA01921D2041,,1853607.0,42002735.0,0.61,USD,Materials,Canada,Stock,equity,web_csv
2026-07-08,GDXJ,EMR AU,Emerald Resources Nl,AU000000EMR4,,11371080.0,41991965.0,0.61,AUD,Materials,Australia,Stock,equity,web_csv
2026-07-08,GDXJ,3939 HK,Wanguo Gold Group Ltd,KYG9430L1150,,35201000.0,40735420.0,0.59,HKD,Materials,China,Stock,equity,web_csv
2026-07-08,GDXJ,PPTA,Perpetua Resources Corp,CA7142661031,,2120024.0,40513659.0,0.59,USD,Materials,United States,Stock,equity,web_csv
2026-07-08,GDXJ,NG,Novagold Resources Inc,CA66987E2069,,6456790.0,38095061.0,0.55,USD,Materials,Canada,Stock,equity,web_csv
2026-07-08,GDXJ,SXGC CN,Southern Cross Gold Consolidated Ltd,CA8426851090,,5961155.0,36752606.0,0.53,CAD,Materials,Canada,Stock,equity,web_csv
2026-07-08,GDXJ,PAF LN,Pan African Resources Plc,GB0004300496,,28359662.0,34751042.0,0.51,GBP,Materials,United Kingdom,Stock,equity,web_csv
2026-07-08,GDXJ,PDI AU,Predictive Discovery Ltd,AU000000PDI8,,71959325.0,33631321.0,0.49,AUD,Materials,Australia,Stock,equity,web_csv
2026-07-08,GDXJ,WAF AU,West African Resources Ltd,AU000000WAF6,,16559907.0,31518462.0,0.46,AUD,Materials,Australia,Stock,equity,web_csv
2026-07-08,GDXJ,ABRA CN,Abrasilver Resource Corp,CA00379L3048,,3293421.0,30271780.0,0.44,CAD,Materials,Canada,Stock,equity,web_csv
2026-07-08,GDXJ,SGD CN,Snowline Gold Corp,CA83342V1040,,3067929.0,28740193.0,0.42,CAD,Materials,Canada,Stock,equity,web_csv
2026-07-08,GDXJ,HYMC,Hycroft Mining Holding Corp,US44862P2083,,1345124.0,27965128.0,0.41,USD,Materials,United States,Stock,equity,web_csv
2026-07-08,GDXJ,USAS,Americas Gold & Silver Corp,CA03062D8035,,6496206.0,27349027.0,0.4,USD,Materials,Canada,Stock,equity,web_csv
2026-07-08,GDXJ,KOZAL TI,Koza Altin Isletmeleri As,TREKOAL00014,,23949739.0,26427385.0,0.38,TRY,Materials,Turkey,Stock,equity,web_csv
2026-07-08,GDXJ,OBM AU,Ora Banda Mining Ltd,AU0000050130,,34113196.0,25204803.0,0.37,AUD,Materials,Australia,Stock,equity,web_csv
2026-07-08,GDXJ,IAUX,I-80 Gold Corp,CA44955L1067,,18035760.0,24528634.0,0.36,USD,Materials,United States,Stock,equity,web_csv
2026-07-08,GDXJ,VZLA,Vizsla Silver Corp,CA92859G6085,,8233146.0,24370112.0,0.35,USD,Materials,Canada,Stock,equity,web_csv
2026-07-08,GDXJ,ASM,Avino Silver & Gold Mines Ltd,CA0539061030,,4206394.0,24102638.0,0.35,USD,Materials,Mexico,Stock,equity,web_csv
2026-07-08,GDXJ,GTWO CN,G2 Goldfields Inc,CA36256R1055,,3673592.0,23659632.0,0.34,CAD,Materials,Canada,Stock,equity,web_csv
2026-07-08,GDXJ,RSG AU,Resolute Mining Ltd,AU000000RSG6,,37275184.0,23486318.0,0.34,AUD,Materials,Australia,Stock,equity,web_csv
2026-07-08,GDXJ,GGD CN,Gogold Resources Inc,CA38045Y1025,,10805119.0,23323691.0,0.34,CAD,Materials,United States,Stock,equity,web_csv
2026-07-08,GDXJ,CYL AU,Catalyst Metals Ltd,AU000000CYL6,,5854352.0,23287957.0,0.34,AUD,Materials,Australia,Stock,equity,web_csv
2026-07-08,GDXJ,MUX,Mcewen Mining Inc,US58039P3055,,1281897.0,22446016.0,0.33,USD,Materials,Canada,Stock,equity,web_csv
2026-07-08,GDXJ,BGL AU,Bellevue Gold Ltd,AU0000019374,,24892287.0,21945258.0,0.32,AUD,Materials,Australia,Stock,equity,web_csv
2026-07-08,GDXJ,ALK AU,Alkane Resources Ltd,AU000000ALK9,,23136094.0,21776550.0,0.32,AUD,Materials,Australia,Stock,equity,web_csv
2026-07-08,GDXJ,KCN AU,Kingsgate Consolidated Ltd,AU000000KCN1,,6237726.0,20988144.0,0.31,AUD,Materials,Australia,Stock,equity,web_csv
2026-07-08,GDXJ,ORE CN,Orezone Gold Corp,CA68616T1093,,12624074.0,19947747.0,0.29,CAD,Materials,Canada,Stock,equity,web_csv
2026-07-08,GDXJ,DRD,Drdgold Ltd,US26152H3012,,972089.0,19947266.0,0.29,USD,Materials,South Africa,Stock,equity,web_csv
2026-07-08,GDXJ,6693 HK,Chifeng Jilong Gold Mining Co Ltd,CNE100006T51,,5013200.0,17722061.0,0.26,HKD,Materials,China,Stock,equity,web_csv
2026-07-08,GDXJ,340 HK,Tongguan Gold Group Ltd,BMG8919D1074,,59646000.0,14285246.0,0.21,HKD,Materials,China,Stock,equity,web_csv
2026-07-08,GDXJ,DC,Dakota Gold Corp,US46655E1001,,3140620.0,13379041.0,0.19,USD,Materials,Canada,Stock,equity,web_csv
2026-07-08,GDXJ,CNL CN,Collective Mining Ltd,CA19425C1005,,1040080.0,12348015.0,0.18,CAD,Materials,Canada,Stock,equity,web_csv
2026-07-08,GDXJ,ODV,Osisko Development Corp,CA68828E8099,,4942858.0,11764002.0,0.17,USD,Materials,Canada,Stock,equity,web_csv
2026-07-08,GDXJ,KOZAA TI,Koza Anadolu Metal Madencilik Isletmele,TREKOZA00014,,4643583.0,11698727.0,0.17,TRY,Materials,Turkey,Stock,equity,web_csv
2026-07-08,GDXJ,GROY,Gold Royalty Corp,CA38071H1064,,4490747.0,11675942.0,0.17,USD,Materials,Canada,Stock,equity,web_csv
2026-07-08,GDXJ,MTA,Metalla Royalty & Streaming Ltd,CA59124U6051,,1726127.0,11513267.0,0.17,USD,Materials,Canada,Stock,equity,web_csv
2026-07-08,GDXJ,CTGO,Contango Ore Inc,US21077F1003,,714469.0,11224308.0,0.16,USD,Materials,United States,Stock,equity,web_csv
2026-07-08,GDXJ,NFGC,New Found Gold Corp,CA64440N1033,,6894597.0,10341896.0,0.15,USD,Materials,Canada,Stock,equity,web_csv
2026-07-08,GDXJ,BC8 AU,Black Cat Syndicate Ltd,AU000000BC88,,15807374.0,9893377.0,0.14,AUD,Materials,Australia,Stock,equity,web_csv
2026-07-08,GDXJ,IDR,Idaho Strategic Resources Inc,US6458272050,,327404.0,9727173.0,0.14,USD,Materials,United States,Stock,equity,web_csv
2026-07-08,GDXJ,ITRG,Integra Resources Corp,CA45826T5098,,4287522.0,9432548.0,0.14,USD,Materials,Canada,Stock,equity,web_csv
2026-07-08,GDXJ,PNR AU,Pantoro Gold Ltd,AU000000PNR8,,5741948.0,8703788.0,0.13,AUD,Materials,Australia,Stock,equity,web_csv
2026-07-08,GDXJ,SBM AU,St Barbara Ltd,AU000000SBM8,,24126391.0,7774819.0,0.11,AUD,Materials,Australia,Stock,equity,web_csv
2026-07-08,GDXJ,LUNR CN,Lunr Royalties Corp,CA5504281067,,539423.0,7123306.0,0.1,CAD,,Canada,Stock,equity,web_csv
2026-07-08,GDXJ,GAU,Galiano Gold Inc,CA36352H1001,,3779688.0,6992423.0,0.1,USD,Materials,Canada,Stock,equity,web_csv
2026-07-08,GDXJ,CMCL,Caledonia Mining Corp Plc,JE00BF0XVB15,,370899.0,6780034.0,0.1,USD,Materials,Jersey,Stock,equity,web_csv
2026-07-08,GDXJ,DTR AU,Dateline Resources Ltd,AU000000DTR1,,71425952.0,6128928.0,0.09,AUD,Materials,Australia,Stock,equity,web_csv
2026-07-08,GDXJ,CNMC SP,Cnmc Goldmine Holdings Ltd,,,6667900.0,5875225.0,0.09,SGD,Materials,Singapore,Stock,equity,web_csv
2026-07-08,GDXJ,APM CN,Andean Precious Metals Corp,CA03349X1015,,1493326.0,5793802.0,0.08,CAD,Materials,Canada,Stock,equity,web_csv
2026-07-08,GDXJ,AMI AU,Aurelia Metals Ltd,AU000000AMI1,,29978418.0,5673237.0,0.08,AUD,Materials,Australia,Stock,equity,web_csv
2026-07-08,GDXJ,ASL AU,Andean Silver Ltd,AU0000343253,,3975608.0,5307385.0,0.08,AUD,Materials,Australia,Stock,equity,web_csv
2026-07-08,GDXJ,VOXR,Vox Royalty Corp,CA92919F1036,,1151982.0,5114800.0,0.07,USD,Materials,Australia,Stock,equity,web_csv
2026-07-08,GDXJ,AZY AU,Antipa Minerals Ltd,AU000000AZY0,,12239199.0,4883914.0,0.07,AUD,Materials,Australia,Stock,equity,web_csv
2026-07-08,GDXJ,USAU,Us Gold Corp,US90291C2017,,321189.0,4748779.0,0.07,USD,Materials,United States,Stock,equity,web_csv
2026-07-08,GDXJ,MEK AU,Meeka Metals Ltd,AU0000192726,,65394309.0,4705075.0,0.07,AUD,Materials,Australia,Stock,equity,web_csv
2026-07-08,GDXJ,GLDG,Goldmining Inc,CA38149E1016,,5340381.0,4683514.0,0.07,USD,Materials,Canada,Stock,equity,web_csv
2026-07-08,GDXJ,FDR CN,Founders Metals Inc,CA3505901056,,1476409.0,4165940.0,0.06,CAD,Materials,Canada,Stock,equity,web_csv
2026-07-08,GDXJ,LUCA CN,Luca Mining Corp,CA54929M1068,,5963911.0,4080836.0,0.06,CAD,Materials,Mexico,Stock,equity,web_csv
2026-07-08,GDXJ,8299 HK,Gt Gold Holdings Ltd,KYG4136P1303,,110664000.0,3917176.0,0.06,HKD,Materials,China,Stock,equity,web_csv
2026-07-08,GDXJ,WRLG CN,West Red Lake Gold Mines Ltd,CA95556L1013,,8334742.0,3645274.0,0.05,CAD,Materials,Canada,Stock,equity,web_csv
2026-07-08,GDXJ,ARCI IJ,Archi Indonesia Tbk Pt,ID1000161003,,63219100.0,3306752.0,0.05,IDR,Materials,Indonesia,Stock,equity,web_csv
2026-07-08,GDXJ,VGC CN,Valor Gold Corp,CA9199211066,,986937.0,2736077.0,0.04,CAD,,Canada,Stock,equity,web_csv
2026-07-08,GDXJ,FFX AU,Firefinch Ltd,AU0000114522,,54133739.0,2276944.0,0.03,AUD,Materials,Australia,Stock,equity,web_csv
2026-07-08,GDXJ,PSAB IJ,J Resources Asia Pasific Tbk Pt,ID1000094709,,65960100.0,1495705.0,0.02,IDR,Materials,Indonesia,Stock,equity,web_csv
2026-07-08,GDXJ,FMR CN,Future Mineral Resources Inc,CA3611551043,,168999.0,43513.0,0.0,CAD,Materials,Canada,Stock,equity,web_csv
2026-07-08,GDXJ,NIX CN,Archer Exploration Corp,CA66860Q1028,,179304.0,22767.0,0.0,CAD,Materials,Canada,Stock,equity,web_csv
2026-07-08,GDXJ,VGCX CN,Victoria Gold Corp/Vancouver,CA92625W5072,,1722275.0,1.0,0.0,CAD,Materials,Canada,Stock,equity,web_csv
2026-07-08,GDXJ,ASM AU,Australian Strategic Materials Ltd,AU0000094153,,1.0,1.0,0.0,AUD,Materials,Australia,Stock,equity,web_csv
2026-07-08,GDXJ,-USD CASH-,,CASH,,12949904.0,12949904.0,0.19,USD,,United States,Cash Bal,cash,web_csv
2026-07-08,GDXJ,-TRY CASH-,,CASH,,0.0,0.0,0.0,TRY,,Turkey,Cash Bal,cash,web_csv
2026-07-08,GDXJ,-MXN CASH-,,CASH,,-3639.0,-207.0,0.0,MXN,,Mexico,Cash Bal,cash,web_csv
2026-07-08,GDXJ,-GBP CASH-,,CASH,,582.0,778.0,0.0,GBP,,United Kingdom,Cash Bal,cash,web_csv
2026-07-08,GDXJ,-BRL CASH-,,CASH,,-672.0,-130.0,0.0,BRL,,Brazil,Cash Bal,cash,web_csv
2026-07-08,GDXJ,-AUD CASH-,,CASH,,79.0,54.0,0.0,AUD,,Australia,Cash Bal,cash,web_csv
2026-07-08,GDXJ,-CAD CASH-,,CASH,,-1668149.0,-1176742.0,-0.02,CAD,,Canada,Cash Bal,cash,web_csv
2026-07-08,GDXJ,,Other/Cash,CASH,,0.0,-7073825.0,-0.1,USD,,,Cash,cash,web_csv
2026-07-09,GDXJ,EQX,Equinox Gold Corp,CA29446Y5020,,45623058.0,444368585.0,6.26,USD,Materials,Canada,Stock,equity,web_csv
2026-07-09,GDXJ,AGI,Alamos Gold Inc,CA0115321089,,14492779.0,433044237.0,6.11,USD,Materials,Canada,Stock,equity,web_csv
2026-07-09,GDXJ,EVN AU,Evolution Mining Ltd,AU000000EVN4,,54421441.0,424881639.0,5.99,AUD,Materials,Australia,Stock,equity,web_csv
2026-07-09,GDXJ,EDV LN,Endeavour Mining Plc,GB00BL6K5J42,,7681258.0,381442923.0,5.38,GBP,Materials,United Kingdom,Stock,equity,web_csv
2026-07-09,GDXJ,CDE,Coeur Mining Inc,US1921085049,,22253845.0,356506597.0,5.03,USD,Materials,United States,Stock,equity,web_csv
2026-07-09,GDXJ,PE&OLES* MF,Industrias Penoles Sab De Cv,MXP554091415,,4656863.0,205591720.0,2.9,MXN,Materials,Mexico,Stock,equity,web_csv
2026-07-09,GDXJ,AG,First Majestic Silver Corp,CA32076V1031,,11317130.0,194201951.0,2.74,USD,Materials,Canada,Stock,equity,web_csv
2026-07-09,GDXJ,HL,Hecla Mining Co,US4227041062,,12037294.0,190068872.0,2.68,USD,Materials,United States,Stock,equity,web_csv
2026-07-09,GDXJ,IAG,Iamgold Corp,CA4509131088,,11676467.0,180634944.0,2.55,USD,Materials,Burkina Faso,Stock,equity,web_csv
2026-07-09,GDXJ,EGO,Eldorado Gold Corp,CA2849025093,,5660291.0,173204905.0,2.44,USD,Materials,Turkey,Stock,equity,web_csv
2026-07-09,GDXJ,LUG CN,Lundin Gold Inc,CA5503711080,,2531940.0,144082527.0,2.03,CAD,Materials,Canada,Stock,equity,web_csv
2026-07-09,GDXJ,HMY,Harmony Gold Mining Co Ltd,US4132163001,,9537557.0,143254106.0,2.02,USD,Materials,South Africa,Stock,equity,web_csv
2026-07-09,GDXJ,DPM CN,Dundee Precious Metals Inc,CA26139R1091,,3808844.0,134481957.0,1.9,CAD,Materials,Canada,Stock,equity,web_csv
2026-07-09,GDXJ,OGC CN,Oceanagold Corp,CA6752224007,,5076743.0,126233497.0,1.78,CAD,Materials,Canada,Stock,equity,web_csv
2026-07-09,GDXJ,GMIN CN,G Mining Ventures Corp,CA36270K1021,,4028406.0,121598313.0,1.71,CAD,Materials,Canada,Stock,equity,web_csv
2026-07-09,GDXJ,SSRM,Ssr Mining Inc,CA7847301032,,3987190.0,116226589.0,1.64,USD,Materials,Canada,Stock,equity,web_csv
2026-07-09,GDXJ,BTG,B2gold Corp,CA11777Q2099,,28921173.0,111635728.0,1.57,USD,Materials,Canada,Stock,equity,web_csv
2026-07-09,GDXJ,BVN,Cia De Minas Buenaventura Saa,US2044481040,,3614899.0,106820265.0,1.51,USD,Materials,Peru,Stock,equity,web_csv
2026-07-09,GDXJ,DSV CN,Discovery Silver Corp,CA25466C1077,,16765003.0,104570560.0,1.47,CAD,Materials,Canada,Stock,equity,web_csv
2026-07-09,GDXJ,1818 HK,Zhaojin Mining Industry Co Ltd,CNE1000004R6,,40991700.0,94634845.0,1.33,HKD,Materials,China,Stock,equity,web_csv
2026-07-09,GDXJ,OR,Or Royalties Inc,CA68390D1069,,3085440.0,91791840.0,1.29,USD,Materials,Canada,Stock,equity,web_csv
2026-07-09,GDXJ,MAU CN,Montage Gold Corp,CA61178L1013,,7124815.0,84959868.0,1.2,CAD,Materials,Côte D'Ivoire,Stock,equity,web_csv
2026-07-09,GDXJ,GGP AU,Greatland Resources Ltd,AU0000397705,,11101174.0,84780867.0,1.2,AUD,Materials,Australia,Stock,equity,web_csv
2026-07-09,GDXJ,PRU AU,Perseus Mining Ltd,AU000000PRU3,,24698910.0,82893427.0,1.17,AUD,Materials,Australia,Stock,equity,web_csv
2026-07-09,GDXJ,ARTG CN,Artemis Gold Inc,CA04302L1004,,3426565.0,79689245.0,1.12,CAD,Materials,Canada,Stock,equity,web_csv
2026-07-09,GDXJ,RMS AU,Ramelius Resources Ltd,AU000000RMS4,,37375898.0,76973550.0,1.09,AUD,Materials,Australia,Stock,equity,web_csv
2026-07-09,GDXJ,KNT CN,K92 Mining Inc,CA4991131083,,4765417.0,75486761.0,1.06,CAD,Materials,Canada,Stock,equity,web_csv
2026-07-09,GDXJ,CMM AU,Capricorn Metals Ltd,AU000000CMM9,,7856937.0,72441038.0,1.02,AUD,Materials,Australia,Stock,equity,web_csv
2026-07-09,GDXJ,ARMN,Aris Mining Corp,CA04040Y1097,,4790463.0,70659329.0,1.0,USD,Materials,Colombia,Stock,equity,web_csv
2026-07-09,GDXJ,GMD AU,Genesis Minerals Ltd,AU000000GMD9,,18224734.0,68977081.0,0.97,AUD,Materials,Australia,Stock,equity,web_csv
2026-07-09,GDXJ,TXG CN,Torex Gold Resources Inc,CA8910546032,,1722902.0,65803976.0,0.93,CAD,Materials,Canada,Stock,equity,web_csv
2026-07-09,GDXJ,SKE,Skeena Resources Ltd,CA83056P7157,,2368605.0,65041893.0,0.92,USD,Materials,Canada,Stock,equity,web_csv
2026-07-09,GDXJ,VAU AU,Vault Minerals Ltd,AU0000427775,,19859367.0,64979013.0,0.92,AUD,Materials,Australia,Stock,equity,web_csv
2026-07-09,GDXJ,AYA CN,Aya Gold & Silver Inc,CA05466C1095,,3213655.0,63808257.0,0.9,CAD,Materials,Canada,Stock,equity,web_csv
2026-07-09,GDXJ,WDO CN,Wesdome Gold Mines Ltd/Canada,CA95083R1001,,3327430.0,63226453.0,0.89,CAD,Materials,Canada,Stock,equity,web_csv
2026-07-09,GDXJ,CGAU,Centerra Gold Inc,CA1520061021,,3868947.0,62715631.0,0.88,USD,Materials,Canada,Stock,equity,web_csv
2026-07-09,GDXJ,RRL AU,Regis Resources Ltd,AU000000RRL8,,13961067.0,61246537.0,0.86,AUD,Materials,Australia,Stock,equity,web_csv
2026-07-09,GDXJ,AUGO,Aura Minerals Inc,VGG069731120,,961837.0,60951611.0,0.86,USD,Materials,United States,Stock,equity,web_csv
2026-07-09,GDXJ,FSM,Fortuna Silver Mines Inc,CA3499421020,,6607970.0,56630303.0,0.8,USD,Materials,Canada,Stock,equity,web_csv
2026-07-09,GDXJ,ORLA,Orla Mining Ltd,CA68634K1066,,5615686.0,54752939.0,0.77,USD,Materials,Mexico,Stock,equity,web_csv
2026-07-09,GDXJ,SA,Seabridge Gold Inc,CA8119271028,,2066845.0,54068665.0,0.76,USD,Materials,Canada,Stock,equity,web_csv
2026-07-09,GDXJ,EXK,Endeavour Silver Corp,CA29258Y1034,,6356106.0,52374313.0,0.74,USD,Materials,Canada,Stock,equity,web_csv
2026-07-09,GDXJ,TFPM,Triple Flag Precious Metals Corp,CA89679M1041,,1804555.0,51447863.0,0.73,USD,Materials,Canada,Stock,equity,web_csv
2026-07-09,GDXJ,WGX AU,Westgold Resources Ltd,AU000000WGX6,,15554716.0,50223074.0,0.71,AUD,Materials,Australia,Stock,equity,web_csv
2026-07-09,GDXJ,BRMS IJ,Bumi Resources Minerals Tbk Pt,ID1000117609,,1802258300.0,49348084.0,0.7,IDR,Materials,Indonesia,Stock,equity,web_csv
2026-07-09,GDXJ,SVM,Silvercorp Metals Inc,CA82835P1036,,5081413.0,48730751.0,0.69,USD,Materials,Canada,Stock,equity,web_csv
2026-07-09,GDXJ,HOC LN,Hochschild Mining Plc,GB00B1FW5029,,7309970.0,45408914.0,0.64,GBP,Materials,Peru,Stock,equity,web_csv
2026-07-09,GDXJ,AAUC,Allied Gold Corp,CA01921D2041,,1853607.0,42929538.0,0.61,USD,Materials,Canada,Stock,equity,web_csv
2026-07-09,GDXJ,EMR AU,Emerald Resources Nl,AU000000EMR4,,11371080.0,42322363.0,0.6,AUD,Materials,Australia,Stock,equity,web_csv
2026-07-09,GDXJ,PPTA,Perpetua Resources Corp,CA7142661031,,2120024.0,41976475.0,0.59,USD,Materials,United States,Stock,equity,web_csv
2026-07-09,GDXJ,EMAS IJ,Merdeka Gold Resources Tbk Pt,ID1000211600,,135984100.0,41892995.0,0.59,IDR,Materials,Indonesia,Stock,equity,web_csv
2026-07-09,GDXJ,3939 HK,Wanguo Gold Group Ltd,KYG9430L1150,,35201000.0,40497374.0,0.57,HKD,Materials,China,Stock,equity,web_csv
2026-07-09,GDXJ,NG,Novagold Resources Inc,CA66987E2069,,6456790.0,39386419.0,0.56,USD,Materials,Canada,Stock,equity,web_csv
2026-07-09,GDXJ,SXGC CN,Southern Cross Gold Consolidated Ltd,CA8426851090,,5961155.0,37729095.0,0.53,CAD,Materials,Canada,Stock,equity,web_csv
2026-07-09,GDXJ,PAF LN,Pan African Resources Plc,GB0004300496,,28359662.0,36336911.0,0.51,GBP,Materials,United Kingdom,Stock,equity,web_csv
2026-07-09,GDXJ,PDI AU,Predictive Discovery Ltd,AU000000PDI8,,71959325.0,34481344.0,0.49,AUD,Materials,Australia,Stock,equity,web_csv
2026-07-09,GDXJ,ABRA CN,Abrasilver Resource Corp,CA00379L3048,,3293421.0,32045352.0,0.45,CAD,Materials,Canada,Stock,equity,web_csv
2026-07-09,GDXJ,WAF AU,West African Resources Ltd,AU000000WAF6,,16559907.0,31415684.0,0.44,AUD,Materials,Australia,Stock,equity,web_csv
2026-07-09,GDXJ,SGD CN,Snowline Gold Corp,CA83342V1040,,3067929.0,30457408.0,0.43,CAD,Materials,Canada,Stock,equity,web_csv
2026-07-09,GDXJ,HYMC,Hycroft Mining Holding Corp,US44862P2083,,1345124.0,29323703.0,0.41,USD,Materials,United States,Stock,equity,web_csv
2026-07-09,GDXJ,USAS,Americas Gold & Silver Corp,CA03062D8035,,6496206.0,28973079.0,0.41,USD,Materials,Canada,Stock,equity,web_csv
2026-07-09,GDXJ,KOZAL TI,Koza Altin Isletmeleri As,TREKOAL00014,,23949739.0,27354901.0,0.39,TRY,Materials,Turkey,Stock,equity,web_csv
2026-07-09,GDXJ,VZLA,Vizsla Silver Corp,CA92859G6085,,8233146.0,26016741.0,0.37,USD,Materials,Canada,Stock,equity,web_csv
2026-07-09,GDXJ,IAUX,I-80 Gold Corp,CA44955L1067,,18035760.0,25971494.0,0.37,USD,Materials,United States,Stock,equity,web_csv
2026-07-09,GDXJ,ASM,Avino Silver & Gold Mines Ltd,CA0539061030,,4206394.0,25869323.0,0.36,USD,Materials,Mexico,Stock,equity,web_csv
2026-07-09,GDXJ,OBM AU,Ora Banda Mining Ltd,AU0000050130,,34113196.0,25213015.0,0.36,AUD,Materials,Australia,Stock,equity,web_csv
2026-07-09,GDXJ,GTWO CN,G2 Goldfields Inc,CA36256R1055,,3673592.0,25117027.0,0.35,CAD,Materials,Canada,Stock,equity,web_csv
2026-07-09,GDXJ,GGD CN,Gogold Resources Inc,CA38045Y1025,,10805119.0,23710651.0,0.33,CAD,Materials,United States,Stock,equity,web_csv
2026-07-09,GDXJ,RSG AU,Resolute Mining Ltd,AU000000RSG6,,37275184.0,23225342.0,0.33,AUD,Materials,Australia,Stock,equity,web_csv
2026-07-09,GDXJ,MUX,Mcewen Mining Inc,US58039P3055,,1281897.0,23138241.0,0.33,USD,Materials,Canada,Stock,equity,web_csv
2026-07-09,GDXJ,CYL AU,Catalyst Metals Ltd,AU000000CYL6,,5854352.0,22506678.0,0.32,AUD,Materials,Australia,Stock,equity,web_csv
2026-07-09,GDXJ,BGL AU,Bellevue Gold Ltd,AU0000019374,,24892287.0,22369990.0,0.32,AUD,Materials,Australia,Stock,equity,web_csv
2026-07-09,GDXJ,ALK AU,Alkane Resources Ltd,AU000000ALK9,,23136094.0,21898217.0,0.31,AUD,Materials,Australia,Stock,equity,web_csv
2026-07-09,GDXJ,ORE CN,Orezone Gold Corp,CA68616T1093,,12624074.0,21110641.0,0.3,CAD,Materials,Canada,Stock,equity,web_csv
2026-07-09,GDXJ,DRD,Drdgold Ltd,US26152H3012,,972089.0,20734658.0,0.29,USD,Materials,South Africa,Stock,equity,web_csv
2026-07-09,GDXJ,KCN AU,Kingsgate Consolidated Ltd,AU000000KCN1,,6237726.0,20693765.0,0.29,AUD,Materials,Australia,Stock,equity,web_csv
2026-07-09,GDXJ,6693 HK,Chifeng Jilong Gold Mining Co Ltd,CNE100006T51,,5013200.0,17655201.0,0.25,HKD,Materials,China,Stock,equity,web_csv
2026-07-09,GDXJ,DC,Dakota Gold Corp,US46655E1001,,3140620.0,14132790.0,0.2,USD,Materials,Canada,Stock,equity,web_csv
2026-07-09,GDXJ,340 HK,Tongguan Gold Group Ltd,BMG8919D1074,,59646000.0,14106093.0,0.2,HKD,Materials,China,Stock,equity,web_csv
2026-07-09,GDXJ,CNL CN,Collective Mining Ltd,CA19425C1005,,1040080.0,13275743.0,0.19,CAD,Materials,Canada,Stock,equity,web_csv
2026-07-09,GDXJ,ODV,Osisko Development Corp,CA68828E8099,,4942858.0,12258288.0,0.17,USD,Materials,Canada,Stock,equity,web_csv
2026-07-09,GDXJ,MTA,Metalla Royalty & Streaming Ltd,CA59124U6051,,1726127.0,12100150.0,0.17,USD,Materials,Canada,Stock,equity,web_csv
2026-07-09,GDXJ,CTGO,Contango Ore Inc,US21077F1003,,714469.0,11981645.0,0.17,USD,Materials,United States,Stock,equity,web_csv
2026-07-09,GDXJ,KOZAA TI,Koza Anadolu Metal Madencilik Isletmele,TREKOZA00014,,4643583.0,11885266.0,0.17,TRY,Materials,Turkey,Stock,equity,web_csv
2026-07-09,GDXJ,GROY,Gold Royalty Corp,CA38071H1064,,4490747.0,11765757.0,0.17,USD,Materials,Canada,Stock,equity,web_csv
2026-07-09,GDXJ,NFGC,New Found Gold Corp,CA64440N1033,,6894597.0,10479787.0,0.15,USD,Materials,Canada,Stock,equity,web_csv
2026-07-09,GDXJ,IDR,Idaho Strategic Resources Inc,US6458272050,,327404.0,10126606.0,0.14,USD,Materials,United States,Stock,equity,web_csv
2026-07-09,GDXJ,BC8 AU,Black Cat Syndicate Ltd,AU000000BC88,,15807374.0,9870086.0,0.14,AUD,Materials,Australia,Stock,equity,web_csv
2026-07-09,GDXJ,ITRG,Integra Resources Corp,CA45826T5098,,4287522.0,9689800.0,0.14,USD,Materials,Canada,Stock,equity,web_csv
2026-07-09,GDXJ,PNR AU,Pantoro Gold Ltd,AU000000PNR8,,5741948.0,7887821.0,0.11,AUD,Materials,Australia,Stock,equity,web_csv
2026-07-09,GDXJ,SBM AU,St Barbara Ltd,AU000000SBM8,,24126391.0,7698183.0,0.11,AUD,Materials,Australia,Stock,equity,web_csv
2026-07-09,GDXJ,LUNR CN,Lunr Royalties Corp,CA5504281067,,539423.0,7414331.0,0.1,CAD,,Canada,Stock,equity,web_csv
2026-07-09,GDXJ,GAU,Galiano Gold Inc,CA36352H1001,,3779688.0,7181407.0,0.1,USD,Materials,Canada,Stock,equity,web_csv
2026-07-09,GDXJ,CMCL,Caledonia Mining Corp Plc,JE00BF0XVB15,,370899.0,7047081.0,0.1,USD,Materials,Jersey,Stock,equity,web_csv
2026-07-09,GDXJ,APM CN,Andean Precious Metals Corp,CA03349X1015,,1493326.0,6111336.0,0.09,CAD,Materials,Canada,Stock,equity,web_csv
2026-07-09,GDXJ,CNMC SP,Cnmc Goldmine Holdings Ltd,,,6667900.0,6052044.0,0.09,SGD,Materials,Singapore,Stock,equity,web_csv
2026-07-09,GDXJ,DTR AU,Dateline Resources Ltd,AU000000DTR1,,71425952.0,5985128.0,0.08,AUD,Materials,Australia,Stock,equity,web_csv
2026-07-09,GDXJ,AMI AU,Aurelia Metals Ltd,AU000000AMI1,,29978418.0,5623608.0,0.08,AUD,Materials,Australia,Stock,equity,web_csv
2026-07-09,GDXJ,ASL AU,Andean Silver Ltd,AU0000343253,,3975608.0,5370585.0,0.08,AUD,Materials,Australia,Stock,equity,web_csv
2026-07-09,GDXJ,VOXR,Vox Royalty Corp,CA92919F1036,,1151982.0,5241518.0,0.07,USD,Materials,Australia,Stock,equity,web_csv
2026-07-09,GDXJ,AZY AU,Antipa Minerals Ltd,AU000000AZY0,,12239199.0,5054520.0,0.07,AUD,Materials,Australia,Stock,equity,web_csv
2026-07-09,GDXJ,USAU,Us Gold Corp,US90291C2017,,321189.0,4866013.0,0.07,USD,Materials,United States,Stock,equity,web_csv
2026-07-09,GDXJ,GLDG,Goldmining Inc,CA38149E1016,,5340381.0,4831443.0,0.07,USD,Materials,Canada,Stock,equity,web_csv
2026-07-09,GDXJ,MEK AU,Meeka Metals Ltd,AU0000192726,,65394309.0,4768926.0,0.07,AUD,Materials,Australia,Stock,equity,web_csv
2026-07-09,GDXJ,LUCA CN,Luca Mining Corp,CA54929M1068,,5963911.0,4334329.0,0.06,CAD,Materials,Mexico,Stock,equity,web_csv
2026-07-09,GDXJ,FDR CN,Founders Metals Inc,CA3505901056,,1476409.0,4177386.0,0.06,CAD,Materials,Canada,Stock,equity,web_csv
2026-07-09,GDXJ,8299 HK,Gt Gold Holdings Ltd,KYG4136P1303,,110664000.0,3891851.0,0.05,HKD,Materials,China,Stock,equity,web_csv
2026-07-09,GDXJ,WRLG CN,West Red Lake Gold Mines Ltd,CA95556L1013,,8334742.0,3881411.0,0.05,CAD,Materials,Canada,Stock,equity,web_csv
2026-07-09,GDXJ,ARCI IJ,Archi Indonesia Tbk Pt,ID1000161003,,63219100.0,3363525.0,0.05,IDR,Materials,Indonesia,Stock,equity,web_csv
2026-07-09,GDXJ,VGC CN,Valor Gold Corp,CA9199211066,,986937.0,2966556.0,0.04,CAD,,Canada,Stock,equity,web_csv
2026-07-09,GDXJ,FFX AU,Firefinch Ltd,AU0000114522,,54133739.0,2283690.0,0.03,AUD,Materials,Australia,Stock,equity,web_csv
2026-07-09,GDXJ,PSAB IJ,J Resources Asia Pasific Tbk Pt,ID1000094709,,65960100.0,1496085.0,0.02,IDR,Materials,Indonesia,Stock,equity,web_csv
2026-07-09,GDXJ,FMR CN,Future Mineral Resources Inc,CA3611551043,,168999.0,41736.0,0.0,CAD,Materials,Canada,Stock,equity,web_csv
2026-07-09,GDXJ,NIX CN,Archer Exploration Corp,CA66860Q1028,,179304.0,22773.0,0.0,CAD,Materials,Canada,Stock,equity,web_csv
2026-07-09,GDXJ,VGCX CN,Victoria Gold Corp/Vancouver,CA92625W5072,,1722275.0,1.0,0.0,CAD,Materials,Canada,Stock,equity,web_csv
2026-07-09,GDXJ,ASM AU,Australian Strategic Materials Ltd,AU0000094153,,1.0,1.0,0.0,AUD,Materials,Australia,Stock,equity,web_csv
2026-07-09,GDXJ,-USD CASH-,,CASH,,5924927.0,5924927.0,0.08,USD,,United States,Cash Bal,cash,web_csv
2026-07-09,GDXJ,-TRY CASH-,,CASH,,0.0,0.0,0.0,TRY,,Turkey,Cash Bal,cash,web_csv
2026-07-09,GDXJ,-MXN CASH-,,CASH,,-3639.0,-207.0,0.0,MXN,,Mexico,Cash Bal,cash,web_csv
2026-07-09,GDXJ,-GBP CASH-,,CASH,,582.0,779.0,0.0,GBP,,United Kingdom,Cash Bal,cash,web_csv
2026-07-09,GDXJ,-BRL CASH-,,CASH,,-672.0,-131.0,0.0,BRL,,Brazil,Cash Bal,cash,web_csv
2026-07-09,GDXJ,-AUD CASH-,,CASH,,79.0,54.0,0.0,AUD,,Australia,Cash Bal,cash,web_csv
2026-07-09,GDXJ,-CAD CASH-,,CASH,,-1668149.0,-1177033.0,-0.02,CAD,,Canada,Cash Bal,cash,web_csv
2026-07-09,GDXJ,,Other/Cash,CASH,,0.0,-203104.0,-0.0,USD,,,Cash,cash,web_csv
2026-07-10,GDXJ,EQX,Equinox Gold Corp,CA29446Y5020,,45623058.0,445281046.0,6.27,USD,Materials,Canada,Stock,equity,web_csv
2026-07-10,GDXJ,EVN AU,Evolution Mining Ltd,AU000000EVN4,,54421441.0,441592202.0,6.21,AUD,Materials,Australia,Stock,equity,web_csv
2026-07-10,GDXJ,AGI,Alamos Gold Inc,CA0115321089,,14492779.0,426957269.0,6.01,USD,Materials,Canada,Stock,equity,web_csv
2026-07-10,GDXJ,EDV LN,Endeavour Mining Plc,GB00BL6K5J42,,7681258.0,379039302.0,5.33,GBP,Materials,United Kingdom,Stock,equity,web_csv
2026-07-10,GDXJ,CDE,Coeur Mining Inc,US1921085049,,22253845.0,355616443.0,5.0,USD,Materials,United States,Stock,equity,web_csv
2026-07-10,GDXJ,PE&OLES* MF,Industrias Penoles Sab De Cv,MXP554091415,,4656863.0,209933070.0,2.95,MXN,Materials,Mexico,Stock,equity,web_csv
2026-07-10,GDXJ,AG,First Majestic Silver Corp,CA32076V1031,,11317130.0,191825354.0,2.7,USD,Materials,Canada,Stock,equity,web_csv
2026-07-10,GDXJ,HL,Hecla Mining Co,US4227041062,,12037294.0,190429991.0,2.68,USD,Materials,United States,Stock,equity,web_csv
2026-07-10,GDXJ,IAG,Iamgold Corp,CA4509131088,,11676467.0,178883474.0,2.52,USD,Materials,Burkina Faso,Stock,equity,web_csv
2026-07-10,GDXJ,EGO,Eldorado Gold Corp,CA2849025093,,5660291.0,171167200.0,2.41,USD,Materials,Turkey,Stock,equity,web_csv
2026-07-10,GDXJ,HMY,Harmony Gold Mining Co Ltd,US4132163001,,9537557.0,144112486.0,2.03,USD,Materials,South Africa,Stock,equity,web_csv
2026-07-10,GDXJ,LUG CN,Lundin Gold Inc,CA5503711080,,2531940.0,139976443.0,1.97,CAD,Materials,Canada,Stock,equity,web_csv
2026-07-10,GDXJ,DPM CN,Dundee Precious Metals Inc,CA26139R1091,,3808844.0,131918621.0,1.86,CAD,Materials,Canada,Stock,equity,web_csv
2026-07-10,GDXJ,OGC CN,Oceanagold Corp,CA6752224007,,5076743.0,125604588.0,1.77,CAD,Materials,Canada,Stock,equity,web_csv
2026-07-10,GDXJ,GMIN CN,G Mining Ventures Corp,CA36270K1021,,4028406.0,118741256.0,1.67,CAD,Materials,Canada,Stock,equity,web_csv
2026-07-10,GDXJ,SSRM,Ssr Mining Inc,CA7847301032,,3987190.0,113953890.0,1.6,USD,Materials,Canada,Stock,equity,web_csv
2026-07-10,GDXJ,BTG,B2gold Corp,CA11777Q2099,,28921173.0,111346516.0,1.57,USD,Materials,Canada,Stock,equity,web_csv
2026-07-10,GDXJ,BVN,Cia De Minas Buenaventura Saa,US2044481040,,3614899.0,108446970.0,1.53,USD,Materials,Peru,Stock,equity,web_csv
2026-07-10,GDXJ,DSV CN,Discovery Silver Corp,CA25466C1077,,16765003.0,102482086.0,1.44,CAD,Materials,Canada,Stock,equity,web_csv
2026-07-10,GDXJ,1818 HK,Zhaojin Mining Industry Co Ltd,CNE1000004R6,,40991700.0,96881419.0,1.36,HKD,Materials,China,Stock,equity,web_csv
2026-07-10,GDXJ,OR,Or Royalties Inc,CA68390D1069,,3085440.0,90341683.0,1.27,USD,Materials,Canada,Stock,equity,web_csv
2026-07-10,GDXJ,MAU CN,Montage Gold Corp,CA61178L1013,,7124815.0,86703165.0,1.22,CAD,Materials,Côte D'Ivoire,Stock,equity,web_csv
2026-07-10,GDXJ,GGP AU,Greatland Resources Ltd,AU0000397705,,11101174.0,85753345.0,1.21,AUD,Materials,Australia,Stock,equity,web_csv
2026-07-10,GDXJ,PRU AU,Perseus Mining Ltd,AU000000PRU3,,24698910.0,84972748.0,1.2,AUD,Materials,Australia,Stock,equity,web_csv
2026-07-10,GDXJ,ARTG CN,Artemis Gold Inc,CA04302L1004,,3426565.0,79861569.0,1.12,CAD,Materials,Canada,Stock,equity,web_csv
2026-07-10,GDXJ,RMS AU,Ramelius Resources Ltd,AU000000RMS4,,37375898.0,79151608.0,1.11,AUD,Materials,Australia,Stock,equity,web_csv
2026-07-10,GDXJ,KNT CN,K92 Mining Inc,CA4991131083,,4765417.0,74492791.0,1.05,CAD,Materials,Canada,Stock,equity,web_csv
2026-07-10,GDXJ,CMM AU,Capricorn Metals Ltd,AU000000CMM9,,7856937.0,72457015.0,1.02,AUD,Materials,Australia,Stock,equity,web_csv
2026-07-10,GDXJ,GMD AU,Genesis Minerals Ltd,AU000000GMD9,,18224734.0,72043534.0,1.01,AUD,Materials,Australia,Stock,equity,web_csv
2026-07-10,GDXJ,ARMN,Aris Mining Corp,CA04040Y1097,,4790463.0,69749141.0,0.98,USD,Materials,Colombia,Stock,equity,web_csv
2026-07-10,GDXJ,VAU AU,Vault Minerals Ltd,AU0000427775,,19859367.0,67384337.0,0.95,AUD,Materials,Australia,Stock,equity,web_csv
2026-07-10,GDXJ,TXG CN,Torex Gold Resources Inc,CA8910546032,,1722902.0,65699298.0,0.92,CAD,Materials,Canada,Stock,equity,web_csv
2026-07-10,GDXJ,AYA CN,Aya Gold & Silver Inc,CA05466C1095,,3213655.0,65133829.0,0.92,CAD,Materials,Canada,Stock,equity,web_csv
2026-07-10,GDXJ,SKE,Skeena Resources Ltd,CA83056P7157,,2368605.0,64520800.0,0.91,USD,Materials,Canada,Stock,equity,web_csv
2026-07-10,GDXJ,RRL AU,Regis Resources Ltd,AU000000RRL8,,13961067.0,63419027.0,0.89,AUD,Materials,Australia,Stock,equity,web_csv
2026-07-10,GDXJ,CGAU,Centerra Gold Inc,CA1520061021,,3868947.0,62754320.0,0.88,USD,Materials,Canada,Stock,equity,web_csv
2026-07-10,GDXJ,WDO CN,Wesdome Gold Mines Ltd/Canada,CA95083R1001,,3327430.0,61772790.0,0.87,CAD,Materials,Canada,Stock,equity,web_csv
2026-07-10,GDXJ,AUGO,Aura Minerals Inc,VGG069731120,,961837.0,58489308.0,0.82,USD,Materials,United States,Stock,equity,web_csv
2026-07-10,GDXJ,FSM,Fortuna Silver Mines Inc,CA3499421020,,6607970.0,56299904.0,0.79,USD,Materials,Canada,Stock,equity,web_csv
2026-07-10,GDXJ,ORLA,Orla Mining Ltd,CA68634K1066,,5615686.0,54809095.0,0.77,USD,Materials,Mexico,Stock,equity,web_csv
2026-07-10,GDXJ,SA,Seabridge Gold Inc,CA8119271028,,2066845.0,53696633.0,0.76,USD,Materials,Canada,Stock,equity,web_csv
2026-07-10,GDXJ,WGX AU,Westgold Resources Ltd,AU000000WGX6,,15554716.0,51541574.0,0.73,AUD,Materials,Australia,Stock,equity,web_csv
2026-07-10,GDXJ,EXK,Endeavour Silver Corp,CA29258Y1034,,6356106.0,51357336.0,0.72,USD,Materials,Canada,Stock,equity,web_csv
2026-07-10,GDXJ,TFPM,Triple Flag Precious Metals Corp,CA89679M1041,,1804555.0,50707996.0,0.71,USD,Materials,Canada,Stock,equity,web_csv
2026-07-10,GDXJ,BRMS IJ,Bumi Resources Minerals Tbk Pt,ID1000117609,,1802258300.0,50604414.0,0.71,IDR,Materials,Indonesia,Stock,equity,web_csv
2026-07-10,GDXJ,SVM,Silvercorp Metals Inc,CA82835P1036,,5081413.0,48375052.0,0.68,USD,Materials,Canada,Stock,equity,web_csv
2026-07-10,GDXJ,HOC LN,Hochschild Mining Plc,GB00B1FW5029,,7309970.0,44675049.0,0.63,GBP,Materials,Peru,Stock,equity,web_csv
2026-07-10,GDXJ,AAUC,Allied Gold Corp,CA01921D2041,,1853607.0,43263187.0,0.61,USD,Materials,Canada,Stock,equity,web_csv
2026-07-10,GDXJ,3939 HK,Wanguo Gold Group Ltd,KYG9430L1150,,35201000.0,42380736.0,0.6,HKD,Materials,China,Stock,equity,web_csv
2026-07-10,GDXJ,EMAS IJ,Merdeka Gold Resources Tbk Pt,ID1000211600,,135984100.0,42085134.0,0.59,IDR,Materials,Indonesia,Stock,equity,web_csv
2026-07-10,GDXJ,EMR AU,Emerald Resources Nl,AU000000EMR4,,11371080.0,42081678.0,0.59,AUD,Materials,Australia,Stock,equity,web_csv
2026-07-10,GDXJ,PPTA,Perpetua Resources Corp,CA7142661031,,2120024.0,41213267.0,0.58,USD,Materials,United States,Stock,equity,web_csv
2026-07-10,GDXJ,NG,Novagold Resources Inc,CA66987E2069,,6456790.0,38547036.0,0.54,USD,Materials,Canada,Stock,equity,web_csv
2026-07-10,GDXJ,SXGC CN,Southern Cross Gold Consolidated Ltd,CA8426851090,,5961155.0,38124768.0,0.54,CAD,Materials,Canada,Stock,equity,web_csv
2026-07-10,GDXJ,PAF LN,Pan African Resources Plc,GB0004300496,,28359662.0,36019994.0,0.51,GBP,Materials,United Kingdom,Stock,equity,web_csv
2026-07-10,GDXJ,PDI AU,Predictive Discovery Ltd,AU000000PDI8,,71959325.0,35173371.0,0.5,AUD,Materials,Australia,Stock,equity,web_csv
2026-07-10,GDXJ,WAF AU,West African Resources Ltd,AU000000WAF6,,16559907.0,32953822.0,0.46,AUD,Materials,Australia,Stock,equity,web_csv
2026-07-10,GDXJ,ABRA CN,Abrasilver Resource Corp,CA00379L3048,,3293421.0,32607207.0,0.46,CAD,Materials,Canada,Stock,equity,web_csv
2026-07-10,GDXJ,SGD CN,Snowline Gold Corp,CA83342V1040,,3067929.0,29897700.0,0.42,CAD,Materials,Canada,Stock,equity,web_csv
2026-07-10,GDXJ,HYMC,Hycroft Mining Holding Corp,US44862P2083,,1345124.0,28758751.0,0.4,USD,Materials,United States,Stock,equity,web_csv
2026-07-10,GDXJ,USAS,Americas Gold & Silver Corp,CA03062D8035,,6496206.0,27933686.0,0.39,USD,Materials,Canada,Stock,equity,web_csv
2026-07-10,GDXJ,KOZAL TI,Koza Altin Isletmeleri As,TREKOAL00014,,23949739.0,27686436.0,0.39,TRY,Materials,Turkey,Stock,equity,web_csv
2026-07-10,GDXJ,OBM AU,Ora Banda Mining Ltd,AU0000050130,,34113196.0,26642739.0,0.37,AUD,Materials,Australia,Stock,equity,web_csv
2026-07-10,GDXJ,VZLA,Vizsla Silver Corp,CA92859G6085,,8233146.0,25769747.0,0.36,USD,Materials,Canada,Stock,equity,web_csv
2026-07-10,GDXJ,ASM,Avino Silver & Gold Mines Ltd,CA0539061030,,4206394.0,25448684.0,0.36,USD,Materials,Mexico,Stock,equity,web_csv
2026-07-10,GDXJ,IAUX,I-80 Gold Corp,CA44955L1067,,18035760.0,25250064.0,0.36,USD,Materials,United States,Stock,equity,web_csv
2026-07-10,GDXJ,GTWO CN,G2 Goldfields Inc,CA36256R1055,,3673592.0,24662820.0,0.35,CAD,Materials,Canada,Stock,equity,web_csv
2026-07-10,GDXJ,RSG AU,Resolute Mining Ltd,AU000000RSG6,,37275184.0,24619137.0,0.35,AUD,Materials,Australia,Stock,equity,web_csv
2026-07-10,GDXJ,GGD CN,Gogold Resources Inc,CA38045Y1025,,10805119.0,24358383.0,0.34,CAD,Materials,United States,Stock,equity,web_csv
2026-07-10,GDXJ,CYL AU,Catalyst Metals Ltd,AU000000CYL6,,5854352.0,23542007.0,0.33,AUD,Materials,Australia,Stock,equity,web_csv
2026-07-10,GDXJ,MUX,Mcewen Mining Inc,US58039P3055,,1281897.0,22920318.0,0.32,USD,Materials,Canada,Stock,equity,web_csv
2026-07-10,GDXJ,ALK AU,Alkane Resources Ltd,AU000000ALK9,,23136094.0,22823099.0,0.32,AUD,Materials,Australia,Stock,equity,web_csv
2026-07-10,GDXJ,BGL AU,Bellevue Gold Ltd,AU0000019374,,24892287.0,22676951.0,0.32,AUD,Materials,Australia,Stock,equity,web_csv
2026-07-10,GDXJ,KCN AU,Kingsgate Consolidated Ltd,AU000000KCN1,,6237726.0,21696049.0,0.31,AUD,Materials,Australia,Stock,equity,web_csv
2026-07-10,GDXJ,ORE CN,Orezone Gold Corp,CA68616T1093,,12624074.0,20697397.0,0.29,CAD,Materials,Canada,Stock,equity,web_csv
2026-07-10,GDXJ,DRD,Drdgold Ltd,US26152H3012,,972089.0,20511078.0,0.29,USD,Materials,South Africa,Stock,equity,web_csv
2026-07-10,GDXJ,6693 HK,Chifeng Jilong Gold Mining Co Ltd,CNE100006T51,,5013200.0,18244183.0,0.26,HKD,Materials,China,Stock,equity,web_csv
2026-07-10,GDXJ,340 HK,Tongguan Gold Group Ltd,BMG8919D1074,,59646000.0,14506399.0,0.2,HKD,Materials,China,Stock,equity,web_csv
2026-07-10,GDXJ,DC,Dakota Gold Corp,US46655E1001,,3140620.0,14132790.0,0.2,USD,Materials,Canada,Stock,equity,web_csv
2026-07-10,GDXJ,CNL CN,Collective Mining Ltd,CA19425C1005,,1040080.0,13178781.0,0.19,CAD,Materials,Canada,Stock,equity,web_csv
2026-07-10,GDXJ,KOZAA TI,Koza Anadolu Metal Madencilik Isletmele,TREKOZA00014,,4643583.0,12452897.0,0.18,TRY,Materials,Turkey,Stock,equity,web_csv
2026-07-10,GDXJ,MTA,Metalla Royalty & Streaming Ltd,CA59124U6051,,1726127.0,12324547.0,0.17,USD,Materials,Canada,Stock,equity,web_csv
2026-07-10,GDXJ,ODV,Osisko Development Corp,CA68828E8099,,4942858.0,12060574.0,0.17,USD,Materials,Canada,Stock,equity,web_csv
2026-07-10,GDXJ,CTGO,Contango Ore Inc,US21077F1003,,714469.0,11874475.0,0.17,USD,Materials,United States,Stock,equity,web_csv
2026-07-10,GDXJ,GROY,Gold Royalty Corp,CA38071H1064,,4490747.0,11765757.0,0.17,USD,Materials,Canada,Stock,equity,web_csv
2026-07-10,GDXJ,BC8 AU,Black Cat Syndicate Ltd,AU000000BC88,,15807374.0,10467665.0,0.15,AUD,Materials,Australia,Stock,equity,web_csv
2026-07-10,GDXJ,NFGC,New Found Gold Corp,CA64440N1033,,6894597.0,10341896.0,0.15,USD,Materials,Canada,Stock,equity,web_csv
2026-07-10,GDXJ,IDR,Idaho Strategic Resources Inc,US6458272050,,327404.0,10070947.0,0.14,USD,Materials,United States,Stock,equity,web_csv
2026-07-10,GDXJ,ITRG,Integra Resources Corp,CA45826T5098,,4287522.0,9475424.0,0.13,USD,Materials,Canada,Stock,equity,web_csv
2026-07-10,GDXJ,PNR AU,Pantoro Gold Ltd,AU000000PNR8,,5741948.0,8334800.0,0.12,AUD,Materials,Australia,Stock,equity,web_csv
2026-07-10,GDXJ,SBM AU,St Barbara Ltd,AU000000SBM8,,24126391.0,7898691.0,0.11,AUD,Materials,Australia,Stock,equity,web_csv
2026-07-10,GDXJ,LUNR CN,Lunr Royalties Corp,CA5504281067,,539423.0,7155203.0,0.1,CAD,,Canada,Stock,equity,web_csv
2026-07-10,GDXJ,GAU,Galiano Gold Inc,CA36352H1001,,3779688.0,7068017.0,0.1,USD,Materials,Canada,Stock,equity,web_csv
2026-07-10,GDXJ,DTR AU,Dateline Resources Ltd,AU000000DTR1,,71425952.0,6760999.0,0.1,AUD,Materials,Australia,Stock,equity,web_csv
2026-07-10,GDXJ,CMCL,Caledonia Mining Corp Plc,JE00BF0XVB15,,370899.0,6587166.0,0.09,USD,Materials,Jersey,Stock,equity,web_csv
2026-07-10,GDXJ,CNMC SP,Cnmc Goldmine Holdings Ltd,,,6667900.0,6302903.0,0.09,SGD,Materials,Singapore,Stock,equity,web_csv
2026-07-10,GDXJ,APM CN,Andean Precious Metals Corp,CA03349X1015,,1493326.0,6120837.0,0.09,CAD,Materials,Canada,Stock,equity,web_csv
2026-07-10,GDXJ,AMI AU,Aurelia Metals Ltd,AU000000AMI1,,29978418.0,5847659.0,0.08,AUD,Materials,Australia,Stock,equity,web_csv
2026-07-10,GDXJ,ASL AU,Andean Silver Ltd,AU0000343253,,3975608.0,5592306.0,0.08,AUD,Materials,Australia,Stock,equity,web_csv
2026-07-10,GDXJ,AZY AU,Antipa Minerals Ltd,AU000000AZY0,,12239199.0,5283284.0,0.07,AUD,Materials,Australia,Stock,equity,web_csv
2026-07-10,GDXJ,VOXR,Vox Royalty Corp,CA92919F1036,,1151982.0,5253038.0,0.07,USD,Materials,Australia,Stock,equity,web_csv
2026-07-10,GDXJ,MEK AU,Meeka Metals Ltd,AU0000192726,,65394309.0,5019141.0,0.07,AUD,Materials,Australia,Stock,equity,web_csv
2026-07-10,GDXJ,USAU,Us Gold Corp,US90291C2017,,321189.0,4814623.0,0.07,USD,Materials,United States,Stock,equity,web_csv
2026-07-10,GDXJ,GLDG,Goldmining Inc,CA38149E1016,,5340381.0,4712886.0,0.07,USD,Materials,Canada,Stock,equity,web_csv
2026-07-10,GDXJ,LUCA CN,Luca Mining Corp,CA54929M1068,,5963911.0,4298922.0,0.06,CAD,Materials,Mexico,Stock,equity,web_csv
2026-07-10,GDXJ,FDR CN,Founders Metals Inc,CA3505901056,,1476409.0,4225615.0,0.06,CAD,Materials,Canada,Stock,equity,web_csv
2026-07-10,GDXJ,8299 HK,Gt Gold Holdings Ltd,KYG4136P1303,,110664000.0,3962666.0,0.06,HKD,Materials,China,Stock,equity,web_csv
2026-07-10,GDXJ,WRLG CN,West Red Lake Gold Mines Ltd,CA95556L1013,,8334742.0,3946346.0,0.06,CAD,Materials,Canada,Stock,equity,web_csv
2026-07-10,GDXJ,ARCI IJ,Archi Indonesia Tbk Pt,ID1000161003,,63219100.0,3515693.0,0.05,IDR,Materials,Indonesia,Stock,equity,web_csv
2026-07-10,GDXJ,VGC CN,Valor Gold Corp,CA9199211066,,986937.0,2873524.0,0.04,CAD,,Canada,Stock,equity,web_csv
2026-07-10,GDXJ,FFX AU,Firefinch Ltd,AU0000114522,,54133739.0,2285994.0,0.03,AUD,Materials,Australia,Stock,equity,web_csv
2026-07-10,GDXJ,PSAB IJ,J Resources Asia Pasific Tbk Pt,ID1000094709,,65960100.0,1486626.0,0.02,IDR,Materials,Indonesia,Stock,equity,web_csv
2026-07-10,GDXJ,FMR CN,Future Mineral Resources Inc,CA3611551043,,168999.0,41800.0,0.0,CAD,Materials,Canada,Stock,equity,web_csv
2026-07-10,GDXJ,NIX CN,Archer Exploration Corp,CA66860Q1028,,179304.0,23442.0,0.0,CAD,Materials,Canada,Stock,equity,web_csv
2026-07-10,GDXJ,VGCX CN,Victoria Gold Corp/Vancouver,CA92625W5072,,1722275.0,1.0,0.0,CAD,Materials,Canada,Stock,equity,web_csv
2026-07-10,GDXJ,ASM AU,Australian Strategic Materials Ltd,AU0000094153,,1.0,1.0,0.0,AUD,Materials,Australia,Stock,equity,web_csv
2026-07-10,GDXJ,-USD CASH-,,CASH,,6121616.0,6121616.0,0.09,USD,,United States,Cash Bal,cash,web_csv
2026-07-10,GDXJ,-TRY CASH-,,CASH,,0.0,0.0,0.0,TRY,,Turkey,Cash Bal,cash,web_csv
2026-07-10,GDXJ,-MXN CASH-,,CASH,,-3639.0,-208.0,0.0,MXN,,Mexico,Cash Bal,cash,web_csv
2026-07-10,GDXJ,-GBP CASH-,,CASH,,582.0,780.0,0.0,GBP,,United Kingdom,Cash Bal,cash,web_csv
2026-07-10,GDXJ,-BRL CASH-,,CASH,,-672.0,-132.0,0.0,BRL,,Brazil,Cash Bal,cash,web_csv
2026-07-10,GDXJ,-AUD CASH-,,CASH,,79.0,55.0,0.0,AUD,,Australia,Cash Bal,cash,web_csv
2026-07-10,GDXJ,-CAD CASH-,,CASH,,-1668149.0,-1178863.0,-0.02,CAD,,Canada,Cash Bal,cash,web_csv
2026-07-10,GDXJ,,Other/Cash,CASH,,0.0,-494342.0,-0.01,USD,,,Cash,cash,web_csv
2026-07-13,GDXJ,EQX,Equinox Gold Corp,CA29446Y5020,,45623058.0,431137898.0,6.25,USD,Materials,Canada,Stock,equity,web_csv
2026-07-13,GDXJ,EVN AU,Evolution Mining Ltd,AU000000EVN4,,54421441.0,430380358.0,6.24,AUD,Materials,Australia,Stock,equity,web_csv
2026-07-13,GDXJ,AGI,Alamos Gold Inc,CA0115321089,,14492779.0,418261602.0,6.06,USD,Materials,Canada,Stock,equity,web_csv
2026-07-13,GDXJ,EDV LN,Endeavour Mining Plc,GB00BL6K5J42,,7681258.0,367319221.0,5.33,GBP,Materials,United Kingdom,Stock,equity,web_csv
2026-07-13,GDXJ,CDE,Coeur Mining Inc,US1921085049,,22253845.0,346937444.0,5.03,USD,Materials,United States,Stock,equity,web_csv
2026-07-13,GDXJ,PE&OLES* MF,Industrias Penoles Sab De Cv,MXP554091415,,4656863.0,204677327.0,2.97,MXN,Materials,Mexico,Stock,equity,web_csv
2026-07-13,GDXJ,AG,First Majestic Silver Corp,CA32076V1031,,11317130.0,185600932.0,2.69,USD,Materials,Canada,Stock,equity,web_csv
2026-07-13,GDXJ,HL,Hecla Mining Co,US4227041062,,12037294.0,183568734.0,2.66,USD,Materials,United States,Stock,equity,web_csv
2026-07-13,GDXJ,IAG,Iamgold Corp,CA4509131088,,11676467.0,173045241.0,2.51,USD,Materials,Burkina Faso,Stock,equity,web_csv
2026-07-13,GDXJ,EGO,Eldorado Gold Corp,CA2849025093,,5660291.0,164940880.0,2.39,USD,Materials,Turkey,Stock,equity,web_csv
2026-07-13,GDXJ,HMY,Harmony Gold Mining Co Ltd,US4132163001,,9537557.0,142967979.0,2.07,USD,Materials,South Africa,Stock,equity,web_csv
2026-07-13,GDXJ,LUG CN,Lundin Gold Inc,CA5503711080,,2531940.0,137283992.0,1.99,CAD,Materials,Canada,Stock,equity,web_csv
2026-07-13,GDXJ,DPM CN,Dundee Precious Metals Inc,CA26139R1091,,3808844.0,126566507.0,1.84,CAD,Materials,Canada,Stock,equity,web_csv
2026-07-13,GDXJ,OGC CN,Oceanagold Corp,CA6752224007,,5076743.0,122503704.0,1.78,CAD,Materials,Canada,Stock,equity,web_csv
2026-07-13,GDXJ,SSRM,Ssr Mining Inc,CA7847301032,,3987190.0,111202729.0,1.61,USD,Materials,Canada,Stock,equity,web_csv
2026-07-13,GDXJ,GMIN CN,G Mining Ventures Corp,CA36270K1021,,4028406.0,110422300.0,1.6,CAD,Materials,Canada,Stock,equity,web_csv
2026-07-13,GDXJ,BTG,B2gold Corp,CA11777Q2099,,28921173.0,109322034.0,1.59,USD,Materials,Canada,Stock,equity,web_csv
2026-07-13,GDXJ,BVN,Cia De Minas Buenaventura Saa,US2044481040,,3614899.0,107796288.0,1.56,USD,Materials,Peru,Stock,equity,web_csv
2026-07-13,GDXJ,DSV CN,Discovery Silver Corp,CA25466C1077,,16765003.0,96128517.0,1.39,CAD,Materials,Canada,Stock,equity,web_csv
2026-07-13,GDXJ,1818 HK,Zhaojin Mining Industry Co Ltd,CNE1000004R6,,40991700.0,94519514.0,1.37,HKD,Materials,China,Stock,equity,web_csv
2026-07-13,GDXJ,OR,Or Royalties Inc,CA68390D1069,,3085440.0,88644691.0,1.29,USD,Materials,Canada,Stock,equity,web_csv
2026-07-13,GDXJ,PRU AU,Perseus Mining Ltd,AU000000PRU3,,24698910.0,82748263.0,1.2,AUD,Materials,Australia,Stock,equity,web_csv
2026-07-13,GDXJ,GGP AU,Greatland Resources Ltd,AU0000397705,,11101174.0,81657140.0,1.18,AUD,Materials,Australia,Stock,equity,web_csv
2026-07-13,GDXJ,MAU CN,Montage Gold Corp,CA61178L1013,,7124815.0,77726170.0,1.13,CAD,Materials,Côte D'Ivoire,Stock,equity,web_csv
2026-07-13,GDXJ,RMS AU,Ramelius Resources Ltd,AU000000RMS4,,37375898.0,76309625.0,1.11,AUD,Materials,Australia,Stock,equity,web_csv
2026-07-13,GDXJ,ARTG CN,Artemis Gold Inc,CA04302L1004,,3426565.0,76240102.0,1.11,CAD,Materials,Canada,Stock,equity,web_csv
2026-07-13,GDXJ,GMD AU,Genesis Minerals Ltd,AU000000GMD9,,18224734.0,74213819.0,1.08,AUD,Materials,Australia,Stock,equity,web_csv
2026-07-13,GDXJ,KNT CN,K92 Mining Inc,CA4991131083,,4765417.0,71831653.0,1.04,CAD,Materials,Canada,Stock,equity,web_csv
2026-07-13,GDXJ,CMM AU,Capricorn Metals Ltd,AU000000CMM9,,7856937.0,68856734.0,1.0,AUD,Materials,Australia,Stock,equity,web_csv
2026-07-13,GDXJ,ARMN,Aris Mining Corp,CA04040Y1097,,4790463.0,67976670.0,0.99,USD,Materials,Colombia,Stock,equity,web_csv
2026-07-13,GDXJ,VAU AU,Vault Minerals Ltd,AU0000427775,,19859367.0,67541881.0,0.98,AUD,Materials,Australia,Stock,equity,web_csv
2026-07-13,GDXJ,TXG CN,Torex Gold Resources Inc,CA8910546032,,1722902.0,64925535.0,0.94,CAD,Materials,Canada,Stock,equity,web_csv
2026-07-13,GDXJ,RRL AU,Regis Resources Ltd,AU000000RRL8,,13961067.0,62473669.0,0.91,AUD,Materials,Australia,Stock,equity,web_csv
2026-07-13,GDXJ,SKE,Skeena Resources Ltd,CA83056P7157,,2368605.0,61702160.0,0.89,USD,Materials,Canada,Stock,equity,web_csv
2026-07-13,GDXJ,AYA CN,Aya Gold & Silver Inc,CA05466C1095,,3213655.0,61482964.0,0.89,CAD,Materials,Canada,Stock,equity,web_csv
2026-07-13,GDXJ,CGAU,Centerra Gold Inc,CA1520061021,,3868947.0,61400189.0,0.89,USD,Materials,Canada,Stock,equity,web_csv
2026-07-13,GDXJ,WDO CN,Wesdome Gold Mines Ltd/Canada,CA95083R1001,,3327430.0,61260094.0,0.89,CAD,Materials,Canada,Stock,equity,web_csv
2026-07-13,GDXJ,FSM,Fortuna Silver Mines Inc,CA3499421020,,6607970.0,55308709.0,0.8,USD,Materials,Canada,Stock,equity,web_csv
2026-07-13,GDXJ,ORLA,Orla Mining Ltd,CA68634K1066,,5615686.0,52955919.0,0.77,USD,Materials,Mexico,Stock,equity,web_csv
2026-07-13,GDXJ,BRMS IJ,Bumi Resources Minerals Tbk Pt,ID1000117609,,1802258300.0,52489507.0,0.76,IDR,Materials,Indonesia,Stock,equity,web_csv
2026-07-13,GDXJ,SA,Seabridge Gold Inc,CA8119271028,,2066845.0,51567783.0,0.75,USD,Materials,Canada,Stock,equity,web_csv
2026-07-13,GDXJ,AUGO,Aura Minerals Inc,VGG069731120,,961837.0,51467898.0,0.75,USD,Materials,United States,Stock,equity,web_csv
2026-07-13,GDXJ,WGX AU,Westgold Resources Ltd,AU000000WGX6,,15554716.0,50272023.0,0.73,AUD,Materials,Australia,Stock,equity,web_csv
2026-07-13,GDXJ,EXK,Endeavour Silver Corp,CA29258Y1034,,6356106.0,49831871.0,0.72,USD,Materials,Canada,Stock,equity,web_csv
2026-07-13,GDXJ,TFPM,Triple Flag Precious Metals Corp,CA89679M1041,,1804555.0,49787672.0,0.72,USD,Materials,Canada,Stock,equity,web_csv
2026-07-13,GDXJ,SVM,Silvercorp Metals Inc,CA82835P1036,,5081413.0,46850628.0,0.68,USD,Materials,Canada,Stock,equity,web_csv
2026-07-13,GDXJ,HOC LN,Hochschild Mining Plc,GB00B1FW5029,,7309970.0,43339777.0,0.63,GBP,Materials,Peru,Stock,equity,web_csv
2026-07-13,GDXJ,EMAS IJ,Merdeka Gold Resources Tbk Pt,ID1000211600,,135984100.0,42888169.0,0.62,IDR,Materials,Indonesia,Stock,equity,web_csv
2026-07-13,GDXJ,3939 HK,Wanguo Gold Group Ltd,KYG9430L1150,,35201000.0,42425398.0,0.62,HKD,Materials,China,Stock,equity,web_csv
2026-07-13,GDXJ,AAUC,Allied Gold Corp,CA01921D2041,,1853607.0,41632013.0,0.6,USD,Materials,Canada,Stock,equity,web_csv
2026-07-13,GDXJ,EMR AU,Emerald Resources Nl,AU000000EMR4,,11371080.0,40800105.0,0.59,AUD,Materials,Australia,Stock,equity,web_csv
2026-07-13,GDXJ,PPTA,Perpetua Resources Corp,CA7142661031,,2120024.0,39559648.0,0.57,USD,Materials,United States,Stock,equity,web_csv
2026-07-13,GDXJ,NG,Novagold Resources Inc,CA66987E2069,,6456790.0,37707654.0,0.55,USD,Materials,Canada,Stock,equity,web_csv
2026-07-13,GDXJ,SXGC CN,Southern Cross Gold Consolidated Ltd,CA8426851090,,5961155.0,36119272.0,0.52,CAD,Materials,Canada,Stock,equity,web_csv
2026-07-13,GDXJ,PAF LN,Pan African Resources Plc,GB0004300496,,28359662.0,35137294.0,0.51,GBP,Materials,United Kingdom,Stock,equity,web_csv
2026-07-13,GDXJ,ABRA CN,Abrasilver Resource Corp,CA00379L3048,,3293421.0,34252137.0,0.5,CAD,Materials,Canada,Stock,equity,web_csv
2026-07-13,GDXJ,PDI AU,Predictive Discovery Ltd,AU000000PDI8,,71959325.0,33241217.0,0.48,AUD,Materials,Australia,Stock,equity,web_csv
2026-07-13,GDXJ,WAF AU,West African Resources Ltd,AU000000WAF6,,16559907.0,32574632.0,0.47,AUD,Materials,Australia,Stock,equity,web_csv
2026-07-13,GDXJ,SGD CN,Snowline Gold Corp,CA83342V1040,,3067929.0,28501546.0,0.41,CAD,Materials,Canada,Stock,equity,web_csv
2026-07-13,GDXJ,HYMC,Hycroft Mining Holding Corp,US44862P2083,,1345124.0,27480883.0,0.4,USD,Materials,United States,Stock,equity,web_csv
2026-07-13,GDXJ,OBM AU,Ora Banda Mining Ltd,AU0000050130,,34113196.0,26329546.0,0.38,AUD,Materials,Australia,Stock,equity,web_csv
2026-07-13,GDXJ,USAS,Americas Gold & Silver Corp,CA03062D8035,,6496206.0,26244672.0,0.38,USD,Materials,Canada,Stock,equity,web_csv
2026-07-13,GDXJ,KOZAL TI,Koza Altin Isletmeleri As,TREKOAL00014,,23949739.0,26185420.0,0.38,TRY,Materials,Turkey,Stock,equity,web_csv
2026-07-13,GDXJ,VZLA,Vizsla Silver Corp,CA92859G6085,,8233146.0,24864101.0,0.36,USD,Materials,Canada,Stock,equity,web_csv
2026-07-13,GDXJ,IAUX,I-80 Gold Corp,CA44955L1067,,18035760.0,24167918.0,0.35,USD,Materials,United States,Stock,equity,web_csv
2026-07-13,GDXJ,ASM,Avino Silver & Gold Mines Ltd,CA0539061030,,4206394.0,24144702.0,0.35,USD,Materials,Mexico,Stock,equity,web_csv
2026-07-13,GDXJ,RSG AU,Resolute Mining Ltd,AU000000RSG6,,37275184.0,23615295.0,0.34,AUD,Materials,Australia,Stock,equity,web_csv
2026-07-13,GDXJ,CYL AU,Catalyst Metals Ltd,AU000000CYL6,,5854352.0,23412759.0,0.34,AUD,Materials,Australia,Stock,equity,web_csv
2026-07-13,GDXJ,GGD CN,Gogold Resources Inc,CA38045Y1025,,10805119.0,23300066.0,0.34,CAD,Materials,United States,Stock,equity,web_csv
2026-07-13,GDXJ,GTWO CN,G2 Goldfields Inc,CA36256R1055,,3673592.0,23141760.0,0.34,CAD,Materials,Canada,Stock,equity,web_csv
2026-07-13,GDXJ,MUX,Mcewen Mining Inc,US58039P3055,,1281897.0,22394741.0,0.32,USD,Materials,Canada,Stock,equity,web_csv
2026-07-13,GDXJ,ALK AU,Alkane Resources Ltd,AU000000ALK9,,23136094.0,22183910.0,0.32,AUD,Materials,Australia,Stock,equity,web_csv
2026-07-13,GDXJ,BGL AU,Bellevue Gold Ltd,AU0000019374,,24892287.0,21760331.0,0.32,AUD,Materials,Australia,Stock,equity,web_csv
2026-07-13,GDXJ,ORE CN,Orezone Gold Corp,CA68616T1093,,12624074.0,20349893.0,0.3,CAD,Materials,Canada,Stock,equity,web_csv
2026-07-13,GDXJ,DRD,Drdgold Ltd,US26152H3012,,972089.0,20287497.0,0.29,USD,Materials,South Africa,Stock,equity,web_csv
2026-07-13,GDXJ,KCN AU,Kingsgate Consolidated Ltd,AU000000KCN1,,6237726.0,18787038.0,0.27,AUD,Materials,Australia,Stock,equity,web_csv
2026-07-13,GDXJ,6693 HK,Chifeng Jilong Gold Mining Co Ltd,CNE100006T51,,5013200.0,17704149.0,0.26,HKD,Materials,China,Stock,equity,web_csv
2026-07-13,GDXJ,340 HK,Tongguan Gold Group Ltd,BMG8919D1074,,59646000.0,14114687.0,0.2,HKD,Materials,China,Stock,equity,web_csv
2026-07-13,GDXJ,DC,Dakota Gold Corp,US46655E1001,,3140620.0,13630291.0,0.2,USD,Materials,Canada,Stock,equity,web_csv
2026-07-13,GDXJ,CNL CN,Collective Mining Ltd,CA19425C1005,,1040080.0,12853930.0,0.19,CAD,Materials,Canada,Stock,equity,web_csv
2026-07-13,GDXJ,MTA,Metalla Royalty & Streaming Ltd,CA59124U6051,,1726127.0,12100150.0,0.18,USD,Materials,Canada,Stock,equity,web_csv
2026-07-13,GDXJ,KOZAA TI,Koza Anadolu Metal Madencilik Isletmele,TREKOZA00014,,4643583.0,11732844.0,0.17,TRY,Materials,Turkey,Stock,equity,web_csv
2026-07-13,GDXJ,ODV,Osisko Development Corp,CA68828E8099,,4942858.0,11615716.0,0.17,USD,Materials,Canada,Stock,equity,web_csv
2026-07-13,GDXJ,CTGO,Contango Ore Inc,US21077F1003,,714469.0,11610121.0,0.17,USD,Materials,United States,Stock,equity,web_csv
2026-07-13,GDXJ,GROY,Gold Royalty Corp,CA38071H1064,,4490747.0,11496312.0,0.17,USD,Materials,Canada,Stock,equity,web_csv
2026-07-13,GDXJ,BC8 AU,Black Cat Syndicate Ltd,AU000000BC88,,15807374.0,9958334.0,0.14,AUD,Materials,Australia,Stock,equity,web_csv
2026-07-13,GDXJ,NFGC,New Found Gold Corp,CA64440N1033,,6894597.0,9859274.0,0.14,USD,Materials,Canada,Stock,equity,web_csv
2026-07-13,GDXJ,IDR,Idaho Strategic Resources Inc,US6458272050,,327404.0,9720625.0,0.14,USD,Materials,United States,Stock,equity,web_csv
2026-07-13,GDXJ,ITRG,Integra Resources Corp,CA45826T5098,,4287522.0,9175297.0,0.13,USD,Materials,Canada,Stock,equity,web_csv
2026-07-13,GDXJ,DTR AU,Dateline Resources Ltd,AU000000DTR1,,71425952.0,8902728.0,0.13,AUD,Materials,Australia,Stock,equity,web_csv
2026-07-13,GDXJ,PNR AU,Pantoro Gold Ltd,AU000000PNR8,,5741948.0,8073154.0,0.12,AUD,Materials,Australia,Stock,equity,web_csv
2026-07-13,GDXJ,SBM AU,St Barbara Ltd,AU000000SBM8,,24126391.0,7437052.0,0.11,AUD,Materials,Australia,Stock,equity,web_csv
2026-07-13,GDXJ,GAU,Galiano Gold Inc,CA36352H1001,,3779688.0,6803438.0,0.1,USD,Materials,Canada,Stock,equity,web_csv
2026-07-13,GDXJ,CMCL,Caledonia Mining Corp Plc,JE00BF0XVB15,,370899.0,6427680.0,0.09,USD,Materials,Jersey,Stock,equity,web_csv
2026-07-13,GDXJ,APM CN,Andean Precious Metals Corp,CA03349X1015,,1493326.0,6239788.0,0.09,CAD,Materials,Canada,Stock,equity,web_csv
2026-07-13,GDXJ,CNMC SP,Cnmc Goldmine Holdings Ltd,,,6667900.0,6094783.0,0.09,SGD,Materials,Singapore,Stock,equity,web_csv
2026-07-13,GDXJ,AMI AU,Aurelia Metals Ltd,AU000000AMI1,,29978418.0,5704910.0,0.08,AUD,Materials,Australia,Stock,equity,web_csv
2026-07-13,GDXJ,ASL AU,Andean Silver Ltd,AU0000343253,,3975608.0,5277451.0,0.08,AUD,Materials,Australia,Stock,equity,web_csv
2026-07-13,GDXJ,AZY AU,Antipa Minerals Ltd,AU000000AZY0,,12239199.0,5169614.0,0.08,AUD,Materials,Australia,Stock,equity,web_csv
2026-07-13,GDXJ,VOXR,Vox Royalty Corp,CA92919F1036,,1151982.0,5160879.0,0.07,USD,Materials,Australia,Stock,equity,web_csv
2026-07-13,GDXJ,MEK AU,Meeka Metals Ltd,AU0000192726,,65394309.0,4756136.0,0.07,AUD,Materials,Australia,Stock,equity,web_csv
2026-07-13,GDXJ,USAU,Us Gold Corp,US90291C2017,,321189.0,4750385.0,0.07,USD,Materials,United States,Stock,equity,web_csv
2026-07-13,GDXJ,GLDG,Goldmining Inc,CA38149E1016,,5340381.0,4507816.0,0.07,USD,Materials,Canada,Stock,equity,web_csv
2026-07-13,GDXJ,FDR CN,Founders Metals Inc,CA3505901056,,1476409.0,4237995.0,0.06,CAD,Materials,Canada,Stock,equity,web_csv
2026-07-13,GDXJ,LUCA CN,Luca Mining Corp,CA54929M1068,,5963911.0,4132235.0,0.06,CAD,Materials,Mexico,Stock,equity,web_csv
2026-07-13,GDXJ,8299 HK,Gt Gold Holdings Ltd,KYG4136P1303,,110664000.0,3874069.0,0.06,HKD,Materials,China,Stock,equity,web_csv
2026-07-13,GDXJ,WRLG CN,West Red Lake Gold Mines Ltd,CA95556L1013,,8334742.0,3830304.0,0.06,CAD,Materials,Canada,Stock,equity,web_csv
2026-07-13,GDXJ,ARCI IJ,Archi Indonesia Tbk Pt,ID1000161003,,63219100.0,3506182.0,0.05,IDR,Materials,Indonesia,Stock,equity,web_csv
2026-07-13,GDXJ,VGC CN,Valor Gold Corp,CA9199211066,,986937.0,2728311.0,0.04,CAD,,Canada,Stock,equity,web_csv
2026-07-13,GDXJ,FFX AU,Firefinch Ltd,AU0000114522,,54133739.0,2331343.0,0.03,AUD,Materials,Australia,Stock,equity,web_csv
2026-07-13,GDXJ,PSAB IJ,J Resources Asia Pasific Tbk Pt,ID1000094709,,65960100.0,1487695.0,0.02,IDR,Materials,Indonesia,Stock,equity,web_csv
2026-07-13,GDXJ,FMR CN,Future Mineral Resources Inc,CA3611551043,,168999.0,35845.0,0.0,CAD,Materials,Canada,Stock,equity,web_csv
2026-07-13,GDXJ,NIX CN,Archer Exploration Corp,CA66860Q1028,,179304.0,23453.0,0.0,CAD,Materials,Canada,Stock,equity,web_csv
2026-07-13,GDXJ,VGCX CN,Victoria Gold Corp/Vancouver,CA92625W5072,,1722275.0,1.0,0.0,CAD,Materials,Canada,Stock,equity,web_csv
2026-07-13,GDXJ,ASM AU,Australian Strategic Materials Ltd,AU0000094153,,1.0,1.0,0.0,AUD,Materials,Australia,Stock,equity,web_csv
2026-07-13,GDXJ,-USD CASH-,,CASH,,13080179.0,13080179.0,0.19,USD,,United States,Cash Bal,cash,web_csv
2026-07-13,GDXJ,-TRY CASH-,,CASH,,0.0,0.0,0.0,TRY,,Turkey,Cash Bal,cash,web_csv
2026-07-13,GDXJ,-MXN CASH-,,CASH,,-3639.0,-208.0,0.0,MXN,,Mexico,Cash Bal,cash,web_csv
2026-07-13,GDXJ,-GBP CASH-,,CASH,,582.0,778.0,0.0,GBP,,United Kingdom,Cash Bal,cash,web_csv
2026-07-13,GDXJ,-BRL CASH-,,CASH,,-672.0,-131.0,0.0,BRL,,Brazil,Cash Bal,cash,web_csv
2026-07-13,GDXJ,-AUD CASH-,,CASH,,79.0,54.0,0.0,AUD,,Australia,Cash Bal,cash,web_csv
2026-07-13,GDXJ,-CAD CASH-,,CASH,,-1668149.0,-1179404.0,-0.02,CAD,,Canada,Cash Bal,cash,web_csv
2026-07-13,GDXJ,,Other/Cash,CASH,,0.0,-773352.0,-0.01,USD,,,Cash,cash,web_csv
2026-07-14,GDXJ,EVN AU,Evolution Mining Ltd,AU000000EVN4,,54649039.0,449008517.0,6.35,AUD,Materials,Australia,Stock,equity,web_csv
2026-07-14,GDXJ,EQX,Equinox Gold Corp,CA29446Y5020,,45813966.0,435232677.0,6.16,USD,Materials,Canada,Stock,equity,web_csv
2026-07-14,GDXJ,AGI,Alamos Gold Inc,CA0115321089,,14553379.0,427432741.0,6.05,USD,Materials,Canada,Stock,equity,web_csv
2026-07-14,GDXJ,EDV LN,Endeavour Mining Plc,GB00BL6K5J42,,7713364.0,369946539.0,5.24,GBP,Materials,United Kingdom,Stock,equity,web_csv
2026-07-14,GDXJ,CDE,Coeur Mining Inc,US1921085049,,22346569.0,357545104.0,5.06,USD,Materials,United States,Stock,equity,web_csv
2026-07-14,GDXJ,PE&OLES* MF,Industrias Penoles Sab De Cv,MXP554091415,,4676333.0,210143164.0,2.97,MXN,Materials,Mexico,Stock,equity,web_csv
2026-07-14,GDXJ,AG,First Majestic Silver Corp,CA32076V1031,,11364434.0,192399868.0,2.72,USD,Materials,Canada,Stock,equity,web_csv
2026-07-14,GDXJ,HL,Hecla Mining Co,US4227041062,,12087664.0,187358792.0,2.65,USD,Materials,United States,Stock,equity,web_csv
2026-07-14,GDXJ,IAG,Iamgold Corp,CA4509131088,,11725301.0,175762262.0,2.49,USD,Materials,Burkina Faso,Stock,equity,web_csv
2026-07-14,GDXJ,EGO,Eldorado Gold Corp,CA2849025093,,5683973.0,167563524.0,2.37,USD,Materials,Turkey,Stock,equity,web_csv
2026-07-14,GDXJ,HMY,Harmony Gold Mining Co Ltd,US4132163001,,9577409.0,145959713.0,2.07,USD,Materials,South Africa,Stock,equity,web_csv
2026-07-14,GDXJ,LUG CN,Lundin Gold Inc,CA5503711080,,2542536.0,139122795.0,1.97,CAD,Materials,Canada,Stock,equity,web_csv
2026-07-14,GDXJ,DPM CN,Dundee Precious Metals Inc,CA26139R1091,,3824780.0,130000347.0,1.84,CAD,Materials,Canada,Stock,equity,web_csv
2026-07-14,GDXJ,OGC CN,Oceanagold Corp,CA6752224007,,5097983.0,120908236.0,1.71,CAD,Materials,Canada,Stock,equity,web_csv
2026-07-14,GDXJ,GMIN CN,G Mining Ventures Corp,CA36270K1021,,4045266.0,115796908.0,1.64,CAD,Materials,Canada,Stock,equity,web_csv
2026-07-14,GDXJ,BVN,Cia De Minas Buenaventura Saa,US2044481040,,3629983.0,112638372.0,1.59,USD,Materials,Peru,Stock,equity,web_csv
2026-07-14,GDXJ,SSRM,Ssr Mining Inc,CA7847301032,,4003852.0,111347124.0,1.58,USD,Materials,Canada,Stock,equity,web_csv
2026-07-14,GDXJ,BTG,B2gold Corp,CA11777Q2099,,29042079.0,110069479.0,1.56,USD,Materials,Canada,Stock,equity,web_csv
2026-07-14,GDXJ,DSV CN,Discovery Silver Corp,CA25466C1077,,16835191.0,97124950.0,1.37,CAD,Materials,Canada,Stock,equity,web_csv
2026-07-14,GDXJ,1818 HK,Zhaojin Mining Industry Co Ltd,CNE1000004R6,,41162700.0,96363498.0,1.36,HKD,Materials,China,Stock,equity,web_csv
2026-07-14,GDXJ,OR,Or Royalties Inc,CA68390D1069,,3098346.0,89542199.0,1.27,USD,Materials,Canada,Stock,equity,web_csv
2026-07-14,GDXJ,ARTG CN,Artemis Gold Inc,CA04302L1004,,3440905.0,84446895.0,1.2,CAD,Materials,Canada,Stock,equity,web_csv
2026-07-14,GDXJ,GGP AU,Greatland Resources Ltd,AU0000397705,,11147614.0,83605520.0,1.18,AUD,Materials,Australia,Stock,equity,web_csv
2026-07-14,GDXJ,PRU AU,Perseus Mining Ltd,AU000000PRU3,,24802326.0,83598708.0,1.18,AUD,Materials,Australia,Stock,equity,web_csv
2026-07-14,GDXJ,MAU CN,Montage Gold Corp,CA61178L1013,,7154647.0,81738311.0,1.16,CAD,Materials,Côte D'Ivoire,Stock,equity,web_csv
2026-07-14,GDXJ,RMS AU,Ramelius Resources Ltd,AU000000RMS4,,37532162.0,78249108.0,1.11,AUD,Materials,Australia,Stock,equity,web_csv
2026-07-14,GDXJ,GMD AU,Genesis Minerals Ltd,AU000000GMD9,,18300988.0,76964286.0,1.09,AUD,Materials,Australia,Stock,equity,web_csv
2026-07-14,GDXJ,KNT CN,K92 Mining Inc,CA4991131083,,4785361.0,73461206.0,1.04,CAD,Materials,Canada,Stock,equity,web_csv
2026-07-14,GDXJ,CMM AU,Capricorn Metals Ltd,AU000000CMM9,,7889811.0,70893232.0,1.0,AUD,Materials,Australia,Stock,equity,web_csv
2026-07-14,GDXJ,ARMN,Aris Mining Corp,CA04040Y1097,,4810485.0,69896347.0,0.99,USD,Materials,Colombia,Stock,equity,web_csv
2026-07-14,GDXJ,VAU AU,Vault Minerals Ltd,AU0000427775,,19942455.0,69403785.0,0.98,AUD,Materials,Australia,Stock,equity,web_csv
2026-07-14,GDXJ,TXG CN,Torex Gold Resources Inc,CA8910546032,,1730108.0,67678207.0,0.96,CAD,Materials,Canada,Stock,equity,web_csv
2026-07-14,GDXJ,AYA CN,Aya Gold & Silver Inc,CA05466C1095,,3227113.0,64599651.0,0.91,CAD,Materials,Canada,Stock,equity,web_csv
2026-07-14,GDXJ,RRL AU,Regis Resources Ltd,AU000000RRL8,,14019513.0,64369824.0,0.91,AUD,Materials,Australia,Stock,equity,web_csv
2026-07-14,GDXJ,SKE,Skeena Resources Ltd,CA83056P7157,,2378511.0,64100871.0,0.91,USD,Materials,Canada,Stock,equity,web_csv
2026-07-14,GDXJ,CGAU,Centerra Gold Inc,CA1520061021,,3885099.0,62239286.0,0.88,USD,Materials,Canada,Stock,equity,web_csv
2026-07-14,GDXJ,WDO CN,Wesdome Gold Mines Ltd/Canada,CA95083R1001,,3341350.0,58995061.0,0.83,CAD,Materials,Canada,Stock,equity,web_csv
2026-07-14,GDXJ,BRMS IJ,Bumi Resources Minerals Tbk Pt,ID1000117609,,1809800300.0,57624317.0,0.82,IDR,Materials,Indonesia,Stock,equity,web_csv
2026-07-14,GDXJ,FSM,Fortuna Silver Mines Inc,CA3499421020,,6635606.0,56469007.0,0.8,USD,Materials,Canada,Stock,equity,web_csv
2026-07-14,GDXJ,AUGO,Aura Minerals Inc,VGG069731120,,965857.0,55121459.0,0.78,USD,Materials,United States,Stock,equity,web_csv
2026-07-14,GDXJ,SA,Seabridge Gold Inc,CA8119271028,,2075491.0,53651442.0,0.76,USD,Materials,Canada,Stock,equity,web_csv
2026-07-14,GDXJ,ORLA,Orla Mining Ltd,CA68634K1066,,5639140.0,53515439.0,0.76,USD,Materials,Mexico,Stock,equity,web_csv
2026-07-14,GDXJ,WGX AU,Westgold Resources Ltd,AU000000WGX6,,15619756.0,51666779.0,0.73,AUD,Materials,Australia,Stock,equity,web_csv
2026-07-14,GDXJ,EXK,Endeavour Silver Corp,CA29258Y1034,,6382650.0,51571812.0,0.73,USD,Materials,Canada,Stock,equity,web_csv
2026-07-14,GDXJ,TFPM,Triple Flag Precious Metals Corp,CA89679M1041,,1812097.0,50521264.0,0.72,USD,Materials,Canada,Stock,equity,web_csv
2026-07-14,GDXJ,SVM,Silvercorp Metals Inc,CA82835P1036,,5102635.0,47862716.0,0.68,USD,Materials,Canada,Stock,equity,web_csv
2026-07-14,GDXJ,HOC LN,Hochschild Mining Plc,GB00B1FW5029,,7340558.0,45023474.0,0.64,GBP,Materials,Peru,Stock,equity,web_csv
2026-07-14,GDXJ,3939 HK,Wanguo Gold Group Ltd,KYG9430L1150,,35348000.0,44185586.0,0.63,HKD,Materials,China,Stock,equity,web_csv
2026-07-14,GDXJ,EMAS IJ,Merdeka Gold Resources Tbk Pt,ID1000211600,,136552300.0,43384134.0,0.61,IDR,Materials,Indonesia,Stock,equity,web_csv
2026-07-14,GDXJ,EMR AU,Emerald Resources Nl,AU000000EMR4,,11418636.0,43128398.0,0.61,AUD,Materials,Australia,Stock,equity,web_csv
2026-07-14,GDXJ,AAUC,Allied Gold Corp,CA01921D2041,,1861353.0,42066578.0,0.6,USD,Materials,Canada,Stock,equity,web_csv
2026-07-14,GDXJ,PPTA,Perpetua Resources Corp,CA7142661031,,2128886.0,40427545.0,0.57,USD,Materials,United States,Stock,equity,web_csv
2026-07-14,GDXJ,NG,Novagold Resources Inc,CA66987E2069,,6483790.0,38254361.0,0.54,USD,Materials,Canada,Stock,equity,web_csv
2026-07-14,GDXJ,SXGC CN,Southern Cross Gold Consolidated Ltd,CA8426851090,,5986103.0,37473026.0,0.53,CAD,Materials,Canada,Stock,equity,web_csv
2026-07-14,GDXJ,PAF LN,Pan African Resources Plc,GB0004300496,,28478072.0,35429497.0,0.5,GBP,Materials,United Kingdom,Stock,equity,web_csv
2026-07-14,GDXJ,ABRA CN,Abrasilver Resource Corp,CA00379L3048,,3307185.0,34795139.0,0.49,CAD,Materials,Canada,Stock,equity,web_csv
2026-07-14,GDXJ,PDI AU,Predictive Discovery Ltd,AU000000PDI8,,72260405.0,33805376.0,0.48,AUD,Materials,Australia,Stock,equity,web_csv
2026-07-14,GDXJ,WAF AU,West African Resources Ltd,AU000000WAF6,,16629087.0,32850978.0,0.46,AUD,Materials,Australia,Stock,equity,web_csv
2026-07-14,GDXJ,SGD CN,Snowline Gold Corp,CA83342V1040,,3080769.0,29783141.0,0.42,CAD,Materials,Canada,Stock,equity,web_csv
2026-07-14,GDXJ,HYMC,Hycroft Mining Holding Corp,US44862P2083,,1350746.0,29527308.0,0.42,USD,Materials,United States,Stock,equity,web_csv
2026-07-14,GDXJ,USAS,Americas Gold & Silver Corp,CA03062D8035,,6523362.0,27398120.0,0.39,USD,Materials,Canada,Stock,equity,web_csv
2026-07-14,GDXJ,OBM AU,Ora Banda Mining Ltd,AU0000050130,,34255930.0,26843279.0,0.38,AUD,Materials,Australia,Stock,equity,web_csv
2026-07-14,GDXJ,VZLA,Vizsla Silver Corp,CA92859G6085,,8267562.0,26456198.0,0.37,USD,Materials,Canada,Stock,equity,web_csv
2026-07-14,GDXJ,KOZAL TI,Koza Altin Isletmeleri As,TREKOAL00014,,24049945.0,25885730.0,0.37,TRY,Materials,Turkey,Stock,equity,web_csv
2026-07-14,GDXJ,ASM,Avino Silver & Gold Mines Ltd,CA0539061030,,4223974.0,25259365.0,0.36,USD,Materials,Mexico,Stock,equity,web_csv
2026-07-14,GDXJ,IAUX,I-80 Gold Corp,CA44955L1067,,18111156.0,24631172.0,0.35,USD,Materials,United States,Stock,equity,web_csv
2026-07-14,GDXJ,GGD CN,Gogold Resources Inc,CA38045Y1025,,10850329.0,24313382.0,0.34,CAD,Materials,United States,Stock,equity,web_csv
2026-07-14,GDXJ,RSG AU,Resolute Mining Ltd,AU000000RSG6,,37431238.0,24279209.0,0.34,AUD,Materials,Australia,Stock,equity,web_csv
2026-07-14,GDXJ,GTWO CN,G2 Goldfields Inc,CA36256R1055,,3688958.0,24090083.0,0.34,CAD,Materials,Canada,Stock,equity,web_csv
2026-07-14,GDXJ,CYL AU,Catalyst Metals Ltd,AU000000CYL6,,5878844.0,23618319.0,0.33,AUD,Materials,Australia,Stock,equity,web_csv
2026-07-14,GDXJ,BGL AU,Bellevue Gold Ltd,AU0000019374,,24996453.0,23194667.0,0.33,AUD,Materials,Australia,Stock,equity,web_csv
2026-07-14,GDXJ,MUX,Mcewen Mining Inc,US58039P3055,,1287255.0,22977502.0,0.33,USD,Materials,Canada,Stock,equity,web_csv
2026-07-14,GDXJ,ALK AU,Alkane Resources Ltd,AU000000ALK9,,23232988.0,22881683.0,0.32,AUD,Materials,Australia,Stock,equity,web_csv
2026-07-14,GDXJ,ORE CN,Orezone Gold Corp,CA68616T1093,,12676946.0,20831403.0,0.29,CAD,Materials,Canada,Stock,equity,web_csv
2026-07-14,GDXJ,DRD,Drdgold Ltd,US26152H3012,,976163.0,20235859.0,0.29,USD,Materials,South Africa,Stock,equity,web_csv
2026-07-14,GDXJ,6693 HK,Chifeng Jilong Gold Mining Co Ltd,CNE100006T51,,5033600.0,18258740.0,0.26,HKD,Materials,China,Stock,equity,web_csv
2026-07-14,GDXJ,KCN AU,Kingsgate Consolidated Ltd,AU000000KCN1,,6263808.0,16094768.0,0.23,AUD,Materials,Australia,Stock,equity,web_csv
2026-07-14,GDXJ,340 HK,Tongguan Gold Group Ltd,BMG8919D1074,,59898000.0,14085155.0,0.2,HKD,Materials,China,Stock,equity,web_csv
2026-07-14,GDXJ,DC,Dakota Gold Corp,US46655E1001,,3153748.0,13813416.0,0.2,USD,Materials,Canada,Stock,equity,web_csv
2026-07-14,GDXJ,CNL CN,Collective Mining Ltd,CA19425C1005,,1044430.0,13544342.0,0.19,CAD,Materials,Canada,Stock,equity,web_csv
2026-07-14,GDXJ,MTA,Metalla Royalty & Streaming Ltd,CA59124U6051,,1733339.0,12705375.0,0.18,USD,Materials,Canada,Stock,equity,web_csv
2026-07-14,GDXJ,CTGO,Contango Ore Inc,US21077F1003,,717451.0,12275587.0,0.17,USD,Materials,United States,Stock,equity,web_csv
2026-07-14,GDXJ,ODV,Osisko Development Corp,CA68828E8099,,4963516.0,11813168.0,0.17,USD,Materials,Canada,Stock,equity,web_csv
2026-07-14,GDXJ,KOZAA TI,Koza Anadolu Metal Madencilik Isletmele,TREKOZA00014,,4663011.0,11745447.0,0.17,TRY,Materials,Turkey,Stock,equity,web_csv
2026-07-14,GDXJ,GROY,Gold Royalty Corp,CA38071H1064,,4509521.0,11679659.0,0.17,USD,Materials,Canada,Stock,equity,web_csv
2026-07-14,GDXJ,IDR,Idaho Strategic Resources Inc,US6458272050,,328772.0,10126178.0,0.14,USD,Materials,United States,Stock,equity,web_csv
2026-07-14,GDXJ,NFGC,New Found Gold Corp,CA64440N1033,,6923439.0,10108221.0,0.14,USD,Materials,Canada,Stock,equity,web_csv
2026-07-14,GDXJ,BC8 AU,Black Cat Syndicate Ltd,AU000000BC88,,15873512.0,10081758.0,0.14,AUD,Materials,Australia,Stock,equity,web_csv
2026-07-14,GDXJ,ITRG,Integra Resources Corp,CA45826T5098,,4305450.0,9515045.0,0.13,USD,Materials,Canada,Stock,equity,web_csv
2026-07-14,GDXJ,PNR AU,Pantoro Gold Ltd,AU000000PNR8,,5765978.0,8063736.0,0.11,AUD,Materials,Australia,Stock,equity,web_csv
2026-07-14,GDXJ,DTR AU,Dateline Resources Ltd,AU000000DTR1,,71724884.0,8033276.0,0.11,AUD,Materials,Australia,Stock,equity,web_csv
2026-07-14,GDXJ,SBM AU,St Barbara Ltd,AU000000SBM8,,24227335.0,7743798.0,0.11,AUD,Materials,Australia,Stock,equity,web_csv
2026-07-14,GDXJ,GAU,Galiano Gold Inc,CA36352H1001,,3795486.0,6907785.0,0.1,USD,Materials,Canada,Stock,equity,web_csv
2026-07-14,GDXJ,CMCL,Caledonia Mining Corp Plc,JE00BF0XVB15,,372453.0,6350324.0,0.09,USD,Materials,Jersey,Stock,equity,web_csv
2026-07-14,GDXJ,CNMC SP,Cnmc Goldmine Holdings Ltd,,,6695500.0,6293464.0,0.09,SGD,Materials,Singapore,Stock,equity,web_csv
2026-07-14,GDXJ,APM CN,Andean Precious Metals Corp,CA03349X1015,,1499578.0,6283133.0,0.09,CAD,Materials,Canada,Stock,equity,web_csv
2026-07-14,GDXJ,AMI AU,Aurelia Metals Ltd,AU000000AMI1,,30103818.0,5828789.0,0.08,AUD,Materials,Australia,Stock,equity,web_csv
2026-07-14,GDXJ,ASL AU,Andean Silver Ltd,AU0000343253,,3992246.0,5411661.0,0.08,AUD,Materials,Australia,Stock,equity,web_csv
2026-07-14,GDXJ,AZY AU,Antipa Minerals Ltd,AU000000AZY0,,12290367.0,5206866.0,0.07,AUD,Materials,Australia,Stock,equity,web_csv
2026-07-14,GDXJ,VOXR,Vox Royalty Corp,CA92919F1036,,1156794.0,5153517.0,0.07,USD,Materials,Australia,Stock,equity,web_csv
2026-07-14,GDXJ,MEK AU,Meeka Metals Ltd,AU0000192726,,65667765.0,5062393.0,0.07,AUD,Materials,Australia,Stock,equity,web_csv
2026-07-14,GDXJ,USAU,Us Gold Corp,US90291C2017,,322533.0,4947656.0,0.07,USD,Materials,United States,Stock,equity,web_csv
2026-07-14,GDXJ,GLDG,Goldmining Inc,CA38149E1016,,5362701.0,4558296.0,0.06,USD,Materials,Canada,Stock,equity,web_csv
2026-07-14,GDXJ,FDR CN,Founders Metals Inc,CA3505901056,,1482577.0,4397899.0,0.06,CAD,Materials,Canada,Stock,equity,web_csv
2026-07-14,GDXJ,LUCA CN,Luca Mining Corp,CA54929M1068,,5988877.0,4217669.0,0.06,CAD,Materials,Mexico,Stock,equity,web_csv
2026-07-14,GDXJ,8299 HK,Gt Gold Holdings Ltd,KYG4136P1303,,111096000.0,3947990.0,0.06,HKD,Materials,China,Stock,equity,web_csv
2026-07-14,GDXJ,WRLG CN,West Red Lake Gold Mines Ltd,CA95556L1013,,8369602.0,3810454.0,0.05,CAD,Materials,Canada,Stock,equity,web_csv
2026-07-14,GDXJ,ARCI IJ,Archi Indonesia Tbk Pt,ID1000161003,,63482500.0,3634926.0,0.05,IDR,Materials,Indonesia,Stock,equity,web_csv
2026-07-14,GDXJ,VGC CN,Valor Gold Corp,CA9199211066,,991065.0,2820032.0,0.04,CAD,,Canada,Stock,equity,web_csv
2026-07-14,GDXJ,FFX AU,Firefinch Ltd,AU0000114522,,54133739.0,2348992.0,0.03,AUD,Materials,Australia,Stock,equity,web_csv
2026-07-14,GDXJ,PSAB IJ,J Resources Asia Pasific Tbk Pt,ID1000094709,,66236100.0,1516596.0,0.02,IDR,Materials,Indonesia,Stock,equity,web_csv
2026-07-14,GDXJ,FMR CN,Future Mineral Resources Inc,CA3611551043,,168999.0,39673.0,0.0,CAD,Materials,Canada,Stock,equity,web_csv
2026-07-14,GDXJ,NIX CN,Archer Exploration Corp,CA66860Q1028,,179304.0,23597.0,0.0,CAD,Materials,Canada,Stock,equity,web_csv
2026-07-14,GDXJ,VGCX CN,Victoria Gold Corp/Vancouver,CA92625W5072,,1722275.0,1.0,0.0,CAD,Materials,Canada,Stock,equity,web_csv
2026-07-14,GDXJ,ASM AU,Australian Strategic Materials Ltd,AU0000094153,,1.0,1.0,0.0,AUD,Materials,Australia,Stock,equity,web_csv
2026-07-14,GDXJ,-TRY CASH-,,CASH,,0.0,0.0,0.0,TRY,,Turkey,Cash Bal,cash,web_csv
2026-07-14,GDXJ,-MXN CASH-,,CASH,,-3639.0,-209.0,0.0,MXN,,Mexico,Cash Bal,cash,web_csv
2026-07-14,GDXJ,-GBP CASH-,,CASH,,582.0,780.0,0.0,GBP,,United Kingdom,Cash Bal,cash,web_csv
2026-07-14,GDXJ,-BRL CASH-,,CASH,,-672.0,-133.0,0.0,BRL,,Brazil,Cash Bal,cash,web_csv
2026-07-14,GDXJ,-AUD CASH-,,CASH,,79.0,55.0,0.0,AUD,,Australia,Cash Bal,cash,web_csv
2026-07-14,GDXJ,-CAD CASH-,,CASH,,-1668149.0,-1186662.0,-0.02,CAD,,Canada,Cash Bal,cash,web_csv
2026-07-14,GDXJ,-USD CASH-,,CASH,,-1359512.0,-1359512.0,-0.02,USD,,United States,Cash Bal,cash,web_csv
2026-07-14,GDXJ,,Other/Cash,CASH,,0.0,13563401.0,0.19,USD,,,Cash,cash,web_csv
2026-07-15,GDXJ,EVN AU,Evolution Mining Ltd,AU000000EVN4,,54649039.0,435585936.0,6.23,AUD,Materials,Australia,Stock,equity,web_csv
2026-07-15,GDXJ,EQX,Equinox Gold Corp,CA29446Y5020,,45813966.0,428360582.0,6.13,USD,Materials,Canada,Stock,equity,web_csv
2026-07-15,GDXJ,AGI,Alamos Gold Inc,CA0115321089,,14553379.0,422339059.0,6.04,USD,Materials,Canada,Stock,equity,web_csv
2026-07-15,GDXJ,EDV LN,Endeavour Mining Plc,GB00BL6K5J42,,7713364.0,367131847.0,5.25,GBP,Materials,United Kingdom,Stock,equity,web_csv
2026-07-15,GDXJ,CDE,Coeur Mining Inc,US1921085049,,22346569.0,355533913.0,5.09,USD,Materials,United States,Stock,equity,web_csv
2026-07-15,GDXJ,PE&OLES* MF,Industrias Penoles Sab De Cv,MXP554091415,,4676333.0,208829227.0,2.99,MXN,Materials,Mexico,Stock,equity,web_csv
2026-07-15,GDXJ,AG,First Majestic Silver Corp,CA32076V1031,,11364434.0,191377069.0,2.74,USD,Materials,Canada,Stock,equity,web_csv
2026-07-15,GDXJ,HL,Hecla Mining Co,US4227041062,,12087664.0,186875285.0,2.67,USD,Materials,United States,Stock,equity,web_csv
2026-07-15,GDXJ,IAG,Iamgold Corp,CA4509131088,,11725301.0,175762262.0,2.52,USD,Materials,Burkina Faso,Stock,equity,web_csv
2026-07-15,GDXJ,EGO,Eldorado Gold Corp,CA2849025093,,5683973.0,167336165.0,2.39,USD,Materials,Turkey,Stock,equity,web_csv
2026-07-15,GDXJ,HMY,Harmony Gold Mining Co Ltd,US4132163001,,9577409.0,145097746.0,2.08,USD,Materials,South Africa,Stock,equity,web_csv
2026-07-15,GDXJ,LUG CN,Lundin Gold Inc,CA5503711080,,2542536.0,137553704.0,1.97,CAD,Materials,Canada,Stock,equity,web_csv
2026-07-15,GDXJ,DPM CN,Dundee Precious Metals Inc,CA26139R1091,,3824780.0,128803750.0,1.84,CAD,Materials,Canada,Stock,equity,web_csv
2026-07-15,GDXJ,OGC CN,Oceanagold Corp,CA6752224007,,5097983.0,119871443.0,1.72,CAD,Materials,Canada,Stock,equity,web_csv
2026-07-15,GDXJ,GMIN CN,G Mining Ventures Corp,CA36270K1021,,4045266.0,111873492.0,1.6,CAD,Materials,Canada,Stock,equity,web_csv
2026-07-15,GDXJ,BVN,Cia De Minas Buenaventura Saa,US2044481040,,3629983.0,111476778.0,1.6,USD,Materials,Peru,Stock,equity,web_csv
2026-07-15,GDXJ,BTG,B2gold Corp,CA11777Q2099,,29042079.0,110359900.0,1.58,USD,Materials,Canada,Stock,equity,web_csv
2026-07-15,GDXJ,SSRM,Ssr Mining Inc,CA7847301032,,4003852.0,109104967.0,1.56,USD,Materials,Canada,Stock,equity,web_csv
2026-07-15,GDXJ,1818 HK,Zhaojin Mining Industry Co Ltd,CNE1000004R6,,41162700.0,95485786.0,1.37,HKD,Materials,China,Stock,equity,web_csv
2026-07-15,GDXJ,DSV CN,Discovery Silver Corp,CA25466C1077,,16835191.0,94890021.0,1.36,CAD,Materials,Canada,Stock,equity,web_csv
2026-07-15,GDXJ,OR,Or Royalties Inc,CA68390D1069,,3098346.0,89232365.0,1.28,USD,Materials,Canada,Stock,equity,web_csv
2026-07-15,GDXJ,PRU AU,Perseus Mining Ltd,AU000000PRU3,,24802326.0,83994065.0,1.2,AUD,Materials,Australia,Stock,equity,web_csv
2026-07-15,GDXJ,GGP AU,Greatland Resources Ltd,AU0000397705,,11147614.0,83981088.0,1.2,AUD,Materials,Australia,Stock,equity,web_csv
2026-07-15,GDXJ,ARTG CN,Artemis Gold Inc,CA04302L1004,,3440905.0,79781294.0,1.14,CAD,Materials,Canada,Stock,equity,web_csv
2026-07-15,GDXJ,MAU CN,Montage Gold Corp,CA61178L1013,,7154647.0,79634686.0,1.14,CAD,Materials,Côte D'Ivoire,Stock,equity,web_csv
2026-07-15,GDXJ,RMS AU,Ramelius Resources Ltd,AU000000RMS4,,37532162.0,78888227.0,1.13,AUD,Materials,Australia,Stock,equity,web_csv
2026-07-15,GDXJ,GMD AU,Genesis Minerals Ltd,AU000000GMD9,,18300988.0,76053987.0,1.09,AUD,Materials,Australia,Stock,equity,web_csv
2026-07-15,GDXJ,KNT CN,K92 Mining Inc,CA4991131083,,4785361.0,72198451.0,1.03,CAD,Materials,Canada,Stock,equity,web_csv
2026-07-15,GDXJ,CMM AU,Capricorn Metals Ltd,AU000000CMM9,,7889811.0,71196433.0,1.02,AUD,Materials,Australia,Stock,equity,web_csv
2026-07-15,GDXJ,ARMN,Aris Mining Corp,CA04040Y1097,,4810485.0,69319089.0,0.99,USD,Materials,Colombia,Stock,equity,web_csv
2026-07-15,GDXJ,VAU AU,Vault Minerals Ltd,AU0000427775,,19942455.0,68589495.0,0.98,AUD,Materials,Australia,Stock,equity,web_csv
2026-07-15,GDXJ,TXG CN,Torex Gold Resources Inc,CA8910546032,,1730108.0,67510103.0,0.97,CAD,Materials,Canada,Stock,equity,web_csv
2026-07-15,GDXJ,SKE,Skeena Resources Ltd,CA83056P7157,,2378511.0,65480408.0,0.94,USD,Materials,Canada,Stock,equity,web_csv
2026-07-15,GDXJ,AYA CN,Aya Gold & Silver Inc,CA05466C1095,,3227113.0,63662650.0,0.91,CAD,Materials,Canada,Stock,equity,web_csv
2026-07-15,GDXJ,RRL AU,Regis Resources Ltd,AU000000RRL8,,14019513.0,61591906.0,0.88,AUD,Materials,Australia,Stock,equity,web_csv
2026-07-15,GDXJ,CGAU,Centerra Gold Inc,CA1520061021,,3885099.0,61034905.0,0.87,USD,Materials,Canada,Stock,equity,web_csv
2026-07-15,GDXJ,WDO CN,Wesdome Gold Mines Ltd/Canada,CA95083R1001,,3341350.0,60232997.0,0.86,CAD,Materials,Canada,Stock,equity,web_csv
2026-07-15,GDXJ,FSM,Fortuna Silver Mines Inc,CA3499421020,,6635606.0,56269939.0,0.81,USD,Materials,Canada,Stock,equity,web_csv
2026-07-15,GDXJ,BRMS IJ,Bumi Resources Minerals Tbk Pt,ID1000117609,,1809800300.0,55411848.0,0.79,IDR,Materials,Indonesia,Stock,equity,web_csv
2026-07-15,GDXJ,AUGO,Aura Minerals Inc,VGG069731120,,965857.0,53035208.0,0.76,USD,Materials,United States,Stock,equity,web_csv
2026-07-15,GDXJ,SA,Seabridge Gold Inc,CA8119271028,,2075491.0,53028795.0,0.76,USD,Materials,Canada,Stock,equity,web_csv
2026-07-15,GDXJ,ORLA,Orla Mining Ltd,CA68634K1066,,5639140.0,52669568.0,0.75,USD,Materials,Mexico,Stock,equity,web_csv
2026-07-15,GDXJ,WGX AU,Westgold Resources Ltd,AU000000WGX6,,15619756.0,51341382.0,0.73,AUD,Materials,Australia,Stock,equity,web_csv
2026-07-15,GDXJ,EXK,Endeavour Silver Corp,CA29258Y1034,,6382650.0,50805894.0,0.73,USD,Materials,Canada,Stock,equity,web_csv
2026-07-15,GDXJ,TFPM,Triple Flag Precious Metals Corp,CA89679M1041,,1812097.0,49651458.0,0.71,USD,Materials,Canada,Stock,equity,web_csv
2026-07-15,GDXJ,SVM,Silvercorp Metals Inc,CA82835P1036,,5102635.0,47607585.0,0.68,USD,Materials,Canada,Stock,equity,web_csv
2026-07-15,GDXJ,HOC LN,Hochschild Mining Plc,GB00B1FW5029,,7340558.0,45243111.0,0.65,GBP,Materials,Peru,Stock,equity,web_csv
2026-07-15,GDXJ,3939 HK,Wanguo Gold Group Ltd,KYG9430L1150,,35348000.0,44939553.0,0.64,HKD,Materials,China,Stock,equity,web_csv
2026-07-15,GDXJ,EMAS IJ,Merdeka Gold Resources Tbk Pt,ID1000211600,,136552300.0,43215271.0,0.62,IDR,Materials,Indonesia,Stock,equity,web_csv
2026-07-15,GDXJ,EMR AU,Emerald Resources Nl,AU000000EMR4,,11418636.0,42302646.0,0.61,AUD,Materials,Australia,Stock,equity,web_csv
2026-07-15,GDXJ,AAUC,Allied Gold Corp,CA01921D2041,,1861353.0,40726404.0,0.58,USD,Materials,Canada,Stock,equity,web_csv
2026-07-15,GDXJ,PPTA,Perpetua Resources Corp,CA7142661031,,2128886.0,39575991.0,0.57,USD,Materials,United States,Stock,equity,web_csv
2026-07-15,GDXJ,NG,Novagold Resources Inc,CA66987E2069,,6483790.0,36957603.0,0.53,USD,Materials,Canada,Stock,equity,web_csv
2026-07-15,GDXJ,SXGC CN,Southern Cross Gold Consolidated Ltd,CA8426851090,,5986103.0,36807408.0,0.53,CAD,Materials,Canada,Stock,equity,web_csv
2026-07-15,GDXJ,PAF LN,Pan African Resources Plc,GB0004300496,,28478072.0,35335071.0,0.51,GBP,Materials,United Kingdom,Stock,equity,web_csv
2026-07-15,GDXJ,ABRA CN,Abrasilver Resource Corp,CA00379L3048,,3307185.0,34292200.0,0.49,CAD,Materials,Canada,Stock,equity,web_csv
2026-07-15,GDXJ,PDI AU,Predictive Discovery Ltd,AU000000PDI8,,72260405.0,33396905.0,0.48,AUD,Materials,Australia,Stock,equity,web_csv
2026-07-15,GDXJ,WAF AU,West African Resources Ltd,AU000000WAF6,,16629087.0,32609875.0,0.47,AUD,Materials,Australia,Stock,equity,web_csv
2026-07-15,GDXJ,SGD CN,Snowline Gold Corp,CA83342V1040,,3080769.0,29225813.0,0.42,CAD,Materials,Canada,Stock,equity,web_csv
2026-07-15,GDXJ,HYMC,Hycroft Mining Holding Corp,US44862P2083,,1350746.0,28217084.0,0.4,USD,Materials,United States,Stock,equity,web_csv
2026-07-15,GDXJ,VZLA,Vizsla Silver Corp,CA92859G6085,,8267562.0,26456198.0,0.38,USD,Materials,Canada,Stock,equity,web_csv
2026-07-15,GDXJ,OBM AU,Ora Banda Mining Ltd,AU0000050130,,34255930.0,26309037.0,0.38,AUD,Materials,Australia,Stock,equity,web_csv
2026-07-15,GDXJ,USAS,Americas Gold & Silver Corp,CA03062D8035,,6523362.0,26289149.0,0.38,USD,Materials,Canada,Stock,equity,web_csv
2026-07-15,GDXJ,KOZAL TI,Koza Altin Isletmeleri As,TREKOAL00014,,24049945.0,25800445.0,0.37,TRY,Materials,Turkey,Stock,equity,web_csv
2026-07-15,GDXJ,ASM,Avino Silver & Gold Mines Ltd,CA0539061030,,4223974.0,25048166.0,0.36,USD,Materials,Mexico,Stock,equity,web_csv
2026-07-15,GDXJ,RSG AU,Resolute Mining Ltd,AU000000RSG6,,37431238.0,24488515.0,0.35,AUD,Materials,Australia,Stock,equity,web_csv
2026-07-15,GDXJ,IAUX,I-80 Gold Corp,CA44955L1067,,18111156.0,24268949.0,0.35,USD,Materials,United States,Stock,equity,web_csv
2026-07-15,GDXJ,CYL AU,Catalyst Metals Ltd,AU000000CYL6,,5878844.0,23730433.0,0.34,AUD,Materials,Australia,Stock,equity,web_csv
2026-07-15,GDXJ,GGD CN,Gogold Resources Inc,CA38045Y1025,,10850329.0,23706017.0,0.34,CAD,Materials,United States,Stock,equity,web_csv
2026-07-15,GDXJ,GTWO CN,G2 Goldfields Inc,CA36256R1055,,3688958.0,23627813.0,0.34,CAD,Materials,Canada,Stock,equity,web_csv
2026-07-15,GDXJ,BGL AU,Bellevue Gold Ltd,AU0000019374,,24996453.0,22746292.0,0.33,AUD,Materials,Australia,Stock,equity,web_csv
2026-07-15,GDXJ,ALK AU,Alkane Resources Ltd,AU000000ALK9,,23232988.0,22712655.0,0.33,AUD,Materials,Australia,Stock,equity,web_csv
2026-07-15,GDXJ,MUX,Mcewen Mining Inc,US58039P3055,,1287255.0,22642815.0,0.32,USD,Materials,Canada,Stock,equity,web_csv
2026-07-15,GDXJ,DRD,Drdgold Ltd,US26152H3012,,976163.0,20528708.0,0.29,USD,Materials,South Africa,Stock,equity,web_csv
2026-07-15,GDXJ,ORE CN,Orezone Gold Corp,CA68616T1093,,12676946.0,20118556.0,0.29,CAD,Materials,Canada,Stock,equity,web_csv
2026-07-15,GDXJ,KCN AU,Kingsgate Consolidated Ltd,AU000000KCN1,,6263808.0,18686783.0,0.27,AUD,Materials,Australia,Stock,equity,web_csv
2026-07-15,GDXJ,6693 HK,Chifeng Jilong Gold Mining Co Ltd,CNE100006T51,,5033600.0,17685127.0,0.25,HKD,Materials,China,Stock,equity,web_csv
2026-07-15,GDXJ,340 HK,Tongguan Gold Group Ltd,BMG8919D1074,,59898000.0,14164527.0,0.2,HKD,Materials,China,Stock,equity,web_csv
2026-07-15,GDXJ,DC,Dakota Gold Corp,US46655E1001,,3153748.0,13561116.0,0.19,USD,Materials,Canada,Stock,equity,web_csv
2026-07-15,GDXJ,CNL CN,Collective Mining Ltd,CA19425C1005,,1044430.0,12896033.0,0.18,CAD,Materials,Canada,Stock,equity,web_csv
2026-07-15,GDXJ,MTA,Metalla Royalty & Streaming Ltd,CA59124U6051,,1733339.0,12792042.0,0.18,USD,Materials,Canada,Stock,equity,web_csv
2026-07-15,GDXJ,CTGO,Contango Ore Inc,US21077F1003,,717451.0,12067526.0,0.17,USD,Materials,United States,Stock,equity,web_csv
2026-07-15,GDXJ,ODV,Osisko Development Corp,CA68828E8099,,4963516.0,11813168.0,0.17,USD,Materials,Canada,Stock,equity,web_csv
2026-07-15,GDXJ,KOZAA TI,Koza Anadolu Metal Madencilik Isletmele,TREKOZA00014,,4663011.0,11702550.0,0.17,TRY,Materials,Turkey,Stock,equity,web_csv
2026-07-15,GDXJ,GROY,Gold Royalty Corp,CA38071H1064,,4509521.0,11589469.0,0.17,USD,Materials,Canada,Stock,equity,web_csv
2026-07-15,GDXJ,NFGC,New Found Gold Corp,CA64440N1033,,6923439.0,10246690.0,0.15,USD,Materials,Canada,Stock,equity,web_csv
2026-07-15,GDXJ,IDR,Idaho Strategic Resources Inc,US6458272050,,328772.0,10126178.0,0.14,USD,Materials,United States,Stock,equity,web_csv
2026-07-15,GDXJ,BC8 AU,Black Cat Syndicate Ltd,AU000000BC88,,15873512.0,10050877.0,0.14,AUD,Materials,Australia,Stock,equity,web_csv
2026-07-15,GDXJ,ITRG,Integra Resources Corp,CA45826T5098,,4305450.0,9342827.0,0.13,USD,Materials,Canada,Stock,equity,web_csv
2026-07-15,GDXJ,PNR AU,Pantoro Gold Ltd,AU000000PNR8,,5765978.0,8055983.0,0.12,AUD,Materials,Australia,Stock,equity,web_csv
2026-07-15,GDXJ,DTR AU,Dateline Resources Ltd,AU000000DTR1,,71724884.0,8051543.0,0.12,AUD,Materials,Australia,Stock,equity,web_csv
2026-07-15,GDXJ,SBM AU,St Barbara Ltd,AU000000SBM8,,24227335.0,7585197.0,0.11,AUD,Materials,Australia,Stock,equity,web_csv
2026-07-15,GDXJ,GAU,Galiano Gold Inc,CA36352H1001,,3795486.0,6983694.0,0.1,USD,Materials,Canada,Stock,equity,web_csv
2026-07-15,GDXJ,CMCL,Caledonia Mining Corp Plc,JE00BF0XVB15,,372453.0,6458335.0,0.09,USD,Materials,Jersey,Stock,equity,web_csv
2026-07-15,GDXJ,APM CN,Andean Precious Metals Corp,CA03349X1015,,1499578.0,6371192.0,0.09,CAD,Materials,Canada,Stock,equity,web_csv
2026-07-15,GDXJ,CNMC SP,Cnmc Goldmine Holdings Ltd,,,6695500.0,6360629.0,0.09,SGD,Materials,Singapore,Stock,equity,web_csv
2026-07-15,GDXJ,AMI AU,Aurelia Metals Ltd,AU000000AMI1,,30103818.0,6252618.0,0.09,AUD,Materials,Australia,Stock,equity,web_csv
2026-07-15,GDXJ,ASL AU,Andean Silver Ltd,AU0000343253,,3992246.0,5448123.0,0.08,AUD,Materials,Australia,Stock,equity,web_csv
2026-07-15,GDXJ,AZY AU,Antipa Minerals Ltd,AU000000AZY0,,12290367.0,5178887.0,0.07,AUD,Materials,Australia,Stock,equity,web_csv
2026-07-15,GDXJ,VOXR,Vox Royalty Corp,CA92919F1036,,1156794.0,5043622.0,0.07,USD,Materials,Australia,Stock,equity,web_csv
2026-07-15,GDXJ,USAU,Us Gold Corp,US90291C2017,,322533.0,4889600.0,0.07,USD,Materials,United States,Stock,equity,web_csv
2026-07-15,GDXJ,MEK AU,Meeka Metals Ltd,AU0000192726,,65667765.0,4612412.0,0.07,AUD,Materials,Australia,Stock,equity,web_csv
2026-07-15,GDXJ,GLDG,Goldmining Inc,CA38149E1016,,5362701.0,4553469.0,0.07,USD,Materials,Canada,Stock,equity,web_csv
2026-07-15,GDXJ,WRLG CN,West Red Lake Gold Mines Ltd,CA95556L1013,,8369602.0,4348155.0,0.06,CAD,Materials,Canada,Stock,equity,web_csv
2026-07-15,GDXJ,FDR CN,Founders Metals Inc,CA3505901056,,1482577.0,4325919.0,0.06,CAD,Materials,Canada,Stock,equity,web_csv
2026-07-15,GDXJ,LUCA CN,Luca Mining Corp,CA54929M1068,,5988877.0,4219470.0,0.06,CAD,Materials,Mexico,Stock,equity,web_csv
2026-07-15,GDXJ,8299 HK,Gt Gold Holdings Ltd,KYG4136P1303,,111096000.0,3917537.0,0.06,HKD,Materials,China,Stock,equity,web_csv
2026-07-15,GDXJ,ARCI IJ,Archi Indonesia Tbk Pt,ID1000161003,,63482500.0,3690190.0,0.05,IDR,Materials,Indonesia,Stock,equity,web_csv
2026-07-15,GDXJ,VGC CN,Valor Gold Corp,CA9199211066,,991065.0,2743652.0,0.04,CAD,,Canada,Stock,equity,web_csv
2026-07-15,GDXJ,FFX AU,Firefinch Ltd,AU0000114522,,54133739.0,2353026.0,0.03,AUD,Materials,Australia,Stock,equity,web_csv
2026-07-15,GDXJ,PSAB IJ,J Resources Asia Pasific Tbk Pt,ID1000094709,,66236100.0,1504297.0,0.02,IDR,Materials,Indonesia,Stock,equity,web_csv
2026-07-15,GDXJ,FMR CN,Future Mineral Resources Inc,CA3611551043,,168999.0,36081.0,0.0,CAD,Materials,Canada,Stock,equity,web_csv
2026-07-15,GDXJ,NIX CN,Archer Exploration Corp,CA66860Q1028,,179304.0,23607.0,0.0,CAD,Materials,Canada,Stock,equity,web_csv
2026-07-15,GDXJ,VGCX CN,Victoria Gold Corp/Vancouver,CA92625W5072,,1722275.0,1.0,0.0,CAD,Materials,Canada,Stock,equity,web_csv
2026-07-15,GDXJ,ASM AU,Australian Strategic Materials Ltd,AU0000094153,,1.0,1.0,0.0,AUD,Materials,Australia,Stock,equity,web_csv
2026-07-15,GDXJ,-USD CASH-,,CASH,,13195912.0,13195912.0,0.19,USD,,United States,Cash Bal,cash,web_csv
2026-07-15,GDXJ,-TRY CASH-,,CASH,,0.0,0.0,0.0,TRY,,Turkey,Cash Bal,cash,web_csv
2026-07-15,GDXJ,-MXN CASH-,,CASH,,-3639.0,-209.0,0.0,MXN,,Mexico,Cash Bal,cash,web_csv
2026-07-15,GDXJ,-GBP CASH-,,CASH,,582.0,784.0,0.0,GBP,,United Kingdom,Cash Bal,cash,web_csv
2026-07-15,GDXJ,-BRL CASH-,,CASH,,-672.0,-132.0,0.0,BRL,,Brazil,Cash Bal,cash,web_csv
2026-07-15,GDXJ,-AUD CASH-,,CASH,,79.0,55.0,0.0,AUD,,Australia,Cash Bal,cash,web_csv
2026-07-15,GDXJ,-CAD CASH-,,CASH,,-1668149.0,-1187168.0,-0.02,CAD,,Canada,Cash Bal,cash,web_csv
2026-07-15,GDXJ,,Other/Cash,CASH,,0.0,-1084322.0,-0.02,USD,,,Cash,cash,web_csv
2026-07-16,GDXJ,EVN AU,Evolution Mining Ltd,AU000000EVN4,,54649039.0,417152499.0,6.21,AUD,Materials,Australia,Stock,equity,web_csv
2026-07-16,GDXJ,AGI,Alamos Gold Inc,CA0115321089,,14553379.0,411132957.0,6.12,USD,Materials,Canada,Stock,equity,web_csv
2026-07-16,GDXJ,EQX,Equinox Gold Corp,CA29446Y5020,,45813966.0,400872203.0,5.97,USD,Materials,Canada,Stock,equity,web_csv
2026-07-16,GDXJ,EDV LN,Endeavour Mining Plc,GB00BL6K5J42,,7713364.0,352822313.0,5.25,GBP,Materials,United Kingdom,Stock,equity,web_csv
2026-07-16,GDXJ,CDE,Coeur Mining Inc,US1921085049,,22346569.0,330505756.0,4.92,USD,Materials,United States,Stock,equity,web_csv
2026-07-16,GDXJ,PE&OLES* MF,Industrias Penoles Sab De Cv,MXP554091415,,4676333.0,208664033.0,3.11,MXN,Materials,Mexico,Stock,equity,web_csv
2026-07-16,GDXJ,AG,First Majestic Silver Corp,CA32076V1031,,11364434.0,180467212.0,2.69,USD,Materials,Canada,Stock,equity,web_csv
2026-07-16,GDXJ,HL,Hecla Mining Co,US4227041062,,12087664.0,175512881.0,2.61,USD,Materials,United States,Stock,equity,web_csv
2026-07-16,GDXJ,IAG,Iamgold Corp,CA4509131088,,11725301.0,166499274.0,2.48,USD,Materials,Burkina Faso,Stock,equity,web_csv
2026-07-16,GDXJ,EGO,Eldorado Gold Corp,CA2849025093,,5683973.0,159264923.0,2.37,USD,Materials,Turkey,Stock,equity,web_csv
2026-07-16,GDXJ,HMY,Harmony Gold Mining Co Ltd,US4132163001,,9577409.0,141554105.0,2.11,USD,Materials,South Africa,Stock,equity,web_csv
2026-07-16,GDXJ,LUG CN,Lundin Gold Inc,CA5503711080,,2542536.0,136362914.0,2.03,CAD,Materials,Canada,Stock,equity,web_csv
2026-07-16,GDXJ,DPM CN,Dundee Precious Metals Inc,CA26139R1091,,3824780.0,125898157.0,1.87,CAD,Materials,Canada,Stock,equity,web_csv
2026-07-16,GDXJ,OGC CN,Oceanagold Corp,CA6752224007,,5097983.0,114983903.0,1.71,CAD,Materials,Canada,Stock,equity,web_csv
2026-07-16,GDXJ,BVN,Cia De Minas Buenaventura Saa,US2044481040,,3629983.0,109516587.0,1.63,USD,Materials,Peru,Stock,equity,web_csv
2026-07-16,GDXJ,GMIN CN,G Mining Ventures Corp,CA36270K1021,,4045266.0,109142185.0,1.62,CAD,Materials,Canada,Stock,equity,web_csv
2026-07-16,GDXJ,BTG,B2gold Corp,CA11777Q2099,,29042079.0,106294009.0,1.58,USD,Materials,Canada,Stock,equity,web_csv
2026-07-16,GDXJ,SSRM,Ssr Mining Inc,CA7847301032,,4003852.0,103659728.0,1.54,USD,Materials,Canada,Stock,equity,web_csv
2026-07-16,GDXJ,1818 HK,Zhaojin Mining Industry Co Ltd,CNE1000004R6,,41162700.0,96957409.0,1.44,HKD,Materials,China,Stock,equity,web_csv
2026-07-16,GDXJ,DSV CN,Discovery Silver Corp,CA25466C1077,,16835191.0,89979642.0,1.34,CAD,Materials,Canada,Stock,equity,web_csv
2026-07-16,GDXJ,OR,Or Royalties Inc,CA68390D1069,,3098346.0,86908605.0,1.29,USD,Materials,Canada,Stock,equity,web_csv
2026-07-16,GDXJ,PRU AU,Perseus Mining Ltd,AU000000PRU3,,24802326.0,82690565.0,1.23,AUD,Materials,Australia,Stock,equity,web_csv
2026-07-16,GDXJ,GGP AU,Greatland Resources Ltd,AU0000397705,,11147614.0,81236187.0,1.21,AUD,Materials,Australia,Stock,equity,web_csv
2026-07-16,GDXJ,RMS AU,Ramelius Resources Ltd,AU000000RMS4,,37532162.0,77900740.0,1.16,AUD,Materials,Australia,Stock,equity,web_csv
2026-07-16,GDXJ,ARTG CN,Artemis Gold Inc,CA04302L1004,,3440905.0,76824196.0,1.14,CAD,Materials,Canada,Stock,equity,web_csv
2026-07-16,GDXJ,GMD AU,Genesis Minerals Ltd,AU000000GMD9,,18300988.0,76195325.0,1.13,AUD,Materials,Australia,Stock,equity,web_csv
2026-07-16,GDXJ,MAU CN,Montage Gold Corp,CA61178L1013,,7154647.0,76122487.0,1.13,CAD,Materials,Côte D'Ivoire,Stock,equity,web_csv
2026-07-16,GDXJ,KNT CN,K92 Mining Inc,CA4991131083,,4785361.0,69568049.0,1.04,CAD,Materials,Canada,Stock,equity,web_csv
2026-07-16,GDXJ,VAU AU,Vault Minerals Ltd,AU0000427775,,19942455.0,68658845.0,1.02,AUD,Materials,Australia,Stock,equity,web_csv
2026-07-16,GDXJ,CMM AU,Capricorn Metals Ltd,AU000000CMM9,,7889811.0,67726790.0,1.01,AUD,Materials,Australia,Stock,equity,web_csv
2026-07-16,GDXJ,TXG CN,Torex Gold Resources Inc,CA8910546032,,1730108.0,65604167.0,0.98,CAD,Materials,Canada,Stock,equity,web_csv
2026-07-16,GDXJ,ARMN,Aris Mining Corp,CA04040Y1097,,4810485.0,65470701.0,0.97,USD,Materials,Colombia,Stock,equity,web_csv
2026-07-16,GDXJ,AYA CN,Aya Gold & Silver Inc,CA05466C1095,,3227113.0,60552208.0,0.9,CAD,Materials,Canada,Stock,equity,web_csv
2026-07-16,GDXJ,SKE,Skeena Resources Ltd,CA83056P7157,,2378511.0,60200113.0,0.9,USD,Materials,Canada,Stock,equity,web_csv
2026-07-16,GDXJ,RRL AU,Regis Resources Ltd,AU000000RRL8,,14019513.0,60019452.0,0.89,AUD,Materials,Australia,Stock,equity,web_csv
2026-07-16,GDXJ,CGAU,Centerra Gold Inc,CA1520061021,,3885099.0,59208909.0,0.88,USD,Materials,Canada,Stock,equity,web_csv
2026-07-16,GDXJ,WDO CN,Wesdome Gold Mines Ltd/Canada,CA95083R1001,,3341350.0,57861967.0,0.86,CAD,Materials,Canada,Stock,equity,web_csv
2026-07-16,GDXJ,BRMS IJ,Bumi Resources Minerals Tbk Pt,ID1000117609,,1809800300.0,55980443.0,0.83,IDR,Materials,Indonesia,Stock,equity,web_csv
2026-07-16,GDXJ,FSM,Fortuna Silver Mines Inc,CA3499421020,,6635606.0,54611037.0,0.81,USD,Materials,Canada,Stock,equity,web_csv
2026-07-16,GDXJ,WGX AU,Westgold Resources Ltd,AU000000WGX6,,15619756.0,50803556.0,0.76,AUD,Materials,Australia,Stock,equity,web_csv
2026-07-16,GDXJ,SA,Seabridge Gold Inc,CA8119271028,,2075491.0,50725000.0,0.75,USD,Materials,Canada,Stock,equity,web_csv
2026-07-16,GDXJ,TFPM,Triple Flag Precious Metals Corp,CA89679M1041,,1812097.0,49216555.0,0.73,USD,Materials,Canada,Stock,equity,web_csv
2026-07-16,GDXJ,ORLA,Orla Mining Ltd,CA68634K1066,,5639140.0,48947735.0,0.73,USD,Materials,Mexico,Stock,equity,web_csv
2026-07-16,GDXJ,AUGO,Aura Minerals Inc,VGG069731120,,965857.0,48543973.0,0.72,USD,Materials,United States,Stock,equity,web_csv
2026-07-16,GDXJ,EXK,Endeavour Silver Corp,CA29258Y1034,,6382650.0,47806049.0,0.71,USD,Materials,Canada,Stock,equity,web_csv
2026-07-16,GDXJ,SVM,Silvercorp Metals Inc,CA82835P1036,,5102635.0,45005241.0,0.67,USD,Materials,Canada,Stock,equity,web_csv
2026-07-16,GDXJ,3939 HK,Wanguo Gold Group Ltd,KYG9430L1150,,35348000.0,44615304.0,0.66,HKD,Materials,China,Stock,equity,web_csv
2026-07-16,GDXJ,EMAS IJ,Merdeka Gold Resources Tbk Pt,ID1000211600,,136552300.0,43359033.0,0.65,IDR,Materials,Indonesia,Stock,equity,web_csv
2026-07-16,GDXJ,HOC LN,Hochschild Mining Plc,GB00B1FW5029,,7340558.0,43074257.0,0.64,GBP,Materials,Peru,Stock,equity,web_csv
2026-07-16,GDXJ,EMR AU,Emerald Resources Nl,AU000000EMR4,,11418636.0,41010980.0,0.61,AUD,Materials,Australia,Stock,equity,web_csv
2026-07-16,GDXJ,AAUC,Allied Gold Corp,CA01921D2041,,1861353.0,39013959.0,0.58,USD,Materials,Canada,Stock,equity,web_csv
2026-07-16,GDXJ,PPTA,Perpetua Resources Corp,CA7142661031,,2128886.0,36552973.0,0.54,USD,Materials,United States,Stock,equity,web_csv
2026-07-16,GDXJ,NG,Novagold Resources Inc,CA66987E2069,,6483790.0,34558601.0,0.51,USD,Materials,Canada,Stock,equity,web_csv
2026-07-16,GDXJ,SXGC CN,Southern Cross Gold Consolidated Ltd,CA8426851090,,5986103.0,34468350.0,0.51,CAD,Materials,Canada,Stock,equity,web_csv
2026-07-16,GDXJ,PAF LN,Pan African Resources Plc,GB0004300496,,28478072.0,34402841.0,0.51,GBP,Materials,United Kingdom,Stock,equity,web_csv
2026-07-16,GDXJ,WAF AU,West African Resources Ltd,AU000000WAF6,,16629087.0,32480634.0,0.48,AUD,Materials,Australia,Stock,equity,web_csv
2026-07-16,GDXJ,ABRA CN,Abrasilver Resource Corp,CA00379L3048,,3307185.0,32382485.0,0.48,CAD,Materials,Canada,Stock,equity,web_csv
2026-07-16,GDXJ,PDI AU,Predictive Discovery Ltd,AU000000PDI8,,72260405.0,31931554.0,0.48,AUD,Materials,Australia,Stock,equity,web_csv
2026-07-16,GDXJ,SGD CN,Snowline Gold Corp,CA83342V1040,,3080769.0,28540885.0,0.42,CAD,Materials,Canada,Stock,equity,web_csv
2026-07-16,GDXJ,KOZAL TI,Koza Altin Isletmeleri As,TREKOAL00014,,24049945.0,26148285.0,0.39,TRY,Materials,Turkey,Stock,equity,web_csv
2026-07-16,GDXJ,OBM AU,Ora Banda Mining Ltd,AU0000050130,,34255930.0,25742324.0,0.38,AUD,Materials,Australia,Stock,equity,web_csv
2026-07-16,GDXJ,VZLA,Vizsla Silver Corp,CA92859G6085,,8267562.0,25381415.0,0.38,USD,Materials,Canada,Stock,equity,web_csv
2026-07-16,GDXJ,HYMC,Hycroft Mining Holding Corp,US44862P2083,,1350746.0,24901003.0,0.37,USD,Materials,United States,Stock,equity,web_csv
2026-07-16,GDXJ,RSG AU,Resolute Mining Ltd,AU000000RSG6,,37431238.0,24505233.0,0.36,AUD,Materials,Australia,Stock,equity,web_csv
2026-07-16,GDXJ,USAS,Americas Gold & Silver Corp,CA03062D8035,,6523362.0,24397374.0,0.36,USD,Materials,Canada,Stock,equity,web_csv
2026-07-16,GDXJ,ASM,Avino Silver & Gold Mines Ltd,CA0539061030,,4223974.0,23274097.0,0.35,USD,Materials,Mexico,Stock,equity,web_csv
2026-07-16,GDXJ,CYL AU,Catalyst Metals Ltd,AU000000CYL6,,5878844.0,23087389.0,0.34,AUD,Materials,Australia,Stock,equity,web_csv
2026-07-16,GDXJ,IAUX,I-80 Gold Corp,CA44955L1067,,18111156.0,22820057.0,0.34,USD,Materials,United States,Stock,equity,web_csv
2026-07-16,GDXJ,GTWO CN,G2 Goldfields Inc,CA36256R1055,,3688958.0,22792279.0,0.34,CAD,Materials,Canada,Stock,equity,web_csv
2026-07-16,GDXJ,GGD CN,Gogold Resources Inc,CA38045Y1025,,10850329.0,22655595.0,0.34,CAD,Materials,United States,Stock,equity,web_csv
2026-07-16,GDXJ,ALK AU,Alkane Resources Ltd,AU000000ALK9,,23232988.0,22460434.0,0.33,AUD,Materials,Australia,Stock,equity,web_csv
2026-07-16,GDXJ,BGL AU,Bellevue Gold Ltd,AU0000019374,,24996453.0,21607037.0,0.32,AUD,Materials,Australia,Stock,equity,web_csv
2026-07-16,GDXJ,MUX,Mcewen Mining Inc,US58039P3055,,1287255.0,21355560.0,0.32,USD,Materials,Canada,Stock,equity,web_csv
2026-07-16,GDXJ,DRD,Drdgold Ltd,US26152H3012,,976163.0,19513498.0,0.29,USD,Materials,South Africa,Stock,equity,web_csv
2026-07-16,GDXJ,ORE CN,Orezone Gold Corp,CA68616T1093,,12676946.0,18971378.0,0.28,CAD,Materials,Canada,Stock,equity,web_csv
2026-07-16,GDXJ,KCN AU,Kingsgate Consolidated Ltd,AU000000KCN1,,6263808.0,17926708.0,0.27,AUD,Materials,Australia,Stock,equity,web_csv
2026-07-16,GDXJ,6693 HK,Chifeng Jilong Gold Mining Co Ltd,CNE100006T51,,5033600.0,17579421.0,0.26,HKD,Materials,China,Stock,equity,web_csv
2026-07-16,GDXJ,340 HK,Tongguan Gold Group Ltd,BMG8919D1074,,59898000.0,14405127.0,0.21,HKD,Materials,China,Stock,equity,web_csv
2026-07-16,GDXJ,DC,Dakota Gold Corp,US46655E1001,,3153748.0,13119592.0,0.2,USD,Materials,Canada,Stock,equity,web_csv
2026-07-16,GDXJ,MTA,Metalla Royalty & Streaming Ltd,CA59124U6051,,1733339.0,12428041.0,0.18,USD,Materials,Canada,Stock,equity,web_csv
2026-07-16,GDXJ,CNL CN,Collective Mining Ltd,CA19425C1005,,1044430.0,12236187.0,0.18,CAD,Materials,Canada,Stock,equity,web_csv
2026-07-16,GDXJ,KOZAA TI,Koza Anadolu Metal Madencilik Isletmele,TREKOZA00014,,4663011.0,12086142.0,0.18,TRY,Materials,Turkey,Stock,equity,web_csv
2026-07-16,GDXJ,CTGO,Contango Ore Inc,US21077F1003,,717451.0,11385947.0,0.17,USD,Materials,United States,Stock,equity,web_csv
2026-07-16,GDXJ,GROY,Gold Royalty Corp,CA38071H1064,,4509521.0,11363993.0,0.17,USD,Materials,Canada,Stock,equity,web_csv
2026-07-16,GDXJ,ODV,Osisko Development Corp,CA68828E8099,,4963516.0,11167911.0,0.17,USD,Materials,Canada,Stock,equity,web_csv
2026-07-16,GDXJ,BC8 AU,Black Cat Syndicate Ltd,AU000000BC88,,15873512.0,9988160.0,0.15,AUD,Materials,Australia,Stock,equity,web_csv
2026-07-16,GDXJ,NFGC,New Found Gold Corp,CA64440N1033,,6923439.0,9485111.0,0.14,USD,Materials,Canada,Stock,equity,web_csv
2026-07-16,GDXJ,IDR,Idaho Strategic Resources Inc,US6458272050,,328772.0,9455483.0,0.14,USD,Materials,United States,Stock,equity,web_csv
2026-07-16,GDXJ,ITRG,Integra Resources Corp,CA45826T5098,,4305450.0,8998391.0,0.13,USD,Materials,Canada,Stock,equity,web_csv
2026-07-16,GDXJ,PNR AU,Pantoro Gold Ltd,AU000000PNR8,,5765978.0,8089532.0,0.12,AUD,Materials,Australia,Stock,equity,web_csv
2026-07-16,GDXJ,SBM AU,St Barbara Ltd,AU000000SBM8,,24227335.0,7516095.0,0.11,AUD,Materials,Australia,Stock,equity,web_csv
2026-07-16,GDXJ,DTR AU,Dateline Resources Ltd,AU000000DTR1,,71724884.0,7214368.0,0.11,AUD,Materials,Australia,Stock,equity,web_csv
2026-07-16,GDXJ,GAU,Galiano Gold Inc,CA36352H1001,,3795486.0,6680055.0,0.1,USD,Materials,Canada,Stock,equity,web_csv
2026-07-16,GDXJ,CMCL,Caledonia Mining Corp Plc,JE00BF0XVB15,,372453.0,6376395.0,0.09,USD,Materials,Jersey,Stock,equity,web_csv
2026-07-16,GDXJ,CNMC SP,Cnmc Goldmine Holdings Ltd,,,6695500.0,6165869.0,0.09,SGD,Materials,Singapore,Stock,equity,web_csv
2026-07-16,GDXJ,APM CN,Andean Precious Metals Corp,CA03349X1015,,1499578.0,6144717.0,0.09,CAD,Materials,Canada,Stock,equity,web_csv
2026-07-16,GDXJ,AMI AU,Aurelia Metals Ltd,AU000000AMI1,,30103818.0,5881388.0,0.09,AUD,Materials,Australia,Stock,equity,web_csv
2026-07-16,GDXJ,ASL AU,Andean Silver Ltd,AU0000343253,,3992246.0,5293035.0,0.08,AUD,Materials,Australia,Stock,equity,web_csv
2026-07-16,GDXJ,AZY AU,Antipa Minerals Ltd,AU000000AZY0,,12290367.0,5056542.0,0.08,AUD,Materials,Australia,Stock,equity,web_csv
2026-07-16,GDXJ,VOXR,Vox Royalty Corp,CA92919F1036,,1156794.0,4951078.0,0.07,USD,Materials,Australia,Stock,equity,web_csv
2026-07-16,GDXJ,USAU,Us Gold Corp,US90291C2017,,322533.0,4576743.0,0.07,USD,Materials,United States,Stock,equity,web_csv
2026-07-16,GDXJ,MEK AU,Meeka Metals Ltd,AU0000192726,,65667765.0,4565798.0,0.07,AUD,Materials,Australia,Stock,equity,web_csv
2026-07-16,GDXJ,GLDG,Goldmining Inc,CA38149E1016,,5362701.0,4389371.0,0.07,USD,Materials,Canada,Stock,equity,web_csv
2026-07-16,GDXJ,FDR CN,Founders Metals Inc,CA3505901056,,1482577.0,4173297.0,0.06,CAD,Materials,Canada,Stock,equity,web_csv
2026-07-16,GDXJ,WRLG CN,West Red Lake Gold Mines Ltd,CA95556L1013,,8369602.0,4115464.0,0.06,CAD,Materials,Canada,Stock,equity,web_csv
2026-07-16,GDXJ,LUCA CN,Luca Mining Corp,CA54929M1068,,5988877.0,3969111.0,0.06,CAD,Materials,Mexico,Stock,equity,web_csv
2026-07-16,GDXJ,8299 HK,Gt Gold Holdings Ltd,KYG4136P1303,,111096000.0,3942243.0,0.06,HKD,Materials,China,Stock,equity,web_csv
2026-07-16,GDXJ,ARCI IJ,Archi Indonesia Tbk Pt,ID1000161003,,63482500.0,3884265.0,0.06,IDR,Materials,Indonesia,Stock,equity,web_csv
2026-07-16,GDXJ,VGC CN,Valor Gold Corp,CA9199211066,,991063.0,2704986.0,0.04,CAD,,Canada,Stock,equity,web_csv
2026-07-16,GDXJ,FFX AU,Firefinch Ltd,AU0000114522,,54133739.0,2354706.0,0.04,AUD,Materials,Australia,Stock,equity,web_csv
2026-07-16,GDXJ,PSAB IJ,J Resources Asia Pasific Tbk Pt,ID1000094709,,66236100.0,1559201.0,0.02,IDR,Materials,Indonesia,Stock,equity,web_csv
2026-07-16,GDXJ,FMR CN,Future Mineral Resources Inc,CA3611551043,,168999.0,33119.0,0.0,CAD,Materials,Canada,Stock,equity,web_csv
2026-07-16,GDXJ,NIX CN,Archer Exploration Corp,CA66860Q1028,,179304.0,18528.0,0.0,CAD,Materials,Canada,Stock,equity,web_csv
2026-07-16,GDXJ,VGCX CN,Victoria Gold Corp/Vancouver,CA92625W5072,,1722275.0,1.0,0.0,CAD,Materials,Canada,Stock,equity,web_csv
2026-07-16,GDXJ,ASM AU,Australian Strategic Materials Ltd,AU0000094153,,1.0,1.0,0.0,AUD,Materials,Australia,Stock,equity,web_csv
2026-07-16,GDXJ,-USD CASH-,,CASH,,13389629.0,13389629.0,0.2,USD,,United States,Cash Bal,cash,web_csv
2026-07-16,GDXJ,-TRY CASH-,,CASH,,0.0,0.0,0.0,TRY,,Turkey,Cash Bal,cash,web_csv
2026-07-16,GDXJ,-MXN CASH-,,CASH,,-3639.0,-209.0,0.0,MXN,,Mexico,Cash Bal,cash,web_csv
2026-07-16,GDXJ,-GBP CASH-,,CASH,,582.0,785.0,0.0,GBP,,United Kingdom,Cash Bal,cash,web_csv
2026-07-16,GDXJ,-BRL CASH-,,CASH,,-672.0,-132.0,0.0,BRL,,Brazil,Cash Bal,cash,web_csv
2026-07-16,GDXJ,-AUD CASH-,,CASH,,79.0,55.0,0.0,AUD,,Australia,Cash Bal,cash,web_csv
2026-07-16,GDXJ,-CAD CASH-,,CASH,,-1668149.0,-1188776.0,-0.02,CAD,,Canada,Cash Bal,cash,web_csv
2026-07-16,GDXJ,,Other/Cash,CASH,,0.0,-1370270.0,-0.02,USD,,,Cash,cash,web_csv
2026-07-17,GDXJ,AGI,Alamos Gold Inc,CA0115321089,,14553379.0,411278491.0,6.17,USD,Materials,Canada,Stock,equity,web_csv
2026-07-17,GDXJ,EVN AU,Evolution Mining Ltd,AU000000EVN4,,54649039.0,407786450.0,6.12,AUD,Materials,Australia,Stock,equity,web_csv
2026-07-17,GDXJ,EQX,Equinox Gold Corp,CA29446Y5020,,45813966.0,394916387.0,5.92,USD,Materials,Canada,Stock,equity,web_csv
2026-07-17,GDXJ,EDV LN,Endeavour Mining Plc,GB00BL6K5J42,,7713364.0,355526546.0,5.33,GBP,Materials,United Kingdom,Stock,equity,web_csv
2026-07-17,GDXJ,CDE,Coeur Mining Inc,US1921085049,,22346569.0,320673265.0,4.81,USD,Materials,United States,Stock,equity,web_csv
2026-07-17,GDXJ,PE&OLES* MF,Industrias Penoles Sab De Cv,MXP554091415,,4676333.0,214041988.0,3.21,MXN,Materials,Mexico,Stock,equity,web_csv
2026-07-17,GDXJ,AG,First Majestic Silver Corp,CA32076V1031,,11364434.0,179671702.0,2.69,USD,Materials,Canada,Stock,equity,web_csv
2026-07-17,GDXJ,HL,Hecla Mining Co,US4227041062,,12087664.0,173216225.0,2.6,USD,Materials,United States,Stock,equity,web_csv
2026-07-17,GDXJ,IAG,Iamgold Corp,CA4509131088,,11725301.0,165795756.0,2.49,USD,Materials,Burkina Faso,Stock,equity,web_csv
2026-07-17,GDXJ,EGO,Eldorado Gold Corp,CA2849025093,,5683973.0,158867045.0,2.38,USD,Materials,Turkey,Stock,equity,web_csv
2026-07-17,GDXJ,HMY,Harmony Gold Mining Co Ltd,US4132163001,,9577409.0,140309042.0,2.1,USD,Materials,South Africa,Stock,equity,web_csv
2026-07-17,GDXJ,LUG CN,Lundin Gold Inc,CA5503711080,,2542536.0,139388129.0,2.09,CAD,Materials,Canada,Stock,equity,web_csv
2026-07-17,GDXJ,DPM CN,Dundee Precious Metals Inc,CA26139R1091,,3824780.0,128261490.0,1.92,CAD,Materials,Canada,Stock,equity,web_csv
2026-07-17,GDXJ,OGC CN,Oceanagold Corp,CA6752224007,,5097983.0,114311241.0,1.71,CAD,Materials,Canada,Stock,equity,web_csv
2026-07-17,GDXJ,BVN,Cia De Minas Buenaventura Saa,US2044481040,,3629983.0,109770686.0,1.65,USD,Materials,Peru,Stock,equity,web_csv
2026-07-17,GDXJ,GMIN CN,G Mining Ventures Corp,CA36270K1021,,4045266.0,108431894.0,1.63,CAD,Materials,Canada,Stock,equity,web_csv
2026-07-17,GDXJ,BTG,B2gold Corp,CA11777Q2099,,29042079.0,106584430.0,1.6,USD,Materials,Canada,Stock,equity,web_csv
2026-07-17,GDXJ,SSRM,Ssr Mining Inc,CA7847301032,,4003852.0,102378496.0,1.54,USD,Materials,Canada,Stock,equity,web_csv
2026-07-17,GDXJ,DSV CN,Discovery Silver Corp,CA25466C1077,,16835191.0,92991528.0,1.39,CAD,Materials,Canada,Stock,equity,web_csv
2026-07-17,GDXJ,1818 HK,Zhaojin Mining Industry Co Ltd,CNE1000004R6,,41162700.0,92934818.0,1.39,HKD,Materials,China,Stock,equity,web_csv
2026-07-17,GDXJ,OR,Or Royalties Inc,CA68390D1069,,3098346.0,87683192.0,1.32,USD,Materials,Canada,Stock,equity,web_csv
2026-07-17,GDXJ,PRU AU,Perseus Mining Ltd,AU000000PRU3,,24802326.0,81581353.0,1.22,AUD,Materials,Australia,Stock,equity,web_csv
2026-07-17,GDXJ,ARTG CN,Artemis Gold Inc,CA04302L1004,,3440905.0,77768750.0,1.17,CAD,Materials,Canada,Stock,equity,web_csv
2026-07-17,GDXJ,GGP AU,Greatland Resources Ltd,AU0000397705,,11147614.0,77751682.0,1.17,AUD,Materials,Australia,Stock,equity,web_csv
2026-07-17,GDXJ,MAU CN,Montage Gold Corp,CA61178L1013,,7154647.0,77609730.0,1.16,CAD,Materials,Côte D'Ivoire,Stock,equity,web_csv
2026-07-17,GDXJ,RMS AU,Ramelius Resources Ltd,AU000000RMS4,,37532162.0,76300618.0,1.14,AUD,Materials,Australia,Stock,equity,web_csv
2026-07-17,GDXJ,GMD AU,Genesis Minerals Ltd,AU000000GMD9,,18300988.0,72330205.0,1.08,AUD,Materials,Australia,Stock,equity,web_csv
2026-07-17,GDXJ,KNT CN,K92 Mining Inc,CA4991131083,,4785361.0,70350356.0,1.06,CAD,Materials,Canada,Stock,equity,web_csv
2026-07-17,GDXJ,ARMN,Aris Mining Corp,CA04040Y1097,,4810485.0,67058161.0,1.01,USD,Materials,Colombia,Stock,equity,web_csv
2026-07-17,GDXJ,TXG CN,Torex Gold Resources Inc,CA8910546032,,1730108.0,65364437.0,0.98,CAD,Materials,Canada,Stock,equity,web_csv
2026-07-17,GDXJ,VAU AU,Vault Minerals Ltd,AU0000427775,,19942455.0,65318562.0,0.98,AUD,Materials,Australia,Stock,equity,web_csv
2026-07-17,GDXJ,CMM AU,Capricorn Metals Ltd,AU000000CMM9,,7889811.0,65099453.0,0.98,AUD,Materials,Australia,Stock,equity,web_csv
2026-07-17,GDXJ,AYA CN,Aya Gold & Silver Inc,CA05466C1095,,3227113.0,60546513.0,0.91,CAD,Materials,Canada,Stock,equity,web_csv
2026-07-17,GDXJ,WDO CN,Wesdome Gold Mines Ltd/Canada,CA95083R1001,,3341350.0,60376794.0,0.91,CAD,Materials,Canada,Stock,equity,web_csv
2026-07-17,GDXJ,SKE,Skeena Resources Ltd,CA83056P7157,,2378511.0,59890907.0,0.9,USD,Materials,Canada,Stock,equity,web_csv
2026-07-17,GDXJ,CGAU,Centerra Gold Inc,CA1520061021,,3885099.0,58626144.0,0.88,USD,Materials,Canada,Stock,equity,web_csv
2026-07-17,GDXJ,RRL AU,Regis Resources Ltd,AU000000RRL8,,14019513.0,56073276.0,0.84,AUD,Materials,Australia,Stock,equity,web_csv
2026-07-17,GDXJ,BRMS IJ,Bumi Resources Minerals Tbk Pt,ID1000117609,,1809800300.0,55773596.0,0.84,IDR,Materials,Indonesia,Stock,equity,web_csv
2026-07-17,GDXJ,FSM,Fortuna Silver Mines Inc,CA3499421020,,6635606.0,54146545.0,0.81,USD,Materials,Canada,Stock,equity,web_csv
2026-07-17,GDXJ,SA,Seabridge Gold Inc,CA8119271028,,2075491.0,51140098.0,0.77,USD,Materials,Canada,Stock,equity,web_csv
2026-07-17,GDXJ,TFPM,Triple Flag Precious Metals Corp,CA89679M1041,,1812097.0,49578974.0,0.74,USD,Materials,Canada,Stock,equity,web_csv
2026-07-17,GDXJ,ORLA,Orla Mining Ltd,CA68634K1066,,5639140.0,48552995.0,0.73,USD,Materials,Mexico,Stock,equity,web_csv
2026-07-17,GDXJ,AUGO,Aura Minerals Inc,VGG069731120,,965857.0,48505339.0,0.73,USD,Materials,United States,Stock,equity,web_csv
2026-07-17,GDXJ,WGX AU,Westgold Resources Ltd,AU000000WGX6,,15619756.0,48194942.0,0.72,AUD,Materials,Australia,Stock,equity,web_csv
2026-07-17,GDXJ,EXK,Endeavour Silver Corp,CA29258Y1034,,6382650.0,47295437.0,0.71,USD,Materials,Canada,Stock,equity,web_csv
2026-07-17,GDXJ,SVM,Silvercorp Metals Inc,CA82835P1036,,5102635.0,45515504.0,0.68,USD,Materials,Canada,Stock,equity,web_csv
2026-07-17,GDXJ,EMAS IJ,Merdeka Gold Resources Tbk Pt,ID1000211600,,136552300.0,43929820.0,0.66,IDR,Materials,Indonesia,Stock,equity,web_csv
2026-07-17,GDXJ,3939 HK,Wanguo Gold Group Ltd,KYG9430L1150,,35348000.0,42347471.0,0.64,HKD,Materials,China,Stock,equity,web_csv
2026-07-17,GDXJ,HOC LN,Hochschild Mining Plc,GB00B1FW5029,,7340558.0,41868594.0,0.63,GBP,Materials,Peru,Stock,equity,web_csv
2026-07-17,GDXJ,EMR AU,Emerald Resources Nl,AU000000EMR4,,11418636.0,39827818.0,0.6,AUD,Materials,Australia,Stock,equity,web_csv
2026-07-17,GDXJ,AAUC,Allied Gold Corp,CA01921D2041,,1861353.0,38753369.0,0.58,USD,Materials,Canada,Stock,equity,web_csv
2026-07-17,GDXJ,PPTA,Perpetua Resources Corp,CA7142661031,,2128886.0,35978173.0,0.54,USD,Materials,United States,Stock,equity,web_csv
2026-07-17,GDXJ,PAF LN,Pan African Resources Plc,GB0004300496,,28478072.0,34350045.0,0.52,GBP,Materials,United Kingdom,Stock,equity,web_csv
2026-07-17,GDXJ,SXGC CN,Southern Cross Gold Consolidated Ltd,CA8426851090,,5986103.0,34303948.0,0.51,CAD,Materials,Canada,Stock,equity,web_csv
2026-07-17,GDXJ,NG,Novagold Resources Inc,CA66987E2069,,6483790.0,33586032.0,0.5,USD,Materials,Canada,Stock,equity,web_csv
2026-07-17,GDXJ,ABRA CN,Abrasilver Resource Corp,CA00379L3048,,3307185.0,32995145.0,0.49,CAD,Materials,Canada,Stock,equity,web_csv
2026-07-17,GDXJ,WAF AU,West African Resources Ltd,AU000000WAF6,,16629087.0,31705172.0,0.48,AUD,Materials,Australia,Stock,equity,web_csv
2026-07-17,GDXJ,PDI AU,Predictive Discovery Ltd,AU000000PDI8,,72260405.0,30902407.0,0.46,AUD,Materials,Australia,Stock,equity,web_csv
2026-07-17,GDXJ,SGD CN,Snowline Gold Corp,CA83342V1040,,3080769.0,28559636.0,0.43,CAD,Materials,Canada,Stock,equity,web_csv
2026-07-17,GDXJ,HYMC,Hycroft Mining Holding Corp,US44862P2083,,1350746.0,25731711.0,0.39,USD,Materials,United States,Stock,equity,web_csv
2026-07-17,GDXJ,KOZAL TI,Koza Altin Isletmeleri As,TREKOAL00014,,24049945.0,25712086.0,0.39,TRY,Materials,Turkey,Stock,equity,web_csv
2026-07-17,GDXJ,VZLA,Vizsla Silver Corp,CA92859G6085,,8267562.0,25381415.0,0.38,USD,Materials,Canada,Stock,equity,web_csv
2026-07-17,GDXJ,USAS,Americas Gold & Silver Corp,CA03062D8035,,6523362.0,24658308.0,0.37,USD,Materials,Canada,Stock,equity,web_csv
2026-07-17,GDXJ,OBM AU,Ora Banda Mining Ltd,AU0000050130,,34255930.0,24246529.0,0.36,AUD,Materials,Australia,Stock,equity,web_csv
2026-07-17,GDXJ,RSG AU,Resolute Mining Ltd,AU000000RSG6,,37431238.0,23723741.0,0.36,AUD,Materials,Australia,Stock,equity,web_csv
2026-07-17,GDXJ,IAUX,I-80 Gold Corp,CA44955L1067,,18111156.0,23363391.0,0.35,USD,Materials,United States,Stock,equity,web_csv
2026-07-17,GDXJ,ASM,Avino Silver & Gold Mines Ltd,CA0539061030,,4223974.0,23231857.0,0.35,USD,Materials,Mexico,Stock,equity,web_csv
2026-07-17,GDXJ,GTWO CN,G2 Goldfields Inc,CA36256R1055,,3688958.0,22745832.0,0.34,CAD,Materials,Canada,Stock,equity,web_csv
2026-07-17,GDXJ,GGD CN,Gogold Resources Inc,CA38045Y1025,,10850329.0,22687931.0,0.34,CAD,Materials,United States,Stock,equity,web_csv
2026-07-17,GDXJ,CYL AU,Catalyst Metals Ltd,AU000000CYL6,,5878844.0,22289638.0,0.33,AUD,Materials,Australia,Stock,equity,web_csv
2026-07-17,GDXJ,ALK AU,Alkane Resources Ltd,AU000000ALK9,,23232988.0,21469693.0,0.32,AUD,Materials,Australia,Stock,equity,web_csv
2026-07-17,GDXJ,MUX,Mcewen Mining Inc,US58039P3055,,1287255.0,21072364.0,0.32,USD,Materials,Canada,Stock,equity,web_csv
2026-07-17,GDXJ,BGL AU,Bellevue Gold Ltd,AU0000019374,,24996453.0,20982606.0,0.31,AUD,Materials,Australia,Stock,equity,web_csv
2026-07-17,GDXJ,DRD,Drdgold Ltd,US26152H3012,,976163.0,19425644.0,0.29,USD,Materials,South Africa,Stock,equity,web_csv
2026-07-17,GDXJ,ORE CN,Orezone Gold Corp,CA68616T1093,,12676946.0,19088925.0,0.29,CAD,Materials,Canada,Stock,equity,web_csv
2026-07-17,GDXJ,KCN AU,Kingsgate Consolidated Ltd,AU000000KCN1,,6263808.0,17355559.0,0.26,AUD,Materials,Australia,Stock,equity,web_csv
2026-07-17,GDXJ,6693 HK,Chifeng Jilong Gold Mining Co Ltd,CNE100006T51,,5033600.0,16560407.0,0.25,HKD,Materials,China,Stock,equity,web_csv
2026-07-17,GDXJ,340 HK,Tongguan Gold Group Ltd,BMG8919D1074,,59898000.0,13896704.0,0.21,HKD,Materials,China,Stock,equity,web_csv
2026-07-17,GDXJ,DC,Dakota Gold Corp,US46655E1001,,3153748.0,13151129.0,0.2,USD,Materials,Canada,Stock,equity,web_csv
2026-07-17,GDXJ,CNL CN,Collective Mining Ltd,CA19425C1005,,1044430.0,12626329.0,0.19,CAD,Materials,Canada,Stock,equity,web_csv
2026-07-17,GDXJ,MTA,Metalla Royalty & Streaming Ltd,CA59124U6051,,1733339.0,12584041.0,0.19,USD,Materials,Canada,Stock,equity,web_csv
2026-07-17,GDXJ,KOZAA TI,Koza Anadolu Metal Madencilik Isletmele,TREKOZA00014,,4663011.0,11881398.0,0.18,TRY,Materials,Turkey,Stock,equity,web_csv
2026-07-17,GDXJ,GROY,Gold Royalty Corp,CA38071H1064,,4509521.0,11499279.0,0.17,USD,Materials,Canada,Stock,equity,web_csv
2026-07-17,GDXJ,CTGO,Contango Ore Inc,US21077F1003,,717451.0,11479216.0,0.17,USD,Materials,United States,Stock,equity,web_csv
2026-07-17,GDXJ,,Other,,,4963516.0,11267181.0,0.17,USD,,,other,residual,web_csv
2026-07-17,GDXJ,BC8 AU,Black Cat Syndicate Ltd,AU000000BC88,,15873512.0,9610511.0,0.14,AUD,Materials,Australia,Stock,equity,web_csv
2026-07-17,GDXJ,NFGC,New Found Gold Corp,CA64440N1033,,6923439.0,9554346.0,0.14,USD,Materials,Canada,Stock,equity,web_csv
2026-07-17,GDXJ,IDR,Idaho Strategic Resources Inc,US6458272050,,328772.0,9337125.0,0.14,USD,Materials,United States,Stock,equity,web_csv
2026-07-17,GDXJ,ITRG,Integra Resources Corp,CA45826T5098,,4305450.0,8869227.0,0.13,USD,Materials,Canada,Stock,equity,web_csv
2026-07-17,GDXJ,PNR AU,Pantoro Gold Ltd,AU000000PNR8,,5765978.0,7807690.0,0.12,AUD,Materials,Australia,Stock,equity,web_csv
2026-07-17,GDXJ,SBM AU,St Barbara Ltd,AU000000SBM8,,24227335.0,7013311.0,0.11,AUD,Materials,Australia,Stock,equity,web_csv
2026-07-17,GDXJ,DTR AU,Dateline Resources Ltd,AU000000DTR1,,71724884.0,6537371.0,0.1,AUD,Materials,Australia,Stock,equity,web_csv
2026-07-17,GDXJ,GAU,Galiano Gold Inc,CA36352H1001,,3795486.0,6528236.0,0.1,USD,Materials,Canada,Stock,equity,web_csv
2026-07-17,GDXJ,CMCL,Caledonia Mining Corp Plc,JE00BF0XVB15,,372453.0,6324252.0,0.09,USD,Materials,Jersey,Stock,equity,web_csv
2026-07-17,GDXJ,APM CN,Andean Precious Metals Corp,CA03349X1015,,1499578.0,6271206.0,0.09,CAD,Materials,Canada,Stock,equity,web_csv
2026-07-17,GDXJ,CNMC SP,Cnmc Goldmine Holdings Ltd,,,6695500.0,6019490.0,0.09,SGD,Materials,Singapore,Stock,equity,web_csv
2026-07-17,GDXJ,AMI AU,Aurelia Metals Ltd,AU000000AMI1,,30103818.0,5601905.0,0.08,AUD,Materials,Australia,Stock,equity,web_csv
2026-07-17,GDXJ,ASL AU,Andean Silver Ltd,AU0000343253,,3992246.0,5205833.0,0.08,AUD,Materials,Australia,Stock,equity,web_csv
2026-07-17,GDXJ,AZY AU,Antipa Minerals Ltd,AU000000AZY0,,12290367.0,4968928.0,0.07,AUD,Materials,Australia,Stock,equity,web_csv
2026-07-17,GDXJ,VOXR,Vox Royalty Corp,CA92919F1036,,1156794.0,4789127.0,0.07,USD,Materials,Australia,Stock,equity,web_csv
2026-07-17,GDXJ,USAU,Us Gold Corp,US90291C2017,,322533.0,4596095.0,0.07,USD,Materials,United States,Stock,equity,web_csv
2026-07-17,GDXJ,GLDG,Goldmining Inc,CA38149E1016,,5362701.0,4504669.0,0.07,USD,Materials,Canada,Stock,equity,web_csv
2026-07-17,GDXJ,FDR CN,Founders Metals Inc,CA3505901056,,1482577.0,4210995.0,0.06,CAD,Materials,Canada,Stock,equity,web_csv
2026-07-17,GDXJ,MEK AU,Meeka Metals Ltd,AU0000192726,,65667765.0,4169505.0,0.06,AUD,Materials,Australia,Stock,equity,web_csv
2026-07-17,GDXJ,WRLG CN,West Red Lake Gold Mines Ltd,CA95556L1013,,8369602.0,4001879.0,0.06,CAD,Materials,Canada,Stock,equity,web_csv
2026-07-17,GDXJ,ARCI IJ,Archi Indonesia Tbk Pt,ID1000161003,,63482500.0,3893512.0,0.06,IDR,Materials,Indonesia,Stock,equity,web_csv
2026-07-17,GDXJ,LUCA CN,Luca Mining Corp,CA54929M1068,,5988877.0,3803818.0,0.06,CAD,Materials,Mexico,Stock,equity,web_csv
2026-07-17,GDXJ,8299 HK,Gt Gold Holdings Ltd,KYG4136P1303,,111096000.0,3779508.0,0.06,HKD,Materials,China,Stock,equity,web_csv
2026-07-17,GDXJ,VGC CN,Valor Gold Corp,CA9199211066,,991063.0,2694701.0,0.04,CAD,,Canada,Stock,equity,web_csv
2026-07-17,GDXJ,FFX AU,Firefinch Ltd,AU0000114522,,54133739.0,2346639.0,0.04,AUD,Materials,Australia,Stock,equity,web_csv
2026-07-17,GDXJ,PSAB IJ,J Resources Asia Pasific Tbk Pt,ID1000094709,,66236100.0,1598479.0,0.02,IDR,Materials,Indonesia,Stock,equity,web_csv
2026-07-17,GDXJ,FMR CN,Future Mineral Resources Inc,CA3611551043,,168999.0,31961.0,0.0,CAD,Materials,Canada,Stock,equity,web_csv
2026-07-17,GDXJ,NIX CN,Archer Exploration Corp,CA66860Q1028,,179304.0,18554.0,0.0,CAD,Materials,Canada,Stock,equity,web_csv
2026-07-17,GDXJ,VGCX CN,Victoria Gold Corp/Vancouver,CA92625W5072,,1722275.0,1.0,0.0,CAD,Materials,Canada,Stock,equity,web_csv
2026-07-17,GDXJ,ASM AU,Australian Strategic Materials Ltd,AU0000094153,,1.0,1.0,0.0,AUD,Materials,Australia,Stock,equity,web_csv
2026-07-17,GDXJ,-USD CASH-,,CASH,,13390900.0,13390900.0,0.2,USD,,United States,Cash Bal,cash,web_csv
2026-07-17,GDXJ,-TRY CASH-,,CASH,,0.0,0.0,0.0,TRY,,Turkey,Cash Bal,cash,web_csv
2026-07-17,GDXJ,-GBP CASH-,,CASH,,582.0,782.0,0.0,GBP,,United Kingdom,Cash Bal,cash,web_csv
2026-07-17,GDXJ,-AUD CASH-,,CASH,,79.0,55.0,0.0,AUD,,Australia,Cash Bal,cash,web_csv
2026-07-17,GDXJ,-CAD CASH-,,CASH,,-1668149.0,-1190472.0,-0.02,CAD,,Canada,Cash Bal,cash,web_csv
2026-07-17,GDXJ,,Other/Cash,CASH,,0.0,-1459696.0,-0.02,USD,,,Cash,cash,web_csv
2026-07-20,GDXJ,AGI,Alamos Gold Inc,CA0115321089,,14553379.0,409968686.0,6.19,USD,Materials,Canada,Stock,equity,web_csv
2026-07-20,GDXJ,EQX,Equinox Gold Corp,CA29446Y5020,,45813966.0,397665225.0,6.0,USD,Materials,Canada,Stock,equity,web_csv
2026-07-20,GDXJ,EVN AU,Evolution Mining Ltd,AU000000EVN4,,54649039.0,390216405.0,5.89,AUD,Materials,Australia,Stock,equity,web_csv
2026-07-20,GDXJ,EDV LN,Endeavour Mining Plc,GB00BL6K5J42,,7713364.0,353775393.0,5.34,GBP,Materials,United Kingdom,Stock,equity,web_csv
2026-07-20,GDXJ,CDE,Coeur Mining Inc,US1921085049,,22346569.0,316427417.0,4.78,USD,Materials,United States,Stock,equity,web_csv
2026-07-20,GDXJ,PE&OLES* MF,Industrias Penoles Sab De Cv,MXP554091415,,4676333.0,210347955.0,3.18,MXN,Materials,Mexico,Stock,equity,web_csv
2026-07-20,GDXJ,AG,First Majestic Silver Corp,CA32076V1031,,11364434.0,180126279.0,2.72,USD,Materials,Canada,Stock,equity,web_csv
2026-07-20,GDXJ,HL,Hecla Mining Co,US4227041062,,12087664.0,172732719.0,2.61,USD,Materials,United States,Stock,equity,web_csv
2026-07-20,GDXJ,IAG,Iamgold Corp,CA4509131088,,11725301.0,163685202.0,2.47,USD,Materials,Burkina Faso,Stock,equity,web_csv
2026-07-20,GDXJ,EGO,Eldorado Gold Corp,CA2849025093,,5683973.0,157616571.0,2.38,USD,Materials,Turkey,Stock,equity,web_csv
2026-07-20,GDXJ,LUG CN,Lundin Gold Inc,CA5503711080,,2542536.0,139037307.0,2.1,CAD,Materials,Canada,Stock,equity,web_csv
2026-07-20,GDXJ,HMY,Harmony Gold Mining Co Ltd,US4132163001,,9577409.0,137244271.0,2.07,USD,Materials,South Africa,Stock,equity,web_csv
2026-07-20,GDXJ,DPM CN,Dundee Precious Metals Inc,CA26139R1091,,3824780.0,127692200.0,1.93,CAD,Materials,Canada,Stock,equity,web_csv
2026-07-20,GDXJ,OGC CN,Oceanagold Corp,CA6752224007,,5097983.0,113151504.0,1.71,CAD,Materials,Canada,Stock,equity,web_csv
2026-07-20,GDXJ,GMIN CN,G Mining Ventures Corp,CA36270K1021,,4045266.0,109585067.0,1.65,CAD,Materials,Canada,Stock,equity,web_csv
2026-07-20,GDXJ,BVN,Cia De Minas Buenaventura Saa,US2044481040,,3629983.0,109117289.0,1.65,USD,Materials,Peru,Stock,equity,web_csv
2026-07-20,GDXJ,BTG,B2gold Corp,CA11777Q2099,,29042079.0,106003588.0,1.6,USD,Materials,Canada,Stock,equity,web_csv
2026-07-20,GDXJ,SSRM,Ssr Mining Inc,CA7847301032,,4003852.0,100296493.0,1.51,USD,Materials,Canada,Stock,equity,web_csv
2026-07-20,GDXJ,1818 HK,Zhaojin Mining Industry Co Ltd,CNE1000004R6,,41162700.0,96093846.0,1.45,HKD,Materials,China,Stock,equity,web_csv
2026-07-20,GDXJ,DSV CN,Discovery Silver Corp,CA25466C1077,,16835191.0,92457619.0,1.4,CAD,Materials,Canada,Stock,equity,web_csv
2026-07-20,GDXJ,OR,Or Royalties Inc,CA68390D1069,,3098346.0,86939589.0,1.31,USD,Materials,Canada,Stock,equity,web_csv
2026-07-20,GDXJ,PRU AU,Perseus Mining Ltd,AU000000PRU3,,24802326.0,79844867.0,1.21,AUD,Materials,Australia,Stock,equity,web_csv
2026-07-20,GDXJ,GGP AU,Greatland Resources Ltd,AU0000397705,,11147614.0,78330566.0,1.18,AUD,Materials,Australia,Stock,equity,web_csv
2026-07-20,GDXJ,ARTG CN,Artemis Gold Inc,CA04302L1004,,3440905.0,77767341.0,1.17,CAD,Materials,Canada,Stock,equity,web_csv
2026-07-20,GDXJ,MAU CN,Montage Gold Corp,CA61178L1013,,7154647.0,76091607.0,1.15,CAD,Materials,Côte D'Ivoire,Stock,equity,web_csv
2026-07-20,GDXJ,RMS AU,Ramelius Resources Ltd,AU000000RMS4,,37532162.0,75208008.0,1.14,AUD,Materials,Australia,Stock,equity,web_csv
2026-07-20,GDXJ,KNT CN,K92 Mining Inc,CA4991131083,,4785361.0,70434032.0,1.06,CAD,Materials,Canada,Stock,equity,web_csv
2026-07-20,GDXJ,GMD AU,Genesis Minerals Ltd,AU000000GMD9,,18300988.0,70014243.0,1.06,AUD,Materials,Australia,Stock,equity,web_csv
2026-07-20,GDXJ,ARMN,Aris Mining Corp,CA04040Y1097,,4810485.0,66721427.0,1.01,USD,Materials,Colombia,Stock,equity,web_csv
2026-07-20,GDXJ,CMM AU,Capricorn Metals Ltd,AU000000CMM9,,7889811.0,64826684.0,0.98,AUD,Materials,Australia,Stock,equity,web_csv
2026-07-20,GDXJ,TXG CN,Torex Gold Resources Inc,CA8910546032,,1730108.0,64689818.0,0.98,CAD,Materials,Canada,Stock,equity,web_csv
2026-07-20,GDXJ,VAU AU,Vault Minerals Ltd,AU0000427775,,19942455.0,63641985.0,0.96,AUD,Materials,Australia,Stock,equity,web_csv
2026-07-20,GDXJ,AYA CN,Aya Gold & Silver Inc,CA05466C1095,,3227113.0,59689079.0,0.9,CAD,Materials,Canada,Stock,equity,web_csv
2026-07-20,GDXJ,SKE,Skeena Resources Ltd,CA83056P7157,,2378511.0,59605486.0,0.9,USD,Materials,Canada,Stock,equity,web_csv
2026-07-20,GDXJ,WDO CN,Wesdome Gold Mines Ltd/Canada,CA95083R1001,,3341350.0,59139779.0,0.89,CAD,Materials,Canada,Stock,equity,web_csv
2026-07-20,GDXJ,CGAU,Centerra Gold Inc,CA1520061021,,3885099.0,59014654.0,0.89,USD,Materials,Canada,Stock,equity,web_csv
2026-07-20,GDXJ,BRMS IJ,Bumi Resources Minerals Tbk Pt,ID1000117609,,1809800300.0,57872487.0,0.87,IDR,Materials,Indonesia,Stock,equity,web_csv
2026-07-20,GDXJ,RRL AU,Regis Resources Ltd,AU000000RRL8,,14019513.0,54865711.0,0.83,AUD,Materials,Australia,Stock,equity,web_csv
2026-07-20,GDXJ,FSM,Fortuna Silver Mines Inc,CA3499421020,,6635606.0,53283916.0,0.8,USD,Materials,Canada,Stock,equity,web_csv
2026-07-20,GDXJ,SA,Seabridge Gold Inc,CA8119271028,,2075491.0,51451422.0,0.78,USD,Materials,Canada,Stock,equity,web_csv
2026-07-20,GDXJ,TFPM,Triple Flag Precious Metals Corp,CA89679M1041,,1812097.0,49633337.0,0.75,USD,Materials,Canada,Stock,equity,web_csv
2026-07-20,GDXJ,ORLA,Orla Mining Ltd,CA68634K1066,,5639140.0,48778561.0,0.74,USD,Materials,Mexico,Stock,equity,web_csv
2026-07-20,GDXJ,AUGO,Aura Minerals Inc,VGG069731120,,965857.0,48360460.0,0.73,USD,Materials,United States,Stock,equity,web_csv
2026-07-20,GDXJ,WGX AU,Westgold Resources Ltd,AU000000WGX6,,15619756.0,48121437.0,0.73,AUD,Materials,Australia,Stock,equity,web_csv
2026-07-20,GDXJ,EXK,Endeavour Silver Corp,CA29258Y1034,,6382650.0,47869875.0,0.72,USD,Materials,Canada,Stock,equity,web_csv
2026-07-20,GDXJ,SVM,Silvercorp Metals Inc,CA82835P1036,,5102635.0,45464478.0,0.69,USD,Materials,Canada,Stock,equity,web_csv
2026-07-20,GDXJ,EMAS IJ,Merdeka Gold Resources Tbk Pt,ID1000211600,,136552300.0,43562293.0,0.66,IDR,Materials,Indonesia,Stock,equity,web_csv
2026-07-20,GDXJ,HOC LN,Hochschild Mining Plc,GB00B1FW5029,,7340558.0,41496339.0,0.63,GBP,Materials,Peru,Stock,equity,web_csv
2026-07-20,GDXJ,3939 HK,Wanguo Gold Group Ltd,KYG9430L1150,,35348000.0,41313311.0,0.62,HKD,Materials,China,Stock,equity,web_csv
2026-07-20,GDXJ,EMR AU,Emerald Resources Nl,AU000000EMR4,,11418636.0,39798847.0,0.6,AUD,Materials,Australia,Stock,equity,web_csv
2026-07-20,GDXJ,AAUC,Allied Gold Corp,CA01921D2041,,1861353.0,37990215.0,0.57,USD,Materials,Canada,Stock,equity,web_csv
2026-07-20,GDXJ,PPTA,Perpetua Resources Corp,CA7142661031,,2128886.0,36233640.0,0.55,USD,Materials,United States,Stock,equity,web_csv
2026-07-20,GDXJ,SXGC CN,Southern Cross Gold Consolidated Ltd,CA8426851090,,5986103.0,34280522.0,0.52,CAD,Materials,Canada,Stock,equity,web_csv
2026-07-20,GDXJ,NG,Novagold Resources Inc,CA66987E2069,,6483790.0,33845384.0,0.51,USD,Materials,Canada,Stock,equity,web_csv
2026-07-20,GDXJ,PAF LN,Pan African Resources Plc,GB0004300496,,28478072.0,33836500.0,0.51,GBP,Materials,United Kingdom,Stock,equity,web_csv
2026-07-20,GDXJ,ABRA CN,Abrasilver Resource Corp,CA00379L3048,,3307185.0,33502393.0,0.51,CAD,Materials,Canada,Stock,equity,web_csv
2026-07-20,GDXJ,WAF AU,West African Resources Ltd,AU000000WAF6,,16629087.0,31994205.0,0.48,AUD,Materials,Australia,Stock,equity,web_csv
2026-07-20,GDXJ,PDI AU,Predictive Discovery Ltd,AU000000PDI8,,72260405.0,31356877.0,0.47,AUD,Materials,Australia,Stock,equity,web_csv
2026-07-20,GDXJ,SGD CN,Snowline Gold Corp,CA83342V1040,,3080769.0,29433540.0,0.44,CAD,Materials,Canada,Stock,equity,web_csv
2026-07-20,GDXJ,VZLA,Vizsla Silver Corp,CA92859G6085,,8267562.0,26042820.0,0.39,USD,Materials,Canada,Stock,equity,web_csv
2026-07-20,GDXJ,KOZAL TI,Koza Altin Isletmeleri As,TREKOAL00014,,24049945.0,25454517.0,0.38,TRY,Materials,Turkey,Stock,equity,web_csv
2026-07-20,GDXJ,HYMC,Hycroft Mining Holding Corp,US44862P2083,,1350746.0,25339995.0,0.38,USD,Materials,United States,Stock,equity,web_csv
2026-07-20,GDXJ,USAS,Americas Gold & Silver Corp,CA03062D8035,,6523362.0,24527841.0,0.37,USD,Materials,Canada,Stock,equity,web_csv
2026-07-20,GDXJ,OBM AU,Ora Banda Mining Ltd,AU0000050130,,34255930.0,23932567.0,0.36,AUD,Materials,Australia,Stock,equity,web_csv
2026-07-20,GDXJ,RSG AU,Resolute Mining Ltd,AU000000RSG6,,37431238.0,23921761.0,0.36,AUD,Materials,Australia,Stock,equity,web_csv
2026-07-20,GDXJ,ASM,Avino Silver & Gold Mines Ltd,CA0539061030,,4223974.0,23527535.0,0.36,USD,Materials,Mexico,Stock,equity,web_csv
2026-07-20,GDXJ,GTWO CN,G2 Goldfields Inc,CA36256R1055,,3688958.0,22962497.0,0.35,CAD,Materials,Canada,Stock,equity,web_csv
2026-07-20,GDXJ,GGD CN,Gogold Resources Inc,CA38045Y1025,,10850329.0,22924861.0,0.35,CAD,Materials,United States,Stock,equity,web_csv
2026-07-20,GDXJ,IAUX,I-80 Gold Corp,CA44955L1067,,18111156.0,22820057.0,0.34,USD,Materials,United States,Stock,equity,web_csv
2026-07-20,GDXJ,CYL AU,Catalyst Metals Ltd,AU000000CYL6,,5878844.0,22144889.0,0.33,AUD,Materials,Australia,Stock,equity,web_csv
2026-07-20,GDXJ,ALK AU,Alkane Resources Ltd,AU000000ALK9,,23232988.0,21313731.0,0.32,AUD,Materials,Australia,Stock,equity,web_csv
2026-07-20,GDXJ,MUX,Mcewen Mining Inc,US58039P3055,,1287255.0,21188217.0,0.32,USD,Materials,Canada,Stock,equity,web_csv
2026-07-20,GDXJ,BGL AU,Bellevue Gold Ltd,AU0000019374,,24996453.0,20818045.0,0.31,AUD,Materials,Australia,Stock,equity,web_csv
2026-07-20,GDXJ,ORE CN,Orezone Gold Corp,CA68616T1093,,12676946.0,19930320.0,0.3,CAD,Materials,Canada,Stock,equity,web_csv
2026-07-20,GDXJ,DRD,Drdgold Ltd,US26152H3012,,976163.0,19181603.0,0.29,USD,Materials,South Africa,Stock,equity,web_csv
2026-07-20,GDXJ,KCN AU,Kingsgate Consolidated Ltd,AU000000KCN1,,6263808.0,17212944.0,0.26,AUD,Materials,Australia,Stock,equity,web_csv
2026-07-20,GDXJ,6693 HK,Chifeng Jilong Gold Mining Co Ltd,CNE100006T51,,5033600.0,16767197.0,0.25,HKD,Materials,China,Stock,equity,web_csv
2026-07-20,GDXJ,340 HK,Tongguan Gold Group Ltd,BMG8919D1074,,59898000.0,13971094.0,0.21,HKD,Materials,China,Stock,equity,web_csv
2026-07-20,GDXJ,DC,Dakota Gold Corp,US46655E1001,,3153748.0,13119592.0,0.2,USD,Materials,Canada,Stock,equity,web_csv
2026-07-20,GDXJ,CNL CN,Collective Mining Ltd,CA19425C1005,,1044430.0,12764678.0,0.19,CAD,Materials,Canada,Stock,equity,web_csv
2026-07-20,GDXJ,MTA,Metalla Royalty & Streaming Ltd,CA59124U6051,,1733339.0,12514708.0,0.19,USD,Materials,Canada,Stock,equity,web_csv
2026-07-20,GDXJ,KOZAA TI,Koza Anadolu Metal Madencilik Isletmele,TREKOZA00014,,4663011.0,11414173.0,0.17,TRY,Materials,Turkey,Stock,equity,web_csv
2026-07-20,GDXJ,GROY,Gold Royalty Corp,CA38071H1064,,4509521.0,11363993.0,0.17,USD,Materials,Canada,Stock,equity,web_csv
2026-07-20,GDXJ,,Other,,,4963516.0,11118276.0,0.17,USD,,,other,residual,web_csv
2026-07-20,GDXJ,CTGO,Contango Ore Inc,US21077F1003,,717451.0,10977000.0,0.17,USD,Materials,United States,Stock,equity,web_csv
2026-07-20,GDXJ,NFGC,New Found Gold Corp,CA64440N1033,,6923439.0,9623580.0,0.15,USD,Materials,Canada,Stock,equity,web_csv
2026-07-20,GDXJ,BC8 AU,Black Cat Syndicate Ltd,AU000000BC88,,15873512.0,9590447.0,0.14,AUD,Materials,Australia,Stock,equity,web_csv
2026-07-20,GDXJ,IDR,Idaho Strategic Resources Inc,US6458272050,,328772.0,9087258.0,0.14,USD,Materials,United States,Stock,equity,web_csv
2026-07-20,GDXJ,ITRG,Integra Resources Corp,CA45826T5098,,4305450.0,8869227.0,0.13,USD,Materials,Canada,Stock,equity,web_csv
2026-07-20,GDXJ,PNR AU,Pantoro Gold Ltd,AU000000PNR8,,5765978.0,8010525.0,0.12,AUD,Materials,Australia,Stock,equity,web_csv
2026-07-20,GDXJ,SBM AU,St Barbara Ltd,AU000000SBM8,,24227335.0,7169358.0,0.11,AUD,Materials,Australia,Stock,equity,web_csv
2026-07-20,GDXJ,DTR AU,Dateline Resources Ltd,AU000000DTR1,,71724884.0,6982749.0,0.11,AUD,Materials,Australia,Stock,equity,web_csv
2026-07-20,GDXJ,GAU,Galiano Gold Inc,CA36352H1001,,3795486.0,6680055.0,0.1,USD,Materials,Canada,Stock,equity,web_csv
2026-07-20,GDXJ,CMCL,Caledonia Mining Corp Plc,JE00BF0XVB15,,372453.0,6253486.0,0.09,USD,Materials,Jersey,Stock,equity,web_csv
2026-07-20,GDXJ,CNMC SP,Cnmc Goldmine Holdings Ltd,,,6695500.0,6224443.0,0.09,SGD,Materials,Singapore,Stock,equity,web_csv
2026-07-20,GDXJ,APM CN,Andean Precious Metals Corp,CA03349X1015,,1499578.0,6219350.0,0.09,CAD,Materials,Canada,Stock,equity,web_csv
2026-07-20,GDXJ,AMI AU,Aurelia Metals Ltd,AU000000AMI1,,30103818.0,6103870.0,0.09,AUD,Materials,Australia,Stock,equity,web_csv
2026-07-20,GDXJ,ASL AU,Andean Silver Ltd,AU0000343253,,3992246.0,5074120.0,0.08,AUD,Materials,Australia,Stock,equity,web_csv
2026-07-20,GDXJ,AZY AU,Antipa Minerals Ltd,AU000000AZY0,,12290367.0,4888217.0,0.07,AUD,Materials,Australia,Stock,equity,web_csv
2026-07-20,GDXJ,VOXR,Vox Royalty Corp,CA92919F1036,,1156794.0,4823831.0,0.07,USD,Materials,Australia,Stock,equity,web_csv
2026-07-20,GDXJ,USAU,Us Gold Corp,US90291C2017,,322533.0,4554166.0,0.07,USD,Materials,United States,Stock,equity,web_csv
2026-07-20,GDXJ,GLDG,Goldmining Inc,CA38149E1016,,5362701.0,4503596.0,0.07,USD,Materials,Canada,Stock,equity,web_csv
2026-07-20,GDXJ,MEK AU,Meeka Metals Ltd,AU0000192726,,65667765.0,4290004.0,0.06,AUD,Materials,Australia,Stock,equity,web_csv
2026-07-20,GDXJ,FDR CN,Founders Metals Inc,CA3505901056,,1482577.0,4271492.0,0.06,CAD,Materials,Canada,Stock,equity,web_csv
2026-07-20,GDXJ,WRLG CN,West Red Lake Gold Mines Ltd,CA95556L1013,,8369602.0,4048751.0,0.06,CAD,Materials,Canada,Stock,equity,web_csv
2026-07-20,GDXJ,ARCI IJ,Archi Indonesia Tbk Pt,ID1000161003,,63482500.0,3827399.0,0.06,IDR,Materials,Indonesia,Stock,equity,web_csv
2026-07-20,GDXJ,8299 HK,Gt Gold Holdings Ltd,KYG4136P1303,,111096000.0,3805680.0,0.06,HKD,Materials,China,Stock,equity,web_csv
2026-07-20,GDXJ,LUCA CN,Luca Mining Corp,CA54929M1068,,5988877.0,3706568.0,0.06,CAD,Materials,Mexico,Stock,equity,web_csv
2026-07-20,GDXJ,VGC CN,Valor Gold Corp,CA9199211066,,991063.0,2601567.0,0.04,CAD,,Canada,Stock,equity,web_csv
2026-07-20,GDXJ,FFX AU,Firefinch Ltd,AU0000114522,,54133739.0,2353194.0,0.04,AUD,Materials,Australia,Stock,equity,web_csv
2026-07-20,GDXJ,PSAB IJ,J Resources Asia Pasific Tbk Pt,ID1000094709,,66236100.0,1592690.0,0.02,IDR,Materials,Indonesia,Stock,equity,web_csv
2026-07-20,GDXJ,FMR CN,Future Mineral Resources Inc,CA3611551043,,168999.0,31859.0,0.0,CAD,Materials,Canada,Stock,equity,web_csv
2026-07-20,GDXJ,NIX CN,Archer Exploration Corp,CA66860Q1028,,179304.0,18495.0,0.0,CAD,Materials,Canada,Stock,equity,web_csv
2026-07-20,GDXJ,VGCX CN,Victoria Gold Corp/Vancouver,CA92625W5072,,1722275.0,1.0,0.0,CAD,Materials,Canada,Stock,equity,web_csv
2026-07-20,GDXJ,ASM AU,Australian Strategic Materials Ltd,AU0000094153,,1.0,1.0,0.0,AUD,Materials,Australia,Stock,equity,web_csv
2026-07-20,GDXJ,-USD CASH-,,CASH,,13376115.0,13376115.0,0.2,USD,,United States,Cash Bal,cash,web_csv
2026-07-20,GDXJ,-TRY CASH-,,CASH,,0.0,0.0,0.0,TRY,,Turkey,Cash Bal,cash,web_csv
2026-07-20,GDXJ,-GBP CASH-,,CASH,,582.0,781.0,0.0,GBP,,United Kingdom,Cash Bal,cash,web_csv
2026-07-20,GDXJ,-AUD CASH-,,CASH,,79.0,55.0,0.0,AUD,,Australia,Cash Bal,cash,web_csv
2026-07-20,GDXJ,-CAD CASH-,,CASH,,-1668149.0,-1186704.0,-0.02,CAD,,Canada,Cash Bal,cash,web_csv
2026-07-20,GDXJ,,Other/Cash,CASH,,0.0,-1707802.0,-0.03,USD,,,Cash,cash,web_csv
2026-07-21,GDXJ,AGI,Alamos Gold Inc,CA0115321089,,14553379.0,429615748.0,6.12,USD,Materials,Canada,Stock,equity,web_csv
2026-07-21,GDXJ,EVN AU,Evolution Mining Ltd,AU000000EVN4,,54649039.0,422658729.0,6.02,AUD,Materials,Australia,Stock,equity,web_csv
2026-07-21,GDXJ,EQX,Equinox Gold Corp,CA29446Y5020,,45813966.0,415074532.0,5.91,USD,Materials,Canada,Stock,equity,web_csv
2026-07-21,GDXJ,EDV LN,Endeavour Mining Plc,GB00BL6K5J42,,7713364.0,367124063.0,5.23,GBP,Materials,United Kingdom,Stock,equity,web_csv
2026-07-21,GDXJ,CDE,Coeur Mining Inc,US1921085049,,22346569.0,341902506.0,4.87,USD,Materials,United States,Stock,equity,web_csv
2026-07-21,GDXJ,PE&OLES* MF,Industrias Penoles Sab De Cv,MXP554091415,,4676333.0,214229021.0,3.05,MXN,Materials,Mexico,Stock,equity,web_csv
2026-07-21,GDXJ,AG,First Majestic Silver Corp,CA32076V1031,,11364434.0,191718002.0,2.73,USD,Materials,Canada,Stock,equity,web_csv
2026-07-21,GDXJ,HL,Hecla Mining Co,US4227041062,,12087664.0,184820383.0,2.63,USD,Materials,United States,Stock,equity,web_csv
2026-07-21,GDXJ,IAG,Iamgold Corp,CA4509131088,,11725301.0,175410503.0,2.5,USD,Materials,Burkina Faso,Stock,equity,web_csv
2026-07-21,GDXJ,EGO,Eldorado Gold Corp,CA2849025093,,5683973.0,173133818.0,2.47,USD,Materials,Turkey,Stock,equity,web_csv
2026-07-21,GDXJ,HMY,Harmony Gold Mining Co Ltd,US4132163001,,9577409.0,146821680.0,2.09,USD,Materials,South Africa,Stock,equity,web_csv
2026-07-21,GDXJ,LUG CN,Lundin Gold Inc,CA5503711080,,2542536.0,142710376.0,2.03,CAD,Materials,Canada,Stock,equity,web_csv
2026-07-21,GDXJ,DPM CN,Dundee Precious Metals Inc,CA26139R1091,,3824780.0,137276830.0,1.96,CAD,Materials,Canada,Stock,equity,web_csv
2026-07-21,GDXJ,OGC CN,Oceanagold Corp,CA6752224007,,5097983.0,119631221.0,1.7,CAD,Materials,Canada,Stock,equity,web_csv
2026-07-21,GDXJ,GMIN CN,G Mining Ventures Corp,CA36270K1021,,4045266.0,117920544.0,1.68,CAD,Materials,Canada,Stock,equity,web_csv
2026-07-21,GDXJ,BVN,Cia De Minas Buenaventura Saa,US2044481040,,3629983.0,113436969.0,1.62,USD,Materials,Peru,Stock,equity,web_csv
2026-07-21,GDXJ,BTG,B2gold Corp,CA11777Q2099,,29042079.0,110940742.0,1.58,USD,Materials,Canada,Stock,equity,web_csv
2026-07-21,GDXJ,SSRM,Ssr Mining Inc,CA7847301032,,4003852.0,108944813.0,1.55,USD,Materials,Canada,Stock,equity,web_csv
2026-07-21,GDXJ,1818 HK,Zhaojin Mining Industry Co Ltd,CNE1000004R6,,41162700.0,107566878.0,1.53,HKD,Materials,China,Stock,equity,web_csv
2026-07-21,GDXJ,DSV CN,Discovery Silver Corp,CA25466C1077,,16835191.0,101901138.0,1.45,CAD,Materials,Canada,Stock,equity,web_csv
2026-07-21,GDXJ,OR,Or Royalties Inc,CA68390D1069,,3098346.0,90533670.0,1.29,USD,Materials,Canada,Stock,equity,web_csv
2026-07-21,GDXJ,PRU AU,Perseus Mining Ltd,AU000000PRU3,,24802326.0,84277795.0,1.2,AUD,Materials,Australia,Stock,equity,web_csv
2026-07-21,GDXJ,ARTG CN,Artemis Gold Inc,CA04302L1004,,3440905.0,83846498.0,1.19,CAD,Materials,Canada,Stock,equity,web_csv
2026-07-21,GDXJ,GGP AU,Greatland Resources Ltd,AU0000397705,,11147614.0,80521466.0,1.15,AUD,Materials,Australia,Stock,equity,web_csv
2026-07-21,GDXJ,RMS AU,Ramelius Resources Ltd,AU000000RMS4,,37532162.0,80479125.0,1.15,AUD,Materials,Australia,Stock,equity,web_csv
2026-07-21,GDXJ,MAU CN,Montage Gold Corp,CA61178L1013,,7154647.0,78083002.0,1.11,CAD,Materials,Côte D'Ivoire,Stock,equity,web_csv
2026-07-21,GDXJ,GMD AU,Genesis Minerals Ltd,AU000000GMD9,,18300988.0,74716316.0,1.06,AUD,Materials,Australia,Stock,equity,web_csv
2026-07-21,GDXJ,KNT CN,K92 Mining Inc,CA4991131083,,4785361.0,73312715.0,1.04,CAD,Materials,Canada,Stock,equity,web_csv
2026-07-21,GDXJ,ARMN,Aris Mining Corp,CA04040Y1097,,4810485.0,70714130.0,1.01,USD,Materials,Colombia,Stock,equity,web_csv
2026-07-21,GDXJ,VAU AU,Vault Minerals Ltd,AU0000427775,,19942455.0,68075010.0,0.97,AUD,Materials,Australia,Stock,equity,web_csv
2026-07-21,GDXJ,TXG CN,Torex Gold Resources Inc,CA8910546032,,1730108.0,67497845.0,0.96,CAD,Materials,Canada,Stock,equity,web_csv
2026-07-21,GDXJ,CMM AU,Capricorn Metals Ltd,AU000000CMM9,,7889811.0,66974230.0,0.95,AUD,Materials,Australia,Stock,equity,web_csv
2026-07-21,GDXJ,SKE,Skeena Resources Ltd,CA83056P7157,,2378511.0,64029516.0,0.91,USD,Materials,Canada,Stock,equity,web_csv
2026-07-21,GDXJ,BRMS IJ,Bumi Resources Minerals Tbk Pt,ID1000117609,,1809800300.0,63102967.0,0.9,IDR,Materials,Indonesia,Stock,equity,web_csv
2026-07-21,GDXJ,WDO CN,Wesdome Gold Mines Ltd/Canada,CA95083R1001,,3341350.0,62760713.0,0.89,CAD,Materials,Canada,Stock,equity,web_csv
2026-07-21,GDXJ,CGAU,Centerra Gold Inc,CA1520061021,,3885099.0,62355839.0,0.89,USD,Materials,Canada,Stock,equity,web_csv
2026-07-21,GDXJ,AYA CN,Aya Gold & Silver Inc,CA05466C1095,,3227113.0,62080563.0,0.88,CAD,Materials,Canada,Stock,equity,web_csv
2026-07-21,GDXJ,RRL AU,Regis Resources Ltd,AU000000RRL8,,14019513.0,58722736.0,0.84,AUD,Materials,Australia,Stock,equity,web_csv
2026-07-21,GDXJ,FSM,Fortuna Silver Mines Inc,CA3499421020,,6635606.0,56203583.0,0.8,USD,Materials,Canada,Stock,equity,web_csv
2026-07-21,GDXJ,SA,Seabridge Gold Inc,CA8119271028,,2075491.0,54689188.0,0.78,USD,Materials,Canada,Stock,equity,web_csv
2026-07-21,GDXJ,AUGO,Aura Minerals Inc,VGG069731120,,965857.0,52957939.0,0.75,USD,Materials,United States,Stock,equity,web_csv
2026-07-21,GDXJ,EXK,Endeavour Silver Corp,CA29258Y1034,,6382650.0,52337730.0,0.75,USD,Materials,Canada,Stock,equity,web_csv
2026-07-21,GDXJ,TFPM,Triple Flag Precious Metals Corp,CA89679M1041,,1812097.0,51681006.0,0.74,USD,Materials,Canada,Stock,equity,web_csv
2026-07-21,GDXJ,ORLA,Orla Mining Ltd,CA68634K1066,,5639140.0,51034217.0,0.73,USD,Materials,Mexico,Stock,equity,web_csv
2026-07-21,GDXJ,WGX AU,Westgold Resources Ltd,AU000000WGX6,,15619756.0,50618546.0,0.72,AUD,Materials,Australia,Stock,equity,web_csv
2026-07-21,GDXJ,SVM,Silvercorp Metals Inc,CA82835P1036,,5102635.0,48628112.0,0.69,USD,Materials,Canada,Stock,equity,web_csv
2026-07-21,GDXJ,3939 HK,Wanguo Gold Group Ltd,KYG9430L1150,,35348000.0,45928576.0,0.65,HKD,Materials,China,Stock,equity,web_csv
2026-07-21,GDXJ,EMAS IJ,Merdeka Gold Resources Tbk Pt,ID1000211600,,136552300.0,43775957.0,0.62,IDR,Materials,Indonesia,Stock,equity,web_csv
2026-07-21,GDXJ,HOC LN,Hochschild Mining Plc,GB00B1FW5029,,7340558.0,43774337.0,0.62,GBP,Materials,Peru,Stock,equity,web_csv
2026-07-21,GDXJ,EMR AU,Emerald Resources Nl,AU000000EMR4,,11418636.0,42014752.0,0.6,AUD,Materials,Australia,Stock,equity,web_csv
2026-07-21,GDXJ,PPTA,Perpetua Resources Corp,CA7142661031,,2128886.0,39639857.0,0.56,USD,Materials,United States,Stock,equity,web_csv
2026-07-21,GDXJ,AAUC,Allied Gold Corp,CA01921D2041,,1861353.0,39162867.0,0.56,USD,Materials,Canada,Stock,equity,web_csv
2026-07-21,GDXJ,NG,Novagold Resources Inc,CA66987E2069,,6483790.0,36503738.0,0.52,USD,Materials,Canada,Stock,equity,web_csv
2026-07-21,GDXJ,ABRA CN,Abrasilver Resource Corp,CA00379L3048,,3307185.0,36116784.0,0.51,CAD,Materials,Canada,Stock,equity,web_csv
2026-07-21,GDXJ,SXGC CN,Southern Cross Gold Consolidated Ltd,CA8426851090,,5986103.0,36105642.0,0.51,CAD,Materials,Canada,Stock,equity,web_csv
2026-07-21,GDXJ,PAF LN,Pan African Resources Plc,GB0004300496,,28478072.0,35228789.0,0.5,GBP,Materials,United Kingdom,Stock,equity,web_csv
2026-07-21,GDXJ,WAF AU,West African Resources Ltd,AU000000WAF6,,16629087.0,33758274.0,0.48,AUD,Materials,Australia,Stock,equity,web_csv
2026-07-21,GDXJ,PDI AU,Predictive Discovery Ltd,AU000000PDI8,,72260405.0,33524047.0,0.48,AUD,Materials,Australia,Stock,equity,web_csv
2026-07-21,GDXJ,SGD CN,Snowline Gold Corp,CA83342V1040,,3080769.0,30802225.0,0.44,CAD,Materials,Canada,Stock,equity,web_csv
2026-07-21,GDXJ,HYMC,Hycroft Mining Holding Corp,US44862P2083,,1350746.0,27987457.0,0.4,USD,Materials,United States,Stock,equity,web_csv
2026-07-21,GDXJ,VZLA,Vizsla Silver Corp,CA92859G6085,,8267562.0,27200279.0,0.39,USD,Materials,Canada,Stock,equity,web_csv
2026-07-21,GDXJ,USAS,Americas Gold & Silver Corp,CA03062D8035,,6523362.0,26941485.0,0.38,USD,Materials,Canada,Stock,equity,web_csv
2026-07-21,GDXJ,ASM,Avino Silver & Gold Mines Ltd,CA0539061030,,4223974.0,25555043.0,0.36,USD,Materials,Mexico,Stock,equity,web_csv
2026-07-21,GDXJ,KOZAL TI,Koza Altin Isletmeleri As,TREKOAL00014,,24049945.0,25301318.0,0.36,TRY,Materials,Turkey,Stock,equity,web_csv
2026-07-21,GDXJ,OBM AU,Ora Banda Mining Ltd,AU0000050130,,34255930.0,24941338.0,0.36,AUD,Materials,Australia,Stock,equity,web_csv
2026-07-21,GDXJ,RSG AU,Resolute Mining Ltd,AU000000RSG6,,37431238.0,24891933.0,0.35,AUD,Materials,Australia,Stock,equity,web_csv
2026-07-21,GDXJ,GTWO CN,G2 Goldfields Inc,CA36256R1055,,3688958.0,24632318.0,0.35,CAD,Materials,Canada,Stock,equity,web_csv
2026-07-21,GDXJ,IAUX,I-80 Gold Corp,CA44955L1067,,18111156.0,24450061.0,0.35,USD,Materials,United States,Stock,equity,web_csv
2026-07-21,GDXJ,GGD CN,Gogold Resources Inc,CA38045Y1025,,10850329.0,24099010.0,0.34,CAD,Materials,United States,Stock,equity,web_csv
2026-07-21,GDXJ,CYL AU,Catalyst Metals Ltd,AU000000CYL6,,5878844.0,23414592.0,0.33,AUD,Materials,Australia,Stock,equity,web_csv
2026-07-21,GDXJ,MUX,Mcewen Mining Inc,US58039P3055,,1287255.0,22887394.0,0.33,USD,Materials,Canada,Stock,equity,web_csv
2026-07-21,GDXJ,BGL AU,Bellevue Gold Ltd,AU0000019374,,24996453.0,22086532.0,0.31,AUD,Materials,Australia,Stock,equity,web_csv
2026-07-21,GDXJ,ALK AU,Alkane Resources Ltd,AU000000ALK9,,23232988.0,21592420.0,0.31,AUD,Materials,Australia,Stock,equity,web_csv
2026-07-21,GDXJ,ORE CN,Orezone Gold Corp,CA68616T1093,,12676946.0,20779667.0,0.3,CAD,Materials,Canada,Stock,equity,web_csv
2026-07-21,GDXJ,DRD,Drdgold Ltd,US26152H3012,,976163.0,20226097.0,0.29,USD,Materials,South Africa,Stock,equity,web_csv
2026-07-21,GDXJ,6693 HK,Chifeng Jilong Gold Mining Co Ltd,CNE100006T51,,5033600.0,17937930.0,0.26,HKD,Materials,China,Stock,equity,web_csv
2026-07-21,GDXJ,KCN AU,Kingsgate Consolidated Ltd,AU000000KCN1,,6263808.0,17491255.0,0.25,AUD,Materials,Australia,Stock,equity,web_csv
2026-07-21,GDXJ,340 HK,Tongguan Gold Group Ltd,BMG8919D1074,,59898000.0,14755624.0,0.21,HKD,Materials,China,Stock,equity,web_csv
2026-07-21,GDXJ,DC,Dakota Gold Corp,US46655E1001,,3153748.0,14097254.0,0.2,USD,Materials,Canada,Stock,equity,web_csv
2026-07-21,GDXJ,CNL CN,Collective Mining Ltd,CA19425C1005,,1044430.0,13525526.0,0.19,CAD,Materials,Canada,Stock,equity,web_csv
2026-07-21,GDXJ,MTA,Metalla Royalty & Streaming Ltd,CA59124U6051,,1733339.0,13069376.0,0.19,USD,Materials,Canada,Stock,equity,web_csv
2026-07-21,GDXJ,OGG CN,Osisko Gold Group Inc,CA68827X1050,,4963516.0,12508060.0,0.18,CAD,Materials,Canada,Stock,equity,web_csv
2026-07-21,GDXJ,GROY,Gold Royalty Corp,CA38071H1064,,4509521.0,11814945.0,0.17,USD,Materials,Canada,Stock,equity,web_csv
2026-07-21,GDXJ,KOZAA TI,Koza Anadolu Metal Madencilik Isletmele,TREKOZA00014,,4663011.0,11538561.0,0.16,TRY,Materials,Turkey,Stock,equity,web_csv
2026-07-21,GDXJ,CTGO,Contango Ore Inc,US21077F1003,,717451.0,11536612.0,0.16,USD,Materials,United States,Stock,equity,web_csv
2026-07-21,GDXJ,BC8 AU,Black Cat Syndicate Ltd,AU000000BC88,,15873512.0,10224841.0,0.15,AUD,Materials,Australia,Stock,equity,web_csv
2026-07-21,GDXJ,NFGC,New Found Gold Corp,CA64440N1033,,6923439.0,9831283.0,0.14,USD,Materials,Canada,Stock,equity,web_csv
2026-07-21,GDXJ,IDR,Idaho Strategic Resources Inc,US6458272050,,328772.0,9761241.0,0.14,USD,Materials,United States,Stock,equity,web_csv
2026-07-21,GDXJ,ITRG,Integra Resources Corp,CA45826T5098,,4305450.0,9299772.0,0.13,USD,Materials,Canada,Stock,equity,web_csv
2026-07-21,GDXJ,PNR AU,Pantoro Gold Ltd,AU000000PNR8,,5765978.0,8216547.0,0.12,AUD,Materials,Australia,Stock,equity,web_csv
2026-07-21,GDXJ,SBM AU,St Barbara Ltd,AU000000SBM8,,24227335.0,7685185.0,0.11,AUD,Materials,Australia,Stock,equity,web_csv
2026-07-21,GDXJ,GAU,Galiano Gold Inc,CA36352H1001,,3795486.0,7021649.0,0.1,USD,Materials,Canada,Stock,equity,web_csv
2026-07-21,GDXJ,AMI AU,Aurelia Metals Ltd,AU000000AMI1,,30103818.0,6976416.0,0.1,AUD,Materials,Australia,Stock,equity,web_csv
2026-07-21,GDXJ,DTR AU,Dateline Resources Ltd,AU000000DTR1,,71724884.0,6840284.0,0.1,AUD,Materials,Australia,Stock,equity,web_csv
2026-07-21,GDXJ,CMCL,Caledonia Mining Corp Plc,JE00BF0XVB15,,372453.0,6800992.0,0.1,USD,Materials,Jersey,Stock,equity,web_csv
2026-07-21,GDXJ,CNMC SP,Cnmc Goldmine Holdings Ltd,,,6695500.0,6660772.0,0.09,SGD,Materials,Singapore,Stock,equity,web_csv
2026-07-21,GDXJ,APM CN,Andean Precious Metals Corp,CA03349X1015,,1499578.0,6618680.0,0.09,CAD,Materials,Canada,Stock,equity,web_csv
2026-07-21,GDXJ,ASL AU,Andean Silver Ltd,AU0000343253,,3992246.0,5393162.0,0.08,AUD,Materials,Australia,Stock,equity,web_csv
2026-07-21,GDXJ,AZY AU,Antipa Minerals Ltd,AU000000AZY0,,12290367.0,5278167.0,0.08,AUD,Materials,Australia,Stock,equity,web_csv
2026-07-21,GDXJ,VOXR,Vox Royalty Corp,CA92919F1036,,1156794.0,4927942.0,0.07,USD,Materials,Australia,Stock,equity,web_csv
2026-07-21,GDXJ,MEK AU,Meeka Metals Ltd,AU0000192726,,65667765.0,4874345.0,0.07,AUD,Materials,Australia,Stock,equity,web_csv
2026-07-21,GDXJ,GLDG,Goldmining Inc,CA38149E1016,,5362701.0,4612995.0,0.07,USD,Materials,Canada,Stock,equity,web_csv
2026-07-21,GDXJ,USAU,Us Gold Corp,US90291C2017,,322533.0,4557391.0,0.06,USD,Materials,United States,Stock,equity,web_csv
2026-07-21,GDXJ,FDR CN,Founders Metals Inc,CA3505901056,,1482577.0,4271253.0,0.06,CAD,Materials,Canada,Stock,equity,web_csv
2026-07-21,GDXJ,WRLG CN,West Red Lake Gold Mines Ltd,CA95556L1013,,8369602.0,4216723.0,0.06,CAD,Materials,Canada,Stock,equity,web_csv
2026-07-21,GDXJ,8299 HK,Gt Gold Holdings Ltd,KYG4136P1303,,111096000.0,3969931.0,0.06,HKD,Materials,China,Stock,equity,web_csv
2026-07-21,GDXJ,ARCI IJ,Archi Indonesia Tbk Pt,ID1000161003,,63482500.0,3900797.0,0.06,IDR,Materials,Indonesia,Stock,equity,web_csv
2026-07-21,GDXJ,LUCA CN,Luca Mining Corp,CA54929M1068,,5988877.0,3697231.0,0.05,CAD,Materials,Mexico,Stock,equity,web_csv
2026-07-21,GDXJ,VGC CN,Valor Gold Corp,CA9199211066,,991063.0,2883348.0,0.04,CAD,,Canada,Stock,equity,web_csv
2026-07-21,GDXJ,FFX AU,Firefinch Ltd,AU0000114522,,54133739.0,2354706.0,0.03,AUD,Materials,Australia,Stock,equity,web_csv
2026-07-21,GDXJ,PSAB IJ,J Resources Asia Pasific Tbk Pt,ID1000094709,,66236100.0,1616603.0,0.02,IDR,Materials,Indonesia,Stock,equity,web_csv
2026-07-21,GDXJ,FMR CN,Future Mineral Resources Inc,CA3611551043,,168999.0,31779.0,0.0,CAD,Materials,Canada,Stock,equity,web_csv
2026-07-21,GDXJ,NIX CN,Archer Exploration Corp,CA66860Q1028,,179304.0,19085.0,0.0,CAD,Materials,Canada,Stock,equity,web_csv
2026-07-21,GDXJ,VGCX CN,Victoria Gold Corp/Vancouver,CA92625W5072,,1722275.0,1.0,0.0,CAD,Materials,Canada,Stock,equity,web_csv
2026-07-21,GDXJ,ASM AU,Australian Strategic Materials Ltd,AU0000094153,,1.0,1.0,0.0,AUD,Materials,Australia,Stock,equity,web_csv
2026-07-21,GDXJ,-USD CASH-,,CASH,,13377385.0,13377385.0,0.19,USD,,United States,Cash Bal,cash,web_csv
2026-07-21,GDXJ,-TRY CASH-,,CASH,,0.0,0.0,0.0,TRY,,Turkey,Cash Bal,cash,web_csv
2026-07-21,GDXJ,-GBP CASH-,,CASH,,582.0,778.0,0.0,GBP,,United Kingdom,Cash Bal,cash,web_csv
2026-07-21,GDXJ,-AUD CASH-,,CASH,,79.0,55.0,0.0,AUD,,Australia,Cash Bal,cash,web_csv
2026-07-21,GDXJ,-CAD CASH-,,CASH,,-1668149.0,-1183714.0,-0.02,CAD,,Canada,Cash Bal,cash,web_csv
2026-07-21,GDXJ,,Other/Cash,CASH,,0.0,-1793291.0,-0.03,USD,,,Cash,cash,web_csv
2026-07-22,GDXJ,AGI,Alamos Gold Inc,CA0115321089,,14553379.0,444460195.0,6.12,USD,Materials,Canada,Stock,equity,web_csv
2026-07-22,GDXJ,EVN AU,Evolution Mining Ltd,AU000000EVN4,,54649039.0,437438394.0,6.03,AUD,Materials,Australia,Stock,equity,web_csv
2026-07-22,GDXJ,EQX,Equinox Gold Corp,CA29446Y5020,,45813966.0,428360582.0,5.9,USD,Materials,Canada,Stock,equity,web_csv
2026-07-22,GDXJ,EDV LN,Endeavour Mining Plc,GB00BL6K5J42,,7713364.0,383476847.0,5.28,GBP,Materials,United Kingdom,Stock,equity,web_csv
2026-07-22,GDXJ,CDE,Coeur Mining Inc,US1921085049,,22346569.0,353969653.0,4.88,USD,Materials,United States,Stock,equity,web_csv
2026-07-22,GDXJ,PE&OLES* MF,Industrias Penoles Sab De Cv,MXP554091415,,4676333.0,219779588.0,3.03,MXN,Materials,Mexico,Stock,equity,web_csv
2026-07-22,GDXJ,AG,First Majestic Silver Corp,CA32076V1031,,11364434.0,196718353.0,2.71,USD,Materials,Canada,Stock,equity,web_csv
2026-07-22,GDXJ,HL,Hecla Mining Co,US4227041062,,12087664.0,189655448.0,2.61,USD,Materials,United States,Stock,equity,web_csv
2026-07-22,GDXJ,EGO,Eldorado Gold Corp,CA2849025093,,5683973.0,182398694.0,2.51,USD,Materials,Turkey,Stock,equity,web_csv
2026-07-22,GDXJ,IAG,Iamgold Corp,CA4509131088,,11725301.0,177638310.0,2.45,USD,Materials,Burkina Faso,Stock,equity,web_csv
2026-07-22,GDXJ,HMY,Harmony Gold Mining Co Ltd,US4132163001,,9577409.0,152089255.0,2.1,USD,Materials,South Africa,Stock,equity,web_csv
2026-07-22,GDXJ,LUG CN,Lundin Gold Inc,CA5503711080,,2542536.0,147846000.0,2.04,CAD,Materials,Canada,Stock,equity,web_csv
2026-07-22,GDXJ,DPM CN,Dundee Precious Metals Inc,CA26139R1091,,3824780.0,138739757.0,1.91,CAD,Materials,Canada,Stock,equity,web_csv
2026-07-22,GDXJ,GMIN CN,G Mining Ventures Corp,CA36270K1021,,4045266.0,126661387.0,1.75,CAD,Materials,Canada,Stock,equity,web_csv
2026-07-22,GDXJ,OGC CN,Oceanagold Corp,CA6752224007,,5097983.0,125019939.0,1.72,CAD,Materials,Canada,Stock,equity,web_csv
2026-07-22,GDXJ,BVN,Cia De Minas Buenaventura Saa,US2044481040,,3629983.0,116486154.0,1.61,USD,Materials,Peru,Stock,equity,web_csv
2026-07-22,GDXJ,BTG,B2gold Corp,CA11777Q2099,,29042079.0,114716212.0,1.58,USD,Materials,Canada,Stock,equity,web_csv
2026-07-22,GDXJ,SSRM,Ssr Mining Inc,CA7847301032,,4003852.0,112428164.0,1.55,USD,Materials,Canada,Stock,equity,web_csv
2026-07-22,GDXJ,1818 HK,Zhaojin Mining Industry Co Ltd,CNE1000004R6,,41162700.0,110810705.0,1.53,HKD,Materials,China,Stock,equity,web_csv
2026-07-22,GDXJ,DSV CN,Discovery Silver Corp,CA25466C1077,,16835191.0,108652694.0,1.5,CAD,Materials,Canada,Stock,equity,web_csv
2026-07-22,GDXJ,OR,Or Royalties Inc,CA68390D1069,,3098346.0,91370224.0,1.26,USD,Materials,Canada,Stock,equity,web_csv
2026-07-22,GDXJ,PRU AU,Perseus Mining Ltd,AU000000PRU3,,24802326.0,86269367.0,1.19,AUD,Materials,Australia,Stock,equity,web_csv
2026-07-22,GDXJ,MAU CN,Montage Gold Corp,CA61178L1013,,7154647.0,86255036.0,1.19,CAD,Materials,Côte D'Ivoire,Stock,equity,web_csv
2026-07-22,GDXJ,ARTG CN,Artemis Gold Inc,CA04302L1004,,3440905.0,85506532.0,1.18,CAD,Materials,Canada,Stock,equity,web_csv
2026-07-22,GDXJ,RMS AU,Ramelius Resources Ltd,AU000000RMS4,,37532162.0,81806840.0,1.13,AUD,Materials,Australia,Stock,equity,web_csv
2026-07-22,GDXJ,GGP AU,Greatland Resources Ltd,AU0000397705,,11147614.0,81799720.0,1.13,AUD,Materials,Australia,Stock,equity,web_csv
2026-07-22,GDXJ,GMD AU,Genesis Minerals Ltd,AU000000GMD9,,18300988.0,78844560.0,1.09,AUD,Materials,Australia,Stock,equity,web_csv
2026-07-22,GDXJ,KNT CN,K92 Mining Inc,CA4991131083,,4785361.0,76242324.0,1.05,CAD,Materials,Canada,Stock,equity,web_csv
2026-07-22,GDXJ,ARMN,Aris Mining Corp,CA04040Y1097,,4810485.0,71724331.0,0.99,USD,Materials,Colombia,Stock,equity,web_csv
2026-07-22,GDXJ,VAU AU,Vault Minerals Ltd,AU0000427775,,19942455.0,71123796.0,0.98,AUD,Materials,Australia,Stock,equity,web_csv
2026-07-22,GDXJ,CMM AU,Capricorn Metals Ltd,AU000000CMM9,,7889811.0,69879901.0,0.96,AUD,Materials,Australia,Stock,equity,web_csv
2026-07-22,GDXJ,TXG CN,Torex Gold Resources Inc,CA8910546032,,1730108.0,68494318.0,0.94,CAD,Materials,Canada,Stock,equity,web_csv
2026-07-22,GDXJ,AYA CN,Aya Gold & Silver Inc,CA05466C1095,,3227113.0,67385703.0,0.93,CAD,Materials,Canada,Stock,equity,web_csv
2026-07-22,GDXJ,SKE,Skeena Resources Ltd,CA83056P7157,,2378511.0,67002655.0,0.92,USD,Materials,Canada,Stock,equity,web_csv
2026-07-22,GDXJ,CGAU,Centerra Gold Inc,CA1520061021,,3885099.0,64958855.0,0.9,USD,Materials,Canada,Stock,equity,web_csv
2026-07-22,GDXJ,WDO CN,Wesdome Gold Mines Ltd/Canada,CA95083R1001,,3341350.0,62416783.0,0.86,CAD,Materials,Canada,Stock,equity,web_csv
2026-07-22,GDXJ,RRL AU,Regis Resources Ltd,AU000000RRL8,,14019513.0,62119547.0,0.86,AUD,Materials,Australia,Stock,equity,web_csv
2026-07-22,GDXJ,BRMS IJ,Bumi Resources Minerals Tbk Pt,ID1000117609,,1809800300.0,61369127.0,0.85,IDR,Materials,Indonesia,Stock,equity,web_csv
2026-07-22,GDXJ,FSM,Fortuna Silver Mines Inc,CA3499421020,,6635606.0,57132568.0,0.79,USD,Materials,Canada,Stock,equity,web_csv
2026-07-22,GDXJ,SA,Seabridge Gold Inc,CA8119271028,,2075491.0,56702414.0,0.78,USD,Materials,Canada,Stock,equity,web_csv
2026-07-22,GDXJ,AUGO,Aura Minerals Inc,VGG069731120,,965857.0,53981748.0,0.74,USD,Materials,United States,Stock,equity,web_csv
2026-07-22,GDXJ,WGX AU,Westgold Resources Ltd,AU000000WGX6,,15619756.0,53310871.0,0.73,AUD,Materials,Australia,Stock,equity,web_csv
2026-07-22,GDXJ,EXK,Endeavour Silver Corp,CA29258Y1034,,6382650.0,53231301.0,0.73,USD,Materials,Canada,Stock,equity,web_csv
2026-07-22,GDXJ,TFPM,Triple Flag Precious Metals Corp,CA89679M1041,,1812097.0,52949474.0,0.73,USD,Materials,Canada,Stock,equity,web_csv
2026-07-22,GDXJ,ORLA,Orla Mining Ltd,CA68634K1066,,5639140.0,52500393.0,0.72,USD,Materials,Mexico,Stock,equity,web_csv
2026-07-22,GDXJ,SVM,Silvercorp Metals Inc,CA82835P1036,,5102635.0,50720192.0,0.7,USD,Materials,Canada,Stock,equity,web_csv
2026-07-22,GDXJ,3939 HK,Wanguo Gold Group Ltd,KYG9430L1150,,35348000.0,48996229.0,0.68,HKD,Materials,China,Stock,equity,web_csv
2026-07-22,GDXJ,HOC LN,Hochschild Mining Plc,GB00B1FW5029,,7340558.0,44936447.0,0.62,GBP,Materials,Peru,Stock,equity,web_csv
2026-07-22,GDXJ,EMAS IJ,Merdeka Gold Resources Tbk Pt,ID1000211600,,136552300.0,44560710.0,0.61,IDR,Materials,Indonesia,Stock,equity,web_csv
2026-07-22,GDXJ,EMR AU,Emerald Resources Nl,AU000000EMR4,,11418636.0,43648689.0,0.6,AUD,Materials,Australia,Stock,equity,web_csv
2026-07-22,GDXJ,AAUC,Allied Gold Corp,CA01921D2041,,1861353.0,40372747.0,0.56,USD,Materials,Canada,Stock,equity,web_csv
2026-07-22,GDXJ,NG,Novagold Resources Inc,CA66987E2069,,6483790.0,40264336.0,0.55,USD,Materials,Canada,Stock,equity,web_csv
2026-07-22,GDXJ,SXGC CN,Southern Cross Gold Consolidated Ltd,CA8426851090,,5986103.0,39526258.0,0.54,CAD,Materials,Canada,Stock,equity,web_csv
2026-07-22,GDXJ,PPTA,Perpetua Resources Corp,CA7142661031,,2128886.0,39384391.0,0.54,USD,Materials,United States,Stock,equity,web_csv
2026-07-22,GDXJ,ABRA CN,Abrasilver Resource Corp,CA00379L3048,,3307185.0,36700842.0,0.51,CAD,Materials,Canada,Stock,equity,web_csv
2026-07-22,GDXJ,PAF LN,Pan African Resources Plc,GB0004300496,,28478072.0,36408407.0,0.5,GBP,Materials,United Kingdom,Stock,equity,web_csv
2026-07-22,GDXJ,WAF AU,West African Resources Ltd,AU000000WAF6,,16629087.0,34325201.0,0.47,AUD,Materials,Australia,Stock,equity,web_csv
2026-07-22,GDXJ,PDI AU,Predictive Discovery Ltd,AU000000PDI8,,72260405.0,33890932.0,0.47,AUD,Materials,Australia,Stock,equity,web_csv
2026-07-22,GDXJ,SGD CN,Snowline Gold Corp,CA83342V1040,,3080769.0,31891520.0,0.44,CAD,Materials,Canada,Stock,equity,web_csv
2026-07-22,GDXJ,HYMC,Hycroft Mining Holding Corp,US44862P2083,,1350746.0,29311188.0,0.4,USD,Materials,United States,Stock,equity,web_csv
2026-07-22,GDXJ,VZLA,Vizsla Silver Corp,CA92859G6085,,8267562.0,28275062.0,0.39,USD,Materials,Canada,Stock,equity,web_csv
2026-07-22,GDXJ,USAS,Americas Gold & Silver Corp,CA03062D8035,,6523362.0,27267653.0,0.38,USD,Materials,Canada,Stock,equity,web_csv
2026-07-22,GDXJ,OBM AU,Ora Banda Mining Ltd,AU0000050130,,34255930.0,26676722.0,0.37,AUD,Materials,Australia,Stock,equity,web_csv
2026-07-22,GDXJ,ASM,Avino Silver & Gold Mines Ltd,CA0539061030,,4223974.0,26442077.0,0.36,USD,Materials,Mexico,Stock,equity,web_csv
2026-07-22,GDXJ,RSG AU,Resolute Mining Ltd,AU000000RSG6,,37431238.0,25801435.0,0.36,AUD,Materials,Australia,Stock,equity,web_csv
2026-07-22,GDXJ,GTWO CN,G2 Goldfields Inc,CA36256R1055,,3688958.0,25772549.0,0.36,CAD,Materials,Canada,Stock,equity,web_csv
2026-07-22,GDXJ,IAUX,I-80 Gold Corp,CA44955L1067,,18111156.0,25717842.0,0.35,USD,Materials,United States,Stock,equity,web_csv
2026-07-22,GDXJ,KOZAL TI,Koza Altin Isletmeleri As,TREKOAL00014,,24049945.0,25374248.0,0.35,TRY,Materials,Turkey,Stock,equity,web_csv
2026-07-22,GDXJ,CYL AU,Catalyst Metals Ltd,AU000000CYL6,,5878844.0,24619493.0,0.34,AUD,Materials,Australia,Stock,equity,web_csv
2026-07-22,GDXJ,GGD CN,Gogold Resources Inc,CA38045Y1025,,10850329.0,24574922.0,0.34,CAD,Materials,United States,Stock,equity,web_csv
2026-07-22,GDXJ,MUX,Mcewen Mining Inc,US58039P3055,,1287255.0,23157717.0,0.32,USD,Materials,Canada,Stock,equity,web_csv
2026-07-22,GDXJ,BGL AU,Bellevue Gold Ltd,AU0000019374,,24996453.0,23015273.0,0.32,AUD,Materials,Australia,Stock,equity,web_csv
2026-07-22,GDXJ,ALK AU,Alkane Resources Ltd,AU000000ALK9,,23232988.0,22173116.0,0.31,AUD,Materials,Australia,Stock,equity,web_csv
2026-07-22,GDXJ,DRD,Drdgold Ltd,US26152H3012,,976163.0,21172975.0,0.29,USD,Materials,South Africa,Stock,equity,web_csv
2026-07-22,GDXJ,ORE CN,Orezone Gold Corp,CA68616T1093,,12676946.0,21061489.0,0.29,CAD,Materials,Canada,Stock,equity,web_csv
2026-07-22,GDXJ,6693 HK,Chifeng Jilong Gold Mining Co Ltd,CNE100006T51,,5033600.0,20642689.0,0.28,HKD,Materials,China,Stock,equity,web_csv
2026-07-22,GDXJ,KCN AU,Kingsgate Consolidated Ltd,AU000000KCN1,,6263808.0,18847949.0,0.26,AUD,Materials,Australia,Stock,equity,web_csv
2026-07-22,GDXJ,340 HK,Tongguan Gold Group Ltd,BMG8919D1074,,59898000.0,15688924.0,0.22,HKD,Materials,China,Stock,equity,web_csv
2026-07-22,GDXJ,DC,Dakota Gold Corp,US46655E1001,,3153748.0,15074915.0,0.21,USD,Materials,Canada,Stock,equity,web_csv
2026-07-22,GDXJ,CNL CN,Collective Mining Ltd,CA19425C1005,,1044430.0,13792749.0,0.19,CAD,Materials,Canada,Stock,equity,web_csv
2026-07-22,GDXJ,MTA,Metalla Royalty & Streaming Ltd,CA59124U6051,,1733339.0,13450711.0,0.19,USD,Materials,Canada,Stock,equity,web_csv
2026-07-22,GDXJ,KOZAA TI,Koza Anadolu Metal Madencilik Isletmele,TREKOZA00014,,4663011.0,12024209.0,0.17,TRY,Materials,Turkey,Stock,equity,web_csv
2026-07-22,GDXJ,GROY,Gold Royalty Corp,CA38071H1064,,4509521.0,11905135.0,0.16,USD,Materials,Canada,Stock,equity,web_csv
2026-07-22,GDXJ,CTGO,Contango Ore Inc,US21077F1003,,717451.0,11565310.0,0.16,USD,Materials,United States,Stock,equity,web_csv
2026-07-22,GDXJ,OGG,Osisko Gold Group Inc,CA68827X1050,,4963516.0,11167911.0,0.15,USD,Materials,Canada,Stock,equity,web_csv
2026-07-22,GDXJ,BC8 AU,Black Cat Syndicate Ltd,AU000000BC88,,15873512.0,10339896.0,0.14,AUD,Materials,Australia,Stock,equity,web_csv
2026-07-22,GDXJ,NFGC,New Found Gold Corp,CA64440N1033,,6923439.0,10177455.0,0.14,USD,Materials,Canada,Stock,equity,web_csv
2026-07-22,GDXJ,IDR,Idaho Strategic Resources Inc,US6458272050,,328772.0,9800693.0,0.14,USD,Materials,United States,Stock,equity,web_csv
2026-07-22,GDXJ,ITRG,Integra Resources Corp,CA45826T5098,,4305450.0,9213663.0,0.13,USD,Materials,Canada,Stock,equity,web_csv
2026-07-22,GDXJ,PNR AU,Pantoro Gold Ltd,AU000000PNR8,,5765978.0,8474881.0,0.12,AUD,Materials,Australia,Stock,equity,web_csv
2026-07-22,GDXJ,SBM AU,St Barbara Ltd,AU000000SBM8,,24227335.0,7676901.0,0.11,AUD,Materials,Australia,Stock,equity,web_csv
2026-07-22,GDXJ,GAU,Galiano Gold Inc,CA36352H1001,,3795486.0,7249378.0,0.1,USD,Materials,Canada,Stock,equity,web_csv
2026-07-22,GDXJ,DTR AU,Dateline Resources Ltd,AU000000DTR1,,71724884.0,7077012.0,0.1,AUD,Materials,Australia,Stock,equity,web_csv
2026-07-22,GDXJ,AMI AU,Aurelia Metals Ltd,AU000000AMI1,,30103818.0,6971525.0,0.1,AUD,Materials,Australia,Stock,equity,web_csv
2026-07-22,GDXJ,CMCL,Caledonia Mining Corp Plc,JE00BF0XVB15,,372453.0,6935075.0,0.1,USD,Materials,Jersey,Stock,equity,web_csv
2026-07-22,GDXJ,APM CN,Andean Precious Metals Corp,CA03349X1015,,1499578.0,6824733.0,0.09,CAD,Materials,Canada,Stock,equity,web_csv
2026-07-22,GDXJ,CNMC SP,Cnmc Goldmine Holdings Ltd,,,6695500.0,6732630.0,0.09,SGD,Materials,Singapore,Stock,equity,web_csv
2026-07-22,GDXJ,ASL AU,Andean Silver Ltd,AU0000343253,,3992246.0,5512244.0,0.08,AUD,Materials,Australia,Stock,equity,web_csv
2026-07-22,GDXJ,AZY AU,Antipa Minerals Ltd,AU000000AZY0,,12290367.0,5175187.0,0.07,AUD,Materials,Australia,Stock,equity,web_csv
2026-07-22,GDXJ,VOXR,Vox Royalty Corp,CA92919F1036,,1156794.0,5113029.0,0.07,USD,Materials,Australia,Stock,equity,web_csv
2026-07-22,GDXJ,GLDG,Goldmining Inc,CA38149E1016,,5362701.0,4632837.0,0.06,USD,Materials,Canada,Stock,equity,web_csv
2026-07-22,GDXJ,USAU,Us Gold Corp,US90291C2017,,322533.0,4534814.0,0.06,USD,Materials,United States,Stock,equity,web_csv
2026-07-22,GDXJ,FDR CN,Founders Metals Inc,CA3505901056,,1482577.0,4421047.0,0.06,CAD,Materials,Canada,Stock,equity,web_csv
2026-07-22,GDXJ,MEK AU,Meeka Metals Ltd,AU0000192726,,65667765.0,4344875.0,0.06,AUD,Materials,Australia,Stock,equity,web_csv
2026-07-22,GDXJ,WRLG CN,West Red Lake Gold Mines Ltd,CA95556L1013,,8369602.0,4278543.0,0.06,CAD,Materials,Canada,Stock,equity,web_csv
2026-07-22,GDXJ,8299 HK,Gt Gold Holdings Ltd,KYG4136P1303,,111096000.0,4196236.0,0.06,HKD,Materials,China,Stock,equity,web_csv
2026-07-22,GDXJ,LUCA CN,Luca Mining Corp,CA54929M1068,,5988877.0,3954457.0,0.05,CAD,Materials,Mexico,Stock,equity,web_csv
2026-07-22,GDXJ,ARCI IJ,Archi Indonesia Tbk Pt,ID1000161003,,63482500.0,3952275.0,0.05,IDR,Materials,Indonesia,Stock,equity,web_csv
2026-07-22,GDXJ,VGC CN,Valor Gold Corp,CA9199211066,,991063.0,2906095.0,0.04,CAD,,Canada,Stock,equity,web_csv
2026-07-22,GDXJ,FFX AU,Firefinch Ltd,AU0000114522,,54133739.0,2352017.0,0.03,AUD,Materials,Australia,Stock,equity,web_csv
2026-07-22,GDXJ,PSAB IJ,J Resources Asia Pasific Tbk Pt,ID1000094709,,66236100.0,1611402.0,0.02,IDR,Materials,Indonesia,Stock,equity,web_csv
2026-07-22,GDXJ,FMR CN,Future Mineral Resources Inc,CA3611551043,,168999.0,31797.0,0.0,CAD,Materials,Canada,Stock,equity,web_csv
2026-07-22,GDXJ,NIX CN,Archer Exploration Corp,CA66860Q1028,,179304.0,18459.0,0.0,CAD,Materials,Canada,Stock,equity,web_csv
2026-07-22,GDXJ,VGCX CN,Victoria Gold Corp/Vancouver,CA92625W5072,,1722275.0,1.0,0.0,CAD,Materials,Canada,Stock,equity,web_csv
2026-07-22,GDXJ,ASM AU,Australian Strategic Materials Ltd,AU0000094153,,1.0,1.0,0.0,AUD,Materials,Australia,Stock,equity,web_csv
2026-07-22,GDXJ,-USD CASH-,,CASH,,13378655.0,13378655.0,0.18,USD,,United States,Cash Bal,cash,web_csv
2026-07-22,GDXJ,-TRY CASH-,,CASH,,0.0,0.0,0.0,TRY,,Turkey,Cash Bal,cash,web_csv
2026-07-22,GDXJ,-GBP CASH-,,CASH,,582.0,778.0,0.0,GBP,,United Kingdom,Cash Bal,cash,web_csv
2026-07-22,GDXJ,-AUD CASH-,,CASH,,79.0,55.0,0.0,AUD,,Australia,Cash Bal,cash,web_csv
2026-07-22,GDXJ,-CAD CASH-,,CASH,,-1668149.0,-1184387.0,-0.02,CAD,,Canada,Cash Bal,cash,web_csv
2026-07-22,GDXJ,,Other/Cash,CASH,,0.0,-1886795.0,-0.03,USD,,,Cash,cash,web_csv
2026-07-23,GDXJ,EVN AU,Evolution Mining Ltd,AU000000EVN4,,54649039.0,436440062.0,6.17,AUD,Materials,Australia,Stock,equity,web_csv
2026-07-23,GDXJ,AGI,Alamos Gold Inc,CA0115321089,,14553379.0,427578275.0,6.04,USD,Materials,Canada,Stock,equity,web_csv
2026-07-23,GDXJ,EQX,Equinox Gold Corp,CA29446Y5020,,45813966.0,425611744.0,6.02,USD,Materials,Canada,Stock,equity,web_csv
2026-07-23,GDXJ,EDV LN,Endeavour Mining Plc,GB00BL6K5J42,,7713364.0,366839602.0,5.18,GBP,Materials,United Kingdom,Stock,equity,web_csv
2026-07-23,GDXJ,CDE,Coeur Mining Inc,US1921085049,,22346569.0,340561712.0,4.81,USD,Materials,United States,Stock,equity,web_csv
2026-07-23,GDXJ,PE&OLES* MF,Industrias Penoles Sab De Cv,MXP554091415,,4676333.0,214391936.0,3.03,MXN,Materials,Mexico,Stock,equity,web_csv
2026-07-23,GDXJ,AG,First Majestic Silver Corp,CA32076V1031,,11364434.0,186944939.0,2.64,USD,Materials,Canada,Stock,equity,web_csv
2026-07-23,GDXJ,HL,Hecla Mining Co,US4227041062,,12087664.0,185183012.0,2.62,USD,Materials,United States,Stock,equity,web_csv
2026-07-23,GDXJ,EGO,Eldorado Gold Corp,CA2849025093,,5683973.0,181830296.0,2.57,USD,Materials,Turkey,Stock,equity,web_csv
2026-07-23,GDXJ,IAG,Iamgold Corp,CA4509131088,,11725301.0,172713684.0,2.44,USD,Materials,Burkina Faso,Stock,equity,web_csv
2026-07-23,GDXJ,HMY,Harmony Gold Mining Co Ltd,US4132163001,,9577409.0,148354065.0,2.1,USD,Materials,South Africa,Stock,equity,web_csv
2026-07-23,GDXJ,LUG CN,Lundin Gold Inc,CA5503711080,,2542536.0,142616642.0,2.02,CAD,Materials,Canada,Stock,equity,web_csv
2026-07-23,GDXJ,DPM CN,Dundee Precious Metals Inc,CA26139R1091,,3824780.0,138248658.0,1.95,CAD,Materials,Canada,Stock,equity,web_csv
2026-07-23,GDXJ,GMIN CN,G Mining Ventures Corp,CA36270K1021,,4045266.0,122786566.0,1.74,CAD,Materials,Canada,Stock,equity,web_csv
2026-07-23,GDXJ,OGC CN,Oceanagold Corp,CA6752224007,,5097983.0,119963185.0,1.7,CAD,Materials,Canada,Stock,equity,web_csv
2026-07-23,GDXJ,BVN,Cia De Minas Buenaventura Saa,US2044481040,,3629983.0,113691068.0,1.61,USD,Materials,Peru,Stock,equity,web_csv
2026-07-23,GDXJ,BTG,B2gold Corp,CA11777Q2099,,29042079.0,111521583.0,1.58,USD,Materials,Canada,Stock,equity,web_csv
2026-07-23,GDXJ,SSRM,Ssr Mining Inc,CA7847301032,,4003852.0,108904774.0,1.54,USD,Materials,Canada,Stock,equity,web_csv
2026-07-23,GDXJ,1818 HK,Zhaojin Mining Industry Co Ltd,CNE1000004R6,,41162700.0,108004300.0,1.53,HKD,Materials,China,Stock,equity,web_csv
2026-07-23,GDXJ,DSV CN,Discovery Silver Corp,CA25466C1077,,16835191.0,101937306.0,1.44,CAD,Materials,Canada,Stock,equity,web_csv
2026-07-23,GDXJ,OR,Or Royalties Inc,CA68390D1069,,3098346.0,90006951.0,1.27,USD,Materials,Canada,Stock,equity,web_csv
2026-07-23,GDXJ,PRU AU,Perseus Mining Ltd,AU000000PRU3,,24802326.0,86463206.0,1.22,AUD,Materials,Australia,Stock,equity,web_csv
2026-07-23,GDXJ,MAU CN,Montage Gold Corp,CA61178L1013,,7154647.0,82630777.0,1.17,CAD,Materials,Côte D'Ivoire,Stock,equity,web_csv
2026-07-23,GDXJ,ARTG CN,Artemis Gold Inc,CA04302L1004,,3440905.0,82288617.0,1.16,CAD,Materials,Canada,Stock,equity,web_csv
2026-07-23,GDXJ,RMS AU,Ramelius Resources Ltd,AU000000RMS4,,37532162.0,81942191.0,1.16,AUD,Materials,Australia,Stock,equity,web_csv
2026-07-23,GDXJ,GGP AU,Greatland Resources Ltd,AU0000397705,,11147614.0,80905378.0,1.14,AUD,Materials,Australia,Stock,equity,web_csv
2026-07-23,GDXJ,GMD AU,Genesis Minerals Ltd,AU000000GMD9,,18300988.0,77339407.0,1.09,AUD,Materials,Australia,Stock,equity,web_csv
2026-07-23,GDXJ,KNT CN,K92 Mining Inc,CA4991131083,,4785361.0,74765427.0,1.06,CAD,Materials,Canada,Stock,equity,web_csv
2026-07-23,GDXJ,ARMN,Aris Mining Corp,CA04040Y1097,,4810485.0,70184976.0,0.99,USD,Materials,Colombia,Stock,equity,web_csv
2026-07-23,GDXJ,VAU AU,Vault Minerals Ltd,AU0000427775,,19942455.0,69945998.0,0.99,AUD,Materials,Australia,Stock,equity,web_csv
2026-07-23,GDXJ,CMM AU,Capricorn Metals Ltd,AU000000CMM9,,7889811.0,67820993.0,0.96,AUD,Materials,Australia,Stock,equity,web_csv
2026-07-23,GDXJ,TXG CN,Torex Gold Resources Inc,CA8910546032,,1730108.0,65716471.0,0.93,CAD,Materials,Canada,Stock,equity,web_csv
2026-07-23,GDXJ,AYA CN,Aya Gold & Silver Inc,CA05466C1095,,3227113.0,64278822.0,0.91,CAD,Materials,Canada,Stock,equity,web_csv
2026-07-23,GDXJ,SKE,Skeena Resources Ltd,CA83056P7157,,2378511.0,63981946.0,0.9,USD,Materials,Canada,Stock,equity,web_csv
2026-07-23,GDXJ,CGAU,Centerra Gold Inc,CA1520061021,,3885099.0,63327114.0,0.9,USD,Materials,Canada,Stock,equity,web_csv
2026-07-23,GDXJ,RRL AU,Regis Resources Ltd,AU000000RRL8,,14019513.0,61555776.0,0.87,AUD,Materials,Australia,Stock,equity,web_csv
2026-07-23,GDXJ,BRMS IJ,Bumi Resources Minerals Tbk Pt,ID1000117609,,1809800300.0,61394759.0,0.87,IDR,Materials,Indonesia,Stock,equity,web_csv
2026-07-23,GDXJ,WDO CN,Wesdome Gold Mines Ltd/Canada,CA95083R1001,,3341350.0,61265001.0,0.87,CAD,Materials,Canada,Stock,equity,web_csv
2026-07-23,GDXJ,FSM,Fortuna Silver Mines Inc,CA3499421020,,6635606.0,55871803.0,0.79,USD,Materials,Canada,Stock,equity,web_csv
2026-07-23,GDXJ,SA,Seabridge Gold Inc,CA8119271028,,2075491.0,54025031.0,0.76,USD,Materials,Canada,Stock,equity,web_csv
2026-07-23,GDXJ,AUGO,Aura Minerals Inc,VGG069731120,,965857.0,53218721.0,0.75,USD,Materials,United States,Stock,equity,web_csv
2026-07-23,GDXJ,ORLA,Orla Mining Ltd,CA68634K1066,,5639140.0,52274828.0,0.74,USD,Materials,Mexico,Stock,equity,web_csv
2026-07-23,GDXJ,TFPM,Triple Flag Precious Metals Corp,CA89679M1041,,1812097.0,52043426.0,0.74,USD,Materials,Canada,Stock,equity,web_csv
2026-07-23,GDXJ,WGX AU,Westgold Resources Ltd,AU000000WGX6,,15619756.0,51085962.0,0.72,AUD,Materials,Australia,Stock,equity,web_csv
2026-07-23,GDXJ,EXK,Endeavour Silver Corp,CA29258Y1034,,6382650.0,50486762.0,0.71,USD,Materials,Canada,Stock,equity,web_csv
2026-07-23,GDXJ,3939 HK,Wanguo Gold Group Ltd,KYG9430L1150,,35348000.0,49292560.0,0.7,HKD,Materials,China,Stock,equity,web_csv
2026-07-23,GDXJ,SVM,Silvercorp Metals Inc,CA82835P1036,,5102635.0,49087349.0,0.69,USD,Materials,Canada,Stock,equity,web_csv
2026-07-23,GDXJ,EMAS IJ,Merdeka Gold Resources Tbk Pt,ID1000211600,,136552300.0,46390766.0,0.66,IDR,Materials,Indonesia,Stock,equity,web_csv
2026-07-23,GDXJ,HOC LN,Hochschild Mining Plc,GB00B1FW5029,,7340558.0,43270796.0,0.61,GBP,Materials,Peru,Stock,equity,web_csv
2026-07-23,GDXJ,EMR AU,Emerald Resources Nl,AU000000EMR4,,11418636.0,42802994.0,0.6,AUD,Materials,Australia,Stock,equity,web_csv
2026-07-23,GDXJ,AAUC,Allied Gold Corp,CA01921D2041,,1861353.0,39497911.0,0.56,USD,Materials,Canada,Stock,equity,web_csv
2026-07-23,GDXJ,NG,Novagold Resources Inc,CA66987E2069,,6483790.0,38384037.0,0.54,USD,Materials,Canada,Stock,equity,web_csv
2026-07-23,GDXJ,SXGC CN,Southern Cross Gold Consolidated Ltd,CA8426851090,,5986103.0,38370548.0,0.54,CAD,Materials,Canada,Stock,equity,web_csv
2026-07-23,GDXJ,PPTA,Perpetua Resources Corp,CA7142661031,,2128886.0,37979326.0,0.54,USD,Materials,United States,Stock,equity,web_csv
2026-07-23,GDXJ,PAF LN,Pan African Resources Plc,GB0004300496,,28478072.0,35205999.0,0.5,GBP,Materials,United Kingdom,Stock,equity,web_csv
2026-07-23,GDXJ,ABRA CN,Abrasilver Resource Corp,CA00379L3048,,3307185.0,35073181.0,0.5,CAD,Materials,Canada,Stock,equity,web_csv
2026-07-23,GDXJ,WAF AU,West African Resources Ltd,AU000000WAF6,,16629087.0,33798043.0,0.48,AUD,Materials,Australia,Stock,equity,web_csv
2026-07-23,GDXJ,PDI AU,Predictive Discovery Ltd,AU000000PDI8,,72260405.0,33342581.0,0.47,AUD,Materials,Australia,Stock,equity,web_csv
2026-07-23,GDXJ,SGD CN,Snowline Gold Corp,CA83342V1040,,3080769.0,30681944.0,0.43,CAD,Materials,Canada,Stock,equity,web_csv
2026-07-23,GDXJ,HYMC,Hycroft Mining Holding Corp,US44862P2083,,1350746.0,27663278.0,0.39,USD,Materials,United States,Stock,equity,web_csv
2026-07-23,GDXJ,VZLA,Vizsla Silver Corp,CA92859G6085,,8267562.0,26786901.0,0.38,USD,Materials,Canada,Stock,equity,web_csv
2026-07-23,GDXJ,USAS,Americas Gold & Silver Corp,CA03062D8035,,6523362.0,26484850.0,0.37,USD,Materials,Canada,Stock,equity,web_csv
2026-07-23,GDXJ,KOZAL TI,Koza Altin Isletmeleri As,TREKOAL00014,,24049945.0,25770687.0,0.36,TRY,Materials,Turkey,Stock,equity,web_csv
2026-07-23,GDXJ,RSG AU,Resolute Mining Ltd,AU000000RSG6,,37431238.0,25769637.0,0.36,AUD,Materials,Australia,Stock,equity,web_csv
2026-07-23,GDXJ,OBM AU,Ora Banda Mining Ltd,AU0000050130,,34255930.0,25648919.0,0.36,AUD,Materials,Australia,Stock,equity,web_csv
2026-07-23,GDXJ,GTWO CN,G2 Goldfields Inc,CA36256R1055,,3688958.0,25190968.0,0.36,CAD,Materials,Canada,Stock,equity,web_csv
2026-07-23,GDXJ,IAUX,I-80 Gold Corp,CA44955L1067,,18111156.0,24993395.0,0.35,USD,Materials,United States,Stock,equity,web_csv
2026-07-23,GDXJ,CYL AU,Catalyst Metals Ltd,AU000000CYL6,,5878844.0,24368649.0,0.34,AUD,Materials,Australia,Stock,equity,web_csv
2026-07-23,GDXJ,ASM,Avino Silver & Gold Mines Ltd,CA0539061030,,4223974.0,24034412.0,0.34,USD,Materials,Mexico,Stock,equity,web_csv
2026-07-23,GDXJ,GGD CN,Gogold Resources Inc,CA38045Y1025,,10850329.0,23260333.0,0.33,CAD,Materials,United States,Stock,equity,web_csv
2026-07-23,GDXJ,MUX,Mcewen Mining Inc,US58039P3055,,1287255.0,22642815.0,0.32,USD,Materials,Canada,Stock,equity,web_csv
2026-07-23,GDXJ,BGL AU,Bellevue Gold Ltd,AU0000019374,,24996453.0,22438240.0,0.32,AUD,Materials,Australia,Stock,equity,web_csv
2026-07-23,GDXJ,ALK AU,Alkane Resources Ltd,AU000000ALK9,,23232988.0,22402455.0,0.32,AUD,Materials,Australia,Stock,equity,web_csv
2026-07-23,GDXJ,6693 HK,Chifeng Jilong Gold Mining Co Ltd,CNE100006T51,,5033600.0,20337358.0,0.29,HKD,Materials,China,Stock,equity,web_csv
2026-07-23,GDXJ,ORE CN,Orezone Gold Corp,CA68616T1093,,12676946.0,20337106.0,0.29,CAD,Materials,Canada,Stock,equity,web_csv
2026-07-23,GDXJ,DRD,Drdgold Ltd,US26152H3012,,976163.0,19962533.0,0.28,USD,Materials,South Africa,Stock,equity,web_csv
2026-07-23,GDXJ,KCN AU,Kingsgate Consolidated Ltd,AU000000KCN1,,6263808.0,18831884.0,0.27,AUD,Materials,Australia,Stock,equity,web_csv
2026-07-23,GDXJ,340 HK,Tongguan Gold Group Ltd,BMG8919D1074,,59898000.0,15856208.0,0.22,HKD,Materials,China,Stock,equity,web_csv
2026-07-23,GDXJ,DC,Dakota Gold Corp,US46655E1001,,3153748.0,14759541.0,0.21,USD,Materials,Canada,Stock,equity,web_csv
2026-07-23,GDXJ,CNL CN,Collective Mining Ltd,CA19425C1005,,1044430.0,13248599.0,0.19,CAD,Materials,Canada,Stock,equity,web_csv
2026-07-23,GDXJ,KOZAA TI,Koza Anadolu Metal Madencilik Isletmele,TREKOZA00014,,4663011.0,13234152.0,0.19,TRY,Materials,Turkey,Stock,equity,web_csv
2026-07-23,GDXJ,MTA,Metalla Royalty & Streaming Ltd,CA59124U6051,,1733339.0,13104043.0,0.19,USD,Materials,Canada,Stock,equity,web_csv
2026-07-23,GDXJ,GROY,Gold Royalty Corp,CA38071H1064,,4509521.0,11634564.0,0.16,USD,Materials,Canada,Stock,equity,web_csv
2026-07-23,GDXJ,CTGO,Contango Ore Inc,US21077F1003,,717451.0,11414645.0,0.16,USD,Materials,United States,Stock,equity,web_csv
2026-07-23,GDXJ,OGG,Osisko Gold Group Inc,CA68827X1050,,4963516.0,11316816.0,0.16,USD,Materials,Canada,Stock,equity,web_csv
2026-07-23,GDXJ,BC8 AU,Black Cat Syndicate Ltd,AU000000BC88,,15873512.0,10171014.0,0.14,AUD,Materials,Australia,Stock,equity,web_csv
2026-07-23,GDXJ,NFGC,New Found Gold Corp,CA64440N1033,,6923439.0,9969752.0,0.14,USD,Materials,Canada,Stock,equity,web_csv
2026-07-23,GDXJ,IDR,Idaho Strategic Resources Inc,US6458272050,,328772.0,9468634.0,0.13,USD,Materials,United States,Stock,equity,web_csv
2026-07-23,GDXJ,ITRG,Integra Resources Corp,CA45826T5098,,4305450.0,9170609.0,0.13,USD,Materials,Canada,Stock,equity,web_csv
2026-07-23,GDXJ,PNR AU,Pantoro Gold Ltd,AU000000PNR8,,5765978.0,8492982.0,0.12,AUD,Materials,Australia,Stock,equity,web_csv
2026-07-23,GDXJ,SBM AU,St Barbara Ltd,AU000000SBM8,,24227335.0,7682003.0,0.11,AUD,Materials,Australia,Stock,equity,web_csv
2026-07-23,GDXJ,GAU,Galiano Gold Inc,CA36352H1001,,3795486.0,6983694.0,0.1,USD,Materials,Canada,Stock,equity,web_csv
2026-07-23,GDXJ,AMI AU,Aurelia Metals Ltd,AU000000AMI1,,30103818.0,6926053.0,0.1,AUD,Materials,Australia,Stock,equity,web_csv
2026-07-23,GDXJ,CMCL,Caledonia Mining Corp Plc,JE00BF0XVB15,,372453.0,6901554.0,0.1,USD,Materials,Jersey,Stock,equity,web_csv
2026-07-23,GDXJ,DTR AU,Dateline Resources Ltd,AU000000DTR1,,71724884.0,6889051.0,0.1,AUD,Materials,Australia,Stock,equity,web_csv
2026-07-23,GDXJ,CNMC SP,Cnmc Goldmine Holdings Ltd,,,6695500.0,6688675.0,0.09,SGD,Materials,Singapore,Stock,equity,web_csv
2026-07-23,GDXJ,APM CN,Andean Precious Metals Corp,CA03349X1015,,1499578.0,6578450.0,0.09,CAD,Materials,Canada,Stock,equity,web_csv
2026-07-23,GDXJ,ASL AU,Andean Silver Ltd,AU0000343253,,3992246.0,5474284.0,0.08,AUD,Materials,Australia,Stock,equity,web_csv
2026-07-23,GDXJ,AZY AU,Antipa Minerals Ltd,AU000000AZY0,,12290367.0,5095708.0,0.07,AUD,Materials,Australia,Stock,equity,web_csv
2026-07-23,GDXJ,VOXR,Vox Royalty Corp,CA92919F1036,,1156794.0,4997350.0,0.07,USD,Materials,Australia,Stock,equity,web_csv
2026-07-23,GDXJ,GLDG,Goldmining Inc,CA38149E1016,,5362701.0,4474101.0,0.06,USD,Materials,Canada,Stock,equity,web_csv
2026-07-23,GDXJ,8299 HK,Gt Gold Holdings Ltd,KYG4136P1303,,111096000.0,4346448.0,0.06,HKD,Materials,China,Stock,equity,web_csv
2026-07-23,GDXJ,WRLG CN,West Red Lake Gold Mines Ltd,CA95556L1013,,8369602.0,4337043.0,0.06,CAD,Materials,Canada,Stock,equity,web_csv
2026-07-23,GDXJ,FDR CN,Founders Metals Inc,CA3505901056,,1482577.0,4325389.0,0.06,CAD,Materials,Canada,Stock,equity,web_csv
2026-07-23,GDXJ,USAU,Us Gold Corp,US90291C2017,,322533.0,4315492.0,0.06,USD,Materials,United States,Stock,equity,web_csv
2026-07-23,GDXJ,MEK AU,Meeka Metals Ltd,AU0000192726,,65667765.0,4300621.0,0.06,AUD,Materials,Australia,Stock,equity,web_csv
2026-07-23,GDXJ,ARCI IJ,Archi Indonesia Tbk Pt,ID1000161003,,63482500.0,4006525.0,0.06,IDR,Materials,Indonesia,Stock,equity,web_csv
2026-07-23,GDXJ,LUCA CN,Luca Mining Corp,CA54929M1068,,5988877.0,3826079.0,0.05,CAD,Materials,Mexico,Stock,equity,web_csv
2026-07-23,GDXJ,VGC CN,Valor Gold Corp,CA9199211066,,991063.0,2560759.0,0.04,CAD,,Canada,Stock,equity,web_csv
2026-07-23,GDXJ,FFX AU,Firefinch Ltd,AU0000114522,,54133739.0,2343949.0,0.03,AUD,Materials,Australia,Stock,equity,web_csv
2026-07-23,GDXJ,PSAB IJ,J Resources Asia Pasific Tbk Pt,ID1000094709,,66236100.0,1594710.0,0.02,IDR,Materials,Indonesia,Stock,equity,web_csv
2026-07-23,GDXJ,FMR CN,Future Mineral Resources Inc,CA3611551043,,168999.0,31790.0,0.0,CAD,Materials,Canada,Stock,equity,web_csv
2026-07-23,GDXJ,NIX CN,Archer Exploration Corp,CA66860Q1028,,179304.0,18455.0,0.0,CAD,Materials,Canada,Stock,equity,web_csv
2026-07-23,GDXJ,VGCX CN,Victoria Gold Corp/Vancouver,CA92625W5072,,1722275.0,1.0,0.0,CAD,Materials,Canada,Stock,equity,web_csv
2026-07-23,GDXJ,ASM AU,Australian Strategic Materials Ltd,AU0000094153,,1.0,1.0,0.0,AUD,Materials,Australia,Stock,equity,web_csv
2026-07-23,GDXJ,-USD CASH-,,CASH,,13379925.0,13379925.0,0.19,USD,,United States,Cash Bal,cash,web_csv
2026-07-23,GDXJ,-TRY CASH-,,CASH,,0.0,0.0,0.0,TRY,,Turkey,Cash Bal,cash,web_csv
2026-07-23,GDXJ,-GBP CASH-,,CASH,,582.0,775.0,0.0,GBP,,United Kingdom,Cash Bal,cash,web_csv
2026-07-23,GDXJ,-AUD CASH-,,CASH,,79.0,55.0,0.0,AUD,,Australia,Cash Bal,cash,web_csv
2026-07-23,GDXJ,-CAD CASH-,,CASH,,-1668149.0,-1184135.0,-0.02,CAD,,Canada,Cash Bal,cash,web_csv
2026-07-23,GDXJ,,Other/Cash,CASH,,0.0,-1982831.0,-0.03,USD,,,Cash,cash,web_csv
2026-07-24,GDXJ,EVN AU,Evolution Mining Ltd,AU000000EVN4,,54421483.0,431960200.0,6.15,AUD,Materials,Australia,Stock,equity,web_csv
2026-07-24,GDXJ,AGI,Alamos Gold Inc,CA0115321089,,14492791.0,428696758.0,6.11,USD,Materials,Canada,Stock,equity,web_csv
2026-07-24,GDXJ,EQX,Equinox Gold Corp,CA29446Y5020,,45623094.0,423382312.0,6.03,USD,Materials,Canada,Stock,equity,web_csv
2026-07-24,GDXJ,EDV LN,Endeavour Mining Plc,GB00BL6K5J42,,7681264.0,366684246.0,5.22,GBP,Materials,United Kingdom,Stock,equity,web_csv
2026-07-24,GDXJ,CDE,Coeur Mining Inc,US1921085049,,22253863.0,336700947.0,4.8,USD,Materials,United States,Stock,equity,web_csv
2026-07-24,GDXJ,PE&OLES* MF,Industrias Penoles Sab De Cv,MXP554091415,,4656863.0,212885166.0,3.03,MXN,Materials,Mexico,Stock,equity,web_csv
2026-07-24,GDXJ,AG,First Majestic Silver Corp,CA32076V1031,,11317136.0,184582488.0,2.63,USD,Materials,Canada,Stock,equity,web_csv
2026-07-24,GDXJ,HL,Hecla Mining Co,US4227041062,,12037306.0,182244813.0,2.6,USD,Materials,United States,Stock,equity,web_csv
2026-07-24,GDXJ,EGO,Eldorado Gold Corp,CA2849025093,,5660297.0,180450268.0,2.57,USD,Materials,Turkey,Stock,equity,web_csv
2026-07-24,GDXJ,IAG,Iamgold Corp,CA4509131088,,11676473.0,171177094.0,2.44,USD,Materials,Burkina Faso,Stock,equity,web_csv
2026-07-24,GDXJ,HMY,Harmony Gold Mining Co Ltd,US4132163001,,9537563.0,151361125.0,2.16,USD,Materials,South Africa,Stock,equity,web_csv
2026-07-24,GDXJ,LUG CN,Lundin Gold Inc,CA5503711080,,2531946.0,142730443.0,2.03,CAD,Materials,Canada,Stock,equity,web_csv
2026-07-24,GDXJ,DPM CN,Dundee Precious Metals Inc,CA26139R1091,,3808844.0,141869735.0,2.02,CAD,Materials,Canada,Stock,equity,web_csv
2026-07-24,GDXJ,GMIN CN,G Mining Ventures Corp,CA36270K1021,,4028406.0,123013499.0,1.75,CAD,Materials,Canada,Stock,equity,web_csv
2026-07-24,GDXJ,OGC CN,Oceanagold Corp,CA6752224007,,5076749.0,121028629.0,1.72,CAD,Materials,Canada,Stock,equity,web_csv
2026-07-24,GDXJ,BTG,B2gold Corp,CA11777Q2099,,28921197.0,111925032.0,1.59,USD,Materials,Canada,Stock,equity,web_csv
2026-07-24,GDXJ,BVN,Cia De Minas Buenaventura Saa,US2044481040,,3614905.0,111736714.0,1.59,USD,Materials,Peru,Stock,equity,web_csv
2026-07-24,GDXJ,SSRM,Ssr Mining Inc,CA7847301032,,3987190.0,107095923.0,1.53,USD,Materials,Canada,Stock,equity,web_csv
2026-07-24,GDXJ,1818 HK,Zhaojin Mining Industry Co Ltd,CNE1000004R6,,40991700.0,106425253.0,1.52,HKD,Materials,China,Stock,equity,web_csv
2026-07-24,GDXJ,DSV CN,Discovery Silver Corp,CA25466C1077,,16765015.0,102865270.0,1.47,CAD,Materials,Canada,Stock,equity,web_csv
2026-07-24,GDXJ,OR,Or Royalties Inc,CA68390D1069,,3085440.0,90094848.0,1.28,USD,Materials,Canada,Stock,equity,web_csv
2026-07-24,GDXJ,MAU CN,Montage Gold Corp,CA61178L1013,,7124821.0,82979132.0,1.18,CAD,Materials,Côte D'Ivoire,Stock,equity,web_csv
2026-07-24,GDXJ,ARTG CN,Artemis Gold Inc,CA04302L1004,,3426571.0,82662086.0,1.18,CAD,Materials,Canada,Stock,equity,web_csv
2026-07-24,GDXJ,PRU AU,Perseus Mining Ltd,AU000000PRU3,,24698928.0,82437364.0,1.17,AUD,Materials,Australia,Stock,equity,web_csv
2026-07-24,GDXJ,RMS AU,Ramelius Resources Ltd,AU000000RMS4,,37375928.0,78671135.0,1.12,AUD,Materials,Australia,Stock,equity,web_csv
2026-07-24,GDXJ,GGP AU,Greatland Resources Ltd,AU0000397705,,11101180.0,78511258.0,1.12,AUD,Materials,Australia,Stock,equity,web_csv
2026-07-24,GDXJ,KNT CN,K92 Mining Inc,CA4991131083,,4765423.0,75839314.0,1.08,CAD,Materials,Canada,Stock,equity,web_csv
2026-07-24,GDXJ,GMD AU,Genesis Minerals Ltd,AU000000GMD9,,18224752.0,75419128.0,1.07,AUD,Materials,Australia,Stock,equity,web_csv
2026-07-24,GDXJ,ARMN,Aris Mining Corp,CA04040Y1097,,4790469.0,70228276.0,1.0,USD,Materials,Colombia,Stock,equity,web_csv
2026-07-24,GDXJ,VAU AU,Vault Minerals Ltd,AU0000427775,,19859385.0,67749717.0,0.97,AUD,Materials,Australia,Stock,equity,web_csv
2026-07-24,GDXJ,TXG CN,Torex Gold Resources Inc,CA8910546032,,1722902.0,66828752.0,0.95,CAD,Materials,Canada,Stock,equity,web_csv
2026-07-24,GDXJ,CMM AU,Capricorn Metals Ltd,AU000000CMM9,,7856943.0,65899158.0,0.94,AUD,Materials,Australia,Stock,equity,web_csv
2026-07-24,GDXJ,SKE,Skeena Resources Ltd,CA83056P7157,,2368611.0,64213044.0,0.91,USD,Materials,Canada,Stock,equity,web_csv
2026-07-24,GDXJ,AYA CN,Aya Gold & Silver Inc,CA05466C1095,,3213661.0,63421964.0,0.9,CAD,Materials,Canada,Stock,equity,web_csv
2026-07-24,GDXJ,CGAU,Centerra Gold Inc,CA1520061021,,3868947.0,62638252.0,0.89,USD,Materials,Canada,Stock,equity,web_csv
2026-07-24,GDXJ,WDO CN,Wesdome Gold Mines Ltd/Canada,CA95083R1001,,3327430.0,61768292.0,0.88,CAD,Materials,Canada,Stock,equity,web_csv
2026-07-24,GDXJ,RRL AU,Regis Resources Ltd,AU000000RRL8,,13961079.0,58576192.0,0.83,AUD,Materials,Australia,Stock,equity,web_csv
2026-07-24,GDXJ,BRMS IJ,Bumi Resources Minerals Tbk Pt,ID1000117609,,1802259500.0,58409898.0,0.83,IDR,Materials,Indonesia,Stock,equity,web_csv
2026-07-24,GDXJ,FSM,Fortuna Silver Mines Inc,CA3499421020,,6607976.0,56498195.0,0.8,USD,Materials,Canada,Stock,equity,web_csv
2026-07-24,GDXJ,SA,Seabridge Gold Inc,CA8119271028,,2066851.0,53696789.0,0.77,USD,Materials,Canada,Stock,equity,web_csv
2026-07-24,GDXJ,AUGO,Aura Minerals Inc,VGG069731120,,961837.0,52718286.0,0.75,USD,Materials,United States,Stock,equity,web_csv
2026-07-24,GDXJ,TFPM,Triple Flag Precious Metals Corp,CA89679M1041,,1804555.0,52386232.0,0.75,USD,Materials,Canada,Stock,equity,web_csv
2026-07-24,GDXJ,ORLA,Orla Mining Ltd,CA68634K1066,,5615686.0,52001252.0,0.74,USD,Materials,Mexico,Stock,equity,web_csv
2026-07-24,GDXJ,WGX AU,Westgold Resources Ltd,AU000000WGX6,,15554728.0,50461506.0,0.72,AUD,Materials,Australia,Stock,equity,web_csv
2026-07-24,GDXJ,EXK,Endeavour Silver Corp,CA29258Y1034,,6356112.0,49704796.0,0.71,USD,Materials,Canada,Stock,equity,web_csv
2026-07-24,GDXJ,SVM,Silvercorp Metals Inc,CA82835P1036,,5081419.0,48984879.0,0.7,USD,Materials,Canada,Stock,equity,web_csv
2026-07-24,GDXJ,3939 HK,Wanguo Gold Group Ltd,KYG9430L1150,,35201000.0,48677884.0,0.69,HKD,Materials,China,Stock,equity,web_csv
2026-07-24,GDXJ,EMAS IJ,Merdeka Gold Resources Tbk Pt,ID1000211600,,135984100.0,46666171.0,0.66,IDR,Materials,Indonesia,Stock,equity,web_csv
2026-07-24,GDXJ,HOC LN,Hochschild Mining Plc,GB00B1FW5029,,7309976.0,42739967.0,0.61,GBP,Materials,Peru,Stock,equity,web_csv
2026-07-24,GDXJ,EMR AU,Emerald Resources Nl,AU000000EMR4,,11371092.0,41560722.0,0.59,AUD,Materials,Australia,Stock,equity,web_csv
2026-07-24,GDXJ,AAUC,Allied Gold Corp,CA01921D2041,,1853607.0,38666242.0,0.55,USD,Materials,Canada,Stock,equity,web_csv
2026-07-24,GDXJ,NG,Novagold Resources Inc,CA66987E2069,,6456796.0,38288800.0,0.55,USD,Materials,Canada,Stock,equity,web_csv
2026-07-24,GDXJ,SXGC CN,Southern Cross Gold Consolidated Ltd,CA8426851090,,5961161.0,38184620.0,0.54,CAD,Materials,Canada,Stock,equity,web_csv
2026-07-24,GDXJ,PPTA,Perpetua Resources Corp,CA7142661031,,2120024.0,37821228.0,0.54,USD,Materials,United States,Stock,equity,web_csv
2026-07-24,GDXJ,PAF LN,Pan African Resources Plc,GB0004300496,,28359680.0,35467932.0,0.51,GBP,Materials,United Kingdom,Stock,equity,web_csv
2026-07-24,GDXJ,ABRA CN,Abrasilver Resource Corp,CA00379L3048,,3293421.0,35175977.0,0.5,CAD,Materials,Canada,Stock,equity,web_csv
2026-07-24,GDXJ,WAF AU,West African Resources Ltd,AU000000WAF6,,16559919.0,32617632.0,0.46,AUD,Materials,Australia,Stock,equity,web_csv
2026-07-24,GDXJ,PDI AU,Predictive Discovery Ltd,AU000000PDI8,,71959379.0,31881654.0,0.45,AUD,Materials,Australia,Stock,equity,web_csv
2026-07-24,GDXJ,SGD CN,Snowline Gold Corp,CA83342V1040,,3067935.0,30066046.0,0.43,CAD,Materials,Canada,Stock,equity,web_csv
2026-07-24,GDXJ,HYMC,Hycroft Mining Holding Corp,US44862P2083,,1345124.0,27198407.0,0.39,USD,Materials,United States,Stock,equity,web_csv
2026-07-24,GDXJ,VZLA,Vizsla Silver Corp,CA92859G6085,,8233152.0,27169402.0,0.39,USD,Materials,Canada,Stock,equity,web_csv
2026-07-24,GDXJ,USAS,Americas Gold & Silver Corp,CA03062D8035,,6496212.0,25789962.0,0.37,USD,Materials,Canada,Stock,equity,web_csv
2026-07-24,GDXJ,GTWO CN,G2 Goldfields Inc,CA36256R1055,,3673592.0,25279343.0,0.36,CAD,Materials,Canada,Stock,equity,web_csv
2026-07-24,GDXJ,OBM AU,Ora Banda Mining Ltd,AU0000050130,,34113220.0,25216432.0,0.36,AUD,Materials,Australia,Stock,equity,web_csv
2026-07-24,GDXJ,KOZAL TI,Koza Altin Isletmeleri As,TREKOAL00014,,23949757.0,24760958.0,0.35,TRY,Materials,Turkey,Stock,equity,web_csv
2026-07-24,GDXJ,IAUX,I-80 Gold Corp,CA44955L1067,,18035772.0,24528650.0,0.35,USD,Materials,United States,Stock,equity,web_csv
2026-07-24,GDXJ,RSG AU,Resolute Mining Ltd,AU000000RSG6,,37275214.0,24207755.0,0.34,AUD,Materials,Australia,Stock,equity,web_csv
2026-07-24,GDXJ,ASM,Avino Silver & Gold Mines Ltd,CA0539061030,,4206394.0,23681998.0,0.34,USD,Materials,Mexico,Stock,equity,web_csv
2026-07-24,GDXJ,CYL AU,Catalyst Metals Ltd,AU000000CYL6,,5854352.0,23270059.0,0.33,AUD,Materials,Australia,Stock,equity,web_csv
2026-07-24,GDXJ,GGD CN,Gogold Resources Inc,CA38045Y1025,,10805131.0,23019844.0,0.33,CAD,Materials,United States,Stock,equity,web_csv
2026-07-24,GDXJ,BGL AU,Bellevue Gold Ltd,AU0000019374,,24892305.0,22204503.0,0.32,AUD,Materials,Australia,Stock,equity,web_csv
2026-07-24,GDXJ,MUX,Mcewen Mining Inc,US58039P3055,,1281897.0,22010171.0,0.31,USD,Materials,Canada,Stock,equity,web_csv
2026-07-24,GDXJ,ALK AU,Alkane Resources Ltd,AU000000ALK9,,23136106.0,21638515.0,0.31,AUD,Materials,Australia,Stock,equity,web_csv
2026-07-24,GDXJ,DRD,Drdgold Ltd,US26152H3012,,972095.0,20355669.0,0.29,USD,Materials,South Africa,Stock,equity,web_csv
2026-07-24,GDXJ,ORE CN,Orezone Gold Corp,CA68616T1093,,12624086.0,20260934.0,0.29,CAD,Materials,Canada,Stock,equity,web_csv
2026-07-24,GDXJ,6693 HK,Chifeng Jilong Gold Mining Co Ltd,CNE100006T51,,5013200.0,19967817.0,0.28,HKD,Materials,China,Stock,equity,web_csv
2026-07-24,GDXJ,KCN AU,Kingsgate Consolidated Ltd,AU000000KCN1,,6237726.0,17930473.0,0.26,AUD,Materials,Australia,Stock,equity,web_csv
2026-07-24,GDXJ,340 HK,Tongguan Gold Group Ltd,BMG8919D1074,,59646000.0,15109947.0,0.22,HKD,Materials,China,Stock,equity,web_csv
2026-07-24,GDXJ,DC,Dakota Gold Corp,US46655E1001,,3140620.0,14603883.0,0.21,USD,Materials,Canada,Stock,equity,web_csv
2026-07-24,GDXJ,KOZAA TI,Koza Anadolu Metal Madencilik Isletmele,TREKOZA00014,,4643583.0,13293369.0,0.19,TRY,Materials,Turkey,Stock,equity,web_csv
2026-07-24,GDXJ,CNL CN,Collective Mining Ltd,CA19425C1005,,1040080.0,13243358.0,0.19,CAD,Materials,Canada,Stock,equity,web_csv
2026-07-24,GDXJ,MTA,Metalla Royalty & Streaming Ltd,CA59124U6051,,1726127.0,12997736.0,0.19,USD,Materials,Canada,Stock,equity,web_csv
2026-07-24,GDXJ,GROY,Gold Royalty Corp,CA38071H1064,,4490747.0,11541220.0,0.16,USD,Materials,Canada,Stock,equity,web_csv
2026-07-24,GDXJ,CTGO,Contango Ore Inc,US21077F1003,,714469.0,11288610.0,0.16,USD,Materials,United States,Stock,equity,web_csv
2026-07-24,GDXJ,OGG,Osisko Gold Group Inc,CA68827X1050,,4942864.0,11170873.0,0.16,USD,Materials,Canada,Stock,equity,web_csv
2026-07-24,GDXJ,BC8 AU,Black Cat Syndicate Ltd,AU000000BC88,,15807386.0,9723122.0,0.14,AUD,Materials,Australia,Stock,equity,web_csv
2026-07-24,GDXJ,NFGC,New Found Gold Corp,CA64440N1033,,6894603.0,9583498.0,0.14,USD,Materials,Canada,Stock,equity,web_csv
2026-07-24,GDXJ,IDR,Idaho Strategic Resources Inc,US6458272050,,327404.0,9291726.0,0.13,USD,Materials,United States,Stock,equity,web_csv
2026-07-24,GDXJ,ITRG,Integra Resources Corp,CA45826T5098,,4287522.0,9261048.0,0.13,USD,Materials,Canada,Stock,equity,web_csv
2026-07-24,GDXJ,PNR AU,Pantoro Gold Ltd,AU000000PNR8,,5741948.0,8064590.0,0.11,AUD,Materials,Australia,Stock,equity,web_csv
2026-07-24,GDXJ,SBM AU,St Barbara Ltd,AU000000SBM8,,24126409.0,7465870.0,0.11,AUD,Materials,Australia,Stock,equity,web_csv
2026-07-24,GDXJ,GAU,Galiano Gold Inc,CA36352H1001,,3779694.0,7030231.0,0.1,USD,Materials,Canada,Stock,equity,web_csv
2026-07-24,GDXJ,CMCL,Caledonia Mining Corp Plc,JE00BF0XVB15,,370905.0,6921087.0,0.1,USD,Materials,Jersey,Stock,equity,web_csv
2026-07-24,GDXJ,AMI AU,Aurelia Metals Ltd,AU000000AMI1,,29978442.0,6629452.0,0.09,AUD,Materials,Australia,Stock,equity,web_csv
2026-07-24,GDXJ,CNMC SP,Cnmc Goldmine Holdings Ltd,,,6667900.0,6603303.0,0.09,SGD,Materials,Singapore,Stock,equity,web_csv
2026-07-24,GDXJ,APM CN,Andean Precious Metals Corp,CA03349X1015,,1493332.0,6522027.0,0.09,CAD,Materials,Canada,Stock,equity,web_csv
2026-07-24,GDXJ,DTR AU,Dateline Resources Ltd,AU000000DTR1,,71426006.0,6288527.0,0.09,AUD,Materials,Australia,Stock,equity,web_csv
2026-07-24,GDXJ,ASL AU,Andean Silver Ltd,AU0000343253,,3975614.0,5196575.0,0.07,AUD,Materials,Australia,Stock,equity,web_csv
2026-07-24,GDXJ,VOXR,Vox Royalty Corp,CA92919F1036,,1151982.0,5034161.0,0.07,USD,Materials,Australia,Stock,equity,web_csv
2026-07-24,GDXJ,AZY AU,Antipa Minerals Ltd,AU000000AZY0,,12239205.0,4889029.0,0.07,AUD,Materials,Australia,Stock,equity,web_csv
2026-07-24,GDXJ,GLDG,Goldmining Inc,CA38149E1016,,5340387.0,4440532.0,0.06,USD,Materials,Canada,Stock,equity,web_csv
2026-07-24,GDXJ,FDR CN,Founders Metals Inc,CA3505901056,,1476409.0,4340683.0,0.06,CAD,Materials,Canada,Stock,equity,web_csv
2026-07-24,GDXJ,USAU,Us Gold Corp,US90291C2017,,321189.0,4284661.0,0.06,USD,Materials,United States,Stock,equity,web_csv
2026-07-24,GDXJ,8299 HK,Gt Gold Holdings Ltd,KYG4136P1303,,110664000.0,4237012.0,0.06,HKD,Materials,China,Stock,equity,web_csv
2026-07-24,GDXJ,MEK AU,Meeka Metals Ltd,AU0000192726,,65394357.0,4184827.0,0.06,AUD,Materials,Australia,Stock,equity,web_csv
2026-07-24,GDXJ,WRLG CN,West Red Lake Gold Mines Ltd,CA95556L1013,,8334754.0,4024879.0,0.06,CAD,Materials,Canada,Stock,equity,web_csv
2026-07-24,GDXJ,ARCI IJ,Archi Indonesia Tbk Pt,ID1000161003,,63219100.0,3686773.0,0.05,IDR,Materials,Indonesia,Stock,equity,web_csv
2026-07-24,GDXJ,LUCA CN,Luca Mining Corp,CA54929M1068,,5963917.0,3684698.0,0.05,CAD,Materials,Mexico,Stock,equity,web_csv
2026-07-24,GDXJ,VGC CN,Valor Gold Corp,CA9199211066,,986935.0,2649302.0,0.04,CAD,,Canada,Stock,equity,web_csv
2026-07-24,GDXJ,FFX AU,Firefinch Ltd,AU0000114522,,54133739.0,2349328.0,0.03,AUD,Materials,Australia,Stock,equity,web_csv
2026-07-24,GDXJ,PSAB IJ,J Resources Asia Pasific Tbk Pt,ID1000094709,,65960100.0,1548491.0,0.02,IDR,Materials,Indonesia,Stock,equity,web_csv
2026-07-24,GDXJ,FMR CN,Future Mineral Resources Inc,CA3611551043,,168999.0,31804.0,0.0,CAD,Materials,Canada,Stock,equity,web_csv
2026-07-24,GDXJ,NIX CN,Archer Exploration Corp,CA66860Q1028,,179304.0,19737.0,0.0,CAD,Materials,Canada,Stock,equity,web_csv
2026-07-24,GDXJ,VGCX CN,Victoria Gold Corp/Vancouver,CA92625W5072,,1722275.0,1.0,0.0,CAD,Materials,Canada,Stock,equity,web_csv
2026-07-24,GDXJ,ASM AU,Australian Strategic Materials Ltd,AU0000094153,,1.0,1.0,0.0,AUD,Materials,Australia,Stock,equity,web_csv
2026-07-24,GDXJ,-USD CASH-,,CASH,,27779175.0,27779175.0,0.4,USD,,United States,Cash Bal,cash,web_csv
2026-07-24,GDXJ,-TRY CASH-,,CASH,,0.0,0.0,0.0,TRY,,Turkey,Cash Bal,cash,web_csv
2026-07-24,GDXJ,-GBP CASH-,,CASH,,582.0,775.0,0.0,GBP,,United Kingdom,Cash Bal,cash,web_csv
2026-07-24,GDXJ,-AUD CASH-,,CASH,,79.0,55.0,0.0,AUD,,Australia,Cash Bal,cash,web_csv
2026-07-24,GDXJ,-CAD CASH-,,CASH,,-1668149.0,-1184639.0,-0.02,CAD,,Canada,Cash Bal,cash,web_csv
2026-07-24,GDXJ,,Other/Cash,CASH,,0.0,-16479222.0,-0.23,USD,,,Cash,cash,web_csv
2026-07-27,GDXJ,EQX,Equinox Gold Corp,CA29446Y5020,,45623094.0,434331855.0,6.11,USD,Materials,Canada,Stock,equity,web_csv
2026-07-27,GDXJ,EVN AU,Evolution Mining Ltd,AU000000EVN4,,54421483.0,433956818.0,6.11,AUD,Materials,Australia,Stock,equity,web_csv
2026-07-27,GDXJ,AGI,Alamos Gold Inc,CA0115321089,,14492791.0,430725749.0,6.06,USD,Materials,Canada,Stock,equity,web_csv
2026-07-27,GDXJ,EDV LN,Endeavour Mining Plc,GB00BL6K5J42,,7681264.0,365862928.0,5.15,GBP,Materials,United Kingdom,Stock,equity,web_csv
2026-07-27,GDXJ,CDE,Coeur Mining Inc,US1921085049,,22253863.0,341819336.0,4.81,USD,Materials,United States,Stock,equity,web_csv
2026-07-27,GDXJ,PE&OLES* MF,Industrias Penoles Sab De Cv,MXP554091415,,4656863.0,216168060.0,3.04,MXN,Materials,Mexico,Stock,equity,web_csv
2026-07-27,GDXJ,EGO,Eldorado Gold Corp,CA2849025093,,5660297.0,184186064.0,2.59,USD,Materials,Turkey,Stock,equity,web_csv
2026-07-27,GDXJ,AG,First Majestic Silver Corp,CA32076V1031,,11317136.0,183563946.0,2.58,USD,Materials,Canada,Stock,equity,web_csv
2026-07-27,GDXJ,HL,Hecla Mining Co,US4227041062,,12037306.0,182846678.0,2.57,USD,Materials,United States,Stock,equity,web_csv
2026-07-27,GDXJ,IAG,Iamgold Corp,CA4509131088,,11676473.0,171760918.0,2.42,USD,Materials,Burkina Faso,Stock,equity,web_csv
2026-07-27,GDXJ,HMY,Harmony Gold Mining Co Ltd,US4132163001,,9537563.0,151361125.0,2.13,USD,Materials,South Africa,Stock,equity,web_csv
2026-07-27,GDXJ,LUG CN,Lundin Gold Inc,CA5503711080,,2531946.0,145797464.0,2.05,CAD,Materials,Canada,Stock,equity,web_csv
2026-07-27,GDXJ,DPM CN,Dundee Precious Metals Inc,CA26139R1091,,3808844.0,137769856.0,1.94,CAD,Materials,Canada,Stock,equity,web_csv
2026-07-27,GDXJ,GMIN CN,G Mining Ventures Corp,CA36270K1021,,4028406.0,124332990.0,1.75,CAD,Materials,Canada,Stock,equity,web_csv
2026-07-27,GDXJ,OGC CN,Oceanagold Corp,CA6752224007,,5076749.0,122732615.0,1.73,CAD,Materials,Canada,Stock,equity,web_csv
2026-07-27,GDXJ,BVN,Cia De Minas Buenaventura Saa,US2044481040,,3614905.0,114664787.0,1.61,USD,Materials,Peru,Stock,equity,web_csv
2026-07-27,GDXJ,BTG,B2gold Corp,CA11777Q2099,,28921197.0,111925032.0,1.58,USD,Materials,Canada,Stock,equity,web_csv
2026-07-27,GDXJ,1818 HK,Zhaojin Mining Industry Co Ltd,CNE1000004R6,,40991700.0,107452934.0,1.51,HKD,Materials,China,Stock,equity,web_csv
2026-07-27,GDXJ,SSRM,Ssr Mining Inc,CA7847301032,,3987190.0,104823225.0,1.48,USD,Materials,Canada,Stock,equity,web_csv
2026-07-27,GDXJ,DSV CN,Discovery Silver Corp,CA25466C1077,,16765015.0,104532633.0,1.47,CAD,Materials,Canada,Stock,equity,web_csv
2026-07-27,GDXJ,OR,Or Royalties Inc,CA68390D1069,,3085440.0,91143898.0,1.28,USD,Materials,Canada,Stock,equity,web_csv
2026-07-27,GDXJ,PRU AU,Perseus Mining Ltd,AU000000PRU3,,24698928.0,85233429.0,1.2,AUD,Materials,Australia,Stock,equity,web_csv
2026-07-27,GDXJ,MAU CN,Montage Gold Corp,CA61178L1013,,7124821.0,83750154.0,1.18,CAD,Materials,Côte D'Ivoire,Stock,equity,web_csv
2026-07-27,GDXJ,ARTG CN,Artemis Gold Inc,CA04302L1004,,3426571.0,82523221.0,1.16,CAD,Materials,Canada,Stock,equity,web_csv
2026-07-27,GDXJ,GGP AU,Greatland Resources Ltd,AU0000397705,,11101180.0,81244218.0,1.14,AUD,Materials,Australia,Stock,equity,web_csv
2026-07-27,GDXJ,RMS AU,Ramelius Resources Ltd,AU000000RMS4,,37375928.0,80657581.0,1.14,AUD,Materials,Australia,Stock,equity,web_csv
2026-07-27,GDXJ,GMD AU,Genesis Minerals Ltd,AU000000GMD9,,18224752.0,77741788.0,1.09,AUD,Materials,Australia,Stock,equity,web_csv
2026-07-27,GDXJ,KNT CN,K92 Mining Inc,CA4991131083,,4765423.0,77625731.0,1.09,CAD,Materials,Canada,Stock,equity,web_csv
2026-07-27,GDXJ,CMM AU,Capricorn Metals Ltd,AU000000CMM9,,7856943.0,74965811.0,1.06,AUD,Materials,Australia,Stock,equity,web_csv
2026-07-27,GDXJ,ARMN,Aris Mining Corp,CA04040Y1097,,4790469.0,71186369.0,1.0,USD,Materials,Colombia,Stock,equity,web_csv
2026-07-27,GDXJ,VAU AU,Vault Minerals Ltd,AU0000427775,,19859385.0,70208513.0,0.99,AUD,Materials,Australia,Stock,equity,web_csv
2026-07-27,GDXJ,TXG CN,Torex Gold Resources Inc,CA8910546032,,1722902.0,67409678.0,0.95,CAD,Materials,Canada,Stock,equity,web_csv
2026-07-27,GDXJ,AYA CN,Aya Gold & Silver Inc,CA05466C1095,,3213661.0,66147201.0,0.93,CAD,Materials,Canada,Stock,equity,web_csv
2026-07-27,GDXJ,SKE,Skeena Resources Ltd,CA83056P7157,,2368611.0,64402533.0,0.91,USD,Materials,Canada,Stock,equity,web_csv
2026-07-27,GDXJ,CGAU,Centerra Gold Inc,CA1520061021,,3868947.0,63721557.0,0.9,USD,Materials,Canada,Stock,equity,web_csv
2026-07-27,GDXJ,WDO CN,Wesdome Gold Mines Ltd/Canada,CA95083R1001,,3327430.0,62642020.0,0.88,CAD,Materials,Canada,Stock,equity,web_csv
2026-07-27,GDXJ,RRL AU,Regis Resources Ltd,AU000000RRL8,,13961079.0,59580664.0,0.84,AUD,Materials,Australia,Stock,equity,web_csv
2026-07-27,GDXJ,BRMS IJ,Bumi Resources Minerals Tbk Pt,ID1000117609,,1802259500.0,57155887.0,0.8,IDR,Materials,Indonesia,Stock,equity,web_csv
2026-07-27,GDXJ,FSM,Fortuna Silver Mines Inc,CA3499421020,,6607976.0,56564275.0,0.8,USD,Materials,Canada,Stock,equity,web_csv
2026-07-27,GDXJ,SA,Seabridge Gold Inc,CA8119271028,,2066851.0,54192833.0,0.76,USD,Materials,Canada,Stock,equity,web_csv
2026-07-27,GDXJ,AUGO,Aura Minerals Inc,VGG069731120,,961837.0,53651268.0,0.76,USD,Materials,United States,Stock,equity,web_csv
2026-07-27,GDXJ,ORLA,Orla Mining Ltd,CA68634K1066,,5615686.0,53292860.0,0.75,USD,Materials,Mexico,Stock,equity,web_csv
2026-07-27,GDXJ,WGX AU,Westgold Resources Ltd,AU000000WGX6,,15554728.0,52937929.0,0.75,AUD,Materials,Australia,Stock,equity,web_csv
2026-07-27,GDXJ,TFPM,Triple Flag Precious Metals Corp,CA89679M1041,,1804555.0,52404277.0,0.74,USD,Materials,Canada,Stock,equity,web_csv
2026-07-27,GDXJ,EXK,Endeavour Silver Corp,CA29258Y1034,,6356112.0,50467529.0,0.71,USD,Materials,Canada,Stock,equity,web_csv
2026-07-27,GDXJ,SVM,Silvercorp Metals Inc,CA82835P1036,,5081419.0,49594649.0,0.7,USD,Materials,Canada,Stock,equity,web_csv
2026-07-27,GDXJ,EMAS IJ,Merdeka Gold Resources Tbk Pt,ID1000211600,,135984100.0,46263282.0,0.65,IDR,Materials,Indonesia,Stock,equity,web_csv
2026-07-27,GDXJ,3939 HK,Wanguo Gold Group Ltd,KYG9430L1150,,35201000.0,43685302.0,0.61,HKD,Materials,China,Stock,equity,web_csv
2026-07-27,GDXJ,EMR AU,Emerald Resources Nl,AU000000EMR4,,11371092.0,43654670.0,0.61,AUD,Materials,Australia,Stock,equity,web_csv
2026-07-27,GDXJ,HOC LN,Hochschild Mining Plc,GB00B1FW5029,,7309976.0,43358305.0,0.61,GBP,Materials,Peru,Stock,equity,web_csv
2026-07-27,GDXJ,SXGC CN,Southern Cross Gold Consolidated Ltd,CA8426851090,,5961161.0,39069500.0,0.55,CAD,Materials,Canada,Stock,equity,web_csv
2026-07-27,GDXJ,PPTA,Perpetua Resources Corp,CA7142661031,,2120024.0,38669238.0,0.54,USD,Materials,United States,Stock,equity,web_csv
2026-07-27,GDXJ,AAUC,Allied Gold Corp,CA01921D2041,,1853607.0,38647706.0,0.54,USD,Materials,Canada,Stock,equity,web_csv
2026-07-27,GDXJ,NG,Novagold Resources Inc,CA66987E2069,,6456796.0,38482504.0,0.54,USD,Materials,Canada,Stock,equity,web_csv
2026-07-27,GDXJ,PAF LN,Pan African Resources Plc,GB0004300496,,28359680.0,35798996.0,0.5,GBP,Materials,United Kingdom,Stock,equity,web_csv
2026-07-27,GDXJ,ABRA CN,Abrasilver Resource Corp,CA00379L3048,,3293421.0,35772944.0,0.5,CAD,Materials,Canada,Stock,equity,web_csv
2026-07-27,GDXJ,PDI AU,Predictive Discovery Ltd,AU000000PDI8,,71959379.0,33864489.0,0.48,AUD,Materials,Australia,Stock,equity,web_csv
2026-07-27,GDXJ,WAF AU,West African Resources Ltd,AU000000WAF6,,16559919.0,33728365.0,0.47,AUD,Materials,Australia,Stock,equity,web_csv
2026-07-27,GDXJ,SGD CN,Snowline Gold Corp,CA83342V1040,,3067935.0,31041281.0,0.44,CAD,Materials,Canada,Stock,equity,web_csv
2026-07-27,GDXJ,HYMC,Hycroft Mining Holding Corp,US44862P2083,,1345124.0,27480883.0,0.39,USD,Materials,United States,Stock,equity,web_csv
2026-07-27,GDXJ,VZLA,Vizsla Silver Corp,CA92859G6085,,8233152.0,27334065.0,0.38,USD,Materials,Canada,Stock,equity,web_csv
2026-07-27,GDXJ,OBM AU,Ora Banda Mining Ltd,AU0000050130,,34113220.0,26489279.0,0.37,AUD,Materials,Australia,Stock,equity,web_csv
2026-07-27,GDXJ,USAS,Americas Gold & Silver Corp,CA03062D8035,,6496212.0,26439583.0,0.37,USD,Materials,Canada,Stock,equity,web_csv
2026-07-27,GDXJ,GTWO CN,G2 Goldfields Inc,CA36256R1055,,3673592.0,25404229.0,0.36,CAD,Materials,Canada,Stock,equity,web_csv
2026-07-27,GDXJ,RSG AU,Resolute Mining Ltd,AU000000RSG6,,37275214.0,25039277.0,0.35,AUD,Materials,Australia,Stock,equity,web_csv
2026-07-27,GDXJ,KOZAL TI,Koza Altin Isletmeleri As,TREKOAL00014,,23949757.0,24506804.0,0.35,TRY,Materials,Turkey,Stock,equity,web_csv
2026-07-27,GDXJ,CYL AU,Catalyst Metals Ltd,AU000000CYL6,,5854352.0,24238763.0,0.34,AUD,Materials,Australia,Stock,equity,web_csv
2026-07-27,GDXJ,IAUX,I-80 Gold Corp,CA44955L1067,,18035772.0,24167934.0,0.34,USD,Materials,United States,Stock,equity,web_csv
2026-07-27,GDXJ,ASM,Avino Silver & Gold Mines Ltd,CA0539061030,,4206394.0,23934382.0,0.34,USD,Materials,Mexico,Stock,equity,web_csv
2026-07-27,GDXJ,BGL AU,Bellevue Gold Ltd,AU0000019374,,24892305.0,23919539.0,0.34,AUD,Materials,Australia,Stock,equity,web_csv
2026-07-27,GDXJ,GGD CN,Gogold Resources Inc,CA38045Y1025,,10805131.0,23120768.0,0.33,CAD,Materials,United States,Stock,equity,web_csv
2026-07-27,GDXJ,MUX,Mcewen Mining Inc,US58039P3055,,1281897.0,22292189.0,0.31,USD,Materials,Canada,Stock,equity,web_csv
2026-07-27,GDXJ,ALK AU,Alkane Resources Ltd,AU000000ALK9,,23136106.0,22092258.0,0.31,AUD,Materials,Australia,Stock,equity,web_csv
2026-07-27,GDXJ,6693 HK,Chifeng Jilong Gold Mining Co Ltd,CNE100006T51,,5013200.0,20467092.0,0.29,HKD,Materials,China,Stock,equity,web_csv
2026-07-27,GDXJ,DRD,Drdgold Ltd,US26152H3012,,972095.0,20384832.0,0.29,USD,Materials,South Africa,Stock,equity,web_csv
2026-07-27,GDXJ,ORE CN,Orezone Gold Corp,CA68616T1093,,12624086.0,20214996.0,0.28,CAD,Materials,Canada,Stock,equity,web_csv
2026-07-27,GDXJ,KCN AU,Kingsgate Consolidated Ltd,AU000000KCN1,,6237726.0,18418116.0,0.26,AUD,Materials,Australia,Stock,equity,web_csv
2026-07-27,GDXJ,340 HK,Tongguan Gold Group Ltd,BMG8919D1074,,59646000.0,15240771.0,0.21,HKD,Materials,China,Stock,equity,web_csv
2026-07-27,GDXJ,DC,Dakota Gold Corp,US46655E1001,,3140620.0,15043570.0,0.21,USD,Materials,Canada,Stock,equity,web_csv
2026-07-27,GDXJ,CNL CN,Collective Mining Ltd,CA19425C1005,,1040080.0,13382827.0,0.19,CAD,Materials,Canada,Stock,equity,web_csv
2026-07-27,GDXJ,MTA,Metalla Royalty & Streaming Ltd,CA59124U6051,,1726127.0,13222133.0,0.19,USD,Materials,Canada,Stock,equity,web_csv
2026-07-27,GDXJ,KOZAA TI,Koza Anadolu Metal Madencilik Isletmele,TREKOZA00014,,4643583.0,13173471.0,0.19,TRY,Materials,Turkey,Stock,equity,web_csv
2026-07-27,GDXJ,GROY,Gold Royalty Corp,CA38071H1064,,4490747.0,11855572.0,0.17,USD,Materials,Canada,Stock,equity,web_csv
2026-07-27,GDXJ,CTGO,Contango Ore Inc,US21077F1003,,714469.0,11724436.0,0.17,USD,Materials,United States,Stock,equity,web_csv
2026-07-27,GDXJ,OGG,Osisko Gold Group Inc,CA68827X1050,,4942864.0,11418016.0,0.16,USD,Materials,Canada,Stock,equity,web_csv
2026-07-27,GDXJ,NFGC,New Found Gold Corp,CA64440N1033,,6894603.0,9997174.0,0.14,USD,Materials,Canada,Stock,equity,web_csv
2026-07-27,GDXJ,BC8 AU,Black Cat Syndicate Ltd,AU000000BC88,,15807386.0,9980710.0,0.14,AUD,Materials,Australia,Stock,equity,web_csv
2026-07-27,GDXJ,IDR,Idaho Strategic Resources Inc,US6458272050,,327404.0,9494716.0,0.13,USD,Materials,United States,Stock,equity,web_csv
2026-07-27,GDXJ,ITRG,Integra Resources Corp,CA45826T5098,,4287522.0,9175297.0,0.13,USD,Materials,Canada,Stock,equity,web_csv
2026-07-27,GDXJ,PNR AU,Pantoro Gold Ltd,AU000000PNR8,,5741948.0,8525113.0,0.12,AUD,Materials,Australia,Stock,equity,web_csv
2026-07-27,GDXJ,SBM AU,St Barbara Ltd,AU000000SBM8,,24126409.0,7799400.0,0.11,AUD,Materials,Australia,Stock,equity,web_csv
2026-07-27,GDXJ,CMCL,Caledonia Mining Corp Plc,JE00BF0XVB15,,370905.0,7013814.0,0.1,USD,Materials,Jersey,Stock,equity,web_csv
2026-07-27,GDXJ,GAU,Galiano Gold Inc,CA36352H1001,,3779694.0,6916840.0,0.1,USD,Materials,Canada,Stock,equity,web_csv
2026-07-27,GDXJ,AMI AU,Aurelia Metals Ltd,AU000000AMI1,,29978442.0,6874794.0,0.1,AUD,Materials,Australia,Stock,equity,web_csv
2026-07-27,GDXJ,CNMC SP,Cnmc Goldmine Holdings Ltd,,,6667900.0,6664481.0,0.09,SGD,Materials,Singapore,Stock,equity,web_csv
2026-07-27,GDXJ,APM CN,Andean Precious Metals Corp,CA03349X1015,,1493332.0,6464916.0,0.09,CAD,Materials,Canada,Stock,equity,web_csv
2026-07-27,GDXJ,DTR AU,Dateline Resources Ltd,AU000000DTR1,,71426006.0,6243078.0,0.09,AUD,Materials,Australia,Stock,equity,web_csv
2026-07-27,GDXJ,ASL AU,Andean Silver Ltd,AU0000343253,,3975614.0,5436485.0,0.08,AUD,Materials,Australia,Stock,equity,web_csv
2026-07-27,GDXJ,VOXR,Vox Royalty Corp,CA92919F1036,,1151982.0,4942003.0,0.07,USD,Materials,Australia,Stock,equity,web_csv
2026-07-27,GDXJ,AZY AU,Antipa Minerals Ltd,AU000000AZY0,,12239205.0,4854931.0,0.07,AUD,Materials,Australia,Stock,equity,web_csv
2026-07-27,GDXJ,GLDG,Goldmining Inc,CA38149E1016,,5340387.0,4658420.0,0.07,USD,Materials,Canada,Stock,equity,web_csv
2026-07-27,GDXJ,MEK AU,Meeka Metals Ltd,AU0000192726,,65394357.0,4356274.0,0.06,AUD,Materials,Australia,Stock,equity,web_csv
2026-07-27,GDXJ,8299 HK,Gt Gold Holdings Ltd,KYG4136P1303,,110664000.0,4304667.0,0.06,HKD,Materials,China,Stock,equity,web_csv
2026-07-27,GDXJ,USAU,Us Gold Corp,US90291C2017,,321189.0,4294297.0,0.06,USD,Materials,United States,Stock,equity,web_csv
2026-07-27,GDXJ,FDR CN,Founders Metals Inc,CA3505901056,,1476409.0,4236693.0,0.06,CAD,Materials,Canada,Stock,equity,web_csv
2026-07-27,GDXJ,WRLG CN,West Red Lake Gold Mines Ltd,CA95556L1013,,8334754.0,4074808.0,0.06,CAD,Materials,Canada,Stock,equity,web_csv
2026-07-27,GDXJ,LUCA CN,Luca Mining Corp,CA54929M1068,,5963917.0,3676344.0,0.05,CAD,Materials,Mexico,Stock,equity,web_csv
2026-07-27,GDXJ,ARCI IJ,Archi Indonesia Tbk Pt,ID1000161003,,63219100.0,3653255.0,0.05,IDR,Materials,Indonesia,Stock,equity,web_csv
2026-07-27,GDXJ,VGC CN,Valor Gold Corp,CA9199211066,,986935.0,2622316.0,0.04,CAD,,Canada,Stock,equity,web_csv
2026-07-27,GDXJ,FFX AU,Firefinch Ltd,AU0000114522,,54133739.0,2350672.0,0.03,AUD,Materials,Australia,Stock,equity,web_csv
2026-07-27,GDXJ,PSAB IJ,J Resources Asia Pasific Tbk Pt,ID1000094709,,65960100.0,1567004.0,0.02,IDR,Materials,Indonesia,Stock,equity,web_csv
2026-07-27,GDXJ,FMR CN,Future Mineral Resources Inc,CA3611551043,,168999.0,33528.0,0.0,CAD,Materials,Canada,Stock,equity,web_csv
2026-07-27,GDXJ,NIX CN,Archer Exploration Corp,CA66860Q1028,,179304.0,20962.0,0.0,CAD,Materials,Canada,Stock,equity,web_csv
2026-07-27,GDXJ,VGCX CN,Victoria Gold Corp/Vancouver,CA92625W5072,,1722275.0,1.0,0.0,CAD,Materials,Canada,Stock,equity,web_csv
2026-07-27,GDXJ,ASM AU,Australian Strategic Materials Ltd,AU0000094153,,1.0,1.0,0.0,AUD,Materials,Australia,Stock,equity,web_csv
2026-07-27,GDXJ,-TRY CASH-,,CASH,,0.0,0.0,0.0,TRY,,Turkey,Cash Bal,cash,web_csv
2026-07-27,GDXJ,-GBP CASH-,,CASH,,582.0,774.0,0.0,GBP,,United Kingdom,Cash Bal,cash,web_csv
2026-07-27,GDXJ,-AUD CASH-,,CASH,,79.0,55.0,0.0,AUD,,Australia,Cash Bal,cash,web_csv
2026-07-27,GDXJ,-CAD CASH-,,CASH,,-1668149.0,-1181953.0,-0.02,CAD,,Canada,Cash Bal,cash,web_csv
2026-07-27,GDXJ,-USD CASH-,,CASH,,-1509821.0,-1509821.0,-0.02,USD,,United States,Cash Bal,cash,web_csv
2026-07-27,GDXJ,,Other/Cash,CASH,,0.0,12518690.0,0.18,USD,,,Cash,cash,web_csv
2026-07-28,GDXJ,EVN AU,Evolution Mining Ltd,AU000000EVN4,,54421483.0,435152659.0,6.24,AUD,Materials,Australia,Stock,equity,web_csv
2026-07-28,GDXJ,EQX,Equinox Gold Corp,CA29446Y5020,,45623094.0,417451310.0,5.99,USD,Materials,Canada,Stock,equity,web_csv
2026-07-28,GDXJ,AGI,Alamos Gold Inc,CA0115321089,,14492791.0,417247453.0,5.99,USD,Materials,Canada,Stock,equity,web_csv
2026-07-28,GDXJ,EDV LN,Endeavour Mining Plc,GB00BL6K5J42,,7681264.0,365148107.0,5.24,GBP,Materials,United Kingdom,Stock,equity,web_csv
2026-07-28,GDXJ,CDE,Coeur Mining Inc,US1921085049,,22253863.0,331805097.0,4.76,USD,Materials,United States,Stock,equity,web_csv
2026-07-28,GDXJ,PE&OLES* MF,Industrias Penoles Sab De Cv,MXP554091415,,4656863.0,213839987.0,3.07,MXN,Materials,Mexico,Stock,equity,web_csv
2026-07-28,GDXJ,EGO,Eldorado Gold Corp,CA2849025093,,5660297.0,182487975.0,2.62,USD,Materials,Turkey,Stock,equity,web_csv
2026-07-28,GDXJ,AG,First Majestic Silver Corp,CA32076V1031,,11317136.0,177565864.0,2.55,USD,Materials,Canada,Stock,equity,web_csv
2026-07-28,GDXJ,HL,Hecla Mining Co,US4227041062,,12037306.0,175142802.0,2.51,USD,Materials,United States,Stock,equity,web_csv
2026-07-28,GDXJ,IAG,Iamgold Corp,CA4509131088,,11676473.0,166506505.0,2.39,USD,Materials,Burkina Faso,Stock,equity,web_csv
2026-07-28,GDXJ,HMY,Harmony Gold Mining Co Ltd,US4132163001,,9537563.0,148118353.0,2.13,USD,Materials,South Africa,Stock,equity,web_csv
2026-07-28,GDXJ,LUG CN,Lundin Gold Inc,CA5503711080,,2531946.0,145585324.0,2.09,CAD,Materials,Canada,Stock,equity,web_csv
2026-07-28,GDXJ,DPM CN,Dundee Precious Metals Inc,CA26139R1091,,3808844.0,135022298.0,1.94,CAD,Materials,Canada,Stock,equity,web_csv
2026-07-28,GDXJ,OGC CN,Oceanagold Corp,CA6752224007,,5076749.0,122558973.0,1.76,CAD,Materials,Canada,Stock,equity,web_csv
2026-07-28,GDXJ,GMIN CN,G Mining Ventures Corp,CA36270K1021,,4028406.0,120242400.0,1.73,CAD,Materials,Canada,Stock,equity,web_csv
2026-07-28,GDXJ,BTG,B2gold Corp,CA11777Q2099,,28921197.0,111057396.0,1.59,USD,Materials,Canada,Stock,equity,web_csv
2026-07-28,GDXJ,BVN,Cia De Minas Buenaventura Saa,US2044481040,,3614905.0,109820814.0,1.58,USD,Materials,Peru,Stock,equity,web_csv
2026-07-28,GDXJ,1818 HK,Zhaojin Mining Industry Co Ltd,CNE1000004R6,,40991700.0,107970498.0,1.55,HKD,Materials,China,Stock,equity,web_csv
2026-07-28,GDXJ,DSV CN,Discovery Silver Corp,CA25466C1077,,16765015.0,102578666.0,1.47,CAD,Materials,Canada,Stock,equity,web_csv
2026-07-28,GDXJ,SSRM,Ssr Mining Inc,CA7847301032,,3987190.0,101314498.0,1.45,USD,Materials,Canada,Stock,equity,web_csv
2026-07-28,GDXJ,OR,Or Royalties Inc,CA68390D1069,,3085440.0,90835354.0,1.3,USD,Materials,Canada,Stock,equity,web_csv
2026-07-28,GDXJ,PRU AU,Perseus Mining Ltd,AU000000PRU3,,24698928.0,84945995.0,1.22,AUD,Materials,Australia,Stock,equity,web_csv
2026-07-28,GDXJ,MAU CN,Montage Gold Corp,CA61178L1013,,7124821.0,83298450.0,1.2,CAD,Materials,Côte D'Ivoire,Stock,equity,web_csv
2026-07-28,GDXJ,RMS AU,Ramelius Resources Ltd,AU000000RMS4,,37375928.0,81238395.0,1.17,AUD,Materials,Australia,Stock,equity,web_csv
2026-07-28,GDXJ,ARTG CN,Artemis Gold Inc,CA04302L1004,,3426571.0,80899581.0,1.16,CAD,Materials,Canada,Stock,equity,web_csv
2026-07-28,GDXJ,GGP AU,Greatland Resources Ltd,AU0000397705,,11101180.0,79338397.0,1.14,AUD,Materials,Australia,Stock,equity,web_csv
2026-07-28,GDXJ,GMD AU,Genesis Minerals Ltd,AU000000GMD9,,18224752.0,78585368.0,1.13,AUD,Materials,Australia,Stock,equity,web_csv
2026-07-28,GDXJ,KNT CN,K92 Mining Inc,CA4991131083,,4765423.0,76222442.0,1.09,CAD,Materials,Canada,Stock,equity,web_csv
2026-07-28,GDXJ,CMM AU,Capricorn Metals Ltd,AU000000CMM9,,7856943.0,73838710.0,1.06,AUD,Materials,Australia,Stock,equity,web_csv
2026-07-28,GDXJ,VAU AU,Vault Minerals Ltd,AU0000427775,,19859385.0,70613959.0,1.01,AUD,Materials,Australia,Stock,equity,web_csv
2026-07-28,GDXJ,ARMN,Aris Mining Corp,CA04040Y1097,,4790469.0,69318086.0,0.99,USD,Materials,Colombia,Stock,equity,web_csv
2026-07-28,GDXJ,TXG CN,Torex Gold Resources Inc,CA8910546032,,1722902.0,66194519.0,0.95,CAD,Materials,Canada,Stock,equity,web_csv
2026-07-28,GDXJ,SKE,Skeena Resources Ltd,CA83056P7157,,2368611.0,62578703.0,0.9,USD,Materials,Canada,Stock,equity,web_csv
2026-07-28,GDXJ,AYA CN,Aya Gold & Silver Inc,CA05466C1095,,3213661.0,62475511.0,0.9,CAD,Materials,Canada,Stock,equity,web_csv
2026-07-28,GDXJ,WDO CN,Wesdome Gold Mines Ltd/Canada,CA95083R1001,,3327430.0,62280940.0,0.89,CAD,Materials,Canada,Stock,equity,web_csv
2026-07-28,GDXJ,CGAU,Centerra Gold Inc,CA1520061021,,3868947.0,62173978.0,0.89,USD,Materials,Canada,Stock,equity,web_csv
2026-07-28,GDXJ,RRL AU,Regis Resources Ltd,AU000000RRL8,,13961079.0,60591317.0,0.87,AUD,Materials,Australia,Stock,equity,web_csv
2026-07-28,GDXJ,FSM,Fortuna Silver Mines Inc,CA3499421020,,6607976.0,55639158.0,0.8,USD,Materials,Canada,Stock,equity,web_csv
2026-07-28,GDXJ,BRMS IJ,Bumi Resources Minerals Tbk Pt,ID1000117609,,1802259500.0,55495877.0,0.8,IDR,Materials,Indonesia,Stock,equity,web_csv
2026-07-28,GDXJ,AUGO,Aura Minerals Inc,VGG069731120,,961837.0,52949127.0,0.76,USD,Materials,United States,Stock,equity,web_csv
2026-07-28,GDXJ,WGX AU,Westgold Resources Ltd,AU000000WGX6,,15554728.0,52818242.0,0.76,AUD,Materials,Australia,Stock,equity,web_csv
2026-07-28,GDXJ,SA,Seabridge Gold Inc,CA8119271028,,2066851.0,51733281.0,0.74,USD,Materials,Canada,Stock,equity,web_csv
2026-07-28,GDXJ,TFPM,Triple Flag Precious Metals Corp,CA89679M1041,,1804555.0,51556136.0,0.74,USD,Materials,Canada,Stock,equity,web_csv
2026-07-28,GDXJ,ORLA,Orla Mining Ltd,CA68634K1066,,5615686.0,51158899.0,0.73,USD,Materials,Mexico,Stock,equity,web_csv
2026-07-28,GDXJ,EXK,Endeavour Silver Corp,CA29258Y1034,,6356112.0,49259868.0,0.71,USD,Materials,Canada,Stock,equity,web_csv
2026-07-28,GDXJ,SVM,Silvercorp Metals Inc,CA82835P1036,,5081419.0,47714524.0,0.68,USD,Materials,Canada,Stock,equity,web_csv
2026-07-28,GDXJ,EMAS IJ,Merdeka Gold Resources Tbk Pt,ID1000211600,,135984100.0,46163881.0,0.66,IDR,Materials,Indonesia,Stock,equity,web_csv
2026-07-28,GDXJ,3939 HK,Wanguo Gold Group Ltd,KYG9430L1150,,35201000.0,43954625.0,0.63,HKD,Materials,China,Stock,equity,web_csv
2026-07-28,GDXJ,HOC LN,Hochschild Mining Plc,GB00B1FW5029,,7309976.0,42948947.0,0.62,GBP,Materials,Peru,Stock,equity,web_csv
2026-07-28,GDXJ,EMR AU,Emerald Resources Nl,AU000000EMR4,,11371092.0,42761045.0,0.61,AUD,Materials,Australia,Stock,equity,web_csv
2026-07-28,GDXJ,SXGC CN,Southern Cross Gold Consolidated Ltd,CA8426851090,,5961161.0,38756316.0,0.56,CAD,Materials,Canada,Stock,equity,web_csv
2026-07-28,GDXJ,AAUC,Allied Gold Corp,CA01921D2041,,1853607.0,38629170.0,0.55,USD,Materials,Canada,Stock,equity,web_csv
2026-07-28,GDXJ,NG,Novagold Resources Inc,CA66987E2069,,6456796.0,37578553.0,0.54,USD,Materials,Canada,Stock,equity,web_csv
2026-07-28,GDXJ,PPTA,Perpetua Resources Corp,CA7142661031,,2120024.0,36867217.0,0.53,USD,Materials,United States,Stock,equity,web_csv
2026-07-28,GDXJ,PAF LN,Pan African Resources Plc,GB0004300496,,28359680.0,35279024.0,0.51,GBP,Materials,United Kingdom,Stock,equity,web_csv
2026-07-28,GDXJ,WAF AU,West African Resources Ltd,AU000000WAF6,,16559919.0,33947041.0,0.49,AUD,Materials,Australia,Stock,equity,web_csv
2026-07-28,GDXJ,ABRA CN,Abrasilver Resource Corp,CA00379L3048,,3293421.0,33647557.0,0.48,CAD,Materials,Canada,Stock,equity,web_csv
2026-07-28,GDXJ,PDI AU,Predictive Discovery Ltd,AU000000PDI8,,71959379.0,32676944.0,0.47,AUD,Materials,Australia,Stock,equity,web_csv
2026-07-28,GDXJ,SGD CN,Snowline Gold Corp,CA83342V1040,,3067935.0,29756000.0,0.43,CAD,Materials,Canada,Stock,equity,web_csv
2026-07-28,GDXJ,HYMC,Hycroft Mining Holding Corp,US44862P2083,,1345124.0,27063895.0,0.39,USD,Materials,United States,Stock,equity,web_csv
2026-07-28,GDXJ,OBM AU,Ora Banda Mining Ltd,AU0000050130,,34113220.0,26668747.0,0.38,AUD,Materials,Australia,Stock,equity,web_csv
2026-07-28,GDXJ,VZLA,Vizsla Silver Corp,CA92859G6085,,8233152.0,26263755.0,0.38,USD,Materials,Canada,Stock,equity,web_csv
2026-07-28,GDXJ,RSG AU,Resolute Mining Ltd,AU000000RSG6,,37275214.0,25487163.0,0.37,AUD,Materials,Australia,Stock,equity,web_csv
2026-07-28,GDXJ,USAS,Americas Gold & Silver Corp,CA03062D8035,,6496212.0,25205303.0,0.36,USD,Materials,Canada,Stock,equity,web_csv
2026-07-28,GDXJ,GTWO CN,G2 Goldfields Inc,CA36256R1055,,3673592.0,24821392.0,0.36,CAD,Materials,Canada,Stock,equity,web_csv
2026-07-28,GDXJ,CYL AU,Catalyst Metals Ltd,AU000000CYL6,,5854352.0,24247762.0,0.35,AUD,Materials,Australia,Stock,equity,web_csv
2026-07-28,GDXJ,KOZAL TI,Koza Altin Isletmeleri As,TREKOAL00014,,23949757.0,23492634.0,0.34,TRY,Materials,Turkey,Stock,equity,web_csv
2026-07-28,GDXJ,IAUX,I-80 Gold Corp,CA44955L1067,,18035772.0,23266146.0,0.33,USD,Materials,United States,Stock,equity,web_csv
2026-07-28,GDXJ,BGL AU,Bellevue Gold Ltd,AU0000019374,,24892305.0,23161957.0,0.33,AUD,Materials,Australia,Stock,equity,web_csv
2026-07-28,GDXJ,ASM,Avino Silver & Gold Mines Ltd,CA0539061030,,4206394.0,23135167.0,0.33,USD,Materials,Mexico,Stock,equity,web_csv
2026-07-28,GDXJ,GGD CN,Gogold Resources Inc,CA38045Y1025,,10805131.0,22292836.0,0.32,CAD,Materials,United States,Stock,equity,web_csv
2026-07-28,GDXJ,MUX,Mcewen Mining Inc,US58039P3055,,1281897.0,21997353.0,0.32,USD,Materials,Canada,Stock,equity,web_csv
2026-07-28,GDXJ,ALK AU,Alkane Resources Ltd,AU000000ALK9,,23136106.0,21342167.0,0.31,AUD,Materials,Australia,Stock,equity,web_csv
2026-07-28,GDXJ,6693 HK,Chifeng Jilong Gold Mining Co Ltd,CNE100006T51,,5013200.0,20361700.0,0.29,HKD,Materials,China,Stock,equity,web_csv
2026-07-28,GDXJ,DRD,Drdgold Ltd,US26152H3012,,972095.0,20112646.0,0.29,USD,Materials,South Africa,Stock,equity,web_csv
2026-07-28,GDXJ,ORE CN,Orezone Gold Corp,CA68616T1093,,12624086.0,19869879.0,0.29,CAD,Materials,Canada,Stock,equity,web_csv
2026-07-28,GDXJ,KCN AU,Kingsgate Consolidated Ltd,AU000000KCN1,,6237726.0,18119070.0,0.26,AUD,Materials,Australia,Stock,equity,web_csv
2026-07-28,GDXJ,340 HK,Tongguan Gold Group Ltd,BMG8919D1074,,59646000.0,15299354.0,0.22,HKD,Materials,China,Stock,equity,web_csv
2026-07-28,GDXJ,DC,Dakota Gold Corp,US46655E1001,,3140620.0,14760914.0,0.21,USD,Materials,Canada,Stock,equity,web_csv
2026-07-28,GDXJ,CNL CN,Collective Mining Ltd,CA19425C1005,,1040080.0,13236510.0,0.19,CAD,Materials,Canada,Stock,equity,web_csv
2026-07-28,GDXJ,KOZAA TI,Koza Anadolu Metal Madencilik Isletmele,TREKOZA00014,,4643583.0,12917922.0,0.19,TRY,Materials,Turkey,Stock,equity,web_csv
2026-07-28,GDXJ,MTA,Metalla Royalty & Streaming Ltd,CA59124U6051,,1726127.0,12704295.0,0.18,USD,Materials,Canada,Stock,equity,web_csv
2026-07-28,GDXJ,GROY,Gold Royalty Corp,CA38071H1064,,4490747.0,11631035.0,0.17,USD,Materials,Canada,Stock,equity,web_csv
2026-07-28,GDXJ,CTGO,Contango Ore Inc,US21077F1003,,714469.0,11274321.0,0.16,USD,Materials,United States,Stock,equity,web_csv
2026-07-28,GDXJ,OGG,Osisko Gold Group Inc,CA68827X1050,,4942864.0,11220301.0,0.16,USD,Materials,Canada,Stock,equity,web_csv
2026-07-28,GDXJ,BC8 AU,Black Cat Syndicate Ltd,AU000000BC88,,15807386.0,9823866.0,0.14,AUD,Materials,Australia,Stock,equity,web_csv
2026-07-28,GDXJ,NFGC,New Found Gold Corp,CA64440N1033,,6894603.0,9721390.0,0.14,USD,Materials,Canada,Stock,equity,web_csv
2026-07-28,GDXJ,IDR,Idaho Strategic Resources Inc,US6458272050,,327404.0,9435783.0,0.14,USD,Materials,United States,Stock,equity,web_csv
2026-07-28,GDXJ,ITRG,Integra Resources Corp,CA45826T5098,,4287522.0,8960921.0,0.13,USD,Materials,Canada,Stock,equity,web_csv
2026-07-28,GDXJ,PNR AU,Pantoro Gold Ltd,AU000000PNR8,,5741948.0,8365913.0,0.12,AUD,Materials,Australia,Stock,equity,web_csv
2026-07-28,GDXJ,SBM AU,St Barbara Ltd,AU000000SBM8,,24126409.0,7658435.0,0.11,AUD,Materials,Australia,Stock,equity,web_csv
2026-07-28,GDXJ,CMCL,Caledonia Mining Corp Plc,JE00BF0XVB15,,370905.0,6924796.0,0.1,USD,Materials,Jersey,Stock,equity,web_csv
2026-07-28,GDXJ,AMI AU,Aurelia Metals Ltd,AU000000AMI1,,29978442.0,6741121.0,0.1,AUD,Materials,Australia,Stock,equity,web_csv
2026-07-28,GDXJ,GAU,Galiano Gold Inc,CA36352H1001,,3779694.0,6576668.0,0.09,USD,Materials,Canada,Stock,equity,web_csv
2026-07-28,GDXJ,CNMC SP,Cnmc Goldmine Holdings Ltd,,,6667900.0,6362482.0,0.09,SGD,Materials,Singapore,Stock,equity,web_csv
2026-07-28,GDXJ,DTR AU,Dateline Resources Ltd,AU000000DTR1,,71426006.0,6220759.0,0.09,AUD,Materials,Australia,Stock,equity,web_csv
2026-07-28,GDXJ,APM CN,Andean Precious Metals Corp,CA03349X1015,,1493332.0,6087886.0,0.09,CAD,Materials,Canada,Stock,equity,web_csv
2026-07-28,GDXJ,ASL AU,Andean Silver Ltd,AU0000343253,,3975614.0,5303102.0,0.08,AUD,Materials,Australia,Stock,equity,web_csv
2026-07-28,GDXJ,VOXR,Vox Royalty Corp,CA92919F1036,,1151982.0,4907443.0,0.07,USD,Materials,Australia,Stock,equity,web_csv
2026-07-28,GDXJ,AZY AU,Antipa Minerals Ltd,AU000000AZY0,,12239205.0,4725180.0,0.07,AUD,Materials,Australia,Stock,equity,web_csv
2026-07-28,GDXJ,GLDG,Goldmining Inc,CA38149E1016,,5340387.0,4453883.0,0.06,USD,Materials,Canada,Stock,equity,web_csv
2026-07-28,GDXJ,MEK AU,Meeka Metals Ltd,AU0000192726,,65394357.0,4384304.0,0.06,AUD,Materials,Australia,Stock,equity,web_csv
2026-07-28,GDXJ,FDR CN,Founders Metals Inc,CA3505901056,,1476409.0,4291734.0,0.06,CAD,Materials,Canada,Stock,equity,web_csv
2026-07-28,GDXJ,8299 HK,Gt Gold Holdings Ltd,KYG4136P1303,,110664000.0,4193576.0,0.06,HKD,Materials,China,Stock,equity,web_csv
2026-07-28,GDXJ,USAU,Us Gold Corp,US90291C2017,,321189.0,4063041.0,0.06,USD,Materials,United States,Stock,equity,web_csv
2026-07-28,GDXJ,WRLG CN,West Red Lake Gold Mines Ltd,CA95556L1013,,8334754.0,4018315.0,0.06,CAD,Materials,Canada,Stock,equity,web_csv
2026-07-28,GDXJ,ARCI IJ,Archi Indonesia Tbk Pt,ID1000161003,,63219100.0,3702910.0,0.05,IDR,Materials,Indonesia,Stock,equity,web_csv
2026-07-28,GDXJ,LUCA CN,Luca Mining Corp,CA54929M1068,,5963917.0,3467271.0,0.05,CAD,Materials,Mexico,Stock,equity,web_csv
2026-07-28,GDXJ,VGC CN,Valor Gold Corp,CA9199211066,,986935.0,2561014.0,0.04,CAD,,Canada,Stock,equity,web_csv
2026-07-28,GDXJ,FFX AU,Firefinch Ltd,AU0000114522,,54133739.0,2342268.0,0.03,AUD,Materials,Australia,Stock,equity,web_csv
2026-07-28,GDXJ,PSAB IJ,J Resources Asia Pasific Tbk Pt,ID1000094709,,65960100.0,1550959.0,0.02,IDR,Materials,Indonesia,Stock,equity,web_csv
2026-07-28,GDXJ,FMR CN,Future Mineral Resources Inc,CA3611551043,,168999.0,35946.0,0.0,CAD,Materials,Canada,Stock,equity,web_csv
2026-07-28,GDXJ,NIX CN,Archer Exploration Corp,CA66860Q1028,,179304.0,20976.0,0.0,CAD,Materials,Canada,Stock,equity,web_csv
2026-07-28,GDXJ,VGCX CN,Victoria Gold Corp/Vancouver,CA92625W5072,,1722275.0,1.0,0.0,CAD,Materials,Canada,Stock,equity,web_csv
2026-07-28,GDXJ,ASM AU,Australian Strategic Materials Ltd,AU0000094153,,1.0,1.0,0.0,AUD,Materials,Australia,Stock,equity,web_csv
2026-07-28,GDXJ,-AUD CASH-,,CASH,,7676441.0,5348560.0,0.08,AUD,,Australia,Cash Bal,cash,web_csv
2026-07-28,GDXJ,-CAD CASH-,,CASH,,5822639.0,4128214.0,0.06,CAD,,Canada,Cash Bal,cash,web_csv
2026-07-28,GDXJ,-GBP CASH-,,CASH,,1395574.0,1854927.0,0.03,GBP,,United Kingdom,Cash Bal,cash,web_csv
2026-07-28,GDXJ,-MXN CASH-,,CASH,,15541733.0,891180.0,0.01,MXN,,Mexico,Cash Bal,cash,web_csv
2026-07-28,GDXJ,-HKD CASH-,,CASH,,6343185.0,808920.0,0.01,HKD,,China,Cash Bal,cash,web_csv
2026-07-28,GDXJ,-IDR CASH-,,CASH,,8274345887.0,458159.0,0.01,IDR,,Indonesia,Cash Bal,cash,web_csv
2026-07-28,GDXJ,-TRY CASH-,,CASH,,7537266.0,159082.0,0.0,TRY,,Turkey,Cash Bal,cash,web_csv
2026-07-28,GDXJ,-SGD CASH-,,CASH,,35273.0,27290.0,0.0,SGD,,Singapore,Cash Bal,cash,web_csv
2026-07-28,GDXJ,-USD CASH-,,CASH,,-1508564.0,-1508564.0,-0.02,USD,,United States,Cash Bal,cash,web_csv
2026-07-28,GDXJ,,Other/Cash,CASH,,0.0,-2448587.0,-0.04,USD,,,Cash,cash,web_csv
2026-07-29,GDXJ,EVN AU,Evolution Mining Ltd,AU000000EVN4,,54421483.0,428667214.0,6.23,AUD,Materials,Australia,Stock,equity,web_csv
2026-07-29,GDXJ,AGI,Alamos Gold Inc,CA0115321089,,14492791.0,414203967.0,6.02,USD,Materials,Canada,Stock,equity,web_csv
2026-07-29,GDXJ,EQX,Equinox Gold Corp,CA29446Y5020,,45623094.0,408782922.0,5.94,USD,Materials,Canada,Stock,equity,web_csv
2026-07-29,GDXJ,EDV LN,Endeavour Mining Plc,GB00BL6K5J42,,7681264.0,359791557.0,5.23,GBP,Materials,United Kingdom,Stock,equity,web_csv
2026-07-29,GDXJ,CDE,Coeur Mining Inc,US1921085049,,22253863.0,325574016.0,4.73,USD,Materials,United States,Stock,equity,web_csv
2026-07-29,GDXJ,PE&OLES* MF,Industrias Penoles Sab De Cv,MXP554091415,,4656863.0,210330771.0,3.06,MXN,Materials,Mexico,Stock,equity,web_csv
2026-07-29,GDXJ,EGO,Eldorado Gold Corp,CA2849025093,,5660297.0,180959695.0,2.63,USD,Materials,Turkey,Stock,equity,web_csv
2026-07-29,GDXJ,AG,First Majestic Silver Corp,CA32076V1031,,11317136.0,172246810.0,2.5,USD,Materials,Canada,Stock,equity,web_csv
2026-07-29,GDXJ,HL,Hecla Mining Co,US4227041062,,12037306.0,170327880.0,2.48,USD,Materials,United States,Stock,equity,web_csv
2026-07-29,GDXJ,IAG,Iamgold Corp,CA4509131088,,11676473.0,162653269.0,2.36,USD,Materials,Burkina Faso,Stock,equity,web_csv
2026-07-29,GDXJ,LUG CN,Lundin Gold Inc,CA5503711080,,2531946.0,148317535.0,2.16,CAD,Materials,Canada,Stock,equity,web_csv
2026-07-29,GDXJ,HMY,Harmony Gold Mining Co Ltd,US4132163001,,9537563.0,148118353.0,2.15,USD,Materials,South Africa,Stock,equity,web_csv
2026-07-29,GDXJ,DPM CN,Dundee Precious Metals Inc,CA26139R1091,,3808844.0,133264263.0,1.94,CAD,Materials,Canada,Stock,equity,web_csv
2026-07-29,GDXJ,OGC CN,Oceanagold Corp,CA6752224007,,5076749.0,122752804.0,1.78,CAD,Materials,Canada,Stock,equity,web_csv
2026-07-29,GDXJ,GMIN CN,G Mining Ventures Corp,CA36270K1021,,4028406.0,116988307.0,1.7,CAD,Materials,Canada,Stock,equity,web_csv
2026-07-29,GDXJ,1818 HK,Zhaojin Mining Industry Co Ltd,CNE1000004R6,,40991700.0,110527927.0,1.61,HKD,Materials,China,Stock,equity,web_csv
2026-07-29,GDXJ,BVN,Cia De Minas Buenaventura Saa,US2044481040,,3614905.0,109242429.0,1.59,USD,Materials,Peru,Stock,equity,web_csv
2026-07-29,GDXJ,BTG,B2gold Corp,CA11777Q2099,,28921197.0,108165277.0,1.57,USD,Materials,Canada,Stock,equity,web_csv
2026-07-29,GDXJ,DSV CN,Discovery Silver Corp,CA25466C1077,,16765015.0,101966700.0,1.48,CAD,Materials,Canada,Stock,equity,web_csv
2026-07-29,GDXJ,SSRM,Ssr Mining Inc,CA7847301032,,3987190.0,99719622.0,1.45,USD,Materials,Canada,Stock,equity,web_csv
2026-07-29,GDXJ,OR,Or Royalties Inc,CA68390D1069,,3085440.0,90989626.0,1.32,USD,Materials,Canada,Stock,equity,web_csv
2026-07-29,GDXJ,PRU AU,Perseus Mining Ltd,AU000000PRU3,,24698928.0,84786441.0,1.23,AUD,Materials,Australia,Stock,equity,web_csv
2026-07-29,GDXJ,RMS AU,Ramelius Resources Ltd,AU000000RMS4,,37375928.0,82389973.0,1.2,AUD,Materials,Australia,Stock,equity,web_csv
2026-07-29,GDXJ,MAU CN,Montage Gold Corp,CA61178L1013,,7124821.0,81257495.0,1.18,CAD,Materials,Côte D'Ivoire,Stock,equity,web_csv
2026-07-29,GDXJ,ARTG CN,Artemis Gold Inc,CA04302L1004,,3426571.0,80153139.0,1.17,CAD,Materials,Canada,Stock,equity,web_csv
2026-07-29,GDXJ,GGP AU,Greatland Resources Ltd,AU0000397705,,11101180.0,78863564.0,1.15,AUD,Materials,Australia,Stock,equity,web_csv
2026-07-29,GDXJ,KNT CN,K92 Mining Inc,CA4991131083,,4765423.0,76568735.0,1.11,CAD,Materials,Canada,Stock,equity,web_csv
2026-07-29,GDXJ,GMD AU,Genesis Minerals Ltd,AU000000GMD9,,18224752.0,75431976.0,1.1,AUD,Materials,Australia,Stock,equity,web_csv
2026-07-29,GDXJ,CMM AU,Capricorn Metals Ltd,AU000000CMM9,,7856943.0,73378231.0,1.07,AUD,Materials,Australia,Stock,equity,web_csv
2026-07-29,GDXJ,VAU AU,Vault Minerals Ltd,AU0000427775,,19859385.0,68021805.0,0.99,AUD,Materials,Australia,Stock,equity,web_csv
2026-07-29,GDXJ,TXG CN,Torex Gold Resources Inc,CA8910546032,,1722902.0,67103979.0,0.98,CAD,Materials,Canada,Stock,equity,web_csv
2026-07-29,GDXJ,ARMN,Aris Mining Corp,CA04040Y1097,,4790469.0,66587519.0,0.97,USD,Materials,Colombia,Stock,equity,web_csv
2026-07-29,GDXJ,CGAU,Centerra Gold Inc,CA1520061021,,3868947.0,65888167.0,0.96,USD,Materials,Canada,Stock,equity,web_csv
2026-07-29,GDXJ,WDO CN,Wesdome Gold Mines Ltd/Canada,CA95083R1001,,3327430.0,61964986.0,0.9,CAD,Materials,Canada,Stock,equity,web_csv
2026-07-29,GDXJ,AYA CN,Aya Gold & Silver Inc,CA05466C1095,,3213661.0,61625294.0,0.9,CAD,Materials,Canada,Stock,equity,web_csv
2026-07-29,GDXJ,SKE,Skeena Resources Ltd,CA83056P7157,,2368611.0,60825930.0,0.88,USD,Materials,Canada,Stock,equity,web_csv
2026-07-29,GDXJ,RRL AU,Regis Resources Ltd,AU000000RRL8,,13961079.0,59931970.0,0.87,AUD,Materials,Australia,Stock,equity,web_csv
2026-07-29,GDXJ,FSM,Fortuna Silver Mines Inc,CA3499421020,,6607976.0,55308759.0,0.8,USD,Materials,Canada,Stock,equity,web_csv
2026-07-29,GDXJ,BRMS IJ,Bumi Resources Minerals Tbk Pt,ID1000117609,,1802259500.0,54272395.0,0.79,IDR,Materials,Indonesia,Stock,equity,web_csv
2026-07-29,GDXJ,AUGO,Aura Minerals Inc,VGG069731120,,961837.0,52420117.0,0.76,USD,Materials,United States,Stock,equity,web_csv
2026-07-29,GDXJ,SA,Seabridge Gold Inc,CA8119271028,,2066851.0,52187988.0,0.76,USD,Materials,Canada,Stock,equity,web_csv
2026-07-29,GDXJ,TFPM,Triple Flag Precious Metals Corp,CA89679M1041,,1804555.0,51790729.0,0.75,USD,Materials,Canada,Stock,equity,web_csv
2026-07-29,GDXJ,WGX AU,Westgold Resources Ltd,AU000000WGX6,,15554728.0,51305125.0,0.75,AUD,Materials,Australia,Stock,equity,web_csv
2026-07-29,GDXJ,ORLA,Orla Mining Ltd,CA68634K1066,,5615686.0,50204233.0,0.73,USD,Materials,Mexico,Stock,equity,web_csv
2026-07-29,GDXJ,EXK,Endeavour Silver Corp,CA29258Y1034,,6356112.0,48052207.0,0.7,USD,Materials,Canada,Stock,equity,web_csv
2026-07-29,GDXJ,3939 HK,Wanguo Gold Group Ltd,KYG9430L1150,,35201000.0,46671267.0,0.68,HKD,Materials,China,Stock,equity,web_csv
2026-07-29,GDXJ,EMAS IJ,Merdeka Gold Resources Tbk Pt,ID1000211600,,135984100.0,46549334.0,0.68,IDR,Materials,Indonesia,Stock,equity,web_csv
2026-07-29,GDXJ,SVM,Silvercorp Metals Inc,CA82835P1036,,5081419.0,46393355.0,0.67,USD,Materials,Canada,Stock,equity,web_csv
2026-07-29,GDXJ,EMR AU,Emerald Resources Nl,AU000000EMR4,,11371092.0,43097739.0,0.63,AUD,Materials,Australia,Stock,equity,web_csv
2026-07-29,GDXJ,HOC LN,Hochschild Mining Plc,GB00B1FW5029,,7309976.0,43040996.0,0.63,GBP,Materials,Peru,Stock,equity,web_csv
2026-07-29,GDXJ,SXGC CN,Southern Cross Gold Consolidated Ltd,CA8426851090,,5961161.0,38964049.0,0.57,CAD,Materials,Canada,Stock,equity,web_csv
2026-07-29,GDXJ,NG,Novagold Resources Inc,CA66987E2069,,6456796.0,37384849.0,0.54,USD,Materials,Canada,Stock,equity,web_csv
2026-07-29,GDXJ,PPTA,Perpetua Resources Corp,CA7142661031,,2120024.0,36591614.0,0.53,USD,Materials,United States,Stock,equity,web_csv
2026-07-29,GDXJ,PAF LN,Pan African Resources Plc,GB0004300496,,28359680.0,35501474.0,0.52,GBP,Materials,United Kingdom,Stock,equity,web_csv
2026-07-29,GDXJ,PDI AU,Predictive Discovery Ltd,AU000000PDI8,,71959379.0,33702488.0,0.49,AUD,Materials,Australia,Stock,equity,web_csv
2026-07-29,GDXJ,WAF AU,West African Resources Ltd,AU000000WAF6,,16559919.0,32888310.0,0.48,AUD,Materials,Australia,Stock,equity,web_csv
2026-07-29,GDXJ,AAUC,Allied Gold Corp,CA01921D2041,,1853607.0,31566927.0,0.46,USD,Materials,Canada,Stock,equity,web_csv
2026-07-29,GDXJ,ABRA CN,Abrasilver Resource Corp,CA00379L3048,,3293421.0,31554014.0,0.46,CAD,Materials,Canada,Stock,equity,web_csv
2026-07-29,GDXJ,SGD CN,Snowline Gold Corp,CA83342V1040,,3067935.0,29067054.0,0.42,CAD,Materials,Canada,Stock,equity,web_csv
2026-07-29,GDXJ,OBM AU,Ora Banda Mining Ltd,AU0000050130,,34113220.0,25981736.0,0.38,AUD,Materials,Australia,Stock,equity,web_csv
2026-07-29,GDXJ,HYMC,Hycroft Mining Holding Corp,US44862P2083,,1345124.0,25772576.0,0.37,USD,Materials,United States,Stock,equity,web_csv
2026-07-29,GDXJ,VZLA,Vizsla Silver Corp,CA92859G6085,,8233152.0,25687434.0,0.37,USD,Materials,Canada,Stock,equity,web_csv
2026-07-29,GDXJ,RSG AU,Resolute Mining Ltd,AU000000RSG6,,37275214.0,25131683.0,0.37,AUD,Materials,Australia,Stock,equity,web_csv
2026-07-29,GDXJ,GTWO CN,G2 Goldfields Inc,CA36256R1055,,3673592.0,23959626.0,0.35,CAD,Materials,Canada,Stock,equity,web_csv
2026-07-29,GDXJ,USAS,Americas Gold & Silver Corp,CA03062D8035,,6496212.0,23776136.0,0.35,USD,Materials,Canada,Stock,equity,web_csv
2026-07-29,GDXJ,CYL AU,Catalyst Metals Ltd,AU000000CYL6,,5854352.0,23508514.0,0.34,AUD,Materials,Australia,Stock,equity,web_csv
2026-07-29,GDXJ,IAUX,I-80 Gold Corp,CA44955L1067,,18035772.0,22905430.0,0.33,USD,Materials,United States,Stock,equity,web_csv
2026-07-29,GDXJ,KOZAL TI,Koza Altin Isletmeleri As,TREKOAL00014,,23949757.0,22459452.0,0.33,TRY,Materials,Turkey,Stock,equity,web_csv
2026-07-29,GDXJ,GGD CN,Gogold Resources Inc,CA38045Y1025,,10805131.0,22238302.0,0.32,CAD,Materials,United States,Stock,equity,web_csv
2026-07-29,GDXJ,ASM,Avino Silver & Gold Mines Ltd,CA0539061030,,4206394.0,22167696.0,0.32,USD,Materials,Mexico,Stock,equity,web_csv
2026-07-29,GDXJ,BGL AU,Bellevue Gold Ltd,AU0000019374,,24892305.0,21867700.0,0.32,AUD,Materials,Australia,Stock,equity,web_csv
2026-07-29,GDXJ,ALK AU,Alkane Resources Ltd,AU000000ALK9,,23136106.0,21621103.0,0.31,AUD,Materials,Australia,Stock,equity,web_csv
2026-07-29,GDXJ,MUX,Mcewen Mining Inc,US58039P3055,,1281897.0,21471775.0,0.31,USD,Materials,Canada,Stock,equity,web_csv
2026-07-29,GDXJ,6693 HK,Chifeng Jilong Gold Mining Co Ltd,CNE100006T51,,5013200.0,21406550.0,0.31,HKD,Materials,China,Stock,equity,web_csv
2026-07-29,GDXJ,DRD,Drdgold Ltd,US26152H3012,,972095.0,19597435.0,0.28,USD,Materials,South Africa,Stock,equity,web_csv
2026-07-29,GDXJ,ORE CN,Orezone Gold Corp,CA68616T1093,,12624086.0,19352064.0,0.28,CAD,Materials,Canada,Stock,equity,web_csv
2026-07-29,GDXJ,KCN AU,Kingsgate Consolidated Ltd,AU000000KCN1,,6237726.0,16855118.0,0.25,AUD,Materials,Australia,Stock,equity,web_csv
2026-07-29,GDXJ,340 HK,Tongguan Gold Group Ltd,BMG8919D1074,,59646000.0,15211918.0,0.22,HKD,Materials,China,Stock,equity,web_csv
2026-07-29,GDXJ,DC,Dakota Gold Corp,US46655E1001,,3140620.0,14478258.0,0.21,USD,Materials,Canada,Stock,equity,web_csv
2026-07-29,GDXJ,CNL CN,Collective Mining Ltd,CA19425C1005,,1040080.0,12814158.0,0.19,CAD,Materials,Canada,Stock,equity,web_csv
2026-07-29,GDXJ,MTA,Metalla Royalty & Streaming Ltd,CA59124U6051,,1726127.0,12721556.0,0.18,USD,Materials,Canada,Stock,equity,web_csv
2026-07-29,GDXJ,KOZAA TI,Koza Anadolu Metal Madencilik Isletmele,TREKOZA00014,,4643583.0,12305201.0,0.18,TRY,Materials,Turkey,Stock,equity,web_csv
2026-07-29,GDXJ,GROY,Gold Royalty Corp,CA38071H1064,,4490747.0,11720850.0,0.17,USD,Materials,Canada,Stock,equity,web_csv
2026-07-29,GDXJ,OGG,Osisko Gold Group Inc,CA68827X1050,,4942864.0,11220301.0,0.16,USD,Materials,Canada,Stock,equity,web_csv
2026-07-29,GDXJ,CTGO,Contango Ore Inc,US21077F1003,,714469.0,11059980.0,0.16,USD,Materials,United States,Stock,equity,web_csv
2026-07-29,GDXJ,BC8 AU,Black Cat Syndicate Ltd,AU000000BC88,,15807386.0,9507179.0,0.14,AUD,Materials,Australia,Stock,equity,web_csv
2026-07-29,GDXJ,NFGC,New Found Gold Corp,CA64440N1033,,6894603.0,9445606.0,0.14,USD,Materials,Canada,Stock,equity,web_csv
2026-07-29,GDXJ,IDR,Idaho Strategic Resources Inc,US6458272050,,327404.0,9078913.0,0.13,USD,Materials,United States,Stock,equity,web_csv
2026-07-29,GDXJ,ITRG,Integra Resources Corp,CA45826T5098,,4287522.0,8746545.0,0.13,USD,Materials,Canada,Stock,equity,web_csv
2026-07-29,GDXJ,PNR AU,Pantoro Gold Ltd,AU000000PNR8,,5741948.0,8142838.0,0.12,AUD,Materials,Australia,Stock,equity,web_csv
2026-07-29,GDXJ,SBM AU,St Barbara Ltd,AU000000SBM8,,24126409.0,7831275.0,0.11,AUD,Materials,Australia,Stock,equity,web_csv
2026-07-29,GDXJ,CMCL,Caledonia Mining Corp Plc,JE00BF0XVB15,,370905.0,6750471.0,0.1,USD,Materials,Jersey,Stock,equity,web_csv
2026-07-29,GDXJ,GAU,Galiano Gold Inc,CA36352H1001,,3779694.0,6614465.0,0.1,USD,Materials,Canada,Stock,equity,web_csv
2026-07-29,GDXJ,AMI AU,Aurelia Metals Ltd,AU000000AMI1,,29978442.0,6507022.0,0.09,AUD,Materials,Australia,Stock,equity,web_csv
2026-07-29,GDXJ,CNMC SP,Cnmc Goldmine Holdings Ltd,,,6667900.0,6248266.0,0.09,SGD,Materials,Singapore,Stock,equity,web_csv
2026-07-29,GDXJ,DTR AU,Dateline Resources Ltd,AU000000DTR1,,71426006.0,6182365.0,0.09,AUD,Materials,Australia,Stock,equity,web_csv
2026-07-29,GDXJ,APM CN,Andean Precious Metals Corp,CA03349X1015,,1493332.0,5966757.0,0.09,CAD,Materials,Canada,Stock,equity,web_csv
2026-07-29,GDXJ,ASL AU,Andean Silver Ltd,AU0000343253,,3975614.0,5365290.0,0.08,AUD,Materials,Australia,Stock,equity,web_csv
2026-07-29,GDXJ,VOXR,Vox Royalty Corp,CA92919F1036,,1151982.0,4872884.0,0.07,USD,Materials,Australia,Stock,equity,web_csv
2026-07-29,GDXJ,AZY AU,Antipa Minerals Ltd,AU000000AZY0,,12239205.0,4607656.0,0.07,AUD,Materials,Australia,Stock,equity,web_csv
2026-07-29,GDXJ,GLDG,Goldmining Inc,CA38149E1016,,5340387.0,4489129.0,0.07,USD,Materials,Canada,Stock,equity,web_csv
2026-07-29,GDXJ,MEK AU,Meeka Metals Ltd,AU0000192726,,65394357.0,4279858.0,0.06,AUD,Materials,Australia,Stock,equity,web_csv
2026-07-29,GDXJ,FDR CN,Founders Metals Inc,CA3505901056,,1476409.0,4243608.0,0.06,CAD,Materials,Canada,Stock,equity,web_csv
2026-07-29,GDXJ,8299 HK,Gt Gold Holdings Ltd,KYG4136P1303,,110664000.0,4184009.0,0.06,HKD,Materials,China,Stock,equity,web_csv
2026-07-29,GDXJ,USAU,Us Gold Corp,US90291C2017,,321189.0,4149762.0,0.06,USD,Materials,United States,Stock,equity,web_csv
2026-07-29,GDXJ,WRLG CN,West Red Lake Gold Mines Ltd,CA95556L1013,,8334754.0,4022308.0,0.06,CAD,Materials,Canada,Stock,equity,web_csv
2026-07-29,GDXJ,ARCI IJ,Archi Indonesia Tbk Pt,ID1000161003,,63219100.0,3639550.0,0.05,IDR,Materials,Indonesia,Stock,equity,web_csv
2026-07-29,GDXJ,LUCA CN,Luca Mining Corp,CA54929M1068,,5963917.0,3555367.0,0.05,CAD,Materials,Mexico,Stock,equity,web_csv
2026-07-29,GDXJ,VGC CN,Valor Gold Corp,CA9199211066,,986935.0,2395456.0,0.03,CAD,,Canada,Stock,equity,web_csv
2026-07-29,GDXJ,FFX AU,Firefinch Ltd,AU0000114522,,54133739.0,2327812.0,0.03,AUD,Materials,Australia,Stock,equity,web_csv
2026-07-29,GDXJ,PSAB IJ,J Resources Asia Pasific Tbk Pt,ID1000094709,,65960100.0,1540170.0,0.02,IDR,Materials,Indonesia,Stock,equity,web_csv
2026-07-29,GDXJ,FMR CN,Future Mineral Resources Inc,CA3611551043,,168999.0,34182.0,0.0,CAD,Materials,Canada,Stock,equity,web_csv
2026-07-29,GDXJ,NIX CN,Archer Exploration Corp,CA66860Q1028,,179304.0,20360.0,0.0,CAD,Materials,Canada,Stock,equity,web_csv
2026-07-29,GDXJ,VGCX CN,Victoria Gold Corp/Vancouver,CA92625W5072,,1722275.0,1.0,0.0,CAD,Materials,Canada,Stock,equity,web_csv
2026-07-29,GDXJ,ASM AU,Australian Strategic Materials Ltd,AU0000094153,,1.0,1.0,0.0,AUD,Materials,Australia,Stock,equity,web_csv
2026-07-29,GDXJ,-USD CASH-,,CASH,,13364320.0,13364320.0,0.19,USD,,United States,Cash Bal,cash,web_csv
2026-07-29,GDXJ,-TRY CASH-,,CASH,,0.0,0.0,0.0,TRY,,Turkey,Cash Bal,cash,web_csv
2026-07-29,GDXJ,-GBP CASH-,,CASH,,582.0,773.0,0.0,GBP,,United Kingdom,Cash Bal,cash,web_csv
2026-07-29,GDXJ,-AUD CASH-,,CASH,,79.0,54.0,0.0,AUD,,Australia,Cash Bal,cash,web_csv
2026-07-29,GDXJ,-CAD CASH-,,CASH,,-1668149.0,-1183882.0,-0.02,CAD,,Canada,Cash Bal,cash,web_csv
2026-07-29,GDXJ,,Other/Cash,CASH,,0.0,-2522598.0,-0.04,USD,,,Cash,cash,web_csv
2026-07-30,GDXJ,EQX,Equinox Gold Corp,CA29446Y5020,,51238780.0,482156920.0,6.78,USD,Materials,Canada,Stock,equity,web_csv
2026-07-30,GDXJ,EVN AU,Evolution Mining Ltd,AU000000EVN4,,54421483.0,440117782.0,6.19,AUD,Materials,Australia,Stock,equity,web_csv
2026-07-30,GDXJ,AGI,Alamos Gold Inc,CA0115321089,,14492791.0,411595264.0,5.79,USD,Materials,Canada,Stock,equity,web_csv
2026-07-30,GDXJ,EDV LN,Endeavour Mining Plc,GB00BL6K5J42,,7681264.0,368871854.0,5.19,GBP,Materials,United Kingdom,Stock,equity,web_csv
2026-07-30,GDXJ,CDE,Coeur Mining Inc,US1921085049,,22253863.0,342709490.0,4.82,USD,Materials,United States,Stock,equity,web_csv
2026-07-30,GDXJ,PE&OLES* MF,Industrias Penoles Sab De Cv,MXP554091415,,4656863.0,217386454.0,3.06,MXN,Materials,Mexico,Stock,equity,web_csv
2026-07-30,GDXJ,EGO,Eldorado Gold Corp,CA2849025093,,5660297.0,185318124.0,2.61,USD,Materials,Turkey,Stock,equity,web_csv
2026-07-30,GDXJ,HL,Hecla Mining Co,US4227041062,,12037306.0,179716979.0,2.53,USD,Materials,United States,Stock,equity,web_csv
2026-07-30,GDXJ,AG,First Majestic Silver Corp,CA32076V1031,,11317136.0,177565864.0,2.5,USD,Materials,Canada,Stock,equity,web_csv
2026-07-30,GDXJ,IAG,Iamgold Corp,CA4509131088,,11676473.0,170009447.0,2.39,USD,Materials,Burkina Faso,Stock,equity,web_csv
2026-07-30,GDXJ,GMIN CN,G Mining Ventures Corp,CA36270K1021,,4807208.0,156600370.0,2.2,CAD,Materials,Canada,Stock,equity,web_csv
2026-07-30,GDXJ,HMY,Harmony Gold Mining Co Ltd,US4132163001,,9537563.0,154031642.0,2.17,USD,Materials,South Africa,Stock,equity,web_csv
2026-07-30,GDXJ,LUG CN,Lundin Gold Inc,CA5503711080,,2531946.0,150202483.0,2.11,CAD,Materials,Canada,Stock,equity,web_csv
2026-07-30,GDXJ,DPM CN,Dundee Precious Metals Inc,CA26139R1091,,3808844.0,142120031.0,2.0,CAD,Materials,Canada,Stock,equity,web_csv
2026-07-30,GDXJ,OGC CN,Oceanagold Corp,CA6752224007,,5076749.0,126189801.0,1.78,CAD,Materials,Canada,Stock,equity,web_csv
2026-07-30,GDXJ,BVN,Cia De Minas Buenaventura Saa,US2044481040,,3614905.0,115170873.0,1.62,USD,Materials,Peru,Stock,equity,web_csv
2026-07-30,GDXJ,1818 HK,Zhaojin Mining Industry Co Ltd,CNE1000004R6,,40991700.0,113076355.0,1.59,HKD,Materials,China,Stock,equity,web_csv
2026-07-30,GDXJ,BTG,B2gold Corp,CA11777Q2099,,28921197.0,111346608.0,1.57,USD,Materials,Canada,Stock,equity,web_csv
2026-07-30,GDXJ,DSV CN,Discovery Silver Corp,CA25466C1077,,16765015.0,109083535.0,1.53,CAD,Materials,Canada,Stock,equity,web_csv
2026-07-30,GDXJ,SSRM,Ssr Mining Inc,CA7847301032,,3987190.0,106378229.0,1.5,USD,Materials,Canada,Stock,equity,web_csv
2026-07-30,GDXJ,OR,Or Royalties Inc,CA68390D1069,,3085440.0,94692154.0,1.33,USD,Materials,Canada,Stock,equity,web_csv
2026-07-30,GDXJ,PRU AU,Perseus Mining Ltd,AU000000PRU3,,24698928.0,87449409.0,1.23,AUD,Materials,Australia,Stock,equity,web_csv
2026-07-30,GDXJ,MAU CN,Montage Gold Corp,CA61178L1013,,7124821.0,85193879.0,1.2,CAD,Materials,Côte D'Ivoire,Stock,equity,web_csv
2026-07-30,GDXJ,RMS AU,Ramelius Resources Ltd,AU000000RMS4,,37375928.0,83990765.0,1.18,AUD,Materials,Australia,Stock,equity,web_csv
2026-07-30,GDXJ,ARTG CN,Artemis Gold Inc,CA04302L1004,,3426571.0,81578621.0,1.15,CAD,Materials,Canada,Stock,equity,web_csv
2026-07-30,GDXJ,KNT CN,K92 Mining Inc,CA4991131083,,4765423.0,79624875.0,1.12,CAD,Materials,Canada,Stock,equity,web_csv
2026-07-30,GDXJ,GGP AU,Greatland Resources Ltd,AU0000397705,,11101180.0,78604493.0,1.11,AUD,Materials,Australia,Stock,equity,web_csv
2026-07-30,GDXJ,GMD AU,Genesis Minerals Ltd,AU000000GMD9,,18224752.0,75773664.0,1.07,AUD,Materials,Australia,Stock,equity,web_csv
2026-07-30,GDXJ,CMM AU,Capricorn Metals Ltd,AU000000CMM9,,7856943.0,72480023.0,1.02,AUD,Materials,Australia,Stock,equity,web_csv
2026-07-30,GDXJ,CGAU,Centerra Gold Inc,CA1520061021,,3868947.0,70879109.0,1.0,USD,Materials,Canada,Stock,equity,web_csv
2026-07-30,GDXJ,TXG CN,Torex Gold Resources Inc,CA8910546032,,1722902.0,69732266.0,0.98,CAD,Materials,Canada,Stock,equity,web_csv
2026-07-30,GDXJ,ARMN,Aris Mining Corp,CA04040Y1097,,4790469.0,68264183.0,0.96,USD,Materials,Colombia,Stock,equity,web_csv
2026-07-30,GDXJ,VAU AU,Vault Minerals Ltd,AU0000427775,,19859385.0,68123335.0,0.96,AUD,Materials,Australia,Stock,equity,web_csv
2026-07-30,GDXJ,AYA CN,Aya Gold & Silver Inc,CA05466C1095,,3213661.0,65756642.0,0.93,CAD,Materials,Canada,Stock,equity,web_csv
2026-07-30,GDXJ,SKE,Skeena Resources Ltd,CA83056P7157,,2368611.0,64805197.0,0.91,USD,Materials,Canada,Stock,equity,web_csv
2026-07-30,GDXJ,WDO CN,Wesdome Gold Mines Ltd/Canada,CA95083R1001,,3327430.0,63716492.0,0.9,CAD,Materials,Canada,Stock,equity,web_csv
2026-07-30,GDXJ,RRL AU,Regis Resources Ltd,AU000000RRL8,,13961079.0,60213931.0,0.85,AUD,Materials,Australia,Stock,equity,web_csv
2026-07-30,GDXJ,FSM,Fortuna Silver Mines Inc,CA3499421020,,6607976.0,57951950.0,0.82,USD,Materials,Canada,Stock,equity,web_csv
2026-07-30,GDXJ,BRMS IJ,Bumi Resources Minerals Tbk Pt,ID1000117609,,1802259500.0,56580520.0,0.8,IDR,Materials,Indonesia,Stock,equity,web_csv
2026-07-30,GDXJ,SA,Seabridge Gold Inc,CA8119271028,,2066851.0,55556955.0,0.78,USD,Materials,Canada,Stock,equity,web_csv
2026-07-30,GDXJ,AUGO,Aura Minerals Inc,VGG069731120,,961837.0,54776617.0,0.77,USD,Materials,United States,Stock,equity,web_csv
2026-07-30,GDXJ,TFPM,Triple Flag Precious Metals Corp,CA89679M1041,,1804555.0,53487010.0,0.75,USD,Materials,Canada,Stock,equity,web_csv
2026-07-30,GDXJ,WGX AU,Westgold Resources Ltd,AU000000WGX6,,15554728.0,52174017.0,0.73,AUD,Materials,Australia,Stock,equity,web_csv
2026-07-30,GDXJ,EXK,Endeavour Silver Corp,CA29258Y1034,,6356112.0,49386990.0,0.69,USD,Materials,Canada,Stock,equity,web_csv
2026-07-30,GDXJ,SVM,Silvercorp Metals Inc,CA82835P1036,,5081419.0,48984879.0,0.69,USD,Materials,Canada,Stock,equity,web_csv
2026-07-30,GDXJ,EMAS IJ,Merdeka Gold Resources Tbk Pt,ID1000211600,,135984100.0,47911364.0,0.67,IDR,Materials,Indonesia,Stock,equity,web_csv
2026-07-30,GDXJ,3939 HK,Wanguo Gold Group Ltd,KYG9430L1150,,35201000.0,46504651.0,0.65,HKD,Materials,China,Stock,equity,web_csv
2026-07-30,GDXJ,HOC LN,Hochschild Mining Plc,GB00B1FW5029,,7309976.0,43900404.0,0.62,GBP,Materials,Peru,Stock,equity,web_csv
2026-07-30,GDXJ,EMR AU,Emerald Resources Nl,AU000000EMR4,,11371092.0,42622913.0,0.6,AUD,Materials,Australia,Stock,equity,web_csv
2026-07-30,GDXJ,SXGC CN,Southern Cross Gold Consolidated Ltd,CA8426851090,,5961161.0,41381298.0,0.58,CAD,Materials,Canada,Stock,equity,web_csv
2026-07-30,GDXJ,PPTA,Perpetua Resources Corp,CA7142661031,,2120024.0,40089654.0,0.56,USD,Materials,United States,Stock,equity,web_csv
2026-07-30,GDXJ,NG,Novagold Resources Inc,CA66987E2069,,6456796.0,39192752.0,0.55,USD,Materials,Canada,Stock,equity,web_csv
2026-07-30,GDXJ,PAF LN,Pan African Resources Plc,GB0004300496,,28359680.0,36864081.0,0.52,GBP,Materials,United Kingdom,Stock,equity,web_csv
2026-07-30,GDXJ,ABRA CN,Abrasilver Resource Corp,CA00379L3048,,3293421.0,33271388.0,0.47,CAD,Materials,Canada,Stock,equity,web_csv
2026-07-30,GDXJ,AAUC,Allied Gold Corp,CA01921D2041,,1853607.0,33068349.0,0.47,USD,Materials,Canada,Stock,equity,web_csv
2026-07-30,GDXJ,PDI AU,Predictive Discovery Ltd,AU000000PDI8,,71959379.0,32720672.0,0.46,AUD,Materials,Australia,Stock,equity,web_csv
2026-07-30,GDXJ,WAF AU,West African Resources Ltd,AU000000WAF6,,16559919.0,32517412.0,0.46,AUD,Materials,Australia,Stock,equity,web_csv
2026-07-30,GDXJ,SGD CN,Snowline Gold Corp,CA83342V1040,,3067935.0,30708899.0,0.43,CAD,Materials,Canada,Stock,equity,web_csv
2026-07-30,GDXJ,HYMC,Hycroft Mining Holding Corp,US44862P2083,,1345124.0,26996639.0,0.38,USD,Materials,United States,Stock,equity,web_csv
2026-07-30,GDXJ,VZLA,Vizsla Silver Corp,CA92859G6085,,8233152.0,26675412.0,0.38,USD,Materials,Canada,Stock,equity,web_csv
2026-07-30,GDXJ,OBM AU,Ora Banda Mining Ltd,AU0000050130,,34113220.0,26304943.0,0.37,AUD,Materials,Australia,Stock,equity,web_csv
2026-07-30,GDXJ,USAS,Americas Gold & Silver Corp,CA03062D8035,,6496212.0,25595075.0,0.36,USD,Materials,Canada,Stock,equity,web_csv
2026-07-30,GDXJ,RSG AU,Resolute Mining Ltd,AU000000RSG6,,37275214.0,24473192.0,0.34,AUD,Materials,Australia,Stock,equity,web_csv
2026-07-30,GDXJ,IAUX,I-80 Gold Corp,CA44955L1067,,18035772.0,24167934.0,0.34,USD,Materials,United States,Stock,equity,web_csv
2026-07-30,GDXJ,CYL AU,Catalyst Metals Ltd,AU000000CYL6,,5854352.0,23523460.0,0.33,AUD,Materials,Australia,Stock,equity,web_csv
2026-07-30,GDXJ,KOZAL TI,Koza Altin Isletmeleri As,TREKOAL00014,,23949757.0,23503647.0,0.33,TRY,Materials,Turkey,Stock,equity,web_csv
2026-07-30,GDXJ,ASM,Avino Silver & Gold Mines Ltd,CA0539061030,,4206394.0,23261359.0,0.33,USD,Materials,Mexico,Stock,equity,web_csv
2026-07-30,GDXJ,GGD CN,Gogold Resources Inc,CA38045Y1025,,10805131.0,23126596.0,0.33,CAD,Materials,United States,Stock,equity,web_csv
2026-07-30,GDXJ,MUX,Mcewen Mining Inc,US58039P3055,,1281897.0,22676758.0,0.32,USD,Materials,Canada,Stock,equity,web_csv
2026-07-30,GDXJ,ALK AU,Alkane Resources Ltd,AU000000ALK9,,23136106.0,22225298.0,0.31,AUD,Materials,Australia,Stock,equity,web_csv
2026-07-30,GDXJ,BGL AU,Bellevue Gold Ltd,AU0000019374,,24892305.0,21681605.0,0.31,AUD,Materials,Australia,Stock,equity,web_csv
2026-07-30,GDXJ,6693 HK,Chifeng Jilong Gold Mining Co Ltd,CNE100006T51,,5013200.0,21400193.0,0.3,HKD,Materials,China,Stock,equity,web_csv
2026-07-30,GDXJ,DRD,Drdgold Ltd,US26152H3012,,972095.0,20268181.0,0.29,USD,Materials,South Africa,Stock,equity,web_csv
2026-07-30,GDXJ,ORE CN,Orezone Gold Corp,CA68616T1093,,12624086.0,19904563.0,0.28,CAD,Materials,Canada,Stock,equity,web_csv
2026-07-30,GDXJ,KCN AU,Kingsgate Consolidated Ltd,AU000000KCN1,,6237726.0,17109930.0,0.24,AUD,Materials,Australia,Stock,equity,web_csv
2026-07-30,GDXJ,340 HK,Tongguan Gold Group Ltd,BMG8919D1074,,59646000.0,15317245.0,0.22,HKD,Materials,China,Stock,equity,web_csv
2026-07-30,GDXJ,DC,Dakota Gold Corp,US46655E1001,,3140620.0,14635289.0,0.21,USD,Materials,Canada,Stock,equity,web_csv
2026-07-30,GDXJ,CNL CN,Collective Mining Ltd,CA19425C1005,,1040080.0,13601588.0,0.19,CAD,Materials,Canada,Stock,equity,web_csv
2026-07-30,GDXJ,MTA,Metalla Royalty & Streaming Ltd,CA59124U6051,,1726127.0,13153088.0,0.19,USD,Materials,Canada,Stock,equity,web_csv
2026-07-30,GDXJ,KOZAA TI,Koza Anadolu Metal Madencilik Isletmele,TREKOZA00014,,4643583.0,12657656.0,0.18,TRY,Materials,Turkey,Stock,equity,web_csv
2026-07-30,GDXJ,GROY,Gold Royalty Corp,CA38071H1064,,4490747.0,12080109.0,0.17,USD,Materials,Canada,Stock,equity,web_csv
2026-07-30,GDXJ,OGG,Osisko Gold Group Inc,CA68827X1050,,4942864.0,11764016.0,0.17,USD,Materials,Canada,Stock,equity,web_csv
2026-07-30,GDXJ,CTGO,Contango Ore Inc,US21077F1003,,714469.0,11581542.0,0.16,USD,Materials,United States,Stock,equity,web_csv
2026-07-30,GDXJ,NFGC,New Found Gold Corp,CA64440N1033,,6894603.0,9859282.0,0.14,USD,Materials,Canada,Stock,equity,web_csv
2026-07-30,GDXJ,BC8 AU,Black Cat Syndicate Ltd,AU000000BC88,,15807386.0,9828897.0,0.14,AUD,Materials,Australia,Stock,equity,web_csv
2026-07-30,GDXJ,IDR,Idaho Strategic Resources Inc,US6458272050,,327404.0,9560197.0,0.13,USD,Materials,United States,Stock,equity,web_csv
2026-07-30,GDXJ,ITRG,Integra Resources Corp,CA45826T5098,,4287522.0,9261048.0,0.13,USD,Materials,Canada,Stock,equity,web_csv
2026-07-30,GDXJ,PNR AU,Pantoro Gold Ltd,AU000000PNR8,,5741948.0,8287160.0,0.12,AUD,Materials,Australia,Stock,equity,web_csv
2026-07-30,GDXJ,SBM AU,St Barbara Ltd,AU000000SBM8,,24126409.0,7619033.0,0.11,AUD,Materials,Australia,Stock,equity,web_csv
2026-07-30,GDXJ,CMCL,Caledonia Mining Corp Plc,JE00BF0XVB15,,370905.0,6998977.0,0.1,USD,Materials,Jersey,Stock,equity,web_csv
2026-07-30,GDXJ,AMI AU,Aurelia Metals Ltd,AU000000AMI1,,29978442.0,6845078.0,0.1,AUD,Materials,Australia,Stock,equity,web_csv
2026-07-30,GDXJ,GAU,Galiano Gold Inc,CA36352H1001,,3779694.0,6765652.0,0.1,USD,Materials,Canada,Stock,equity,web_csv
2026-07-30,GDXJ,CNMC SP,Cnmc Goldmine Holdings Ltd,,,6667900.0,6641422.0,0.09,SGD,Materials,Singapore,Stock,equity,web_csv
2026-07-30,GDXJ,,Other,,,1836796.0,6510126.0,0.09,USD,,,other,residual,web_csv
2026-07-30,GDXJ,DTR AU,Dateline Resources Ltd,AU000000DTR1,,71426006.0,6253792.0,0.09,AUD,Materials,Australia,Stock,equity,web_csv
2026-07-30,GDXJ,APM CN,Andean Precious Metals Corp,CA03349X1015,,1493332.0,6211341.0,0.09,CAD,Materials,Canada,Stock,equity,web_csv
2026-07-30,GDXJ,ASL AU,Andean Silver Ltd,AU0000343253,,3975614.0,5508078.0,0.08,AUD,Materials,Australia,Stock,equity,web_csv
2026-07-30,GDXJ,VOXR,Vox Royalty Corp,CA92919F1036,,1151982.0,5068721.0,0.07,USD,Materials,Australia,Stock,equity,web_csv
2026-07-30,GDXJ,GLDG,Goldmining Inc,CA38149E1016,,5340387.0,4599675.0,0.06,USD,Materials,Canada,Stock,equity,web_csv
2026-07-30,GDXJ,AZY AU,Antipa Minerals Ltd,AU000000AZY0,,12239205.0,4579309.0,0.06,AUD,Materials,Australia,Stock,equity,web_csv
2026-07-30,GDXJ,USAU,Us Gold Corp,US90291C2017,,321189.0,4342475.0,0.06,USD,Materials,United States,Stock,equity,web_csv
2026-07-30,GDXJ,FDR CN,Founders Metals Inc,CA3505901056,,1476409.0,4329213.0,0.06,CAD,Materials,Canada,Stock,equity,web_csv
2026-07-30,GDXJ,MEK AU,Meeka Metals Ltd,AU0000192726,,65394357.0,4312905.0,0.06,AUD,Materials,Australia,Stock,equity,web_csv
2026-07-30,GDXJ,8299 HK,Gt Gold Holdings Ltd,KYG4136P1303,,110664000.0,4230112.0,0.06,HKD,Materials,China,Stock,equity,web_csv
2026-07-30,GDXJ,WRLG CN,West Red Lake Gold Mines Ltd,CA95556L1013,,8334754.0,4043543.0,0.06,CAD,Materials,Canada,Stock,equity,web_csv
2026-07-30,GDXJ,ARCI IJ,Archi Indonesia Tbk Pt,ID1000161003,,63219100.0,3781030.0,0.05,IDR,Materials,Indonesia,Stock,equity,web_csv
2026-07-30,GDXJ,LUCA CN,Luca Mining Corp,CA54929M1068,,5963917.0,3531589.0,0.05,CAD,Materials,Mexico,Stock,equity,web_csv
2026-07-30,GDXJ,VGC CN,Valor Gold Corp,CA9199211066,,986935.0,2422186.0,0.03,CAD,,Canada,Stock,equity,web_csv
2026-07-30,GDXJ,FFX AU,Firefinch Ltd,AU0000114522,,54133739.0,2354706.0,0.03,AUD,Materials,Australia,Stock,equity,web_csv
2026-07-30,GDXJ,PSAB IJ,J Resources Asia Pasific Tbk Pt,ID1000094709,,65960100.0,1588360.0,0.02,IDR,Materials,Indonesia,Stock,equity,web_csv
2026-07-30,GDXJ,FMR CN,Future Mineral Resources Inc,CA3611551043,,168999.0,33760.0,0.0,CAD,Materials,Canada,Stock,equity,web_csv
2026-07-30,GDXJ,NIX CN,Archer Exploration Corp,CA66860Q1028,,179304.0,14711.0,0.0,CAD,Materials,Canada,Stock,equity,web_csv
2026-07-30,GDXJ,VGCX CN,Victoria Gold Corp/Vancouver,CA92625W5072,,1722275.0,1.0,0.0,CAD,Materials,Canada,Stock,equity,web_csv
2026-07-30,GDXJ,ASM AU,Australian Strategic Materials Ltd,AU0000094153,,1.0,1.0,0.0,AUD,Materials,Australia,Stock,equity,web_csv
2026-07-30,GDXJ,-USD CASH-,,CASH,,13364768.0,13364768.0,0.19,USD,,United States,Cash Bal,cash,web_csv
2026-07-30,GDXJ,-HKD CASH-,,CASH,,3972696.0,506479.0,0.01,HKD,,China,Cash Bal,cash,web_csv
2026-07-30,GDXJ,-TRY CASH-,,CASH,,0.0,0.0,0.0,TRY,,Turkey,Cash Bal,cash,web_csv
2026-07-30,GDXJ,-GBP CASH-,,CASH,,582.0,781.0,0.0,GBP,,United Kingdom,Cash Bal,cash,web_csv
2026-07-30,GDXJ,-AUD CASH-,,CASH,,79.0,55.0,0.0,AUD,,Australia,Cash Bal,cash,web_csv
2026-07-30,GDXJ,-CAD CASH-,,CASH,,-1668149.0,-1190133.0,-0.02,CAD,,Canada,Cash Bal,cash,web_csv
2026-07-30,GDXJ,,Other/Cash,CASH,,0.0,-17480368.0,-0.25,USD,,,Cash,cash,web_csv
2026-07-31,GDXJ,EQX,Equinox Gold Corp,CA29446Y5020,,51238780.0,458587081.0,6.66,USD,Materials,Canada,Stock,equity,web_csv
2026-07-31,GDXJ,EVN AU,Evolution Mining Ltd,AU000000EVN4,,54421483.0,430728315.0,6.25,AUD,Materials,Australia,Stock,equity,web_csv
2026-07-31,GDXJ,AGI,Alamos Gold Inc,CA0115321089,,14492791.0,403334374.0,5.85,USD,Materials,Canada,Stock,equity,web_csv
2026-07-31,GDXJ,EDV LN,Endeavour Mining Plc,GB00BL6K5J42,,7681264.0,365893860.0,5.31,GBP,Materials,United Kingdom,Stock,equity,web_csv
2026-07-31,GDXJ,CDE,Coeur Mining Inc,US1921085049,,22253863.0,331805097.0,4.82,USD,Materials,United States,Stock,equity,web_csv
2026-07-31,GDXJ,PE&OLES* MF,Industrias Penoles Sab De Cv,MXP554091415,,4656863.0,213996039.0,3.11,MXN,Materials,Mexico,Stock,equity,web_csv
2026-07-31,GDXJ,EGO,Eldorado Gold Corp,CA2849025093,,5660297.0,170884366.0,2.48,USD,Materials,Turkey,Stock,equity,web_csv
2026-07-31,GDXJ,AG,First Majestic Silver Corp,CA32076V1031,,11317136.0,170096554.0,2.47,USD,Materials,Canada,Stock,equity,web_csv
2026-07-31,GDXJ,HL,Hecla Mining Co,US4227041062,,12037306.0,169966761.0,2.47,USD,Materials,United States,Stock,equity,web_csv
2026-07-31,GDXJ,IAG,Iamgold Corp,CA4509131088,,11676473.0,165689152.0,2.4,USD,Materials,Burkina Faso,Stock,equity,web_csv
2026-07-31,GDXJ,HMY,Harmony Gold Mining Co Ltd,US4132163001,,9537563.0,150216617.0,2.18,USD,Materials,South Africa,Stock,equity,web_csv
2026-07-31,GDXJ,GMIN CN,G Mining Ventures Corp,CA36270K1021,,4807208.0,146424761.0,2.13,CAD,Materials,Canada,Stock,equity,web_csv
2026-07-31,GDXJ,LUG CN,Lundin Gold Inc,CA5503711080,,2531946.0,141663358.0,2.06,CAD,Materials,Canada,Stock,equity,web_csv
2026-07-31,GDXJ,DPM CN,Dundee Precious Metals Inc,CA26139R1091,,3808844.0,133798932.0,1.94,CAD,Materials,Canada,Stock,equity,web_csv
2026-07-31,GDXJ,OGC CN,Oceanagold Corp,CA6752224007,,5076749.0,122318221.0,1.78,CAD,Materials,Canada,Stock,equity,web_csv
2026-07-31,GDXJ,1818 HK,Zhaojin Mining Industry Co Ltd,CNE1000004R6,,40991700.0,111132474.0,1.61,HKD,Materials,China,Stock,equity,web_csv
2026-07-31,GDXJ,BVN,Cia De Minas Buenaventura Saa,US2044481040,,3614905.0,109459323.0,1.59,USD,Materials,Peru,Stock,equity,web_csv
2026-07-31,GDXJ,BTG,B2gold Corp,CA11777Q2099,,28921197.0,108454489.0,1.57,USD,Materials,Canada,Stock,equity,web_csv
2026-07-31,GDXJ,DSV CN,Discovery Silver Corp,CA25466C1077,,16765015.0,104568472.0,1.52,CAD,Materials,Canada,Stock,equity,web_csv
2026-07-31,GDXJ,SSRM,Ssr Mining Inc,CA7847301032,,3987190.0,102151808.0,1.48,USD,Materials,Canada,Stock,equity,web_csv
2026-07-31,GDXJ,OR,Or Royalties Inc,CA68390D1069,,3085440.0,91822694.0,1.33,USD,Materials,Canada,Stock,equity,web_csv
2026-07-31,GDXJ,PRU AU,Perseus Mining Ltd,AU000000PRU3,,24698928.0,84394897.0,1.22,AUD,Materials,Australia,Stock,equity,web_csv
2026-07-31,GDXJ,ARTG CN,Artemis Gold Inc,CA04302L1004,,3426571.0,82168335.0,1.19,CAD,Materials,Canada,Stock,equity,web_csv
2026-07-31,GDXJ,MAU CN,Montage Gold Corp,CA61178L1013,,7124821.0,80550067.0,1.17,CAD,Materials,Côte D'Ivoire,Stock,equity,web_csv
2026-07-31,GDXJ,RMS AU,Ramelius Resources Ltd,AU000000RMS4,,37375928.0,80233348.0,1.16,AUD,Materials,Australia,Stock,equity,web_csv
2026-07-31,GDXJ,GGP AU,Greatland Resources Ltd,AU0000397705,,11101180.0,76624497.0,1.11,AUD,Materials,Australia,Stock,equity,web_csv
2026-07-31,GDXJ,KNT CN,K92 Mining Inc,CA4991131083,,4765423.0,76533471.0,1.11,CAD,Materials,Canada,Stock,equity,web_csv
2026-07-31,GDXJ,GMD AU,Genesis Minerals Ltd,AU000000GMD9,,18224752.0,72873241.0,1.06,AUD,Materials,Australia,Stock,equity,web_csv
2026-07-31,GDXJ,CMM AU,Capricorn Metals Ltd,AU000000CMM9,,7856943.0,69518808.0,1.01,AUD,Materials,Australia,Stock,equity,web_csv
2026-07-31,GDXJ,CGAU,Centerra Gold Inc,CA1520061021,,3868947.0,66507199.0,0.97,USD,Materials,Canada,Stock,equity,web_csv
2026-07-31,GDXJ,VAU AU,Vault Minerals Ltd,AU0000427775,,19859385.0,66434201.0,0.96,AUD,Materials,Australia,Stock,equity,web_csv
2026-07-31,GDXJ,TXG CN,Torex Gold Resources Inc,CA8910546032,,1722902.0,66258376.0,0.96,CAD,Materials,Canada,Stock,equity,web_csv
2026-07-31,GDXJ,ARMN,Aris Mining Corp,CA04040Y1097,,4790469.0,64000666.0,0.93,USD,Materials,Colombia,Stock,equity,web_csv
2026-07-31,GDXJ,AYA CN,Aya Gold & Silver Inc,CA05466C1095,,3213661.0,63088872.0,0.92,CAD,Materials,Canada,Stock,equity,web_csv
2026-07-31,GDXJ,SKE,Skeena Resources Ltd,CA83056P7157,,2368611.0,62957680.0,0.91,USD,Materials,Canada,Stock,equity,web_csv
2026-07-31,GDXJ,WDO CN,Wesdome Gold Mines Ltd/Canada,CA95083R1001,,3327430.0,61693306.0,0.9,CAD,Materials,Canada,Stock,equity,web_csv
2026-07-31,GDXJ,RRL AU,Regis Resources Ltd,AU000000RRL8,,13961079.0,59715502.0,0.87,AUD,Materials,Australia,Stock,equity,web_csv
2026-07-31,GDXJ,BRMS IJ,Bumi Resources Minerals Tbk Pt,ID1000117609,,1802259500.0,55835918.0,0.81,IDR,Materials,Indonesia,Stock,equity,web_csv
2026-07-31,GDXJ,FSM,Fortuna Silver Mines Inc,CA3499421020,,6607976.0,55705238.0,0.81,USD,Materials,Canada,Stock,equity,web_csv
2026-07-31,GDXJ,SA,Seabridge Gold Inc,CA8119271028,,2066851.0,53345424.0,0.77,USD,Materials,Canada,Stock,equity,web_csv
2026-07-31,GDXJ,AUGO,Aura Minerals Inc,VGG069731120,,961837.0,52487445.0,0.76,USD,Materials,United States,Stock,equity,web_csv
2026-07-31,GDXJ,TFPM,Triple Flag Precious Metals Corp,CA89679M1041,,1804555.0,51917047.0,0.75,USD,Materials,Canada,Stock,equity,web_csv
2026-07-31,GDXJ,WGX AU,Westgold Resources Ltd,AU000000WGX6,,15554728.0,51753748.0,0.75,AUD,Materials,Australia,Stock,equity,web_csv
2026-07-31,GDXJ,EMAS IJ,Merdeka Gold Resources Tbk Pt,ID1000211600,,135984100.0,49667029.0,0.72,IDR,Materials,Indonesia,Stock,equity,web_csv
2026-07-31,GDXJ,EXK,Endeavour Silver Corp,CA29258Y1034,,6356112.0,47797962.0,0.69,USD,Materials,Canada,Stock,equity,web_csv
2026-07-31,GDXJ,SVM,Silvercorp Metals Inc,CA82835P1036,,5081419.0,47562082.0,0.69,USD,Materials,Canada,Stock,equity,web_csv
2026-07-31,GDXJ,3939 HK,Wanguo Gold Group Ltd,KYG9430L1150,,35201000.0,47358632.0,0.69,HKD,Materials,China,Stock,equity,web_csv
2026-07-31,GDXJ,PAF LN,Pan African Resources Plc,GB0004300496,,37172823.0,46420806.0,0.67,GBP,Materials,United Kingdom,Stock,equity,web_csv
2026-07-31,GDXJ,HOC LN,Hochschild Mining Plc,GB00B1FW5029,,7309976.0,42856057.0,0.62,GBP,Materials,Peru,Stock,equity,web_csv
2026-07-31,GDXJ,EMR AU,Emerald Resources Nl,AU000000EMR4,,11371092.0,42589292.0,0.62,AUD,Materials,Australia,Stock,equity,web_csv
2026-07-31,GDXJ,PPTA,Perpetua Resources Corp,CA7142661031,,2120024.0,39029642.0,0.57,USD,Materials,United States,Stock,equity,web_csv
2026-07-31,GDXJ,SXGC CN,Southern Cross Gold Consolidated Ltd,CA8426851090,,5961161.0,38243896.0,0.56,CAD,Materials,Canada,Stock,equity,web_csv
2026-07-31,GDXJ,NG,Novagold Resources Inc,CA66987E2069,,6456796.0,37643121.0,0.55,USD,Materials,Canada,Stock,equity,web_csv
2026-07-31,GDXJ,AAUC,Allied Gold Corp,CA01921D2041,,1853607.0,33791256.0,0.49,USD,Materials,Canada,Stock,equity,web_csv
2026-07-31,GDXJ,PDI AU,Predictive Discovery Ltd,AU000000PDI8,,71959379.0,33312204.0,0.48,AUD,Materials,Australia,Stock,equity,web_csv
2026-07-31,GDXJ,WAF AU,West African Resources Ltd,AU000000WAF6,,16559919.0,32941549.0,0.48,AUD,Materials,Australia,Stock,equity,web_csv
2026-07-31,GDXJ,ABRA CN,Abrasilver Resource Corp,CA00379L3048,,3293421.0,31881283.0,0.46,CAD,Materials,Canada,Stock,equity,web_csv
2026-07-31,GDXJ,SGD CN,Snowline Gold Corp,CA83342V1040,,3067935.0,29414211.0,0.43,CAD,Materials,Canada,Stock,equity,web_csv
2026-07-31,GDXJ,OBM AU,Ora Banda Mining Ltd,AU0000050130,,34113220.0,27123900.0,0.39,AUD,Materials,Australia,Stock,equity,web_csv
2026-07-31,GDXJ,HYMC,Hycroft Mining Holding Corp,US44862P2083,,1345124.0,26270272.0,0.38,USD,Materials,United States,Stock,equity,web_csv
2026-07-31,GDXJ,VZLA,Vizsla Silver Corp,CA92859G6085,,8233152.0,25852097.0,0.38,USD,Materials,Canada,Stock,equity,web_csv
2026-07-31,GDXJ,USAS,Americas Gold & Silver Corp,CA03062D8035,,6496212.0,24815530.0,0.36,USD,Materials,Canada,Stock,equity,web_csv
2026-07-31,GDXJ,RSG AU,Resolute Mining Ltd,AU000000RSG6,,37275214.0,24343826.0,0.35,AUD,Materials,Australia,Stock,equity,web_csv
2026-07-31,GDXJ,IAUX,I-80 Gold Corp,CA44955L1067,,18035772.0,23266146.0,0.34,USD,Materials,United States,Stock,equity,web_csv
2026-07-31,GDXJ,ASM,Avino Silver & Gold Mines Ltd,CA0539061030,,4206394.0,22420080.0,0.33,USD,Materials,Mexico,Stock,equity,web_csv
2026-07-31,GDXJ,GGD CN,Gogold Resources Inc,CA38045Y1025,,10805131.0,22336586.0,0.32,CAD,Materials,United States,Stock,equity,web_csv
2026-07-31,GDXJ,KOZAL TI,Koza Altin Isletmeleri As,TREKOAL00014,,23949757.0,22205801.0,0.32,TRY,Materials,Turkey,Stock,equity,web_csv
2026-07-31,GDXJ,MUX,Mcewen Mining Inc,US58039P3055,,1281897.0,22163999.0,0.32,USD,Materials,Canada,Stock,equity,web_csv
2026-07-31,GDXJ,CYL AU,Catalyst Metals Ltd,AU000000CYL6,,5854352.0,22055924.0,0.32,AUD,Materials,Australia,Stock,equity,web_csv
2026-07-31,GDXJ,BGL AU,Bellevue Gold Ltd,AU0000019374,,24892305.0,21754735.0,0.32,AUD,Materials,Australia,Stock,equity,web_csv
2026-07-31,GDXJ,ALK AU,Alkane Resources Ltd,AU000000ALK9,,23136106.0,21532088.0,0.31,AUD,Materials,Australia,Stock,equity,web_csv
2026-07-31,GDXJ,6693 HK,Chifeng Jilong Gold Mining Co Ltd,CNE100006T51,,5013200.0,21433474.0,0.31,HKD,Materials,China,Stock,equity,web_csv
2026-07-31,GDXJ,DRD,Drdgold Ltd,US26152H3012,,972095.0,19850180.0,0.29,USD,Materials,South Africa,Stock,equity,web_csv
2026-07-31,GDXJ,ORE CN,Orezone Gold Corp,CA68616T1093,,12624086.0,19257614.0,0.28,CAD,Materials,Canada,Stock,equity,web_csv
2026-07-31,GDXJ,KCN AU,Kingsgate Consolidated Ltd,AU000000KCN1,,6237726.0,17608067.0,0.26,AUD,Materials,Australia,Stock,equity,web_csv
2026-07-31,GDXJ,340 HK,Tongguan Gold Group Ltd,BMG8919D1074,,59646000.0,15671025.0,0.23,HKD,Materials,China,Stock,equity,web_csv
2026-07-31,GDXJ,DC,Dakota Gold Corp,US46655E1001,,3140620.0,14258415.0,0.21,USD,Materials,Canada,Stock,equity,web_csv
2026-07-31,GDXJ,CNL CN,Collective Mining Ltd,CA19425C1005,,1040080.0,12826306.0,0.19,CAD,Materials,Canada,Stock,equity,web_csv
2026-07-31,GDXJ,MTA,Metalla Royalty & Streaming Ltd,CA59124U6051,,1726127.0,12704295.0,0.18,USD,Materials,Canada,Stock,equity,web_csv
2026-07-31,GDXJ,KOZAA TI,Koza Anadolu Metal Madencilik Isletmele,TREKOZA00014,,4643583.0,12132841.0,0.18,TRY,Materials,Turkey,Stock,equity,web_csv
2026-07-31,GDXJ,OGG,Osisko Gold Group Inc,CA68827X1050,,4942864.0,11813445.0,0.17,USD,Materials,Canada,Stock,equity,web_csv
2026-07-31,GDXJ,GROY,Gold Royalty Corp,CA38071H1064,,4490747.0,11675942.0,0.17,USD,Materials,Canada,Stock,equity,web_csv
2026-07-31,GDXJ,CTGO,Contango Ore Inc,US21077F1003,,714469.0,11002823.0,0.16,USD,Materials,United States,Stock,equity,web_csv
2026-07-31,GDXJ,BC8 AU,Black Cat Syndicate Ltd,AU000000BC88,,15807386.0,9935528.0,0.14,AUD,Materials,Australia,Stock,equity,web_csv
2026-07-31,GDXJ,NFGC,New Found Gold Corp,CA64440N1033,,6894603.0,9376660.0,0.14,USD,Materials,Canada,Stock,equity,web_csv
2026-07-31,GDXJ,IDR,Idaho Strategic Resources Inc,US6458272050,,327404.0,9190230.0,0.13,USD,Materials,United States,Stock,equity,web_csv
2026-07-31,GDXJ,ITRG,Integra Resources Corp,CA45826T5098,,4287522.0,8960921.0,0.13,USD,Materials,Canada,Stock,equity,web_csv
2026-07-31,GDXJ,PNR AU,Pantoro Gold Ltd,AU000000PNR8,,5741948.0,8215496.0,0.12,AUD,Materials,Australia,Stock,equity,web_csv
2026-07-31,GDXJ,SBM AU,St Barbara Ltd,AU000000SBM8,,24126409.0,7685621.0,0.11,AUD,Materials,Australia,Stock,equity,web_csv
2026-07-31,GDXJ,CMCL,Caledonia Mining Corp Plc,JE00BF0XVB15,,370905.0,6820943.0,0.1,USD,Materials,Jersey,Stock,equity,web_csv
2026-07-31,GDXJ,AMI AU,Aurelia Metals Ltd,AU000000AMI1,,29978442.0,6625909.0,0.1,AUD,Materials,Australia,Stock,equity,web_csv
2026-07-31,GDXJ,GAU,Galiano Gold Inc,CA36352H1001,,3779694.0,6576668.0,0.1,USD,Materials,Canada,Stock,equity,web_csv
2026-07-31,GDXJ,CNMC SP,Cnmc Goldmine Holdings Ltd,,,6667900.0,6456779.0,0.09,SGD,Materials,Singapore,Stock,equity,web_csv
2026-07-31,GDXJ,DTR AU,Dateline Resources Ltd,AU000000DTR1,,71426006.0,6270755.0,0.09,AUD,Materials,Australia,Stock,equity,web_csv
2026-07-31,GDXJ,APM CN,Andean Precious Metals Corp,CA03349X1015,,1493332.0,5929258.0,0.09,CAD,Materials,Canada,Stock,equity,web_csv
2026-07-31,GDXJ,ASL AU,Andean Silver Ltd,AU0000343253,,3975614.0,5427151.0,0.08,AUD,Materials,Australia,Stock,equity,web_csv
2026-07-31,GDXJ,VOXR,Vox Royalty Corp,CA92919F1036,,1151982.0,5011122.0,0.07,USD,Materials,Australia,Stock,equity,web_csv
2026-07-31,GDXJ,AZY AU,Antipa Minerals Ltd,AU000000AZY0,,12239205.0,4684277.0,0.07,AUD,Materials,Australia,Stock,equity,web_csv
2026-07-31,GDXJ,GLDG,Goldmining Inc,CA38149E1016,,5340387.0,4437862.0,0.06,USD,Materials,Canada,Stock,equity,web_csv
2026-07-31,GDXJ,MEK AU,Meeka Metals Ltd,AU0000192726,,65394357.0,4310320.0,0.06,AUD,Materials,Australia,Stock,equity,web_csv
2026-07-31,GDXJ,USAU,Us Gold Corp,US90291C2017,,321189.0,4169033.0,0.06,USD,Materials,United States,Stock,equity,web_csv
2026-07-31,GDXJ,FDR CN,Founders Metals Inc,CA3505901056,,1476409.0,4167644.0,0.06,CAD,Materials,Canada,Stock,equity,web_csv
2026-07-31,GDXJ,8299 HK,Gt Gold Holdings Ltd,KYG4136P1303,,110664000.0,4032471.0,0.06,HKD,Materials,China,Stock,equity,web_csv
2026-07-31,GDXJ,WRLG CN,West Red Lake Gold Mines Ltd,CA95556L1013,,8334754.0,3980672.0,0.06,CAD,Materials,Canada,Stock,equity,web_csv
2026-07-31,GDXJ,ARCI IJ,Archi Indonesia Tbk Pt,ID1000161003,,63219100.0,3772780.0,0.05,IDR,Materials,Indonesia,Stock,equity,web_csv
2026-07-31,GDXJ,LUCA CN,Luca Mining Corp,CA54929M1068,,5963917.0,3443542.0,0.05,CAD,Materials,Mexico,Stock,equity,web_csv
2026-07-31,GDXJ,FFX AU,Firefinch Ltd,AU0000114522,,54133739.0,2361093.0,0.03,AUD,Materials,Australia,Stock,equity,web_csv
2026-07-31,GDXJ,VGC CN,Valor Gold Corp,CA9199211066,,986935.0,2335691.0,0.03,CAD,,Canada,Stock,equity,web_csv
2026-07-31,GDXJ,,Other,,,1836796.0,1787238.0,0.03,USD,,,other,residual,web_csv
2026-07-31,GDXJ,PSAB IJ,J Resources Asia Pasific Tbk Pt,ID1000094709,,65960100.0,1582731.0,0.02,IDR,Materials,Indonesia,Stock,equity,web_csv
2026-07-31,GDXJ,FMR CN,Future Mineral Resources Inc,CA3611551043,,168999.0,33731.0,0.0,CAD,Materials,Canada,Stock,equity,web_csv
2026-07-31,GDXJ,NIX CN,Archer Exploration Corp,CA66860Q1028,,179304.0,14699.0,0.0,CAD,Materials,Canada,Stock,equity,web_csv
2026-07-31,GDXJ,VGCX CN,Victoria Gold Corp/Vancouver,CA92625W5072,,1722275.0,1.0,0.0,CAD,Materials,Canada,Stock,equity,web_csv
2026-07-31,GDXJ,ASM AU,Australian Strategic Materials Ltd,AU0000094153,,1.0,1.0,0.0,AUD,Materials,Australia,Stock,equity,web_csv
2026-07-31,GDXJ,-USD CASH-,,CASH,,13872433.0,13872433.0,0.2,USD,,United States,Cash Bal,cash,web_csv
2026-07-31,GDXJ,-HKD CASH-,,CASH,,3972696.0,506618.0,0.01,HKD,,China,Cash Bal,cash,web_csv
2026-07-31,GDXJ,-TRY CASH-,,CASH,,0.0,0.0,0.0,TRY,,Turkey,Cash Bal,cash,web_csv
2026-07-31,GDXJ,-GBP CASH-,,CASH,,582.0,783.0,0.0,GBP,,United Kingdom,Cash Bal,cash,web_csv
2026-07-31,GDXJ,-AUD CASH-,,CASH,,79.0,55.0,0.0,AUD,,Australia,Cash Bal,cash,web_csv
2026-07-31,GDXJ,-CAD CASH-,,CASH,,-1675691.0,-1194490.0,-0.02,CAD,,Canada,Cash Bal,cash,web_csv
2026-07-31,GDXJ,,Other/Cash,CASH,,0.0,-14719189.0,-0.21,USD,,,Cash,cash,web_csv
2026-08-03,GDXJ,EQX,Equinox Gold Corp,CA29446Y5020,,51096316.0,469064181.0,6.68,USD,Materials,Canada,Stock,equity,web_csv
2026-08-03,GDXJ,EVN AU,Evolution Mining Ltd,AU000000EVN4,,54270183.0,436815270.0,6.22,AUD,Materials,Australia,Stock,equity,web_csv
2026-08-03,GDXJ,AGI,Alamos Gold Inc,CA0115321089,,14452507.0,414786951.0,5.91,USD,Materials,Canada,Stock,equity,web_csv
2026-08-03,GDXJ,EDV LN,Endeavour Mining Plc,GB00BL6K5J42,,7659920.0,364009138.0,5.19,GBP,Materials,United Kingdom,Stock,equity,web_csv
2026-08-03,GDXJ,CDE,Coeur Mining Inc,US1921085049,,22192223.0,345310990.0,4.92,USD,Materials,United States,Stock,equity,web_csv
2026-08-03,GDXJ,PE&OLES* MF,Industrias Penoles Sab De Cv,MXP554091415,,4643903.0,212900306.0,3.03,MXN,Materials,Mexico,Stock,equity,web_csv
2026-08-03,GDXJ,EGO,Eldorado Gold Corp,CA2849025093,,5644553.0,181190151.0,2.58,USD,Materials,Turkey,Stock,equity,web_csv
2026-08-03,GDXJ,AG,First Majestic Silver Corp,CA32076V1031,,11285692.0,177185364.0,2.52,USD,Materials,Canada,Stock,equity,web_csv
2026-08-03,GDXJ,HL,Hecla Mining Co,US4227041062,,12003822.0,173215151.0,2.47,USD,Materials,United States,Stock,equity,web_csv
2026-08-03,GDXJ,IAG,Iamgold Corp,CA4509131088,,11644009.0,171749133.0,2.45,USD,Materials,Burkina Faso,Stock,equity,web_csv
2026-08-03,GDXJ,HMY,Harmony Gold Mining Co Ltd,US4132163001,,9511071.0,156647339.0,2.23,USD,Materials,South Africa,Stock,equity,web_csv
2026-08-03,GDXJ,GMIN CN,G Mining Ventures Corp,CA36270K1021,,4793704.0,148025336.0,2.11,CAD,Materials,Canada,Stock,equity,web_csv
2026-08-03,GDXJ,LUG CN,Lundin Gold Inc,CA5503711080,,2524902.0,143235258.0,2.04,CAD,Materials,Canada,Stock,equity,web_csv
2026-08-03,GDXJ,DPM CN,Dundee Precious Metals Inc,CA26139R1091,,3798252.0,135074498.0,1.92,CAD,Materials,Canada,Stock,equity,web_csv
2026-08-03,GDXJ,OGC CN,Oceanagold Corp,CA6752224007,,5062629.0,121962623.0,1.74,CAD,Materials,Canada,Stock,equity,web_csv
2026-08-03,GDXJ,BTG,B2gold Corp,CA11777Q2099,,28840825.0,111037176.0,1.58,USD,Materials,Canada,Stock,equity,web_csv
2026-08-03,GDXJ,1818 HK,Zhaojin Mining Industry Co Ltd,CNE1000004R6,,40877700.0,110533041.0,1.58,HKD,Materials,China,Stock,equity,web_csv
2026-08-03,GDXJ,BVN,Cia De Minas Buenaventura Saa,US2044481040,,3604877.0,109840602.0,1.57,USD,Materials,Peru,Stock,equity,web_csv
2026-08-03,GDXJ,SSRM,Ssr Mining Inc,CA7847301032,,3976114.0,107315317.0,1.53,USD,Materials,Canada,Stock,equity,web_csv
2026-08-03,GDXJ,DSV CN,Discovery Silver Corp,CA25466C1077,,16718355.0,104218008.0,1.49,CAD,Materials,Canada,Stock,equity,web_csv
2026-08-03,GDXJ,OR,Or Royalties Inc,CA68390D1069,,3076860.0,93628850.0,1.33,USD,Materials,Canada,Stock,equity,web_csv
2026-08-03,GDXJ,PRU AU,Perseus Mining Ltd,AU000000PRU3,,24630180.0,83477475.0,1.19,AUD,Materials,Australia,Stock,equity,web_csv
2026-08-03,GDXJ,ARTG CN,Artemis Gold Inc,CA04302L1004,,3417039.0,83402428.0,1.19,CAD,Materials,Canada,Stock,equity,web_csv
2026-08-03,GDXJ,MAU CN,Montage Gold Corp,CA61178L1013,,7104989.0,81464686.0,1.16,CAD,Materials,Côte D'Ivoire,Stock,equity,web_csv
2026-08-03,GDXJ,RMS AU,Ramelius Resources Ltd,AU000000RMS4,,37272052.0,80849364.0,1.15,AUD,Materials,Australia,Stock,equity,web_csv
2026-08-03,GDXJ,GGP AU,Greatland Resources Ltd,AU0000397705,,11070308.0,77515997.0,1.1,AUD,Materials,Australia,Stock,equity,web_csv
2026-08-03,GDXJ,KNT CN,K92 Mining Inc,CA4991131083,,4752167.0,76311325.0,1.09,CAD,Materials,Canada,Stock,equity,web_csv
2026-08-03,GDXJ,GMD AU,Genesis Minerals Ltd,AU000000GMD9,,18174064.0,73900397.0,1.05,AUD,Materials,Australia,Stock,equity,web_csv
2026-08-03,GDXJ,CMM AU,Capricorn Metals Ltd,AU000000CMM9,,7835091.0,69762288.0,0.99,AUD,Materials,Australia,Stock,equity,web_csv
2026-08-03,GDXJ,ARMN,Aris Mining Corp,CA04040Y1097,,4777157.0,68743289.0,0.98,USD,Materials,Colombia,Stock,equity,web_csv
2026-08-03,GDXJ,CGAU,Centerra Gold Inc,CA1520061021,,3858211.0,67943096.0,0.97,USD,Materials,Canada,Stock,equity,web_csv
2026-08-03,GDXJ,VAU AU,Vault Minerals Ltd,AU0000427775,,19804153.0,67207246.0,0.96,AUD,Materials,Australia,Stock,equity,web_csv
2026-08-03,GDXJ,TXG CN,Torex Gold Resources Inc,CA8910546032,,1718114.0,67020198.0,0.96,CAD,Materials,Canada,Stock,equity,web_csv
2026-08-03,GDXJ,AYA CN,Aya Gold & Silver Inc,CA05466C1095,,3204717.0,64313425.0,0.92,CAD,Materials,Canada,Stock,equity,web_csv
2026-08-03,GDXJ,SKE,Skeena Resources Ltd,CA83056P7157,,2362027.0,64010932.0,0.91,USD,Materials,Canada,Stock,equity,web_csv
2026-08-03,GDXJ,WDO CN,Wesdome Gold Mines Ltd/Canada,CA95083R1001,,3318178.0,61514001.0,0.88,CAD,Materials,Canada,Stock,equity,web_csv
2026-08-03,GDXJ,RRL AU,Regis Resources Ltd,AU000000RRL8,,13922227.0,59983414.0,0.85,AUD,Materials,Australia,Stock,equity,web_csv
2026-08-03,GDXJ,FSM,Fortuna Silver Mines Inc,CA3499421020,,6589604.0,57131867.0,0.81,USD,Materials,Canada,Stock,equity,web_csv
2026-08-03,GDXJ,BRMS IJ,Bumi Resources Minerals Tbk Pt,ID1000117609,,1797245900.0,56120384.0,0.8,IDR,Materials,Indonesia,Stock,equity,web_csv
2026-08-03,GDXJ,SA,Seabridge Gold Inc,CA8119271028,,2061107.0,54475058.0,0.78,USD,Materials,Canada,Stock,equity,web_csv
2026-08-03,GDXJ,AUGO,Aura Minerals Inc,VGG069731120,,959165.0,54298331.0,0.77,USD,Materials,United States,Stock,equity,web_csv
2026-08-03,GDXJ,TFPM,Triple Flag Precious Metals Corp,CA89679M1041,,1799543.0,52654628.0,0.75,USD,Materials,Canada,Stock,equity,web_csv
2026-08-03,GDXJ,WGX AU,Westgold Resources Ltd,AU000000WGX6,,15511492.0,51390562.0,0.73,AUD,Materials,Australia,Stock,equity,web_csv
2026-08-03,GDXJ,EMAS IJ,Merdeka Gold Resources Tbk Pt,ID1000211600,,135606100.0,50752394.0,0.72,IDR,Materials,Indonesia,Stock,equity,web_csv
2026-08-03,GDXJ,EXK,Endeavour Silver Corp,CA29258Y1034,,6338468.0,48996358.0,0.7,USD,Materials,Canada,Stock,equity,web_csv
2026-08-03,GDXJ,SVM,Silvercorp Metals Inc,CA82835P1036,,5067311.0,48443493.0,0.69,USD,Materials,Canada,Stock,equity,web_csv
2026-08-03,GDXJ,PAF LN,Pan African Resources Plc,GB0004300496,,37052891.0,47511642.0,0.68,GBP,Materials,United Kingdom,Stock,equity,web_csv
2026-08-03,GDXJ,3939 HK,Wanguo Gold Group Ltd,KYG9430L1150,,35103000.0,47055656.0,0.67,HKD,Materials,China,Stock,equity,web_csv
2026-08-03,GDXJ,HOC LN,Hochschild Mining Plc,GB00B1FW5029,,7289644.0,43393162.0,0.62,GBP,Materials,Peru,Stock,equity,web_csv
2026-08-03,GDXJ,EMR AU,Emerald Resources Nl,AU000000EMR4,,11339480.0,42653312.0,0.61,AUD,Materials,Australia,Stock,equity,web_csv
2026-08-03,GDXJ,PPTA,Perpetua Resources Corp,CA7142661031,,2114132.0,40316497.0,0.57,USD,Materials,United States,Stock,equity,web_csv
2026-08-03,GDXJ,SXGC CN,Southern Cross Gold Consolidated Ltd,CA8426851090,,5944577.0,38841870.0,0.55,CAD,Materials,Canada,Stock,equity,web_csv
2026-08-03,GDXJ,NG,Novagold Resources Inc,CA66987E2069,,6438848.0,38246757.0,0.55,USD,Materials,Canada,Stock,equity,web_csv
2026-08-03,GDXJ,AAUC,Allied Gold Corp,CA01921D2041,,1848459.0,35305567.0,0.5,USD,Materials,Canada,Stock,equity,web_csv
2026-08-03,GDXJ,WAF AU,West African Resources Ltd,AU000000WAF6,,16513931.0,33331054.0,0.48,AUD,Materials,Australia,Stock,equity,web_csv
2026-08-03,GDXJ,PDI AU,Predictive Discovery Ltd,AU000000PDI8,,71759235.0,33266398.0,0.47,AUD,Materials,Australia,Stock,equity,web_csv
2026-08-03,GDXJ,ABRA CN,Abrasilver Resource Corp,CA00379L3048,,3284269.0,32548055.0,0.46,CAD,Materials,Canada,Stock,equity,web_csv
2026-08-03,GDXJ,SGD CN,Snowline Gold Corp,CA83342V1040,,3059399.0,29985661.0,0.43,CAD,Materials,Canada,Stock,equity,web_csv
2026-08-03,GDXJ,HYMC,Hycroft Mining Holding Corp,US44862P2083,,1341388.0,27659421.0,0.39,USD,Materials,United States,Stock,equity,web_csv
2026-08-03,GDXJ,OBM AU,Ora Banda Mining Ltd,AU0000050130,,34018336.0,27592029.0,0.39,AUD,Materials,Australia,Stock,equity,web_csv
2026-08-03,GDXJ,VZLA,Vizsla Silver Corp,CA92859G6085,,8210276.0,26765500.0,0.38,USD,Materials,Canada,Stock,equity,web_csv
2026-08-03,GDXJ,USAS,Americas Gold & Silver Corp,CA03062D8035,,6478160.0,26495674.0,0.38,USD,Materials,Canada,Stock,equity,web_csv
2026-08-03,GDXJ,RSG AU,Resolute Mining Ltd,AU000000RSG6,,37171474.0,24179347.0,0.34,AUD,Materials,Australia,Stock,equity,web_csv
2026-08-03,GDXJ,IAUX,I-80 Gold Corp,CA44955L1067,,17985652.0,24100774.0,0.34,USD,Materials,United States,Stock,equity,web_csv
2026-08-03,GDXJ,CYL AU,Catalyst Metals Ltd,AU000000CYL6,,5838068.0,23543884.0,0.34,AUD,Materials,Australia,Stock,equity,web_csv
2026-08-03,GDXJ,ASM,Avino Silver & Gold Mines Ltd,CA0539061030,,4194706.0,23196724.0,0.33,USD,Materials,Mexico,Stock,equity,web_csv
2026-08-03,GDXJ,MUX,Mcewen Mining Inc,US58039P3055,,1278333.0,22792677.0,0.32,USD,Materials,Canada,Stock,equity,web_csv
2026-08-03,GDXJ,GGD CN,Gogold Resources Inc,CA38045Y1025,,10775079.0,22736027.0,0.32,CAD,Materials,United States,Stock,equity,web_csv
2026-08-03,GDXJ,KOZAL TI,Koza Altin Isletmeleri As,TREKOAL00014,,23883145.0,22640791.0,0.32,TRY,Materials,Turkey,Stock,equity,web_csv
2026-08-03,GDXJ,BGL AU,Bellevue Gold Ltd,AU0000019374,,24823057.0,21855203.0,0.31,AUD,Materials,Australia,Stock,equity,web_csv
2026-08-03,GDXJ,6693 HK,Chifeng Jilong Gold Mining Co Ltd,CNE100006T51,,4999600.0,21357902.0,0.3,HKD,Materials,China,Stock,equity,web_csv
2026-08-03,GDXJ,ALK AU,Alkane Resources Ltd,AU000000ALK9,,23071694.0,21092175.0,0.3,AUD,Materials,Australia,Stock,equity,web_csv
2026-08-03,GDXJ,DRD,Drdgold Ltd,US26152H3012,,969387.0,20279576.0,0.29,USD,Materials,South Africa,Stock,equity,web_csv
2026-08-03,GDXJ,ORE CN,Orezone Gold Corp,CA68616T1093,,12588942.0,19749693.0,0.28,CAD,Materials,Canada,Stock,equity,web_csv
2026-08-03,GDXJ,KCN AU,Kingsgate Consolidated Ltd,AU000000KCN1,,6220386.0,17622865.0,0.25,AUD,Materials,Australia,Stock,equity,web_csv
2026-08-03,GDXJ,340 HK,Tongguan Gold Group Ltd,BMG8919D1074,,59478000.0,16465824.0,0.23,HKD,Materials,China,Stock,equity,web_csv
2026-08-03,GDXJ,DC,Dakota Gold Corp,US46655E1001,,3131892.0,14719892.0,0.21,USD,Materials,Canada,Stock,equity,web_csv
2026-08-03,GDXJ,CNL CN,Collective Mining Ltd,CA19425C1005,,1037188.0,12983654.0,0.19,CAD,Materials,Canada,Stock,equity,web_csv
2026-08-03,GDXJ,MTA,Metalla Royalty & Streaming Ltd,CA59124U6051,,1721331.0,12909983.0,0.18,USD,Materials,Canada,Stock,equity,web_csv
2026-08-03,GDXJ,KOZAA TI,Koza Anadolu Metal Madencilik Isletmele,TREKOZA00014,,4630667.0,12187522.0,0.17,TRY,Materials,Turkey,Stock,equity,web_csv
2026-08-03,GDXJ,OGG,Osisko Gold Group Inc,CA68827X1050,,4929132.0,11829917.0,0.17,USD,Materials,Canada,Stock,equity,web_csv
2026-08-03,GDXJ,GROY,Gold Royalty Corp,CA38071H1064,,4478267.0,11643494.0,0.17,USD,Materials,Canada,Stock,equity,web_csv
2026-08-03,GDXJ,CTGO,Contango Ore Inc,US21077F1003,,712485.0,11378385.0,0.16,USD,Materials,United States,Stock,equity,web_csv
2026-08-03,GDXJ,BC8 AU,Black Cat Syndicate Ltd,AU000000BC88,,15763418.0,10019791.0,0.14,AUD,Materials,Australia,Stock,equity,web_csv
2026-08-03,GDXJ,NFGC,New Found Gold Corp,CA64440N1033,,6875431.0,9969375.0,0.14,USD,Materials,Canada,Stock,equity,web_csv
2026-08-03,GDXJ,IDR,Idaho Strategic Resources Inc,US6458272050,,326496.0,9517358.0,0.14,USD,Materials,United States,Stock,equity,web_csv
2026-08-03,GDXJ,ITRG,Integra Resources Corp,CA45826T5098,,4275602.0,9149788.0,0.13,USD,Materials,Canada,Stock,equity,web_csv
2026-08-03,GDXJ,PNR AU,Pantoro Gold Ltd,AU000000PNR8,,5725972.0,8035043.0,0.11,AUD,Materials,Australia,Stock,equity,web_csv
2026-08-03,GDXJ,SBM AU,St Barbara Ltd,AU000000SBM8,,24059305.0,7541493.0,0.11,AUD,Materials,Australia,Stock,equity,web_csv
2026-08-03,GDXJ,CMCL,Caledonia Mining Corp Plc,JE00BF0XVB15,,369873.0,6961010.0,0.1,USD,Materials,Jersey,Stock,equity,web_csv
2026-08-03,GDXJ,AMI AU,Aurelia Metals Ltd,AU000000AMI1,,29895082.0,6751489.0,0.1,AUD,Materials,Australia,Stock,equity,web_csv
2026-08-03,GDXJ,CNMC SP,Cnmc Goldmine Holdings Ltd,,,6649500.0,6688448.0,0.1,SGD,Materials,Singapore,Stock,equity,web_csv
2026-08-03,GDXJ,GAU,Galiano Gold Inc,CA36352H1001,,3769194.0,6671473.0,0.1,USD,Materials,Canada,Stock,equity,web_csv
2026-08-03,GDXJ,DTR AU,Dateline Resources Ltd,AU000000DTR1,,71227286.0,6231495.0,0.09,AUD,Materials,Australia,Stock,equity,web_csv
2026-08-03,GDXJ,APM CN,Andean Precious Metals Corp,CA03349X1015,,1489176.0,6118265.0,0.09,CAD,Materials,Canada,Stock,equity,web_csv
2026-08-03,GDXJ,ASL AU,Andean Silver Ltd,AU0000343253,,3964554.0,5262174.0,0.08,AUD,Materials,Australia,Stock,equity,web_csv
2026-08-03,GDXJ,VOXR,Vox Royalty Corp,CA92919F1036,,1148782.0,5112080.0,0.07,USD,Materials,Australia,Stock,equity,web_csv
2026-08-03,GDXJ,GLDG,Goldmining Inc,CA38149E1016,,5325551.0,4705124.0,0.07,USD,Materials,Canada,Stock,equity,web_csv
2026-08-03,GDXJ,AZY AU,Antipa Minerals Ltd,AU000000AZY0,,12205189.0,4687339.0,0.07,AUD,Materials,Australia,Stock,equity,web_csv
2026-08-03,GDXJ,USAU,Us Gold Corp,US90291C2017,,320297.0,4474549.0,0.06,USD,Materials,United States,Stock,equity,web_csv
2026-08-03,GDXJ,FDR CN,Founders Metals Inc,CA3505901056,,1472309.0,4288077.0,0.06,CAD,Materials,Canada,Stock,equity,web_csv
2026-08-03,GDXJ,8299 HK,Gt Gold Holdings Ltd,KYG4136P1303,,110376000.0,4097488.0,0.06,HKD,Materials,China,Stock,equity,web_csv
2026-08-03,GDXJ,MEK AU,Meeka Metals Ltd,AU0000192726,,65212573.0,4062664.0,0.06,AUD,Materials,Australia,Stock,equity,web_csv
2026-08-03,GDXJ,WRLG CN,West Red Lake Gold Mines Ltd,CA95556L1013,,8311582.0,4001882.0,0.06,CAD,Materials,Canada,Stock,equity,web_csv
2026-08-03,GDXJ,ARCI IJ,Archi Indonesia Tbk Pt,ID1000161003,,63044300.0,3742510.0,0.05,IDR,Materials,Indonesia,Stock,equity,web_csv
2026-08-03,GDXJ,LUCA CN,Luca Mining Corp,CA54929M1068,,5947321.0,3423511.0,0.05,CAD,Materials,Mexico,Stock,equity,web_csv
2026-08-03,GDXJ,FFX AU,Firefinch Ltd,AU0000114522,,54133739.0,2352857.0,0.03,AUD,Materials,Australia,Stock,equity,web_csv
2026-08-03,GDXJ,VGC CN,Valor Gold Corp,CA9199211066,,984191.0,2327870.0,0.03,CAD,,Canada,Stock,equity,web_csv
2026-08-03,GDXJ,2521181D CN,G3 Goldfields Inc,CA3624211098,,1836796.0,1786219.0,0.03,CAD,,Canada,Stock,equity,web_csv
2026-08-03,GDXJ,PSAB IJ,J Resources Asia Pasific Tbk Pt,ID1000094709,,65776500.0,1566861.0,0.02,IDR,Materials,Indonesia,Stock,equity,web_csv
2026-08-03,GDXJ,FMR CN,Future Mineral Resources Inc,CA3611551043,,168999.0,33712.0,0.0,CAD,Materials,Canada,Stock,equity,web_csv
2026-08-03,GDXJ,NIX CN,Archer Exploration Corp,CA66860Q1028,,179304.0,14690.0,0.0,CAD,Materials,Canada,Stock,equity,web_csv
2026-08-03,GDXJ,VGCX CN,Victoria Gold Corp/Vancouver,CA92625W5072,,1722275.0,1.0,0.0,CAD,Materials,Canada,Stock,equity,web_csv
2026-08-03,GDXJ,ASM AU,Australian Strategic Materials Ltd,AU0000094153,,1.0,1.0,0.0,AUD,Materials,Australia,Stock,equity,web_csv
2026-08-03,GDXJ,-USD CASH-,,CASH,,9444923.0,9444923.0,0.13,USD,,United States,Cash Bal,cash,web_csv
2026-08-03,GDXJ,-TRY CASH-,,CASH,,0.0,0.0,0.0,TRY,,Turkey,Cash Bal,cash,web_csv
2026-08-03,GDXJ,-GBP CASH-,,CASH,,582.0,782.0,0.0,GBP,,United Kingdom,Cash Bal,cash,web_csv
2026-08-03,GDXJ,-AUD CASH-,,CASH,,79.0,55.0,0.0,AUD,,Australia,Cash Bal,cash,web_csv
2026-08-03,GDXJ,-CAD CASH-,,CASH,,-1675691.0,-1193810.0,-0.02,CAD,,Canada,Cash Bal,cash,web_csv
2026-08-03,GDXJ,,Other/Cash,CASH,,0.0,-10053053.0,-0.14,USD,,,Cash,cash,web_csv
2026-08-04,GDXJ,EQX,Equinox Gold Corp,CA29446Y5020,,51096316.0,489502707.0,6.75,USD,Materials,Canada,Stock,equity,web_csv
2026-08-04,GDXJ,EVN AU,Evolution Mining Ltd,AU000000EVN4,,54270183.0,451358314.0,6.22,AUD,Materials,Australia,Stock,equity,web_csv
2026-08-04,GDXJ,AGI,Alamos Gold Inc,CA0115321089,,14452507.0,415654101.0,5.73,USD,Materials,Canada,Stock,equity,web_csv
2026-08-04,GDXJ,EDV LN,Endeavour Mining Plc,GB00BL6K5J42,,7659920.0,374957146.0,5.17,GBP,Materials,United Kingdom,Stock,equity,web_csv
2026-08-04,GDXJ,CDE,Coeur Mining Inc,US1921085049,,22192223.0,359735935.0,4.96,USD,Materials,United States,Stock,equity,web_csv
2026-08-04,GDXJ,PE&OLES* MF,Industrias Penoles Sab De Cv,MXP554091415,,4643903.0,212119006.0,2.92,MXN,Materials,Mexico,Stock,equity,web_csv
2026-08-04,GDXJ,AG,First Majestic Silver Corp,CA32076V1031,,11285692.0,186101061.0,2.57,USD,Materials,Canada,Stock,equity,web_csv
2026-08-04,GDXJ,HL,Hecla Mining Co,US4227041062,,12003822.0,184738821.0,2.55,USD,Materials,United States,Stock,equity,web_csv
2026-08-04,GDXJ,EGO,Eldorado Gold Corp,CA2849025093,,5644553.0,179609676.0,2.48,USD,Materials,Turkey,Stock,equity,web_csv
2026-08-04,GDXJ,IAG,Iamgold Corp,CA4509131088,,11644009.0,172331333.0,2.38,USD,Materials,Burkina Faso,Stock,equity,web_csv
2026-08-04,GDXJ,HMY,Harmony Gold Mining Co Ltd,US4132163001,,9511071.0,160546878.0,2.21,USD,Materials,South Africa,Stock,equity,web_csv
2026-08-04,GDXJ,GMIN CN,G Mining Ventures Corp,CA36270K1021,,4793704.0,156522135.0,2.16,CAD,Materials,Canada,Stock,equity,web_csv
2026-08-04,GDXJ,LUG CN,Lundin Gold Inc,CA5503711080,,2524902.0,146563758.0,2.02,CAD,Materials,Canada,Stock,equity,web_csv
2026-08-04,GDXJ,DPM CN,Dundee Precious Metals Inc,CA26139R1091,,3798252.0,144661862.0,1.99,CAD,Materials,Canada,Stock,equity,web_csv
2026-08-04,GDXJ,OGC CN,Oceanagold Corp,CA6752224007,,5062629.0,127020398.0,1.75,CAD,Materials,Canada,Stock,equity,web_csv
2026-08-04,GDXJ,BVN,Cia De Minas Buenaventura Saa,US2044481040,,3604877.0,116293332.0,1.6,USD,Materials,Peru,Stock,equity,web_csv
2026-08-04,GDXJ,DSV CN,Discovery Silver Corp,CA25466C1077,,16718355.0,113100876.0,1.56,CAD,Materials,Canada,Stock,equity,web_csv
2026-08-04,GDXJ,BTG,B2gold Corp,CA11777Q2099,,28840825.0,112190809.0,1.55,USD,Materials,Canada,Stock,equity,web_csv
2026-08-04,GDXJ,1818 HK,Zhaojin Mining Industry Co Ltd,CNE1000004R6,,40877700.0,110302538.0,1.52,HKD,Materials,China,Stock,equity,web_csv
2026-08-04,GDXJ,SSRM,Ssr Mining Inc,CA7847301032,,3976114.0,105685110.0,1.46,USD,Materials,Canada,Stock,equity,web_csv
2026-08-04,GDXJ,OR,Or Royalties Inc,CA68390D1069,,3076860.0,94644214.0,1.3,USD,Materials,Canada,Stock,equity,web_csv
2026-08-04,GDXJ,MAU CN,Montage Gold Corp,CA61178L1013,,7104989.0,86477938.0,1.19,CAD,Materials,Côte D'Ivoire,Stock,equity,web_csv
2026-08-04,GDXJ,ARTG CN,Artemis Gold Inc,CA04302L1004,,3417039.0,85319629.0,1.18,CAD,Materials,Canada,Stock,equity,web_csv
2026-08-04,GDXJ,PRU AU,Perseus Mining Ltd,AU000000PRU3,,24630180.0,84972255.0,1.17,AUD,Materials,Australia,Stock,equity,web_csv
2026-08-04,GDXJ,RMS AU,Ramelius Resources Ltd,AU000000RMS4,,37272052.0,82423730.0,1.14,AUD,Materials,Australia,Stock,equity,web_csv
2026-08-04,GDXJ,KNT CN,K92 Mining Inc,CA4991131083,,4752167.0,82146653.0,1.13,CAD,Materials,Canada,Stock,equity,web_csv
2026-08-04,GDXJ,GGP AU,Greatland Resources Ltd,AU0000397705,,11070308.0,81013459.0,1.12,AUD,Materials,Australia,Stock,equity,web_csv
2026-08-04,GDXJ,GMD AU,Genesis Minerals Ltd,AU000000GMD9,,18174064.0,76283325.0,1.05,AUD,Materials,Australia,Stock,equity,web_csv
2026-08-04,GDXJ,AYA CN,Aya Gold & Silver Inc,CA05466C1095,,3204717.0,73361404.0,1.01,CAD,Materials,Canada,Stock,equity,web_csv
2026-08-04,GDXJ,CMM AU,Capricorn Metals Ltd,AU000000CMM9,,7835091.0,72356062.0,1.0,AUD,Materials,Australia,Stock,equity,web_csv
2026-08-04,GDXJ,ARMN,Aris Mining Corp,CA04040Y1097,,4777157.0,70271979.0,0.97,USD,Materials,Colombia,Stock,equity,web_csv
2026-08-04,GDXJ,CGAU,Centerra Gold Inc,CA1520061021,,3858211.0,70026530.0,0.97,USD,Materials,Canada,Stock,equity,web_csv
2026-08-04,GDXJ,TXG CN,Torex Gold Resources Inc,CA8910546032,,1718114.0,69030111.0,0.95,CAD,Materials,Canada,Stock,equity,web_csv
2026-08-04,GDXJ,VAU AU,Vault Minerals Ltd,AU0000427775,,19804153.0,68679056.0,0.95,AUD,Materials,Australia,Stock,equity,web_csv
2026-08-04,GDXJ,SKE,Skeena Resources Ltd,CA83056P7157,,2362027.0,67813795.0,0.93,USD,Materials,Canada,Stock,equity,web_csv
2026-08-04,GDXJ,WDO CN,Wesdome Gold Mines Ltd/Canada,CA95083R1001,,3318178.0,66753031.0,0.92,CAD,Materials,Canada,Stock,equity,web_csv
2026-08-04,GDXJ,RRL AU,Regis Resources Ltd,AU000000RRL8,,13922227.0,61132146.0,0.84,AUD,Materials,Australia,Stock,equity,web_csv
2026-08-04,GDXJ,FSM,Fortuna Silver Mines Inc,CA3499421020,,6589604.0,59635916.0,0.82,USD,Materials,Canada,Stock,equity,web_csv
2026-08-04,GDXJ,BRMS IJ,Bumi Resources Minerals Tbk Pt,ID1000117609,,1797245900.0,58311783.0,0.8,IDR,Materials,Indonesia,Stock,equity,web_csv
2026-08-04,GDXJ,SA,Seabridge Gold Inc,CA8119271028,,2061107.0,56226999.0,0.78,USD,Materials,Canada,Stock,equity,web_csv
2026-08-04,GDXJ,AUGO,Aura Minerals Inc,VGG069731120,,959165.0,55430145.0,0.76,USD,Materials,United States,Stock,equity,web_csv
2026-08-04,GDXJ,TFPM,Triple Flag Precious Metals Corp,CA89679M1041,,1799543.0,53806336.0,0.74,USD,Materials,Canada,Stock,equity,web_csv
2026-08-04,GDXJ,WGX AU,Westgold Resources Ltd,AU000000WGX6,,15511492.0,52979757.0,0.73,AUD,Materials,Australia,Stock,equity,web_csv
2026-08-04,GDXJ,EXK,Endeavour Silver Corp,CA29258Y1034,,6338468.0,52799438.0,0.73,USD,Materials,Canada,Stock,equity,web_csv
2026-08-04,GDXJ,EMAS IJ,Merdeka Gold Resources Tbk Pt,ID1000211600,,135606100.0,51861999.0,0.71,IDR,Materials,Indonesia,Stock,equity,web_csv
2026-08-04,GDXJ,SVM,Silvercorp Metals Inc,CA82835P1036,,5067311.0,51737245.0,0.71,USD,Materials,Canada,Stock,equity,web_csv
2026-08-04,GDXJ,PAF LN,Pan African Resources Plc,GB0004300496,,37052891.0,48543957.0,0.67,GBP,Materials,United Kingdom,Stock,equity,web_csv
2026-08-04,GDXJ,3939 HK,Wanguo Gold Group Ltd,KYG9430L1150,,35103000.0,46467315.0,0.64,HKD,Materials,China,Stock,equity,web_csv
2026-08-04,GDXJ,SXGC CN,Southern Cross Gold Consolidated Ltd,CA8426851090,,5944577.0,45205426.0,0.62,CAD,Materials,Canada,Stock,equity,web_csv
2026-08-04,GDXJ,HOC LN,Hochschild Mining Plc,GB00B1FW5029,,7289644.0,44377593.0,0.61,GBP,Materials,Peru,Stock,equity,web_csv
2026-08-04,GDXJ,EMR AU,Emerald Resources Nl,AU000000EMR4,,11339480.0,43786212.0,0.6,AUD,Materials,Australia,Stock,equity,web_csv
2026-08-04,GDXJ,PPTA,Perpetua Resources Corp,CA7142661031,,2114132.0,43720250.0,0.6,USD,Materials,United States,Stock,equity,web_csv
2026-08-04,GDXJ,NG,Novagold Resources Inc,CA66987E2069,,6438848.0,40757908.0,0.56,USD,Materials,Canada,Stock,equity,web_csv
2026-08-04,GDXJ,WAF AU,West African Resources Ltd,AU000000WAF6,,16513931.0,35243025.0,0.49,AUD,Materials,Australia,Stock,equity,web_csv
2026-08-04,GDXJ,AAUC,Allied Gold Corp,CA01921D2041,,1848459.0,34787998.0,0.48,USD,Materials,Canada,Stock,equity,web_csv
2026-08-04,GDXJ,ABRA CN,Abrasilver Resource Corp,CA00379L3048,,3284269.0,33969960.0,0.47,CAD,Materials,Canada,Stock,equity,web_csv
2026-08-04,GDXJ,PDI AU,Predictive Discovery Ltd,AU000000PDI8,,71759235.0,33215006.0,0.46,AUD,Materials,Australia,Stock,equity,web_csv
2026-08-04,GDXJ,SGD CN,Snowline Gold Corp,CA83342V1040,,3059399.0,31839948.0,0.44,CAD,Materials,Canada,Stock,equity,web_csv
2026-08-04,GDXJ,HYMC,Hycroft Mining Holding Corp,US44862P2083,,1341388.0,29993436.0,0.41,USD,Materials,United States,Stock,equity,web_csv
2026-08-04,GDXJ,USAS,Americas Gold & Silver Corp,CA03062D8035,,6478160.0,28439122.0,0.39,USD,Materials,Canada,Stock,equity,web_csv
2026-08-04,GDXJ,VZLA,Vizsla Silver Corp,CA92859G6085,,8210276.0,27914938.0,0.38,USD,Materials,Canada,Stock,equity,web_csv
2026-08-04,GDXJ,OBM AU,Ora Banda Mining Ltd,AU0000050130,,34018336.0,27814830.0,0.38,AUD,Materials,Australia,Stock,equity,web_csv
2026-08-04,GDXJ,IAUX,I-80 Gold Corp,CA44955L1067,,17985652.0,25179913.0,0.35,USD,Materials,United States,Stock,equity,web_csv
2026-08-04,GDXJ,RSG AU,Resolute Mining Ltd,AU000000RSG6,,37171474.0,24918880.0,0.34,AUD,Materials,Australia,Stock,equity,web_csv
2026-08-04,GDXJ,ASM,Avino Silver & Gold Mines Ltd,CA0539061030,,4194706.0,24790712.0,0.34,USD,Materials,Mexico,Stock,equity,web_csv
2026-08-04,GDXJ,CYL AU,Catalyst Metals Ltd,AU000000CYL6,,5838068.0,23971953.0,0.33,AUD,Materials,Australia,Stock,equity,web_csv
2026-08-04,GDXJ,GGD CN,Gogold Resources Inc,CA38045Y1025,,10775079.0,23914812.0,0.33,CAD,Materials,United States,Stock,equity,web_csv
2026-08-04,GDXJ,MUX,Mcewen Mining Inc,US58039P3055,,1278333.0,23866477.0,0.33,USD,Materials,Canada,Stock,equity,web_csv
2026-08-04,GDXJ,KOZAL TI,Koza Altin Isletmeleri As,TREKOAL00014,,23883145.0,23306150.0,0.32,TRY,Materials,Turkey,Stock,equity,web_csv
2026-08-04,GDXJ,BGL AU,Bellevue Gold Ltd,AU0000019374,,24823057.0,22840839.0,0.31,AUD,Materials,Australia,Stock,equity,web_csv
2026-08-04,GDXJ,ALK AU,Alkane Resources Ltd,AU000000ALK9,,23071694.0,21532674.0,0.3,AUD,Materials,Australia,Stock,equity,web_csv
2026-08-04,GDXJ,6693 HK,Chifeng Jilong Gold Mining Co Ltd,CNE100006T51,,4999600.0,20974608.0,0.29,HKD,Materials,China,Stock,equity,web_csv
2026-08-04,GDXJ,DRD,Drdgold Ltd,US26152H3012,,969387.0,20909678.0,0.29,USD,Materials,South Africa,Stock,equity,web_csv
2026-08-04,GDXJ,ORE CN,Orezone Gold Corp,CA68616T1093,,12588942.0,20776344.0,0.29,CAD,Materials,Canada,Stock,equity,web_csv
2026-08-04,GDXJ,KCN AU,Kingsgate Consolidated Ltd,AU000000KCN1,,6220386.0,18020554.0,0.25,AUD,Materials,Australia,Stock,equity,web_csv
2026-08-04,GDXJ,340 HK,Tongguan Gold Group Ltd,BMG8919D1074,,59478000.0,16287104.0,0.22,HKD,Materials,China,Stock,equity,web_csv
2026-08-04,GDXJ,DC,Dakota Gold Corp,US46655E1001,,3131892.0,15722098.0,0.22,USD,Materials,Canada,Stock,equity,web_csv
2026-08-04,GDXJ,MTA,Metalla Royalty & Streaming Ltd,CA59124U6051,,1721331.0,13512448.0,0.19,USD,Materials,Canada,Stock,equity,web_csv
2026-08-04,GDXJ,CNL CN,Collective Mining Ltd,CA19425C1005,,1037188.0,13457805.0,0.19,CAD,Materials,Canada,Stock,equity,web_csv
2026-08-04,GDXJ,KOZAA TI,Koza Anadolu Metal Madencilik Isletmele,TREKOZA00014,,4630667.0,12313752.0,0.17,TRY,Materials,Turkey,Stock,equity,web_csv
2026-08-04,GDXJ,GROY,Gold Royalty Corp,CA38071H1064,,4478267.0,12046538.0,0.17,USD,Materials,Canada,Stock,equity,web_csv
2026-08-04,GDXJ,CTGO,Contango Ore Inc,US21077F1003,,712485.0,11941249.0,0.16,USD,Materials,United States,Stock,equity,web_csv
2026-08-04,GDXJ,OGG,Osisko Gold Group Inc,CA68827X1050,,4929132.0,11928499.0,0.16,USD,Materials,Canada,Stock,equity,web_csv
2026-08-04,GDXJ,BC8 AU,Black Cat Syndicate Ltd,AU000000BC88,,15763418.0,10416065.0,0.14,AUD,Materials,Australia,Stock,equity,web_csv
2026-08-04,GDXJ,IDR,Idaho Strategic Resources Inc,US6458272050,,326496.0,9951598.0,0.14,USD,Materials,United States,Stock,equity,web_csv
2026-08-04,GDXJ,NFGC,New Found Gold Corp,CA64440N1033,,6875431.0,9900621.0,0.14,USD,Materials,Canada,Stock,equity,web_csv
2026-08-04,GDXJ,ITRG,Integra Resources Corp,CA45826T5098,,4275602.0,9449080.0,0.13,USD,Materials,Canada,Stock,equity,web_csv
2026-08-04,GDXJ,PNR AU,Pantoro Gold Ltd,AU000000PNR8,,5725972.0,8469794.0,0.12,AUD,Materials,Australia,Stock,equity,web_csv
2026-08-04,GDXJ,SBM AU,St Barbara Ltd,AU000000SBM8,,24059305.0,8258410.0,0.11,AUD,Materials,Australia,Stock,equity,web_csv
2026-08-04,GDXJ,AMI AU,Aurelia Metals Ltd,AU000000AMI1,,29895082.0,7224779.0,0.1,AUD,Materials,Australia,Stock,equity,web_csv
2026-08-04,GDXJ,CMCL,Caledonia Mining Corp Plc,JE00BF0XVB15,,369873.0,7157043.0,0.1,USD,Materials,Jersey,Stock,equity,web_csv
2026-08-04,GDXJ,GAU,Galiano Gold Inc,CA36352H1001,,3769194.0,6784549.0,0.09,USD,Materials,Canada,Stock,equity,web_csv
2026-08-04,GDXJ,CNMC SP,Cnmc Goldmine Holdings Ltd,,,6649500.0,6720380.0,0.09,SGD,Materials,Singapore,Stock,equity,web_csv
2026-08-04,GDXJ,APM CN,Andean Precious Metals Corp,CA03349X1015,,1489176.0,6695068.0,0.09,CAD,Materials,Canada,Stock,equity,web_csv
2026-08-04,GDXJ,DTR AU,Dateline Resources Ltd,AU000000DTR1,,71227286.0,6266667.0,0.09,AUD,Materials,Australia,Stock,equity,web_csv
2026-08-04,GDXJ,ASL AU,Andean Silver Ltd,AU0000343253,,3964554.0,5404184.0,0.07,AUD,Materials,Australia,Stock,equity,web_csv
2026-08-04,GDXJ,VOXR,Vox Royalty Corp,CA92919F1036,,1148782.0,5249934.0,0.07,USD,Materials,Australia,Stock,equity,web_csv
2026-08-04,GDXJ,GLDG,Goldmining Inc,CA38149E1016,,5325551.0,4791931.0,0.07,USD,Materials,Canada,Stock,equity,web_csv
2026-08-04,GDXJ,AZY AU,Antipa Minerals Ltd,AU000000AZY0,,12205189.0,4791549.0,0.07,AUD,Materials,Australia,Stock,equity,web_csv
2026-08-04,GDXJ,USAU,Us Gold Corp,US90291C2017,,320297.0,4605871.0,0.06,USD,Materials,United States,Stock,equity,web_csv
2026-08-04,GDXJ,MEK AU,Meeka Metals Ltd,AU0000192726,,65212573.0,4246657.0,0.06,AUD,Materials,Australia,Stock,equity,web_csv
2026-08-04,GDXJ,FDR CN,Founders Metals Inc,CA3505901056,,1472309.0,4220811.0,0.06,CAD,Materials,Canada,Stock,equity,web_csv
2026-08-04,GDXJ,WRLG CN,West Red Lake Gold Mines Ltd,CA95556L1013,,8311582.0,4138792.0,0.06,CAD,Materials,Canada,Stock,equity,web_csv
2026-08-04,GDXJ,8299 HK,Gt Gold Holdings Ltd,KYG4136P1303,,110376000.0,4028486.0,0.06,HKD,Materials,China,Stock,equity,web_csv
2026-08-04,GDXJ,LUCA CN,Luca Mining Corp,CA54929M1068,,5947321.0,3849946.0,0.05,CAD,Materials,Mexico,Stock,equity,web_csv
2026-08-04,GDXJ,ARCI IJ,Archi Indonesia Tbk Pt,ID1000161003,,63044300.0,3830477.0,0.05,IDR,Materials,Indonesia,Stock,equity,web_csv
2026-08-04,GDXJ,FFX AU,Firefinch Ltd,AU0000114522,,54133739.0,2366137.0,0.03,AUD,Materials,Australia,Stock,equity,web_csv
2026-08-04,GDXJ,VGC CN,Valor Gold Corp,CA9199211066,,984191.0,2359398.0,0.03,CAD,,Canada,Stock,equity,web_csv
2026-08-04,GDXJ,2521181D CN,G3 Goldfields Inc,CA3624211098,,1836796.0,1783551.0,0.02,CAD,,Canada,Stock,equity,web_csv
2026-08-04,GDXJ,PSAB IJ,J Resources Asia Pasific Tbk Pt,ID1000094709,,65776500.0,1598280.0,0.02,IDR,Materials,Indonesia,Stock,equity,web_csv
2026-08-04,GDXJ,FMR CN,Future Mineral Resources Inc,CA3611551043,,168999.0,33662.0,0.0,CAD,Materials,Canada,Stock,equity,web_csv
2026-08-04,GDXJ,NIX CN,Archer Exploration Corp,CA66860Q1028,,179304.0,17219.0,0.0,CAD,Materials,Canada,Stock,equity,web_csv
2026-08-04,GDXJ,VGCX CN,Victoria Gold Corp/Vancouver,CA92625W5072,,1722275.0,1.0,0.0,CAD,Materials,Canada,Stock,equity,web_csv
2026-08-04,GDXJ,ASM AU,Australian Strategic Materials Ltd,AU0000094153,,1.0,1.0,0.0,AUD,Materials,Australia,Stock,equity,web_csv
2026-08-04,GDXJ,-TRY CASH-,,CASH,,0.0,0.0,0.0,TRY,,Turkey,Cash Bal,cash,web_csv
2026-08-04,GDXJ,-GBP CASH-,,CASH,,582.0,782.0,0.0,GBP,,United Kingdom,Cash Bal,cash,web_csv
2026-08-04,GDXJ,-AUD CASH-,,CASH,,79.0,55.0,0.0,AUD,,Australia,Cash Bal,cash,web_csv
2026-08-04,GDXJ,-USD CASH-,,CASH,,-3957.0,-3957.0,-0.0,USD,,United States,Cash Bal,cash,web_csv
2026-08-04,GDXJ,-CAD CASH-,,CASH,,-1675691.0,-1192026.0,-0.02,CAD,,Canada,Cash Bal,cash,web_csv
2026-08-04,GDXJ,,Other/Cash,CASH,,0.0,-692207.0,-0.01,USD,,,Cash,cash,web_csv
2026-08-05,GDXJ,EQX,Equinox Gold Corp,CA29446Y5020,,51238772.0,528784127.0,6.77,USD,Materials,Canada,Stock,equity,web_csv
2026-08-05,GDXJ,EVN AU,Evolution Mining Ltd,AU000000EVN4,,54421475.0,481976601.0,6.18,AUD,Materials,Australia,Stock,equity,web_csv
2026-08-05,GDXJ,AGI,Alamos Gold Inc,CA0115321089,,14492791.0,453189575.0,5.81,USD,Materials,Canada,Stock,equity,web_csv
2026-08-05,GDXJ,EDV LN,Endeavour Mining Plc,GB00BL6K5J42,,7681264.0,396478629.0,5.08,GBP,Materials,United Kingdom,Stock,equity,web_csv
2026-08-05,GDXJ,CDE,Coeur Mining Inc,US1921085049,,22253859.0,387884762.0,4.97,USD,Materials,United States,Stock,equity,web_csv
2026-08-05,GDXJ,PE&OLES* MF,Industrias Penoles Sab De Cv,MXP554091415,,4656863.0,225034617.0,2.88,MXN,Materials,Mexico,Stock,equity,web_csv
2026-08-05,GDXJ,EGO,Eldorado Gold Corp,CA2849025093,,5660297.0,203770692.0,2.61,USD,Materials,Turkey,Stock,equity,web_csv
2026-08-05,GDXJ,AG,First Majestic Silver Corp,CA32076V1031,,11317136.0,199294765.0,2.55,USD,Materials,Canada,Stock,equity,web_csv
2026-08-05,GDXJ,HL,Hecla Mining Co,US4227041062,,12037302.0,199096975.0,2.55,USD,Materials,United States,Stock,equity,web_csv
2026-08-05,GDXJ,IAG,Iamgold Corp,CA4509131088,,11676469.0,185539092.0,2.38,USD,Materials,Burkina Faso,Stock,equity,web_csv
2026-08-05,GDXJ,HMY,Harmony Gold Mining Co Ltd,US4132163001,,9537559.0,172439067.0,2.21,USD,Materials,South Africa,Stock,equity,web_csv
2026-08-05,GDXJ,GMIN CN,G Mining Ventures Corp,CA36270K1021,,4807204.0,165446392.0,2.12,CAD,Materials,Canada,Stock,equity,web_csv
2026-08-05,GDXJ,LUG CN,Lundin Gold Inc,CA5503711080,,2531942.0,156220253.0,2.0,CAD,Materials,Canada,Stock,equity,web_csv
2026-08-05,GDXJ,DPM CN,Dundee Precious Metals Inc,CA26139R1091,,3808844.0,153744771.0,1.97,CAD,Materials,Canada,Stock,equity,web_csv
2026-08-05,GDXJ,OGC CN,Oceanagold Corp,CA6752224007,,5076745.0,136410702.0,1.75,CAD,Materials,Canada,Stock,equity,web_csv
2026-08-05,GDXJ,DSV CN,Discovery Silver Corp,CA25466C1077,,16765011.0,124725607.0,1.6,CAD,Materials,Canada,Stock,equity,web_csv
2026-08-05,GDXJ,BVN,Cia De Minas Buenaventura Saa,US2044481040,,3614905.0,119291865.0,1.53,USD,Materials,Peru,Stock,equity,web_csv
2026-08-05,GDXJ,1818 HK,Zhaojin Mining Industry Co Ltd,CNE1000004R6,,40991700.0,118653887.0,1.52,HKD,Materials,China,Stock,equity,web_csv
2026-08-05,GDXJ,BTG,B2gold Corp,CA11777Q2099,,28921193.0,118576891.0,1.52,USD,Materials,Canada,Stock,equity,web_csv
2026-08-05,GDXJ,SSRM,Ssr Mining Inc,CA7847301032,,3987190.0,115628510.0,1.48,USD,Materials,Canada,Stock,equity,web_csv
2026-08-05,GDXJ,OR,Or Royalties Inc,CA68390D1069,,3085440.0,99474586.0,1.27,USD,Materials,Canada,Stock,equity,web_csv
2026-08-05,GDXJ,ARTG CN,Artemis Gold Inc,CA04302L1004,,3426571.0,92070994.0,1.18,CAD,Materials,Canada,Stock,equity,web_csv
2026-08-05,GDXJ,MAU CN,Montage Gold Corp,CA61178L1013,,7124821.0,90765935.0,1.16,CAD,Materials,Côte D'Ivoire,Stock,equity,web_csv
2026-08-05,GDXJ,PRU AU,Perseus Mining Ltd,AU000000PRU3,,24698924.0,90593412.0,1.16,AUD,Materials,Australia,Stock,equity,web_csv
2026-08-05,GDXJ,GGP AU,Greatland Resources Ltd,AU0000397705,,11101180.0,89582854.0,1.15,AUD,Materials,Australia,Stock,equity,web_csv
2026-08-05,GDXJ,RMS AU,Ramelius Resources Ltd,AU000000RMS4,,37375924.0,89097981.0,1.14,AUD,Materials,Australia,Stock,equity,web_csv
2026-08-05,GDXJ,KNT CN,K92 Mining Inc,CA4991131083,,4765423.0,89023452.0,1.14,CAD,Materials,Canada,Stock,equity,web_csv
2026-08-05,GDXJ,GMD AU,Genesis Minerals Ltd,AU000000GMD9,,18224752.0,83148640.0,1.07,AUD,Materials,Australia,Stock,equity,web_csv
2026-08-05,GDXJ,CMM AU,Capricorn Metals Ltd,AU000000CMM9,,7856943.0,80852866.0,1.04,AUD,Materials,Australia,Stock,equity,web_csv
2026-08-05,GDXJ,AYA CN,Aya Gold & Silver Inc,CA05466C1095,,3213661.0,80504850.0,1.03,CAD,Materials,Canada,Stock,equity,web_csv
2026-08-05,GDXJ,CGAU,Centerra Gold Inc,CA1520061021,,3868947.0,75289709.0,0.96,USD,Materials,Canada,Stock,equity,web_csv
2026-08-05,GDXJ,ARMN,Aris Mining Corp,CA04040Y1097,,4790465.0,74874968.0,0.96,USD,Materials,Colombia,Stock,equity,web_csv
2026-08-05,GDXJ,VAU AU,Vault Minerals Ltd,AU0000427775,,19859381.0,74536394.0,0.96,AUD,Materials,Australia,Stock,equity,web_csv
2026-08-05,GDXJ,TXG CN,Torex Gold Resources Inc,CA8910546032,,1722902.0,74522470.0,0.95,CAD,Materials,Canada,Stock,equity,web_csv
2026-08-05,GDXJ,WDO CN,Wesdome Gold Mines Ltd/Canada,CA95083R1001,,3327430.0,73101640.0,0.94,CAD,Materials,Canada,Stock,equity,web_csv
2026-08-05,GDXJ,SKE,Skeena Resources Ltd,CA83056P7157,,2368611.0,72455810.0,0.93,USD,Materials,Canada,Stock,equity,web_csv
2026-08-05,GDXJ,RRL AU,Regis Resources Ltd,AU000000RRL8,,13961079.0,66298592.0,0.85,AUD,Materials,Australia,Stock,equity,web_csv
2026-08-05,GDXJ,FSM,Fortuna Silver Mines Inc,CA3499421020,,6607976.0,63436570.0,0.81,USD,Materials,Canada,Stock,equity,web_csv
2026-08-05,GDXJ,AUGO,Aura Minerals Inc,VGG069731120,,961837.0,63250401.0,0.81,USD,Materials,United States,Stock,equity,web_csv
2026-08-05,GDXJ,BRMS IJ,Bumi Resources Minerals Tbk Pt,ID1000117609,,1802259100.0,61463388.0,0.79,IDR,Materials,Indonesia,Stock,equity,web_csv
2026-08-05,GDXJ,SA,Seabridge Gold Inc,CA8119271028,,2066851.0,60248707.0,0.77,USD,Materials,Canada,Stock,equity,web_csv
2026-08-05,GDXJ,WGX AU,Westgold Resources Ltd,AU000000WGX6,,15554724.0,56995760.0,0.73,AUD,Materials,Australia,Stock,equity,web_csv
2026-08-05,GDXJ,EXK,Endeavour Silver Corp,CA29258Y1034,,6356112.0,56950764.0,0.73,USD,Materials,Canada,Stock,equity,web_csv
2026-08-05,GDXJ,TFPM,Triple Flag Precious Metals Corp,CA89679M1041,,1804555.0,56428435.0,0.72,USD,Materials,Canada,Stock,equity,web_csv
2026-08-05,GDXJ,EMAS IJ,Merdeka Gold Resources Tbk Pt,ID1000211600,,135984100.0,56141968.0,0.72,IDR,Materials,Indonesia,Stock,equity,web_csv
2026-08-05,GDXJ,SVM,Silvercorp Metals Inc,CA82835P1036,,5081419.0,54980954.0,0.7,USD,Materials,Canada,Stock,equity,web_csv
2026-08-05,GDXJ,PAF LN,Pan African Resources Plc,GB0004300496,,37172819.0,51947061.0,0.67,GBP,Materials,United Kingdom,Stock,equity,web_csv
2026-08-05,GDXJ,3939 HK,Wanguo Gold Group Ltd,KYG9430L1150,,35201000.0,51625275.0,0.66,HKD,Materials,China,Stock,equity,web_csv
2026-08-05,GDXJ,PPTA,Perpetua Resources Corp,CA7142661031,,2120024.0,48612150.0,0.62,USD,Materials,United States,Stock,equity,web_csv
2026-08-05,GDXJ,EMR AU,Emerald Resources Nl,AU000000EMR4,,11371092.0,47680097.0,0.61,AUD,Materials,Australia,Stock,equity,web_csv
2026-08-05,GDXJ,HOC LN,Hochschild Mining Plc,GB00B1FW5029,,7309976.0,46954508.0,0.6,GBP,Materials,Peru,Stock,equity,web_csv
2026-08-05,GDXJ,SXGC CN,Southern Cross Gold Consolidated Ltd,CA8426851090,,5961161.0,45411890.0,0.58,CAD,Materials,Canada,Stock,equity,web_csv
2026-08-05,GDXJ,NG,Novagold Resources Inc,CA66987E2069,,6456796.0,44487324.0,0.57,USD,Materials,Canada,Stock,equity,web_csv
2026-08-05,GDXJ,WAF AU,West African Resources Ltd,AU000000WAF6,,16559915.0,37145590.0,0.48,AUD,Materials,Australia,Stock,equity,web_csv
2026-08-05,GDXJ,PDI AU,Predictive Discovery Ltd,AU000000PDI8,,71959371.0,36794333.0,0.47,AUD,Materials,Australia,Stock,equity,web_csv
2026-08-05,GDXJ,ABRA CN,Abrasilver Resource Corp,CA00379L3048,,3293421.0,36623584.0,0.47,CAD,Materials,Canada,Stock,equity,web_csv
2026-08-05,GDXJ,AAUC,Allied Gold Corp,CA01921D2041,,1853607.0,36478986.0,0.47,USD,Materials,Canada,Stock,equity,web_csv
2026-08-05,GDXJ,SGD CN,Snowline Gold Corp,CA83342V1040,,3067935.0,33744112.0,0.43,CAD,Materials,Canada,Stock,equity,web_csv
2026-08-05,GDXJ,HYMC,Hycroft Mining Holding Corp,US44862P2083,,1345124.0,32928636.0,0.42,USD,Materials,United States,Stock,equity,web_csv
2026-08-05,GDXJ,USAS,Americas Gold & Silver Corp,CA03062D8035,,6496212.0,31246780.0,0.4,USD,Materials,Canada,Stock,equity,web_csv
2026-08-05,GDXJ,OBM AU,Ora Banda Mining Ltd,AU0000050130,,34113212.0,30302485.0,0.39,AUD,Materials,Australia,Stock,equity,web_csv
2026-08-05,GDXJ,VZLA,Vizsla Silver Corp,CA92859G6085,,8233152.0,29557016.0,0.38,USD,Materials,Canada,Stock,equity,web_csv
2026-08-05,GDXJ,ASM,Avino Silver & Gold Mines Ltd,CA0539061030,,4206394.0,27257433.0,0.35,USD,Materials,Mexico,Stock,equity,web_csv
2026-08-05,GDXJ,IAUX,I-80 Gold Corp,CA44955L1067,,18035768.0,27234010.0,0.35,USD,Materials,United States,Stock,equity,web_csv
2026-08-05,GDXJ,RSG AU,Resolute Mining Ltd,AU000000RSG6,,37275206.0,26225668.0,0.34,AUD,Materials,Australia,Stock,equity,web_csv
2026-08-05,GDXJ,GGD CN,Gogold Resources Inc,CA38045Y1025,,10805131.0,26204533.0,0.34,CAD,Materials,United States,Stock,equity,web_csv
2026-08-05,GDXJ,BGL AU,Bellevue Gold Ltd,AU0000019374,,24892301.0,25390768.0,0.33,AUD,Materials,Australia,Stock,equity,web_csv
2026-08-05,GDXJ,MUX,Mcewen Mining Inc,US58039P3055,,1281893.0,25266111.0,0.32,USD,Materials,Canada,Stock,equity,web_csv
2026-08-05,GDXJ,CYL AU,Catalyst Metals Ltd,AU000000CYL6,,5854352.0,25167571.0,0.32,AUD,Materials,Australia,Stock,equity,web_csv
2026-08-05,GDXJ,KOZAL TI,Koza Altin Isletmeleri As,TREKOAL00014,,23949753.0,24583654.0,0.32,TRY,Materials,Turkey,Stock,equity,web_csv
2026-08-05,GDXJ,ALK AU,Alkane Resources Ltd,AU000000ALK9,,23136102.0,23142699.0,0.3,AUD,Materials,Australia,Stock,equity,web_csv
2026-08-05,GDXJ,6693 HK,Chifeng Jilong Gold Mining Co Ltd,CNE100006T51,,5013200.0,22763101.0,0.29,HKD,Materials,China,Stock,equity,web_csv
2026-08-05,GDXJ,ORE CN,Orezone Gold Corp,CA68616T1093,,12624086.0,22601702.0,0.29,CAD,Materials,Canada,Stock,equity,web_csv
2026-08-05,GDXJ,DRD,Drdgold Ltd,US26152H3012,,972095.0,22231813.0,0.28,USD,Materials,South Africa,Stock,equity,web_csv
2026-08-05,GDXJ,KCN AU,Kingsgate Consolidated Ltd,AU000000KCN1,,6237726.0,18649411.0,0.24,AUD,Materials,Australia,Stock,equity,web_csv
2026-08-05,GDXJ,340 HK,Tongguan Gold Group Ltd,BMG8919D1074,,59646000.0,18118272.0,0.23,HKD,Materials,China,Stock,equity,web_csv
2026-08-05,GDXJ,DC,Dakota Gold Corp,US46655E1001,,3140620.0,16833723.0,0.22,USD,Materials,Canada,Stock,equity,web_csv
2026-08-05,GDXJ,MTA,Metalla Royalty & Streaming Ltd,CA59124U6051,,1726127.0,14482206.0,0.19,USD,Materials,Canada,Stock,equity,web_csv
2026-08-05,GDXJ,CNL CN,Collective Mining Ltd,CA19425C1005,,1040080.0,13576421.0,0.17,CAD,Materials,Canada,Stock,equity,web_csv
2026-08-05,GDXJ,OGG,Osisko Gold Group Inc,CA68827X1050,,4942864.0,13345733.0,0.17,USD,Materials,Canada,Stock,equity,web_csv
2026-08-05,GDXJ,KOZAA TI,Koza Anadolu Metal Madencilik Isletmele,TREKOZA00014,,4643583.0,13201795.0,0.17,TRY,Materials,Turkey,Stock,equity,web_csv
2026-08-05,GDXJ,CTGO,Contango Ore Inc,US21077F1003,,714469.0,13003336.0,0.17,USD,Materials,United States,Stock,equity,web_csv
2026-08-05,GDXJ,GROY,Gold Royalty Corp,CA38071H1064,,4490747.0,12978259.0,0.17,USD,Materials,Canada,Stock,equity,web_csv
2026-08-05,GDXJ,BC8 AU,Black Cat Syndicate Ltd,AU000000BC88,,15807382.0,11194172.0,0.14,AUD,Materials,Australia,Stock,equity,web_csv
2026-08-05,GDXJ,IDR,Idaho Strategic Resources Inc,US6458272050,,327404.0,10846895.0,0.14,USD,Materials,United States,Stock,equity,web_csv
2026-08-05,GDXJ,NFGC,New Found Gold Corp,CA64440N1033,,6894603.0,10617689.0,0.14,USD,Materials,Canada,Stock,equity,web_csv
2026-08-05,GDXJ,ITRG,Integra Resources Corp,CA45826T5098,,4287522.0,10247178.0,0.13,USD,Materials,Canada,Stock,equity,web_csv
2026-08-05,GDXJ,SBM AU,St Barbara Ltd,AU000000SBM8,,24126405.0,9117750.0,0.12,AUD,Materials,Australia,Stock,equity,web_csv
2026-08-05,GDXJ,PNR AU,Pantoro Gold Ltd,AU000000PNR8,,5741948.0,8999483.0,0.12,AUD,Materials,Australia,Stock,equity,web_csv
2026-08-05,GDXJ,CMCL,Caledonia Mining Corp Plc,JE00BF0XVB15,,370905.0,7674024.0,0.1,USD,Materials,Jersey,Stock,equity,web_csv
2026-08-05,GDXJ,AMI AU,Aurelia Metals Ltd,AU000000AMI1,,29978438.0,7618866.0,0.1,AUD,Materials,Australia,Stock,equity,web_csv
2026-08-05,GDXJ,GAU,Galiano Gold Inc,CA36352H1001,,3779694.0,7294809.0,0.09,USD,Materials,Canada,Stock,equity,web_csv
2026-08-05,GDXJ,APM CN,Andean Precious Metals Corp,CA03349X1015,,1493332.0,7285845.0,0.09,CAD,Materials,Canada,Stock,equity,web_csv
2026-08-05,GDXJ,CNMC SP,Cnmc Goldmine Holdings Ltd,,,6667900.0,7006806.0,0.09,SGD,Materials,Singapore,Stock,equity,web_csv
2026-08-05,GDXJ,DTR AU,Dateline Resources Ltd,AU000000DTR1,,71425994.0,6301113.0,0.08,AUD,Materials,Australia,Stock,equity,web_csv
2026-08-05,GDXJ,ASL AU,Andean Silver Ltd,AU0000343253,,3975614.0,5808168.0,0.07,AUD,Materials,Australia,Stock,equity,web_csv
2026-08-05,GDXJ,VOXR,Vox Royalty Corp,CA92919F1036,,1151982.0,5679271.0,0.07,USD,Materials,Australia,Stock,equity,web_csv
2026-08-05,GDXJ,AZY AU,Antipa Minerals Ltd,AU000000AZY0,,12239201.0,5059645.0,0.06,AUD,Materials,Australia,Stock,equity,web_csv
2026-08-05,GDXJ,GLDG,Goldmining Inc,CA38149E1016,,5340387.0,5018362.0,0.06,USD,Materials,Canada,Stock,equity,web_csv
2026-08-05,GDXJ,MEK AU,Meeka Metals Ltd,AU0000192726,,65394349.0,4848598.0,0.06,AUD,Materials,Australia,Stock,equity,web_csv
2026-08-05,GDXJ,USAU,Us Gold Corp,US90291C2017,,321189.0,4821047.0,0.06,USD,Materials,United States,Stock,equity,web_csv
2026-08-05,GDXJ,FDR CN,Founders Metals Inc,CA3505901056,,1476409.0,4559971.0,0.06,CAD,Materials,Canada,Stock,equity,web_csv
2026-08-05,GDXJ,WRLG CN,West Red Lake Gold Mines Ltd,CA95556L1013,,8334754.0,4458836.0,0.06,CAD,Materials,Canada,Stock,equity,web_csv
2026-08-05,GDXJ,8299 HK,Gt Gold Holdings Ltd,KYG4136P1303,,110664000.0,4278593.0,0.05,HKD,Materials,China,Stock,equity,web_csv
2026-08-05,GDXJ,ARCI IJ,Archi Indonesia Tbk Pt,ID1000161003,,63219100.0,4080178.0,0.05,IDR,Materials,Indonesia,Stock,equity,web_csv
2026-08-05,GDXJ,LUCA CN,Luca Mining Corp,CA54929M1068,,5963917.0,4041315.0,0.05,CAD,Materials,Mexico,Stock,equity,web_csv
2026-08-05,GDXJ,VGC CN,Valor Gold Corp,CA9199211066,,986935.0,2421667.0,0.03,CAD,,Canada,Stock,equity,web_csv
2026-08-05,GDXJ,FFX AU,Firefinch Ltd,AU0000114522,,54133739.0,2372524.0,0.03,AUD,Materials,Australia,Stock,equity,web_csv
2026-08-05,GDXJ,2521181D CN,G3 Goldfields Inc,CA3624211098,,1836796.0,1788385.0,0.02,CAD,,Canada,Stock,equity,web_csv
2026-08-05,GDXJ,PSAB IJ,J Resources Asia Pasific Tbk Pt,ID1000094709,,65960100.0,1669318.0,0.02,IDR,Materials,Indonesia,Stock,equity,web_csv
2026-08-05,GDXJ,FMR CN,Future Mineral Resources Inc,CA3611551043,,168999.0,33753.0,0.0,CAD,Materials,Canada,Stock,equity,web_csv
2026-08-05,GDXJ,NIX CN,Archer Exploration Corp,CA66860Q1028,,179304.0,19184.0,0.0,CAD,Materials,Canada,Stock,equity,web_csv
2026-08-05,GDXJ,VGCX CN,Victoria Gold Corp/Vancouver,CA92625W5072,,1722275.0,1.0,0.0,CAD,Materials,Canada,Stock,equity,web_csv
2026-08-05,GDXJ,ASM AU,Australian Strategic Materials Ltd,AU0000094153,,1.0,1.0,0.0,AUD,Materials,Australia,Stock,equity,web_csv
2026-08-05,GDXJ,-USD CASH-,,CASH,,326.0,326.0,0.0,USD,,United States,Cash Bal,cash,web_csv
2026-08-05,GDXJ,-TRY CASH-,,CASH,,0.0,0.0,0.0,TRY,,Turkey,Cash Bal,cash,web_csv
2026-08-05,GDXJ,-GBP CASH-,,CASH,,582.0,784.0,0.0,GBP,,United Kingdom,Cash Bal,cash,web_csv
2026-08-05,GDXJ,-AUD CASH-,,CASH,,79.0,55.0,0.0,AUD,,Australia,Cash Bal,cash,web_csv
2026-08-05,GDXJ,-CAD CASH-,,CASH,,-1675691.0,-1195257.0,-0.02,CAD,,Canada,Cash Bal,cash,web_csv
2026-08-05,GDXJ,,Other/Cash,CASH,,0.0,-790908.0,-0.01,USD,,,Cash,cash,web_csv
2026-08-06,GDXJ,EQX,Equinox Gold Corp,CA29446Y5020,,51309998.0,551069379.0,7.02,USD,Materials,Canada,Stock,equity,web_csv
2026-08-06,GDXJ,EVN AU,Evolution Mining Ltd,AU000000EVN4,,54497119.0,498507698.0,6.35,AUD,Materials,Australia,Stock,equity,web_csv
2026-08-06,GDXJ,AGI,Alamos Gold Inc,CA0115321089,,14512931.0,451352154.0,5.75,USD,Materials,Canada,Stock,equity,web_csv
2026-08-06,GDXJ,EDV LN,Endeavour Mining Plc,GB00BL6K5J42,,7691934.0,402136848.0,5.12,GBP,Materials,United Kingdom,Stock,equity,web_csv
2026-08-06,GDXJ,CDE,Coeur Mining Inc,US1921085049,,22284675.0,348755164.0,4.44,USD,Materials,United States,Stock,equity,web_csv
2026-08-06,GDXJ,PE&OLES* MF,Industrias Penoles Sab De Cv,MXP554091415,,4663343.0,230307451.0,2.93,MXN,Materials,Mexico,Stock,equity,web_csv
2026-08-06,GDXJ,EGO,Eldorado Gold Corp,CA2849025093,,5668169.0,203657312.0,2.59,USD,Materials,Turkey,Stock,equity,web_csv
2026-08-06,GDXJ,AG,First Majestic Silver Corp,CA32076V1031,,11332858.0,195831786.0,2.5,USD,Materials,Canada,Stock,equity,web_csv
2026-08-06,GDXJ,HL,Hecla Mining Co,US4227041062,,12054042.0,191177106.0,2.44,USD,Materials,United States,Stock,equity,web_csv
2026-08-06,GDXJ,IAG,Iamgold Corp,CA4509131088,,11692699.0,187433965.0,2.39,USD,Materials,Burkina Faso,Stock,equity,web_csv
2026-08-06,GDXJ,HMY,Harmony Gold Mining Co Ltd,US4132163001,,9550803.0,172391994.0,2.2,USD,Materials,South Africa,Stock,equity,web_csv
2026-08-06,GDXJ,GMIN CN,G Mining Ventures Corp,CA36270K1021,,4813954.0,162668129.0,2.07,CAD,Materials,Canada,Stock,equity,web_csv
2026-08-06,GDXJ,DPM CN,Dundee Precious Metals Inc,CA26139R1091,,3814140.0,157744877.0,2.01,CAD,Materials,Canada,Stock,equity,web_csv
2026-08-06,GDXJ,LUG CN,Lundin Gold Inc,CA5503711080,,2535462.0,156776775.0,2.0,CAD,Materials,Canada,Stock,equity,web_csv
2026-08-06,GDXJ,OGC CN,Oceanagold Corp,CA6752224007,,5083803.0,133317717.0,1.7,CAD,Materials,Canada,Stock,equity,web_csv
2026-08-06,GDXJ,DSV CN,Discovery Silver Corp,CA25466C1077,,16788339.0,125839206.0,1.6,CAD,Materials,Canada,Stock,equity,web_csv
2026-08-06,GDXJ,1818 HK,Zhaojin Mining Industry Co Ltd,CNE1000004R6,,41048700.0,122307346.0,1.56,HKD,Materials,China,Stock,equity,web_csv
2026-08-06,GDXJ,BTG,B2gold Corp,CA11777Q2099,,28961377.0,118452032.0,1.51,USD,Materials,Canada,Stock,equity,web_csv
2026-08-06,GDXJ,BVN,Cia De Minas Buenaventura Saa,US2044481040,,3619919.0,117864563.0,1.5,USD,Materials,Peru,Stock,equity,web_csv
2026-08-06,GDXJ,SSRM,Ssr Mining Inc,CA7847301032,,3992728.0,114870785.0,1.46,USD,Materials,Canada,Stock,equity,web_csv
2026-08-06,GDXJ,OR,Or Royalties Inc,CA68390D1069,,3089730.0,99334820.0,1.27,USD,Materials,Canada,Stock,equity,web_csv
2026-08-06,GDXJ,ARTG CN,Artemis Gold Inc,CA04302L1004,,3431337.0,98254952.0,1.25,CAD,Materials,Canada,Stock,equity,web_csv
2026-08-06,GDXJ,RMS AU,Ramelius Resources Ltd,AU000000RMS4,,37427858.0,91667275.0,1.17,AUD,Materials,Australia,Stock,equity,web_csv
2026-08-06,GDXJ,PRU AU,Perseus Mining Ltd,AU000000PRU3,,24733294.0,91395693.0,1.16,AUD,Materials,Australia,Stock,equity,web_csv
2026-08-06,GDXJ,KNT CN,K92 Mining Inc,CA4991131083,,4772051.0,91108516.0,1.16,CAD,Materials,Canada,Stock,equity,web_csv
2026-08-06,GDXJ,MAU CN,Montage Gold Corp,CA61178L1013,,7134737.0,90777526.0,1.16,CAD,Materials,Côte D'Ivoire,Stock,equity,web_csv
2026-08-06,GDXJ,GGP AU,Greatland Resources Ltd,AU0000397705,,11116616.0,89852401.0,1.14,AUD,Materials,Australia,Stock,equity,web_csv
2026-08-06,GDXJ,GMD AU,Genesis Minerals Ltd,AU000000GMD9,,18250094.0,86267147.0,1.1,AUD,Materials,Australia,Stock,equity,web_csv
2026-08-06,GDXJ,CMM AU,Capricorn Metals Ltd,AU000000CMM9,,7867869.0,81308604.0,1.04,AUD,Materials,Australia,Stock,equity,web_csv
2026-08-06,GDXJ,AYA CN,Aya Gold & Silver Inc,CA05466C1095,,3218133.0,80995552.0,1.03,CAD,Materials,Canada,Stock,equity,web_csv
2026-08-06,GDXJ,VAU AU,Vault Minerals Ltd,AU0000427775,,19886995.0,77520956.0,0.99,AUD,Materials,Australia,Stock,equity,web_csv
2026-08-06,GDXJ,CGAU,Centerra Gold Inc,CA1520061021,,3874315.0,76750180.0,0.98,USD,Materials,Canada,Stock,equity,web_csv
2026-08-06,GDXJ,WDO CN,Wesdome Gold Mines Ltd/Canada,CA95083R1001,,3332056.0,76044497.0,0.97,CAD,Materials,Canada,Stock,equity,web_csv
2026-08-06,GDXJ,ARMN,Aris Mining Corp,CA04040Y1097,,4797119.0,75410711.0,0.96,USD,Materials,Colombia,Stock,equity,web_csv
2026-08-06,GDXJ,TXG CN,Torex Gold Resources Inc,CA8910546032,,1725296.0,73594090.0,0.94,CAD,Materials,Canada,Stock,equity,web_csv
2026-08-06,GDXJ,SKE,Skeena Resources Ltd,CA83056P7157,,2371903.0,73196927.0,0.93,USD,Materials,Canada,Stock,equity,web_csv
2026-08-06,GDXJ,RRL AU,Regis Resources Ltd,AU000000RRL8,,13980503.0,69382270.0,0.88,AUD,Materials,Australia,Stock,equity,web_csv
2026-08-06,GDXJ,FSM,Fortuna Silver Mines Inc,CA3499421020,,6617160.0,63260050.0,0.81,USD,Materials,Canada,Stock,equity,web_csv
2026-08-06,GDXJ,AUGO,Aura Minerals Inc,VGG069731120,,963173.0,63213044.0,0.81,USD,Materials,United States,Stock,equity,web_csv
2026-08-06,GDXJ,BRMS IJ,Bumi Resources Minerals Tbk Pt,ID1000117609,,1804765700.0,61528938.0,0.78,IDR,Materials,Indonesia,Stock,equity,web_csv
2026-08-06,GDXJ,SA,Seabridge Gold Inc,CA8119271028,,2069723.0,60042664.0,0.77,USD,Materials,Canada,Stock,equity,web_csv
2026-08-06,GDXJ,WGX AU,Westgold Resources Ltd,AU000000WGX6,,15576340.0,59623204.0,0.76,AUD,Materials,Australia,Stock,equity,web_csv
2026-08-06,GDXJ,TFPM,Triple Flag Precious Metals Corp,CA89679M1041,,1807061.0,58024729.0,0.74,USD,Materials,Canada,Stock,equity,web_csv
2026-08-06,GDXJ,EMAS IJ,Merdeka Gold Resources Tbk Pt,ID1000211600,,136173100.0,57597192.0,0.73,IDR,Materials,Indonesia,Stock,equity,web_csv
2026-08-06,GDXJ,EXK,Endeavour Silver Corp,CA29258Y1034,,6364934.0,56202367.0,0.72,USD,Materials,Canada,Stock,equity,web_csv
2026-08-06,GDXJ,SVM,Silvercorp Metals Inc,CA82835P1036,,5088473.0,54904624.0,0.7,USD,Materials,Canada,Stock,equity,web_csv
2026-08-06,GDXJ,3939 HK,Wanguo Gold Group Ltd,KYG9430L1150,,35250000.0,53937229.0,0.69,HKD,Materials,China,Stock,equity,web_csv
2026-08-06,GDXJ,PAF LN,Pan African Resources Plc,GB0004300496,,37232781.0,51204719.0,0.65,GBP,Materials,United Kingdom,Stock,equity,web_csv
2026-08-06,GDXJ,PPTA,Perpetua Resources Corp,CA7142661031,,2122970.0,48467405.0,0.62,USD,Materials,United States,Stock,equity,web_csv
2026-08-06,GDXJ,EMR AU,Emerald Resources Nl,AU000000EMR4,,11386896.0,47843642.0,0.61,AUD,Materials,Australia,Stock,equity,web_csv
2026-08-06,GDXJ,HOC LN,Hochschild Mining Plc,GB00B1FW5029,,7320142.0,47314495.0,0.6,GBP,Materials,Peru,Stock,equity,web_csv
2026-08-06,GDXJ,SXGC CN,Southern Cross Gold Consolidated Ltd,CA8426851090,,5969453.0,46362617.0,0.59,CAD,Materials,Canada,Stock,equity,web_csv
2026-08-06,GDXJ,NG,Novagold Resources Inc,CA66987E2069,,6465770.0,44613813.0,0.57,USD,Materials,Canada,Stock,equity,web_csv
2026-08-06,GDXJ,WAF AU,West African Resources Ltd,AU000000WAF6,,16582907.0,38698226.0,0.49,AUD,Materials,Australia,Stock,equity,web_csv
2026-08-06,GDXJ,AAUC,Allied Gold Corp,CA01921D2041,,1856181.0,38367261.0,0.49,USD,Materials,Canada,Stock,equity,web_csv
2026-08-06,GDXJ,PDI AU,Predictive Discovery Ltd,AU000000PDI8,,72059435.0,36668441.0,0.47,AUD,Materials,Australia,Stock,equity,web_csv
2026-08-06,GDXJ,ABRA CN,Abrasilver Resource Corp,CA00379L3048,,3297997.0,36575155.0,0.47,CAD,Materials,Canada,Stock,equity,web_csv
2026-08-06,GDXJ,SGD CN,Snowline Gold Corp,CA83342V1040,,3072203.0,32712613.0,0.42,CAD,Materials,Canada,Stock,equity,web_csv
2026-08-06,GDXJ,HYMC,Hycroft Mining Holding Corp,US44862P2083,,1346992.0,32058410.0,0.41,USD,Materials,United States,Stock,equity,web_csv
2026-08-06,GDXJ,OBM AU,Ora Banda Mining Ltd,AU0000050130,,34160650.0,31572801.0,0.4,AUD,Materials,Australia,Stock,equity,web_csv
2026-08-06,GDXJ,USAS,Americas Gold & Silver Corp,CA03062D8035,,6505238.0,30379461.0,0.39,USD,Materials,Canada,Stock,equity,web_csv
2026-08-06,GDXJ,VZLA,Vizsla Silver Corp,CA92859G6085,,8244590.0,29103403.0,0.37,USD,Materials,Canada,Stock,equity,web_csv
2026-08-06,GDXJ,IAUX,I-80 Gold Corp,CA44955L1067,,18060826.0,27452456.0,0.35,USD,Materials,United States,Stock,equity,web_csv
2026-08-06,GDXJ,GGD CN,Gogold Resources Inc,CA38045Y1025,,10820157.0,27240420.0,0.35,CAD,Materials,United States,Stock,equity,web_csv
2026-08-06,GDXJ,ASM,Avino Silver & Gold Mines Ltd,CA0539061030,,4212238.0,26874078.0,0.34,USD,Materials,Mexico,Stock,equity,web_csv
2026-08-06,GDXJ,RSG AU,Resolute Mining Ltd,AU000000RSG6,,37327070.0,26803172.0,0.34,AUD,Materials,Australia,Stock,equity,web_csv
2026-08-06,GDXJ,CYL AU,Catalyst Metals Ltd,AU000000CYL6,,5862492.0,25989072.0,0.33,AUD,Materials,Australia,Stock,equity,web_csv
2026-08-06,GDXJ,BGL AU,Bellevue Gold Ltd,AU0000019374,,24926921.0,25423107.0,0.32,AUD,Materials,Australia,Stock,equity,web_csv
2026-08-06,GDXJ,KOZAL TI,Koza Altin Isletmeleri As,TREKOAL00014,,23983057.0,24822964.0,0.32,TRY,Materials,Turkey,Stock,equity,web_csv
2026-08-06,GDXJ,ALK AU,Alkane Resources Ltd,AU000000ALK9,,23168306.0,23862612.0,0.3,AUD,Materials,Australia,Stock,equity,web_csv
2026-08-06,GDXJ,6693 HK,Chifeng Jilong Gold Mining Co Ltd,CNE100006T51,,5020000.0,23723240.0,0.3,HKD,Materials,China,Stock,equity,web_csv
2026-08-06,GDXJ,MUX,Mcewen Mining Inc,US58039P3055,,1283673.0,23439869.0,0.3,USD,Materials,Canada,Stock,equity,web_csv
2026-08-06,GDXJ,ORE CN,Orezone Gold Corp,CA68616T1093,,12641658.0,23261047.0,0.3,CAD,Materials,Canada,Stock,equity,web_csv
2026-08-06,GDXJ,DRD,Drdgold Ltd,US26152H3012,,973449.0,21883134.0,0.28,USD,Materials,South Africa,Stock,equity,web_csv
2026-08-06,GDXJ,340 HK,Tongguan Gold Group Ltd,BMG8919D1074,,59730000.0,19757706.0,0.25,HKD,Materials,China,Stock,equity,web_csv
2026-08-06,GDXJ,KCN AU,Kingsgate Consolidated Ltd,AU000000KCN1,,6246396.0,18956601.0,0.24,AUD,Materials,Australia,Stock,equity,web_csv
2026-08-06,GDXJ,DC,Dakota Gold Corp,US46655E1001,,3144984.0,17360312.0,0.22,USD,Materials,Canada,Stock,equity,web_csv
2026-08-06,GDXJ,MTA,Metalla Royalty & Streaming Ltd,CA59124U6051,,1728523.0,14519593.0,0.19,USD,Materials,Canada,Stock,equity,web_csv
2026-08-06,GDXJ,CNL CN,Collective Mining Ltd,CA19425C1005,,1041526.0,13868196.0,0.18,CAD,Materials,Canada,Stock,equity,web_csv
2026-08-06,GDXJ,KOZAA TI,Koza Anadolu Metal Madencilik Isletmele,TREKOZA00014,,4650041.0,13218611.0,0.17,TRY,Materials,Turkey,Stock,equity,web_csv
2026-08-06,GDXJ,OGG,Osisko Gold Group Inc,CA68827X1050,,4949730.0,13067287.0,0.17,USD,Materials,Canada,Stock,equity,web_csv
2026-08-06,GDXJ,CTGO,Contango Ore Inc,US21077F1003,,715461.0,13064318.0,0.17,USD,Materials,United States,Stock,equity,web_csv
2026-08-06,GDXJ,GROY,Gold Royalty Corp,CA38071H1064,,4496987.0,12906353.0,0.16,USD,Materials,Canada,Stock,equity,web_csv
2026-08-06,GDXJ,BC8 AU,Black Cat Syndicate Ltd,AU000000BC88,,15829364.0,11633460.0,0.15,AUD,Materials,Australia,Stock,equity,web_csv
2026-08-06,GDXJ,NFGC,New Found Gold Corp,CA64440N1033,,6904189.0,10908619.0,0.14,USD,Materials,Canada,Stock,equity,web_csv
2026-08-06,GDXJ,IDR,Idaho Strategic Resources Inc,US6458272050,,327858.0,10665221.0,0.14,USD,Materials,United States,Stock,equity,web_csv
2026-08-06,GDXJ,ITRG,Integra Resources Corp,CA45826T5098,,4293482.0,10347292.0,0.13,USD,Materials,Canada,Stock,equity,web_csv
2026-08-06,GDXJ,PNR AU,Pantoro Gold Ltd,AU000000PNR8,,5749936.0,9830597.0,0.13,AUD,Materials,Australia,Stock,equity,web_csv
2026-08-06,GDXJ,SBM AU,St Barbara Ltd,AU000000SBM8,,24159955.0,9426835.0,0.12,AUD,Materials,Australia,Stock,equity,web_csv
2026-08-06,GDXJ,CMCL,Caledonia Mining Corp Plc,JE00BF0XVB15,,371421.0,7547275.0,0.1,USD,Materials,Jersey,Stock,equity,web_csv
2026-08-06,GDXJ,AMI AU,Aurelia Metals Ltd,AU000000AMI1,,30020116.0,7483848.0,0.1,AUD,Materials,Australia,Stock,equity,web_csv
2026-08-06,GDXJ,GAU,Galiano Gold Inc,CA36352H1001,,3784944.0,7380641.0,0.09,USD,Materials,Canada,Stock,equity,web_csv
2026-08-06,GDXJ,APM CN,Andean Precious Metals Corp,CA03349X1015,,1495410.0,7209622.0,0.09,CAD,Materials,Canada,Stock,equity,web_csv
2026-08-06,GDXJ,CNMC SP,Cnmc Goldmine Holdings Ltd,,,6677100.0,7203456.0,0.09,SGD,Materials,Singapore,Stock,equity,web_csv
2026-08-06,GDXJ,DTR AU,Dateline Resources Ltd,AU000000DTR1,,71525344.0,6295571.0,0.08,AUD,Materials,Australia,Stock,equity,web_csv
2026-08-06,GDXJ,ASL AU,Andean Silver Ltd,AU0000343253,,3981142.0,5850273.0,0.07,AUD,Materials,Australia,Stock,equity,web_csv
2026-08-06,GDXJ,VOXR,Vox Royalty Corp,CA92919F1036,,1153582.0,5733303.0,0.07,USD,Materials,Australia,Stock,equity,web_csv
2026-08-06,GDXJ,GLDG,Goldmining Inc,CA38149E1016,,5347805.0,5160097.0,0.07,USD,Materials,Canada,Stock,equity,web_csv
2026-08-06,GDXJ,AZY AU,Antipa Minerals Ltd,AU000000AZY0,,12256207.0,5127931.0,0.07,AUD,Materials,Australia,Stock,equity,web_csv
2026-08-06,GDXJ,MEK AU,Meeka Metals Ltd,AU0000192726,,65485233.0,5064971.0,0.06,AUD,Materials,Australia,Stock,equity,web_csv
2026-08-06,GDXJ,FDR CN,Founders Metals Inc,CA3505901056,,1478459.0,5061230.0,0.06,CAD,Materials,Canada,Stock,equity,web_csv
2026-08-06,GDXJ,USAU,Us Gold Corp,US90291C2017,,321635.0,4837390.0,0.06,USD,Materials,United States,Stock,equity,web_csv
2026-08-06,GDXJ,WRLG CN,West Red Lake Gold Mines Ltd,CA95556L1013,,8346338.0,4404871.0,0.06,CAD,Materials,Canada,Stock,equity,web_csv
2026-08-06,GDXJ,8299 HK,Gt Gold Holdings Ltd,KYG4136P1303,,110808000.0,4380977.0,0.06,HKD,Materials,China,Stock,equity,web_csv
2026-08-06,GDXJ,ARCI IJ,Archi Indonesia Tbk Pt,ID1000161003,,63306500.0,4171235.0,0.05,IDR,Materials,Indonesia,Stock,equity,web_csv
2026-08-06,GDXJ,LUCA CN,Luca Mining Corp,CA54929M1068,,5972215.0,3918581.0,0.05,CAD,Materials,Mexico,Stock,equity,web_csv
2026-08-06,GDXJ,VGC CN,Valor Gold Corp,CA9199211066,,988307.0,2586804.0,0.03,CAD,,Canada,Stock,equity,web_csv
2026-08-06,GDXJ,FFX AU,Firefinch Ltd,AU0000114522,,54133739.0,2367145.0,0.03,AUD,Materials,Australia,Stock,equity,web_csv
2026-08-06,GDXJ,2521181D CN,G3 Goldfields Inc,CA3624211098,,1836796.0,1788130.0,0.02,CAD,,Canada,Stock,equity,web_csv
2026-08-06,GDXJ,PSAB IJ,J Resources Asia Pasific Tbk Pt,ID1000094709,,66051900.0,1670099.0,0.02,IDR,Materials,Indonesia,Stock,equity,web_csv
2026-08-06,GDXJ,FMR CN,Future Mineral Resources Inc,CA3611551043,,168999.0,33748.0,0.0,CAD,Materials,Canada,Stock,equity,web_csv
2026-08-06,GDXJ,NIX CN,Archer Exploration Corp,CA66860Q1028,,179304.0,19182.0,0.0,CAD,Materials,Canada,Stock,equity,web_csv
2026-08-06,GDXJ,VGCX CN,Victoria Gold Corp/Vancouver,CA92625W5072,,1722275.0,1.0,0.0,CAD,Materials,Canada,Stock,equity,web_csv
2026-08-06,GDXJ,ASM AU,Australian Strategic Materials Ltd,AU0000094153,,1.0,1.0,0.0,AUD,Materials,Australia,Stock,equity,web_csv
2026-08-06,GDXJ,-USD CASH-,,CASH,,1310.0,1310.0,0.0,USD,,United States,Cash Bal,cash,web_csv
2026-08-06,GDXJ,-TRY CASH-,,CASH,,0.0,0.0,0.0,TRY,,Turkey,Cash Bal,cash,web_csv
2026-08-06,GDXJ,-GBP CASH-,,CASH,,582.0,783.0,0.0,GBP,,United Kingdom,Cash Bal,cash,web_csv
2026-08-06,GDXJ,-AUD CASH-,,CASH,,79.0,55.0,0.0,AUD,,Australia,Cash Bal,cash,web_csv
2026-08-06,GDXJ,-CAD CASH-,,CASH,,-2410409.0,-1719081.0,-0.02,CAD,,Canada,Cash Bal,cash,web_csv
2026-08-06,GDXJ,,Other/Cash,CASH,,0.0,-369899.0,-0.0,USD,,,Cash,cash,web_csv
2026-08-07,GDXJ,EQX,Equinox Gold Corp,CA29446Y5020,,51488063.0,596231770.0,7.09,USD,Materials,Canada,Stock,equity,web_csv
2026-08-07,GDXJ,EVN AU,Evolution Mining Ltd,AU000000EVN4,,54686224.0,523041745.0,6.22,AUD,Materials,Australia,Stock,equity,web_csv
2026-08-07,GDXJ,AGI,Alamos Gold Inc,CA0115321089,,14563281.0,482772765.0,5.74,USD,Materials,Canada,Stock,equity,web_csv
2026-08-07,GDXJ,EDV LN,Endeavour Mining Plc,GB00BL6K5J42,,7718609.0,420562650.0,5.0,GBP,Materials,United Kingdom,Stock,equity,web_csv
2026-08-07,GDXJ,CDE,Coeur Mining Inc,US1921085049,,22361715.0,388870224.0,4.62,USD,Materials,United States,Stock,equity,web_csv
2026-08-07,GDXJ,PE&OLES* MF,Industrias Penoles Sab De Cv,MXP554091415,,4679543.0,240837295.0,2.86,MXN,Materials,Mexico,Stock,equity,web_csv
2026-08-07,GDXJ,EGO,Eldorado Gold Corp,CA2849025093,,5687849.0,215683234.0,2.56,USD,Materials,Turkey,Stock,equity,web_csv
2026-08-07,GDXJ,IAG,Iamgold Corp,CA4509131088,,11733274.0,214953580.0,2.55,USD,Materials,Burkina Faso,Stock,equity,web_csv
2026-08-07,GDXJ,AG,First Majestic Silver Corp,CA32076V1031,,11372163.0,209247799.0,2.49,USD,Materials,Canada,Stock,equity,web_csv
2026-08-07,GDXJ,HL,Hecla Mining Co,US4227041062,,12095892.0,203815780.0,2.42,USD,Materials,United States,Stock,equity,web_csv
2026-08-07,GDXJ,HMY,Harmony Gold Mining Co Ltd,US4132163001,,9583913.0,188803086.0,2.24,USD,Materials,South Africa,Stock,equity,web_csv
2026-08-07,GDXJ,GMIN CN,G Mining Ventures Corp,CA36270K1021,,4830829.0,174107321.0,2.07,CAD,Materials,Canada,Stock,equity,web_csv
2026-08-07,GDXJ,DPM CN,Dundee Precious Metals Inc,CA26139R1091,,3827380.0,169154137.0,2.01,CAD,Materials,Canada,Stock,equity,web_csv
2026-08-07,GDXJ,LUG CN,Lundin Gold Inc,CA5503711080,,2544262.0,167938628.0,2.0,CAD,Materials,Canada,Stock,equity,web_csv
2026-08-07,GDXJ,BTG,B2gold Corp,CA11777Q2099,,29061832.0,146181015.0,1.74,USD,Materials,Canada,Stock,equity,web_csv
2026-08-07,GDXJ,OGC CN,Oceanagold Corp,CA6752224007,,5101448.0,143210095.0,1.7,CAD,Materials,Canada,Stock,equity,web_csv
2026-08-07,GDXJ,DSV CN,Discovery Silver Corp,CA25466C1077,,16846659.0,132308349.0,1.57,CAD,Materials,Canada,Stock,equity,web_csv
2026-08-07,GDXJ,SSRM,Ssr Mining Inc,CA7847301032,,4006573.0,127328890.0,1.51,USD,Materials,Canada,Stock,equity,web_csv
2026-08-07,GDXJ,1818 HK,Zhaojin Mining Industry Co Ltd,CNE1000004R6,,41191200.0,126564389.0,1.5,HKD,Materials,China,Stock,equity,web_csv
2026-08-07,GDXJ,BVN,Cia De Minas Buenaventura Saa,US2044481040,,3632454.0,124048304.0,1.47,USD,Materials,Peru,Stock,equity,web_csv
2026-08-07,GDXJ,OR,Or Royalties Inc,CA68390D1069,,3100455.0,102563051.0,1.22,USD,Materials,Canada,Stock,equity,web_csv
2026-08-07,GDXJ,ARTG CN,Artemis Gold Inc,CA04302L1004,,3443252.0,101673792.0,1.21,CAD,Materials,Canada,Stock,equity,web_csv
2026-08-07,GDXJ,KNT CN,K92 Mining Inc,CA4991131083,,4788621.0,97850323.0,1.16,CAD,Materials,Canada,Stock,equity,web_csv
2026-08-07,GDXJ,RMS AU,Ramelius Resources Ltd,AU000000RMS4,,37557693.0,97104296.0,1.15,AUD,Materials,Australia,Stock,equity,web_csv
2026-08-07,GDXJ,PRU AU,Perseus Mining Ltd,AU000000PRU3,,24819219.0,96315578.0,1.14,AUD,Materials,Australia,Stock,equity,web_csv
2026-08-07,GDXJ,GGP AU,Greatland Resources Ltd,AU0000397705,,11155206.0,95406960.0,1.13,AUD,Materials,Australia,Stock,equity,web_csv
2026-08-07,GDXJ,MAU CN,Montage Gold Corp,CA61178L1013,,7159527.0,93971199.0,1.12,CAD,Materials,Côte D'Ivoire,Stock,equity,web_csv
2026-08-07,GDXJ,GMD AU,Genesis Minerals Ltd,AU000000GMD9,,18313449.0,93499976.0,1.11,AUD,Materials,Australia,Stock,equity,web_csv
2026-08-07,GDXJ,CMM AU,Capricorn Metals Ltd,AU000000CMM9,,7895184.0,88708883.0,1.05,AUD,Materials,Australia,Stock,equity,web_csv
2026-08-07,GDXJ,AYA CN,Aya Gold & Silver Inc,CA05466C1095,,3229313.0,87736329.0,1.04,CAD,Materials,Canada,Stock,equity,web_csv
2026-08-07,GDXJ,ARMN,Aris Mining Corp,CA04040Y1097,,4813754.0,83759320.0,1.0,USD,Materials,Colombia,Stock,equity,web_csv
2026-08-07,GDXJ,VAU AU,Vault Minerals Ltd,AU0000427775,,19956030.0,83237384.0,0.99,AUD,Materials,Australia,Stock,equity,web_csv
2026-08-07,GDXJ,CGAU,Centerra Gold Inc,CA1520061021,,3887735.0,82575491.0,0.98,USD,Materials,Canada,Stock,equity,web_csv
2026-08-07,GDXJ,WDO CN,Wesdome Gold Mines Ltd/Canada,CA95083R1001,,3343621.0,82016739.0,0.97,CAD,Materials,Canada,Stock,equity,web_csv
2026-08-07,GDXJ,TXG CN,Torex Gold Resources Inc,CA8910546032,,1731281.0,77918510.0,0.93,CAD,Materials,Canada,Stock,equity,web_csv
2026-08-07,GDXJ,SKE,Skeena Resources Ltd,CA83056P7157,,2380133.0,77449528.0,0.92,USD,Materials,Canada,Stock,equity,web_csv
2026-08-07,GDXJ,RRL AU,Regis Resources Ltd,AU000000RRL8,,14029063.0,72986252.0,0.87,AUD,Materials,Australia,Stock,equity,web_csv
2026-08-07,GDXJ,AUGO,Aura Minerals Inc,VGG069731120,,966513.0,71647609.0,0.85,USD,Materials,United States,Stock,equity,web_csv
2026-08-07,GDXJ,FSM,Fortuna Silver Mines Inc,CA3499421020,,6640120.0,68990847.0,0.82,USD,Materials,Canada,Stock,equity,web_csv
2026-08-07,GDXJ,SA,Seabridge Gold Inc,CA8119271028,,2076903.0,64653990.0,0.77,USD,Materials,Canada,Stock,equity,web_csv
2026-08-07,GDXJ,WGX AU,Westgold Resources Ltd,AU000000WGX6,,15630380.0,63408073.0,0.75,AUD,Materials,Australia,Stock,equity,web_csv
2026-08-07,GDXJ,BRMS IJ,Bumi Resources Minerals Tbk Pt,ID1000117609,,1811032200.0,62457615.0,0.74,IDR,Materials,Indonesia,Stock,equity,web_csv
2026-08-07,GDXJ,EXK,Endeavour Silver Corp,CA29258Y1034,,6386989.0,60931875.0,0.72,USD,Materials,Canada,Stock,equity,web_csv
2026-08-07,GDXJ,TFPM,Triple Flag Precious Metals Corp,CA89679M1041,,1813326.0,59150694.0,0.7,USD,Materials,Canada,Stock,equity,web_csv
2026-08-07,GDXJ,SVM,Silvercorp Metals Inc,CA82835P1036,,5106108.0,58464937.0,0.69,USD,Materials,Canada,Stock,equity,web_csv
2026-08-07,GDXJ,3939 HK,Wanguo Gold Group Ltd,KYG9430L1150,,35372500.0,57715914.0,0.69,HKD,Materials,China,Stock,equity,web_csv
2026-08-07,GDXJ,EMAS IJ,Merdeka Gold Resources Tbk Pt,ID1000211600,,136645600.0,57211553.0,0.68,IDR,Materials,Indonesia,Stock,equity,web_csv
2026-08-07,GDXJ,PAF LN,Pan African Resources Plc,GB0004300496,,37382686.0,55274915.0,0.66,GBP,Materials,United Kingdom,Stock,equity,web_csv
2026-08-07,GDXJ,PPTA,Perpetua Resources Corp,CA7142661031,,2130335.0,52661881.0,0.63,USD,Materials,United States,Stock,equity,web_csv
2026-08-07,GDXJ,EMR AU,Emerald Resources Nl,AU000000EMR4,,11426406.0,51352535.0,0.61,AUD,Materials,Australia,Stock,equity,web_csv
2026-08-07,GDXJ,SXGC CN,Southern Cross Gold Consolidated Ltd,CA8426851090,,5990183.0,50482087.0,0.6,CAD,Materials,Canada,Stock,equity,web_csv
2026-08-07,GDXJ,HOC LN,Hochschild Mining Plc,GB00B1FW5029,,7345552.0,50364756.0,0.6,GBP,Materials,Peru,Stock,equity,web_csv
2026-08-07,GDXJ,NG,Novagold Resources Inc,CA66987E2069,,6488205.0,49245476.0,0.59,USD,Materials,Canada,Stock,equity,web_csv
2026-08-07,GDXJ,WAF AU,West African Resources Ltd,AU000000WAF6,,16640387.0,41355015.0,0.49,AUD,Materials,Australia,Stock,equity,web_csv
2026-08-07,GDXJ,AAUC,Allied Gold Corp,CA01921D2041,,1862616.0,40567776.0,0.48,USD,Materials,Canada,Stock,equity,web_csv
2026-08-07,GDXJ,ABRA CN,Abrasilver Resource Corp,CA00379L3048,,3309437.0,39734607.0,0.47,CAD,Materials,Canada,Stock,equity,web_csv
2026-08-07,GDXJ,PDI AU,Predictive Discovery Ltd,AU000000PDI8,,72309595.0,39399292.0,0.47,AUD,Materials,Australia,Stock,equity,web_csv
2026-08-07,GDXJ,SGD CN,Snowline Gold Corp,CA83342V1040,,3082873.0,36439481.0,0.43,CAD,Materials,Canada,Stock,equity,web_csv
2026-08-07,GDXJ,HYMC,Hycroft Mining Holding Corp,US44862P2083,,1351662.0,35873109.0,0.43,USD,Materials,United States,Stock,equity,web_csv
2026-08-07,GDXJ,OBM AU,Ora Banda Mining Ltd,AU0000050130,,34279245.0,32930371.0,0.39,AUD,Materials,Australia,Stock,equity,web_csv
2026-08-07,GDXJ,USAS,Americas Gold & Silver Corp,CA03062D8035,,6527803.0,32704293.0,0.39,USD,Materials,Canada,Stock,equity,web_csv
2026-08-07,GDXJ,VZLA,Vizsla Silver Corp,CA92859G6085,,8273185.0,30941712.0,0.37,USD,Materials,Canada,Stock,equity,web_csv
2026-08-07,GDXJ,IAUX,I-80 Gold Corp,CA44955L1067,,18123471.0,29360023.0,0.35,USD,Materials,United States,Stock,equity,web_csv
2026-08-07,GDXJ,ASM,Avino Silver & Gold Mines Ltd,CA0539061030,,4226848.0,29080714.0,0.35,USD,Materials,Mexico,Stock,equity,web_csv
2026-08-07,GDXJ,GGD CN,Gogold Resources Inc,CA38045Y1025,,10857722.0,29047375.0,0.35,CAD,Materials,United States,Stock,equity,web_csv
2026-08-07,GDXJ,RSG AU,Resolute Mining Ltd,AU000000RSG6,,37456730.0,28379054.0,0.34,AUD,Materials,Australia,Stock,equity,web_csv
2026-08-07,GDXJ,BGL AU,Bellevue Gold Ltd,AU0000019374,,25013471.0,27336974.0,0.32,AUD,Materials,Australia,Stock,equity,web_csv
2026-08-07,GDXJ,CYL AU,Catalyst Metals Ltd,AU000000CYL6,,5882842.0,27121520.0,0.32,AUD,Materials,Australia,Stock,equity,web_csv
2026-08-07,GDXJ,KOZAL TI,Koza Altin Isletmeleri As,TREKOAL00014,,24066317.0,26416074.0,0.31,TRY,Materials,Turkey,Stock,equity,web_csv
2026-08-07,GDXJ,ALK AU,Alkane Resources Ltd,AU000000ALK9,,23248816.0,25520793.0,0.3,AUD,Materials,Australia,Stock,equity,web_csv
2026-08-07,GDXJ,ORE CN,Orezone Gold Corp,CA68616T1093,,12685588.0,25111869.0,0.3,CAD,Materials,Canada,Stock,equity,web_csv
2026-08-07,GDXJ,MUX,Mcewen Mining Inc,US58039P3055,,1288123.0,24719080.0,0.29,USD,Materials,Canada,Stock,equity,web_csv
2026-08-07,GDXJ,6693 HK,Chifeng Jilong Gold Mining Co Ltd,CNE100006T51,,5037000.0,24268154.0,0.29,HKD,Materials,China,Stock,equity,web_csv
2026-08-07,GDXJ,DRD,Drdgold Ltd,US26152H3012,,976834.0,23082587.0,0.27,USD,Materials,South Africa,Stock,equity,web_csv
2026-08-07,GDXJ,340 HK,Tongguan Gold Group Ltd,BMG8919D1074,,59940000.0,21259453.0,0.25,HKD,Materials,China,Stock,equity,web_csv
2026-08-07,GDXJ,KCN AU,Kingsgate Consolidated Ltd,AU000000KCN1,,6268066.0,20138100.0,0.24,AUD,Materials,Australia,Stock,equity,web_csv
2026-08-07,GDXJ,DC,Dakota Gold Corp,US46655E1001,,3155894.0,18935364.0,0.23,USD,Materials,Canada,Stock,equity,web_csv
2026-08-07,GDXJ,MTA,Metalla Royalty & Streaming Ltd,CA59124U6051,,1734513.0,15176989.0,0.18,USD,Materials,Canada,Stock,equity,web_csv
2026-08-07,GDXJ,CNL CN,Collective Mining Ltd,CA19425C1005,,1045141.0,14767278.0,0.18,CAD,Materials,Canada,Stock,equity,web_csv
2026-08-07,GDXJ,CTGO,Contango Ore Inc,US21077F1003,,717941.0,13971132.0,0.17,USD,Materials,United States,Stock,equity,web_csv
2026-08-07,GDXJ,OGG,Osisko Gold Group Inc,CA68827X1050,,4966895.0,13907306.0,0.17,USD,Materials,Canada,Stock,equity,web_csv
2026-08-07,GDXJ,KOZAA TI,Koza Anadolu Metal Madencilik Isletmele,TREKOZA00014,,4666186.0,13709337.0,0.16,TRY,Materials,Turkey,Stock,equity,web_csv
2026-08-07,GDXJ,GROY,Gold Royalty Corp,CA38071H1064,,4512587.0,13673139.0,0.16,USD,Materials,Canada,Stock,equity,web_csv
2026-08-07,GDXJ,BC8 AU,Black Cat Syndicate Ltd,AU000000BC88,,15884319.0,12665455.0,0.15,AUD,Materials,Australia,Stock,equity,web_csv
2026-08-07,GDXJ,IDR,Idaho Strategic Resources Inc,US6458272050,,328993.0,11593713.0,0.14,USD,Materials,United States,Stock,equity,web_csv
2026-08-07,GDXJ,NFGC,New Found Gold Corp,CA64440N1033,,6928154.0,11570017.0,0.14,USD,Materials,Canada,Stock,equity,web_csv
2026-08-07,GDXJ,ITRG,Integra Resources Corp,CA45826T5098,,4308382.0,11072542.0,0.13,USD,Materials,Canada,Stock,equity,web_csv
2026-08-07,GDXJ,PNR AU,Pantoro Gold Ltd,AU000000PNR8,,5769906.0,10387501.0,0.12,AUD,Materials,Australia,Stock,equity,web_csv
2026-08-07,GDXJ,SBM AU,St Barbara Ltd,AU000000SBM8,,24243830.0,10129780.0,0.12,AUD,Materials,Australia,Stock,equity,web_csv
2026-08-07,GDXJ,AMI AU,Aurelia Metals Ltd,AU000000AMI1,,30124311.0,8184332.0,0.1,AUD,Materials,Australia,Stock,equity,web_csv
2026-08-07,GDXJ,CMCL,Caledonia Mining Corp Plc,JE00BF0XVB15,,372711.0,8106464.0,0.1,USD,Materials,Jersey,Stock,equity,web_csv
2026-08-07,GDXJ,GAU,Galiano Gold Inc,CA36352H1001,,3798069.0,7824022.0,0.09,USD,Materials,Canada,Stock,equity,web_csv
2026-08-07,GDXJ,APM CN,Andean Precious Metals Corp,CA03349X1015,,1500600.0,7813775.0,0.09,CAD,Materials,Canada,Stock,equity,web_csv
2026-08-07,GDXJ,CNMC SP,Cnmc Goldmine Holdings Ltd,,,6700100.0,7346370.0,0.09,SGD,Materials,Singapore,Stock,equity,web_csv
2026-08-07,GDXJ,DTR AU,Dateline Resources Ltd,AU000000DTR1,,71773719.0,6334481.0,0.08,AUD,Materials,Australia,Stock,equity,web_csv
2026-08-07,GDXJ,ASL AU,Andean Silver Ltd,AU0000343253,,3994962.0,5891436.0,0.07,AUD,Materials,Australia,Stock,equity,web_csv
2026-08-07,GDXJ,VOXR,Vox Royalty Corp,CA92919F1036,,1157582.0,5834213.0,0.07,USD,Materials,Australia,Stock,equity,web_csv
2026-08-07,GDXJ,GLDG,Goldmining Inc,CA38149E1016,,5366350.0,5473677.0,0.07,USD,Materials,Canada,Stock,equity,web_csv
2026-08-07,GDXJ,AZY AU,Antipa Minerals Ltd,AU000000AZY0,,12298722.0,5299097.0,0.06,AUD,Materials,Australia,Stock,equity,web_csv
2026-08-07,GDXJ,FDR CN,Founders Metals Inc,CA3505901056,,1483584.0,5043707.0,0.06,CAD,Materials,Canada,Stock,equity,web_csv
2026-08-07,GDXJ,USAU,Us Gold Corp,US90291C2017,,322750.0,5041355.0,0.06,USD,Materials,United States,Stock,equity,web_csv
2026-08-07,GDXJ,MEK AU,Meeka Metals Ltd,AU0000192726,,65712443.0,4923944.0,0.06,AUD,Materials,Australia,Stock,equity,web_csv
2026-08-07,GDXJ,WRLG CN,West Red Lake Gold Mines Ltd,CA95556L1013,,8375298.0,4745552.0,0.06,CAD,Materials,Canada,Stock,equity,web_csv
2026-08-07,GDXJ,8299 HK,Gt Gold Holdings Ltd,KYG4136P1303,,111168000.0,4416412.0,0.05,HKD,Materials,China,Stock,equity,web_csv
2026-08-07,GDXJ,ARCI IJ,Archi Indonesia Tbk Pt,ID1000161003,,63525000.0,4402366.0,0.05,IDR,Materials,Indonesia,Stock,equity,web_csv
2026-08-07,GDXJ,LUCA CN,Luca Mining Corp,CA54929M1068,,5992960.0,4083423.0,0.05,CAD,Materials,Mexico,Stock,equity,web_csv
2026-08-07,GDXJ,VGC CN,Valor Gold Corp,CA9199211066,,991737.0,2795429.0,0.03,CAD,,Canada,Stock,equity,web_csv
2026-08-07,GDXJ,FFX AU,Firefinch Ltd,AU0000114522,,54133739.0,2373532.0,0.03,AUD,Materials,Australia,Stock,equity,web_csv
2026-08-07,GDXJ,2521181D CN,G3 Goldfields Inc,CA3624211098,,1836796.0,1798262.0,0.02,CAD,,Canada,Stock,equity,web_csv
2026-08-07,GDXJ,PSAB IJ,J Resources Asia Pasific Tbk Pt,ID1000094709,,66281400.0,1715425.0,0.02,IDR,Materials,Indonesia,Stock,equity,web_csv
2026-08-07,GDXJ,FMR CN,Future Mineral Resources Inc,CA3611551043,,168999.0,33939.0,0.0,CAD,Materials,Canada,Stock,equity,web_csv
2026-08-07,GDXJ,NIX CN,Archer Exploration Corp,CA66860Q1028,,179304.0,19290.0,0.0,CAD,Materials,Canada,Stock,equity,web_csv
2026-08-07,GDXJ,VGCX CN,Victoria Gold Corp/Vancouver,CA92625W5072,,1722275.0,1.0,0.0,CAD,Materials,Canada,Stock,equity,web_csv
2026-08-07,GDXJ,ASM AU,Australian Strategic Materials Ltd,AU0000094153,,1.0,1.0,0.0,AUD,Materials,Australia,Stock,equity,web_csv
2026-08-07,GDXJ,-USD CASH-,,CASH,,1699.0,1699.0,0.0,USD,,United States,Cash Bal,cash,web_csv
2026-08-07,GDXJ,-TRY CASH-,,CASH,,0.0,0.0,0.0,TRY,,Turkey,Cash Bal,cash,web_csv
2026-08-07,GDXJ,-GBP CASH-,,CASH,,582.0,785.0,0.0,GBP,,United Kingdom,Cash Bal,cash,web_csv
2026-08-07,GDXJ,-AUD CASH-,,CASH,,79.0,55.0,0.0,AUD,,Australia,Cash Bal,cash,web_csv
2026-08-07,GDXJ,-CAD CASH-,,CASH,,-1675691.0,-1201858.0,-0.01,CAD,,Canada,Cash Bal,cash,web_csv
2026-08-07,GDXJ,,Other/Cash,CASH,,0.0,-996901.0,-0.01,USD,,,Cash,cash,web_csv
2026-08-10,GDXJ,EQX,Equinox Gold Corp,CA29446Y5020,,51879795.0,601286824.0,6.97,USD,Materials,Canada,Stock,equity,web_csv
2026-08-10,GDXJ,EVN AU,Evolution Mining Ltd,AU000000EVN4,,55102244.0,543505096.0,6.3,AUD,Materials,Australia,Stock,equity,web_csv
2026-08-10,GDXJ,AGI,Alamos Gold Inc,CA0115321089,,14674051.0,487031753.0,5.65,USD,Materials,Canada,Stock,equity,web_csv
2026-08-10,GDXJ,EDV LN,Endeavour Mining Plc,GB00BL6K5J42,,7777294.0,431910318.0,5.01,GBP,Materials,United Kingdom,Stock,equity,web_csv
2026-08-10,GDXJ,CDE,Coeur Mining Inc,US1921085049,,22531203.0,408941334.0,4.74,USD,Materials,United States,Stock,equity,web_csv
2026-08-10,GDXJ,PE&OLES* MF,Industrias Penoles Sab De Cv,MXP554091415,,4715183.0,245201064.0,2.84,MXN,Materials,Mexico,Stock,equity,web_csv
2026-08-10,GDXJ,EGO,Eldorado Gold Corp,CA2849025093,,5731134.0,224087339.0,2.6,USD,Materials,Turkey,Stock,equity,web_csv
2026-08-10,GDXJ,IAG,Iamgold Corp,CA4509131088,,11822539.0,217889394.0,2.53,USD,Materials,Burkina Faso,Stock,equity,web_csv
2026-08-10,GDXJ,AG,First Majestic Silver Corp,CA32076V1031,,11458634.0,215995251.0,2.5,USD,Materials,Canada,Stock,equity,web_csv
2026-08-10,GDXJ,HL,Hecla Mining Co,US4227041062,,12187962.0,213898733.0,2.48,USD,Materials,United States,Stock,equity,web_csv
2026-08-10,GDXJ,HMY,Harmony Gold Mining Co Ltd,US4132163001,,9656755.0,192169425.0,2.23,USD,Materials,South Africa,Stock,equity,web_csv
2026-08-10,GDXJ,GMIN CN,G Mining Ventures Corp,CA36270K1021,,4867954.0,178120980.0,2.07,CAD,Materials,Canada,Stock,equity,web_csv
2026-08-10,GDXJ,DPM CN,Dundee Precious Metals Inc,CA26139R1091,,3856508.0,171176018.0,1.98,CAD,Materials,Canada,Stock,equity,web_csv
2026-08-10,GDXJ,LUG CN,Lundin Gold Inc,CA5503711080,,2563622.0,168413795.0,1.95,CAD,Materials,Canada,Stock,equity,web_csv
2026-08-10,GDXJ,BTG,B2gold Corp,CA11777Q2099,,29282833.0,148171135.0,1.72,USD,Materials,Canada,Stock,equity,web_csv
2026-08-10,GDXJ,OGC CN,Oceanagold Corp,CA6752224007,,5140267.0,146317063.0,1.7,CAD,Materials,Canada,Stock,equity,web_csv
2026-08-10,GDXJ,DSV CN,Discovery Silver Corp,CA25466C1077,,16974963.0,133428188.0,1.55,CAD,Materials,Canada,Stock,equity,web_csv
2026-08-10,GDXJ,1818 HK,Zhaojin Mining Industry Co Ltd,CNE1000004R6,,41504700.0,133363253.0,1.55,HKD,Materials,China,Stock,equity,web_csv
2026-08-10,GDXJ,SSRM,Ssr Mining Inc,CA7847301032,,4037032.0,126762805.0,1.47,USD,Materials,Canada,Stock,equity,web_csv
2026-08-10,GDXJ,BVN,Cia De Minas Buenaventura Saa,US2044481040,,3660020.0,126563492.0,1.47,USD,Materials,Peru,Stock,equity,web_csv
2026-08-10,GDXJ,OR,Or Royalties Inc,CA68390D1069,,3124050.0,105405447.0,1.22,USD,Materials,Canada,Stock,equity,web_csv
2026-08-10,GDXJ,RMS AU,Ramelius Resources Ltd,AU000000RMS4,,37843319.0,100748329.0,1.17,AUD,Materials,Australia,Stock,equity,web_csv
2026-08-10,GDXJ,PRU AU,Perseus Mining Ltd,AU000000PRU3,,25008254.0,100653953.0,1.17,AUD,Materials,Australia,Stock,equity,web_csv
2026-08-10,GDXJ,GGP AU,Greatland Resources Ltd,AU0000397705,,11240093.0,100103529.0,1.16,AUD,Materials,Australia,Stock,equity,web_csv
2026-08-10,GDXJ,ARTG CN,Artemis Gold Inc,CA04302L1004,,3469465.0,99355067.0,1.15,CAD,Materials,Canada,Stock,equity,web_csv
2026-08-10,GDXJ,KNT CN,K92 Mining Inc,CA4991131083,,4825075.0,99176426.0,1.15,CAD,Materials,Canada,Stock,equity,web_csv
2026-08-10,GDXJ,GMD AU,Genesis Minerals Ltd,AU000000GMD9,,18452830.0,97032710.0,1.13,AUD,Materials,Australia,Stock,equity,web_csv
2026-08-10,GDXJ,MAU CN,Montage Gold Corp,CA61178L1013,,7214065.0,96904965.0,1.12,CAD,Materials,Côte D'Ivoire,Stock,equity,web_csv
2026-08-10,GDXJ,CMM AU,Capricorn Metals Ltd,AU000000CMM9,,7955277.0,91402491.0,1.06,AUD,Materials,Australia,Stock,equity,web_csv
2026-08-10,GDXJ,AYA CN,Aya Gold & Silver Inc,CA05466C1095,,3253909.0,90685197.0,1.05,CAD,Materials,Canada,Stock,equity,web_csv
2026-08-10,GDXJ,VAU AU,Vault Minerals Ltd,AU0000427775,,20107907.0,86800895.0,1.01,AUD,Materials,Australia,Stock,equity,web_csv
2026-08-10,GDXJ,CGAU,Centerra Gold Inc,CA1520061021,,3917259.0,83555134.0,0.97,USD,Materials,Canada,Stock,equity,web_csv
2026-08-10,GDXJ,ARIS,Aris Mining Corp,CA04040Y1097,,4850351.0,82843995.0,0.96,USD,Materials,Colombia,Stock,equity,web_csv
2026-08-10,GDXJ,WDO CN,Wesdome Gold Mines Ltd/Canada,CA95083R1001,,3369064.0,81837557.0,0.95,CAD,Materials,Canada,Stock,equity,web_csv
2026-08-10,GDXJ,SKE,Skeena Resources Ltd,CA83056P7157,,2398239.0,79285781.0,0.92,USD,Materials,Canada,Stock,equity,web_csv
2026-08-10,GDXJ,TXG CN,Torex Gold Resources Inc,CA8910546032,,1744448.0,77079242.0,0.89,CAD,Materials,Canada,Stock,equity,web_csv
2026-08-10,GDXJ,RRL AU,Regis Resources Ltd,AU000000RRL8,,14135895.0,75619169.0,0.88,AUD,Materials,Australia,Stock,equity,web_csv
2026-08-10,GDXJ,AUGO,Aura Minerals Inc,VGG069731120,,973861.0,74256901.0,0.86,USD,Materials,United States,Stock,equity,web_csv
2026-08-10,GDXJ,FSM,Fortuna Silver Mines Inc,CA3499421020,,6690632.0,71790481.0,0.83,USD,Materials,Canada,Stock,equity,web_csv
2026-08-10,GDXJ,EXK,Endeavour Silver Corp,CA29258Y1034,,6435510.0,65899622.0,0.76,USD,Materials,Canada,Stock,equity,web_csv
2026-08-10,GDXJ,WGX AU,Westgold Resources Ltd,AU000000WGX6,,15749268.0,65796064.0,0.76,AUD,Materials,Australia,Stock,equity,web_csv
2026-08-10,GDXJ,SA,Seabridge Gold Inc,CA8119271028,,2092699.0,65396844.0,0.76,USD,Materials,Canada,Stock,equity,web_csv
2026-08-10,GDXJ,BRMS IJ,Bumi Resources Minerals Tbk Pt,ID1000117609,,1824817400.0,63425509.0,0.74,IDR,Materials,Indonesia,Stock,equity,web_csv
2026-08-10,GDXJ,SVM,Silvercorp Metals Inc,CA82835P1036,,5144905.0,62819290.0,0.73,USD,Materials,Canada,Stock,equity,web_csv
2026-08-10,GDXJ,3939 HK,Wanguo Gold Group Ltd,KYG9430L1150,,35642000.0,59693659.0,0.69,HKD,Materials,China,Stock,equity,web_csv
2026-08-10,GDXJ,EMAS IJ,Merdeka Gold Resources Tbk Pt,ID1000211600,,137685100.0,59092863.0,0.69,IDR,Materials,Indonesia,Stock,equity,web_csv
2026-08-10,GDXJ,TFPM,Triple Flag Precious Metals Corp,CA89679M1041,,1827109.0,58467488.0,0.68,USD,Materials,Canada,Stock,equity,web_csv
2026-08-10,GDXJ,PAF LN,Pan African Resources Plc,GB0004300496,,37712466.0,56230526.0,0.65,GBP,Materials,United Kingdom,Stock,equity,web_csv
2026-08-10,GDXJ,EMR AU,Emerald Resources Nl,AU000000EMR4,,11513328.0,53554086.0,0.62,AUD,Materials,Australia,Stock,equity,web_csv
2026-08-10,GDXJ,PPTA,Perpetua Resources Corp,CA7142661031,,2146538.0,53427331.0,0.62,USD,Materials,United States,Stock,equity,web_csv
2026-08-10,GDXJ,SXGC CN,Southern Cross Gold Consolidated Ltd,CA8426851090,,6035789.0,52291269.0,0.61,CAD,Materials,Canada,Stock,equity,web_csv
2026-08-10,GDXJ,HOC LN,Hochschild Mining Plc,GB00B1FW5029,,7401454.0,51677338.0,0.6,GBP,Materials,Peru,Stock,equity,web_csv
2026-08-10,GDXJ,NG,Novagold Resources Inc,CA66987E2069,,6537562.0,49946974.0,0.58,USD,Materials,Canada,Stock,equity,web_csv
2026-08-10,GDXJ,WAF AU,West African Resources Ltd,AU000000WAF6,,16766832.0,41966031.0,0.49,AUD,Materials,Australia,Stock,equity,web_csv
2026-08-10,GDXJ,AAUC,Allied Gold Corp,CA01921D2041,,1876773.0,41701896.0,0.48,USD,Materials,Canada,Stock,equity,web_csv
2026-08-10,GDXJ,ABRA CN,Abrasilver Resource Corp,CA00379L3048,,3334605.0,40129574.0,0.47,CAD,Materials,Canada,Stock,equity,web_csv
2026-08-10,GDXJ,PDI AU,Predictive Discovery Ltd,AU000000PDI8,,72859936.0,40060154.0,0.46,AUD,Materials,Australia,Stock,equity,web_csv
2026-08-10,GDXJ,SGD CN,Snowline Gold Corp,CA83342V1040,,3106336.0,37716691.0,0.44,CAD,Materials,Canada,Stock,equity,web_csv
2026-08-10,GDXJ,HYMC,Hycroft Mining Holding Corp,US44862P2083,,1361936.0,37167233.0,0.43,USD,Materials,United States,Stock,equity,web_csv
2026-08-10,GDXJ,USAS,Americas Gold & Silver Corp,CA03062D8035,,6577446.0,33742298.0,0.39,USD,Materials,Canada,Stock,equity,web_csv
2026-08-10,GDXJ,OBM AU,Ora Banda Mining Ltd,AU0000050130,,34540143.0,33668558.0,0.39,AUD,Materials,Australia,Stock,equity,web_csv
2026-08-10,GDXJ,VZLA,Vizsla Silver Corp,CA92859G6085,,8336094.0,32344045.0,0.38,USD,Materials,Canada,Stock,equity,web_csv
2026-08-10,GDXJ,ASM,Avino Silver & Gold Mines Ltd,CA0539061030,,4258990.0,31133217.0,0.36,USD,Materials,Mexico,Stock,equity,web_csv
2026-08-10,GDXJ,IAUX,I-80 Gold Corp,CA44955L1067,,18261279.0,31044174.0,0.36,USD,Materials,United States,Stock,equity,web_csv
2026-08-10,GDXJ,RSG AU,Resolute Mining Ltd,AU000000RSG6,,37741971.0,30459637.0,0.35,AUD,Materials,Australia,Stock,equity,web_csv
2026-08-10,GDXJ,GGD CN,Gogold Resources Inc,CA38045Y1025,,10940354.0,29972498.0,0.35,CAD,Materials,United States,Stock,equity,web_csv
2026-08-10,GDXJ,BGL AU,Bellevue Gold Ltd,AU0000019374,,25203881.0,27928668.0,0.32,AUD,Materials,Australia,Stock,equity,web_csv
2026-08-10,GDXJ,CYL AU,Catalyst Metals Ltd,AU000000CYL6,,5927612.0,27763289.0,0.32,AUD,Materials,Australia,Stock,equity,web_csv
2026-08-10,GDXJ,TRALT TI,Koza Altin Isletmeleri As,TREKOAL00014,,24249478.0,27435715.0,0.32,TRY,Materials,Turkey,Stock,equity,web_csv
2026-08-10,GDXJ,ALK AU,Alkane Resources Ltd,AU000000ALK9,,23425927.0,26338389.0,0.31,AUD,Materials,Australia,Stock,equity,web_csv
2026-08-10,GDXJ,6693 HK,Chifeng Jilong Gold Mining Co Ltd,CNE100006T51,,5074400.0,25838964.0,0.3,HKD,Materials,China,Stock,equity,web_csv
2026-08-10,GDXJ,MUX,Mcewen Mining Inc,US58039P3055,,1297913.0,24906950.0,0.29,USD,Materials,Canada,Stock,equity,web_csv
2026-08-10,GDXJ,ORE CN,Orezone Gold Corp,CA68616T1093,,12782223.0,24842991.0,0.29,CAD,Materials,Canada,Stock,equity,web_csv
2026-08-10,GDXJ,DRD,Drdgold Ltd,US26152H3012,,984281.0,23297931.0,0.27,USD,Materials,South Africa,Stock,equity,web_csv
2026-08-10,GDXJ,340 HK,Tongguan Gold Group Ltd,BMG8919D1074,,60402000.0,22684380.0,0.26,HKD,Materials,China,Stock,equity,web_csv
2026-08-10,GDXJ,KCN AU,Kingsgate Consolidated Ltd,AU000000KCN1,,6315740.0,20977556.0,0.24,AUD,Materials,Australia,Stock,equity,web_csv
2026-08-10,GDXJ,DC,Dakota Gold Corp,US46655E1001,,3179896.0,19492762.0,0.23,USD,Materials,Canada,Stock,equity,web_csv
2026-08-10,GDXJ,MTA,Metalla Royalty & Streaming Ltd,CA59124U6051,,1747691.0,15676788.0,0.18,USD,Materials,Canada,Stock,equity,web_csv
2026-08-10,GDXJ,CNL CN,Collective Mining Ltd,CA19425C1005,,1053094.0,14939003.0,0.17,CAD,Materials,Canada,Stock,equity,web_csv
2026-08-10,GDXJ,CTGO,Contango Ore Inc,US21077F1003,,723397.0,14120709.0,0.16,USD,Materials,United States,Stock,equity,web_csv
2026-08-10,GDXJ,GROY,Gold Royalty Corp,CA38071H1064,,4546907.0,14004474.0,0.16,USD,Materials,Canada,Stock,equity,web_csv
2026-08-10,GDXJ,TRMET TI,Koza Anadolu Metal Madencilik Isletmele,TREKOZA00014,,4701694.0,13818415.0,0.16,TRY,Materials,Turkey,Stock,equity,web_csv
2026-08-10,GDXJ,OGG,Osisko Gold Group Inc,CA68827X1050,,5004658.0,13662716.0,0.16,USD,Materials,Canada,Stock,equity,web_csv
2026-08-10,GDXJ,BC8 AU,Black Cat Syndicate Ltd,AU000000BC88,,16005209.0,12779182.0,0.15,AUD,Materials,Australia,Stock,equity,web_csv
2026-08-10,GDXJ,NFGC,New Found Gold Corp,CA64440N1033,,6980877.0,11867491.0,0.14,USD,Materials,Canada,Stock,equity,web_csv
2026-08-10,GDXJ,IDR,Idaho Strategic Resources Inc,US6458272050,,331490.0,11748006.0,0.14,USD,Materials,United States,Stock,equity,web_csv
2026-08-10,GDXJ,ITRG,Integra Resources Corp,CA45826T5098,,4341162.0,11460668.0,0.13,USD,Materials,Canada,Stock,equity,web_csv
2026-08-10,GDXJ,PNR AU,Pantoro Gold Ltd,AU000000PNR8,,5813840.0,10712460.0,0.12,AUD,Materials,Australia,Stock,equity,web_csv
2026-08-10,GDXJ,SBM AU,St Barbara Ltd,AU000000SBM8,,24428344.0,10346049.0,0.12,AUD,Materials,Australia,Stock,equity,web_csv
2026-08-10,GDXJ,CMCL,Caledonia Mining Corp Plc,JE00BF0XVB15,,375549.0,8536229.0,0.1,USD,Materials,Jersey,Stock,equity,web_csv
2026-08-10,GDXJ,AMI AU,Aurelia Metals Ltd,AU000000AMI1,,30353529.0,8271993.0,0.1,AUD,Materials,Australia,Stock,equity,web_csv
2026-08-10,GDXJ,APM CN,Andean Precious Metals Corp,CA03349X1015,,1512018.0,8219670.0,0.1,CAD,Materials,Canada,Stock,equity,web_csv
2026-08-10,GDXJ,GAU,Galiano Gold Inc,CA36352H1001,,3826944.0,7653888.0,0.09,USD,Materials,Canada,Stock,equity,web_csv
2026-08-10,GDXJ,CNMC SP,Cnmc Goldmine Holdings Ltd,,,6750700.0,7427922.0,0.09,SGD,Materials,Singapore,Stock,equity,web_csv
2026-08-10,GDXJ,DTR AU,Dateline Resources Ltd,AU000000DTR1,,72320133.0,6384964.0,0.07,AUD,Materials,Australia,Stock,equity,web_csv
2026-08-10,GDXJ,ASL AU,Andean Silver Ltd,AU0000343253,,4025366.0,6152673.0,0.07,AUD,Materials,Australia,Stock,equity,web_csv
2026-08-10,GDXJ,VOXR,Vox Royalty Corp,CA92919F1036,,1166382.0,5995203.0,0.07,USD,Materials,Australia,Stock,equity,web_csv
2026-08-10,GDXJ,AZY AU,Antipa Minerals Ltd,AU000000AZY0,,12392255.0,5722036.0,0.07,AUD,Materials,Australia,Stock,equity,web_csv
2026-08-10,GDXJ,GLDG,Goldmining Inc,CA38149E1016,,5407149.0,5569363.0,0.06,USD,Materials,Canada,Stock,equity,web_csv
2026-08-10,GDXJ,FDR CN,Founders Metals Inc,CA3505901056,,1494859.0,5499786.0,0.06,CAD,Materials,Canada,Stock,equity,web_csv
2026-08-10,GDXJ,MEK AU,Meeka Metals Ltd,AU0000192726,,66212294.0,5422301.0,0.06,AUD,Materials,Australia,Stock,equity,web_csv
2026-08-10,GDXJ,USAU,Us Gold Corp,US90291C2017,,325203.0,4952842.0,0.06,USD,Materials,United States,Stock,equity,web_csv
2026-08-10,GDXJ,WRLG CN,West Red Lake Gold Mines Ltd,CA95556L1013,,8439010.0,4781309.0,0.06,CAD,Materials,Canada,Stock,equity,web_csv
2026-08-10,GDXJ,ARCI IJ,Archi Indonesia Tbk Pt,ID1000161003,,64005700.0,4592225.0,0.05,IDR,Materials,Indonesia,Stock,equity,web_csv
2026-08-10,GDXJ,8299 HK,Gt Gold Holdings Ltd,KYG4136P1303,,111960000.0,4529102.0,0.05,HKD,Materials,China,Stock,equity,web_csv
2026-08-10,GDXJ,LUCA CN,Luca Mining Corp,CA54929M1068,,6038599.0,4244147.0,0.05,CAD,Materials,Mexico,Stock,equity,web_csv
2026-08-10,GDXJ,VGC CN,Valor Gold Corp,CA9199211066,,999283.0,2895330.0,0.03,CAD,,Canada,Stock,equity,web_csv
2026-08-10,GDXJ,FFX AU,Firefinch Ltd,AU0000114522,,54133739.0,2374372.0,0.03,AUD,Materials,Australia,Stock,equity,web_csv
2026-08-10,GDXJ,PSAB IJ,J Resources Asia Pasific Tbk Pt,ID1000094709,,66786300.0,1946849.0,0.02,IDR,Materials,Indonesia,Stock,equity,web_csv
2026-08-10,GDXJ,2521181D CN,G3 Goldfields Inc,CA3624211098,,1836796.0,1798133.0,0.02,CAD,,Canada,Stock,equity,web_csv
2026-08-10,GDXJ,FMR CN,Future Mineral Resources Inc,CA3611551043,,168999.0,33937.0,0.0,CAD,Materials,Canada,Stock,equity,web_csv
2026-08-10,GDXJ,NIX CN,Archer Exploration Corp,CA66860Q1028,,179304.0,19289.0,0.0,CAD,Materials,Canada,Stock,equity,web_csv
2026-08-10,GDXJ,VGCX CN,Victoria Gold Corp/Vancouver,CA92625W5072,,1722275.0,1.0,0.0,CAD,Materials,Canada,Stock,equity,web_csv
2026-08-10,GDXJ,ASM AU,Australian Strategic Materials Ltd,AU0000094153,,1.0,1.0,0.0,AUD,Materials,Australia,Stock,equity,web_csv
2026-08-10,GDXJ,-USD CASH-,,CASH,,2319.0,2319.0,0.0,USD,,United States,Cash Bal,cash,web_csv
2026-08-10,GDXJ,-TRY CASH-,,CASH,,0.0,0.0,0.0,TRY,,Turkey,Cash Bal,cash,web_csv
2026-08-10,GDXJ,-GBP CASH-,,CASH,,582.0,786.0,0.0,GBP,,United Kingdom,Cash Bal,cash,web_csv
2026-08-10,GDXJ,-AUD CASH-,,CASH,,79.0,55.0,0.0,AUD,,Australia,Cash Bal,cash,web_csv
2026-08-10,GDXJ,-CAD CASH-,,CASH,,-1675691.0,-1201772.0,-0.01,CAD,,Canada,Cash Bal,cash,web_csv
2026-08-10,GDXJ,,Other/Cash,CASH,,0.0,-1328037.0,-0.02,USD,,,Cash,cash,web_csv
2026-08-11,GDXJ,EQX,Equinox Gold Corp,CA29446Y5020,,52022239.0,606579307.0,7.04,USD,Materials,Canada,Stock,equity,web_csv
2026-08-11,GDXJ,EVN AU,Evolution Mining Ltd,AU000000EVN4,,55253520.0,534335039.0,6.2,AUD,Materials,Australia,Stock,equity,web_csv
2026-08-11,GDXJ,AGI,Alamos Gold Inc,CA0115321089,,14714331.0,492194372.0,5.71,USD,Materials,Canada,Stock,equity,web_csv
2026-08-11,GDXJ,EDV LN,Endeavour Mining Plc,GB00BL6K5J42,,7798634.0,438926537.0,5.09,GBP,Materials,United Kingdom,Stock,equity,web_csv
2026-08-11,GDXJ,CDE,Coeur Mining Inc,US1921085049,,22592831.0,419774800.0,4.87,USD,Materials,United States,Stock,equity,web_csv
2026-08-11,GDXJ,PE&OLES* MF,Industrias Penoles Sab De Cv,MXP554091415,,4728143.0,243330966.0,2.82,MXN,Materials,Mexico,Stock,equity,web_csv
2026-08-11,GDXJ,EGO,Eldorado Gold Corp,CA2849025093,,5746874.0,224645305.0,2.61,USD,Materials,Turkey,Stock,equity,web_csv
2026-08-11,GDXJ,AG,First Majestic Silver Corp,CA32076V1031,,11490074.0,217851803.0,2.53,USD,Materials,Canada,Stock,equity,web_csv
2026-08-11,GDXJ,HL,Hecla Mining Co,US4227041062,,12221438.0,217052739.0,2.52,USD,Materials,United States,Stock,equity,web_csv
2026-08-11,GDXJ,IAG,Iamgold Corp,CA4509131088,,11854999.0,215286782.0,2.5,USD,Materials,Burkina Faso,Stock,equity,web_csv
2026-08-11,GDXJ,HMY,Harmony Gold Mining Co Ltd,US4132163001,,9683243.0,188920071.0,2.19,USD,Materials,South Africa,Stock,equity,web_csv
2026-08-11,GDXJ,GMIN CN,G Mining Ventures Corp,CA36270K1021,,4881454.0,175665733.0,2.04,CAD,Materials,Canada,Stock,equity,web_csv
2026-08-11,GDXJ,DPM CN,Dundee Precious Metals Inc,CA26139R1091,,3867100.0,172926216.0,2.01,CAD,Materials,Canada,Stock,equity,web_csv
2026-08-11,GDXJ,LUG CN,Lundin Gold Inc,CA5503711080,,2570662.0,170712998.0,1.98,CAD,Materials,Canada,Stock,equity,web_csv
2026-08-11,GDXJ,BTG,B2gold Corp,CA11777Q2099,,29363193.0,148871389.0,1.73,USD,Materials,Canada,Stock,equity,web_csv
2026-08-11,GDXJ,OGC CN,Oceanagold Corp,CA6752224007,,5154383.0,148071703.0,1.72,CAD,Materials,Canada,Stock,equity,web_csv
2026-08-11,GDXJ,DSV CN,Discovery Silver Corp,CA25466C1077,,17021615.0,131382058.0,1.52,CAD,Materials,Canada,Stock,equity,web_csv
2026-08-11,GDXJ,SSRM,Ssr Mining Inc,CA7847301032,,4048108.0,129418013.0,1.5,USD,Materials,Canada,Stock,equity,web_csv
2026-08-11,GDXJ,BVN,Cia De Minas Buenaventura Saa,US2044481040,,3670044.0,127717531.0,1.48,USD,Materials,Peru,Stock,equity,web_csv
2026-08-11,GDXJ,1818 HK,Zhaojin Mining Industry Co Ltd,CNE1000004R6,,41618700.0,124672572.0,1.45,HKD,Materials,China,Stock,equity,web_csv
2026-08-11,GDXJ,OR,Or Royalties Inc,CA68390D1069,,3132630.0,105538305.0,1.22,USD,Materials,Canada,Stock,equity,web_csv
2026-08-11,GDXJ,GGP AU,Greatland Resources Ltd,AU0000397705,,11270961.0,99292400.0,1.15,AUD,Materials,Australia,Stock,equity,web_csv
2026-08-11,GDXJ,PRU AU,Perseus Mining Ltd,AU000000PRU3,,25076990.0,99267361.0,1.15,AUD,Materials,Australia,Stock,equity,web_csv
2026-08-11,GDXJ,KNT CN,K92 Mining Inc,CA4991131083,,4838331.0,99250488.0,1.15,CAD,Materials,Canada,Stock,equity,web_csv
2026-08-11,GDXJ,ARTG CN,Artemis Gold Inc,CA04302L1004,,3478997.0,98893191.0,1.15,CAD,Materials,Canada,Stock,equity,web_csv
2026-08-11,GDXJ,RMS AU,Ramelius Resources Ltd,AU000000RMS4,,37947183.0,97654279.0,1.13,AUD,Materials,Australia,Stock,equity,web_csv
2026-08-11,GDXJ,MAU CN,Montage Gold Corp,CA61178L1013,,7233893.0,95828631.0,1.11,CAD,Materials,Côte D'Ivoire,Stock,equity,web_csv
2026-08-11,GDXJ,GMD AU,Genesis Minerals Ltd,AU000000GMD9,,18503514.0,95612922.0,1.11,AUD,Materials,Australia,Stock,equity,web_csv
2026-08-11,GDXJ,CMM AU,Capricorn Metals Ltd,AU000000CMM9,,7977125.0,90943112.0,1.05,AUD,Materials,Australia,Stock,equity,web_csv
2026-08-11,GDXJ,AYA CN,Aya Gold & Silver Inc,CA05466C1095,,3262853.0,90757799.0,1.05,CAD,Materials,Canada,Stock,equity,web_csv
2026-08-11,GDXJ,VAU AU,Vault Minerals Ltd,AU0000427775,,20163131.0,85779955.0,0.99,AUD,Materials,Australia,Stock,equity,web_csv
2026-08-11,GDXJ,CGAU,Centerra Gold Inc,CA1520061021,,3927995.0,85158932.0,0.99,USD,Materials,Canada,Stock,equity,web_csv
2026-08-11,GDXJ,ARIS,Aris Mining Corp,CA04040Y1097,,4863659.0,84335847.0,0.98,USD,Materials,Colombia,Stock,equity,web_csv
2026-08-11,GDXJ,WDO CN,Wesdome Gold Mines Ltd/Canada,CA95083R1001,,3378316.0,81986775.0,0.95,CAD,Materials,Canada,Stock,equity,web_csv
2026-08-11,GDXJ,SKE,Skeena Resources Ltd,CA83056P7157,,2404823.0,80128702.0,0.93,USD,Materials,Canada,Stock,equity,web_csv
2026-08-11,GDXJ,TXG CN,Torex Gold Resources Inc,CA8910546032,,1749236.0,78271325.0,0.91,CAD,Materials,Canada,Stock,equity,web_csv
2026-08-11,GDXJ,AUGO,Aura Minerals Inc,VGG069731120,,976533.0,74275100.0,0.86,USD,Materials,United States,Stock,equity,web_csv
2026-08-11,GDXJ,RRL AU,Regis Resources Ltd,AU000000RRL8,,14174743.0,73884449.0,0.86,AUD,Materials,Australia,Stock,equity,web_csv
2026-08-11,GDXJ,FSM,Fortuna Silver Mines Inc,CA3499421020,,6709000.0,72658470.0,0.84,USD,Materials,Canada,Stock,equity,web_csv
2026-08-11,GDXJ,EXK,Endeavour Silver Corp,CA29258Y1034,,6453154.0,68338901.0,0.79,USD,Materials,Canada,Stock,equity,web_csv
2026-08-11,GDXJ,SA,Seabridge Gold Inc,CA8119271028,,2098443.0,67213129.0,0.78,USD,Materials,Canada,Stock,equity,web_csv
2026-08-11,GDXJ,SVM,Silvercorp Metals Inc,CA82835P1036,,5159009.0,65055103.0,0.75,USD,Materials,Canada,Stock,equity,web_csv
2026-08-11,GDXJ,WGX AU,Westgold Resources Ltd,AU000000WGX6,,15792496.0,64702233.0,0.75,AUD,Materials,Australia,Stock,equity,web_csv
2026-08-11,GDXJ,BRMS IJ,Bumi Resources Minerals Tbk Pt,ID1000117609,,1829830200.0,61609783.0,0.71,IDR,Materials,Indonesia,Stock,equity,web_csv
2026-08-11,GDXJ,EMAS IJ,Merdeka Gold Resources Tbk Pt,ID1000211600,,138063100.0,59256499.0,0.69,IDR,Materials,Indonesia,Stock,equity,web_csv
2026-08-11,GDXJ,TFPM,Triple Flag Precious Metals Corp,CA89679M1041,,1832121.0,58591230.0,0.68,USD,Materials,Canada,Stock,equity,web_csv
2026-08-11,GDXJ,PAF LN,Pan African Resources Plc,GB0004300496,,37832382.0,56843604.0,0.66,GBP,Materials,United Kingdom,Stock,equity,web_csv
2026-08-11,GDXJ,PPTA,Perpetua Resources Corp,CA7142661031,,2152430.0,54736295.0,0.63,USD,Materials,United States,Stock,equity,web_csv
2026-08-11,GDXJ,3939 HK,Wanguo Gold Group Ltd,KYG9430L1150,,35740000.0,54614491.0,0.63,HKD,Materials,China,Stock,equity,web_csv
2026-08-11,GDXJ,EMR AU,Emerald Resources Nl,AU000000EMR4,,11544936.0,53710922.0,0.62,AUD,Materials,Australia,Stock,equity,web_csv
2026-08-11,GDXJ,HOC LN,Hochschild Mining Plc,GB00B1FW5029,,7421782.0,52308226.0,0.61,GBP,Materials,Peru,Stock,equity,web_csv
2026-08-11,GDXJ,SXGC CN,Southern Cross Gold Consolidated Ltd,CA8426851090,,6052373.0,51930251.0,0.6,CAD,Materials,Canada,Stock,equity,web_csv
2026-08-11,GDXJ,NG,Novagold Resources Inc,CA66987E2069,,6555510.0,50346317.0,0.58,USD,Materials,Canada,Stock,equity,web_csv
2026-08-11,GDXJ,WAF AU,West African Resources Ltd,AU000000WAF6,,16812812.0,41817963.0,0.49,AUD,Materials,Australia,Stock,equity,web_csv
2026-08-11,GDXJ,AAUC,Allied Gold Corp,CA01921D2041,,1881921.0,41759827.0,0.48,USD,Materials,Canada,Stock,equity,web_csv
2026-08-11,GDXJ,PDI AU,Predictive Discovery Ltd,AU000000PDI8,,73060052.0,39977639.0,0.46,AUD,Materials,Australia,Stock,equity,web_csv
2026-08-11,GDXJ,ABRA CN,Abrasilver Resource Corp,CA00379L3048,,3343757.0,39421641.0,0.46,CAD,Materials,Canada,Stock,equity,web_csv
2026-08-11,GDXJ,SGD CN,Snowline Gold Corp,CA83342V1040,,3114868.0,38422856.0,0.45,CAD,Materials,Canada,Stock,equity,web_csv
2026-08-11,GDXJ,HYMC,Hycroft Mining Holding Corp,US44862P2083,,1365672.0,37596950.0,0.44,USD,Materials,United States,Stock,equity,web_csv
2026-08-11,GDXJ,USAS,Americas Gold & Silver Corp,CA03062D8035,,6595498.0,33900860.0,0.39,USD,Materials,Canada,Stock,equity,web_csv
2026-08-11,GDXJ,OBM AU,Ora Banda Mining Ltd,AU0000050130,,34635011.0,33040144.0,0.38,AUD,Materials,Australia,Stock,equity,web_csv
2026-08-11,GDXJ,VZLA,Vizsla Silver Corp,CA92859G6085,,8358970.0,32014855.0,0.37,USD,Materials,Canada,Stock,equity,web_csv
2026-08-11,GDXJ,ASM,Avino Silver & Gold Mines Ltd,CA0539061030,,4270678.0,31517604.0,0.37,USD,Materials,Mexico,Stock,equity,web_csv
2026-08-11,GDXJ,RSG AU,Resolute Mining Ltd,AU000000RSG6,,37845695.0,30447389.0,0.35,AUD,Materials,Australia,Stock,equity,web_csv
2026-08-11,GDXJ,IAUX,I-80 Gold Corp,CA44955L1067,,18311391.0,30396909.0,0.35,USD,Materials,United States,Stock,equity,web_csv
2026-08-11,GDXJ,GGD CN,Gogold Resources Inc,CA38045Y1025,,10970402.0,29853042.0,0.35,CAD,Materials,United States,Stock,equity,web_csv
2026-08-11,GDXJ,BGL AU,Bellevue Gold Ltd,AU0000019374,,25273117.0,27652028.0,0.32,AUD,Materials,Australia,Stock,equity,web_csv
2026-08-11,GDXJ,CYL AU,Catalyst Metals Ltd,AU000000CYL6,,5943892.0,27041629.0,0.31,AUD,Materials,Australia,Stock,equity,web_csv
2026-08-11,GDXJ,ALK AU,Alkane Resources Ltd,AU000000ALK9,,23490331.0,26364691.0,0.31,AUD,Materials,Australia,Stock,equity,web_csv
2026-08-11,GDXJ,MUX,Mcewen Mining Inc,US58039P3055,,1301473.0,24910193.0,0.29,USD,Materials,Canada,Stock,equity,web_csv
2026-08-11,GDXJ,TRALT TI,Koza Altin Isletmeleri As,TREKOAL00014,,24316082.0,24851701.0,0.29,TRY,Materials,Turkey,Stock,equity,web_csv
2026-08-11,GDXJ,ORE CN,Orezone Gold Corp,CA68616T1093,,12817363.0,24479760.0,0.28,CAD,Materials,Canada,Stock,equity,web_csv
2026-08-11,GDXJ,6693 HK,Chifeng Jilong Gold Mining Co Ltd,CNE100006T51,,5088000.0,23802604.0,0.28,HKD,Materials,China,Stock,equity,web_csv
2026-08-11,GDXJ,DRD,Drdgold Ltd,US26152H3012,,986985.0,23529722.0,0.27,USD,Materials,South Africa,Stock,equity,web_csv
2026-08-11,GDXJ,340 HK,Tongguan Gold Group Ltd,BMG8919D1074,,60570000.0,20957753.0,0.24,HKD,Materials,China,Stock,equity,web_csv
2026-08-11,GDXJ,KCN AU,Kingsgate Consolidated Ltd,AU000000KCN1,,6333076.0,20951003.0,0.24,AUD,Materials,Australia,Stock,equity,web_csv
2026-08-11,GDXJ,DC,Dakota Gold Corp,US46655E1001,,3188624.0,20088331.0,0.23,USD,Materials,Canada,Stock,equity,web_csv
2026-08-11,GDXJ,MTA,Metalla Royalty & Streaming Ltd,CA59124U6051,,1752483.0,16122844.0,0.19,USD,Materials,Canada,Stock,equity,web_csv
2026-08-11,GDXJ,CNL CN,Collective Mining Ltd,CA19425C1005,,1055986.0,15224699.0,0.18,CAD,Materials,Canada,Stock,equity,web_csv
2026-08-11,GDXJ,CTGO,Contango Ore Inc,US21077F1003,,725381.0,14456843.0,0.17,USD,Materials,United States,Stock,equity,web_csv
2026-08-11,GDXJ,GROY,Gold Royalty Corp,CA38071H1064,,4559387.0,14088506.0,0.16,USD,Materials,Canada,Stock,equity,web_csv
2026-08-11,GDXJ,OGG,Osisko Gold Group Inc,CA68827X1050,,5018390.0,13650021.0,0.16,USD,Materials,Canada,Stock,equity,web_csv
2026-08-11,GDXJ,TRMET TI,Koza Anadolu Metal Madencilik Isletmele,TREKOZA00014,,4714606.0,12699244.0,0.15,TRY,Materials,Turkey,Stock,equity,web_csv
2026-08-11,GDXJ,BC8 AU,Black Cat Syndicate Ltd,AU000000BC88,,16049169.0,12272627.0,0.14,AUD,Materials,Australia,Stock,equity,web_csv
2026-08-11,GDXJ,NFGC,New Found Gold Corp,CA64440N1033,,7000049.0,11620081.0,0.13,USD,Materials,Canada,Stock,equity,web_csv
2026-08-11,GDXJ,IDR,Idaho Strategic Resources Inc,US6458272050,,332398.0,11534211.0,0.13,USD,Materials,United States,Stock,equity,web_csv
2026-08-11,GDXJ,ITRG,Integra Resources Corp,CA45826T5098,,4353078.0,11318003.0,0.13,USD,Materials,Canada,Stock,equity,web_csv
2026-08-11,GDXJ,PNR AU,Pantoro Gold Ltd,AU000000PNR8,,5829812.0,10250279.0,0.12,AUD,Materials,Australia,Stock,equity,web_csv
2026-08-11,GDXJ,SBM AU,St Barbara Ltd,AU000000SBM8,,24495440.0,10146709.0,0.12,AUD,Materials,Australia,Stock,equity,web_csv
2026-08-11,GDXJ,CMCL,Caledonia Mining Corp Plc,JE00BF0XVB15,,376581.0,8627471.0,0.1,USD,Materials,Jersey,Stock,equity,web_csv
2026-08-11,GDXJ,AMI AU,Aurelia Metals Ltd,AU000000AMI1,,30436877.0,8251488.0,0.1,AUD,Materials,Australia,Stock,equity,web_csv
2026-08-11,GDXJ,APM CN,Andean Precious Metals Corp,CA03349X1015,,1516170.0,8164620.0,0.09,CAD,Materials,Canada,Stock,equity,web_csv
2026-08-11,GDXJ,GAU,Galiano Gold Inc,CA36352H1001,,3837444.0,8058632.0,0.09,USD,Materials,Canada,Stock,equity,web_csv
2026-08-11,GDXJ,CNMC SP,Cnmc Goldmine Holdings Ltd,,,6769100.0,7590309.0,0.09,SGD,Materials,Singapore,Stock,equity,web_csv
2026-08-11,GDXJ,ASL AU,Andean Silver Ltd,AU0000343253,,4036422.0,6091828.0,0.07,AUD,Materials,Australia,Stock,equity,web_csv
2026-08-11,GDXJ,VOXR,Vox Royalty Corp,CA92919F1036,,1169582.0,6070131.0,0.07,USD,Materials,Australia,Stock,equity,web_csv
2026-08-11,GDXJ,AZY AU,Antipa Minerals Ltd,AU000000AZY0,,12426267.0,5686535.0,0.07,AUD,Materials,Australia,Stock,equity,web_csv
2026-08-11,GDXJ,GLDG,Goldmining Inc,CA38149E1016,,5421985.0,5638864.0,0.07,USD,Materials,Canada,Stock,equity,web_csv
2026-08-11,GDXJ,FDR CN,Founders Metals Inc,CA3505901056,,1498959.0,5585782.0,0.06,CAD,Materials,Canada,Stock,equity,web_csv
2026-08-11,GDXJ,MEK AU,Meeka Metals Ltd,AU0000192726,,66394054.0,5127743.0,0.06,AUD,Materials,Australia,Stock,equity,web_csv
2026-08-11,GDXJ,USAU,Us Gold Corp,US90291C2017,,326095.0,4969688.0,0.06,USD,Materials,United States,Stock,equity,web_csv
2026-08-11,GDXJ,WRLG CN,West Red Lake Gold Mines Ltd,CA95556L1013,,8462178.0,4678425.0,0.05,CAD,Materials,Canada,Stock,equity,web_csv
2026-08-11,GDXJ,ARCI IJ,Archi Indonesia Tbk Pt,ID1000161003,,64180500.0,4401411.0,0.05,IDR,Materials,Indonesia,Stock,equity,web_csv
2026-08-11,GDXJ,8299 HK,Gt Gold Holdings Ltd,KYG4136P1303,,112248000.0,4126718.0,0.05,HKD,Materials,China,Stock,equity,web_csv
2026-08-11,GDXJ,LUCA CN,Luca Mining Corp,CA54929M1068,,6055195.0,3999842.0,0.05,CAD,Materials,Mexico,Stock,equity,web_csv
2026-08-11,GDXJ,DTR AU,Dateline Resources Ltd,AU000000DTR1,,72518821.0,3201933.0,0.04,AUD,Materials,Australia,Stock,equity,web_csv
2026-08-11,GDXJ,VGC CN,Valor Gold Corp,CA9199211066,,1002027.0,2863448.0,0.03,CAD,,Canada,Stock,equity,web_csv
2026-08-11,GDXJ,FFX AU,Firefinch Ltd,AU0000114522,,54133739.0,2374877.0,0.03,AUD,Materials,Australia,Stock,equity,web_csv
2026-08-11,GDXJ,PSAB IJ,J Resources Asia Pasific Tbk Pt,ID1000094709,,66969900.0,1842351.0,0.02,IDR,Materials,Indonesia,Stock,equity,web_csv
2026-08-11,GDXJ,2521181D CN,G3 Goldfields Inc,CA3624211098,,1836796.0,1800199.0,0.02,CAD,,Canada,Stock,equity,web_csv
2026-08-11,GDXJ,FMR CN,Future Mineral Resources Inc,CA3611551043,,168999.0,33976.0,0.0,CAD,Materials,Canada,Stock,equity,web_csv
2026-08-11,GDXJ,NIX CN,Archer Exploration Corp,CA66860Q1028,,179304.0,19311.0,0.0,CAD,Materials,Canada,Stock,equity,web_csv
2026-08-11,GDXJ,VGCX CN,Victoria Gold Corp/Vancouver,CA92625W5072,,1722275.0,1.0,0.0,CAD,Materials,Canada,Stock,equity,web_csv
2026-08-11,GDXJ,ASM AU,Australian Strategic Materials Ltd,AU0000094153,,1.0,1.0,0.0,AUD,Materials,Australia,Stock,equity,web_csv
2026-08-11,GDXJ,-USD CASH-,,CASH,,183848.0,183848.0,0.0,USD,,United States,Cash Bal,cash,web_csv
2026-08-11,GDXJ,-TRY CASH-,,CASH,,0.0,0.0,0.0,TRY,,Turkey,Cash Bal,cash,web_csv
2026-08-11,GDXJ,-GBP CASH-,,CASH,,582.0,786.0,0.0,GBP,,United Kingdom,Cash Bal,cash,web_csv
2026-08-11,GDXJ,-AUD CASH-,,CASH,,79.0,55.0,0.0,AUD,,Australia,Cash Bal,cash,web_csv
2026-08-11,GDXJ,-CAD CASH-,,CASH,,-1675705.0,-1203163.0,-0.01,CAD,,Canada,Cash Bal,cash,web_csv
2026-08-11,GDXJ,,Other/Cash,CASH,,0.0,-1621127.0,-0.02,USD,,,Cash,cash,web_csv
2026-08-12,GDXJ,EQX,Equinox Gold Corp,CA29446Y5020,,52093461.0,600637605.0,6.9,USD,Materials,Canada,Stock,equity,web_csv
2026-08-12,GDXJ,EVN AU,Evolution Mining Ltd,AU000000EVN4,,55329158.0,537978192.0,6.18,AUD,Materials,Australia,Stock,equity,web_csv
2026-08-12,GDXJ,AGI,Alamos Gold Inc,CA0115321089,,14734469.0,494046746.0,5.68,USD,Materials,Canada,Stock,equity,web_csv
2026-08-12,GDXJ,EDV LN,Endeavour Mining Plc,GB00BL6K5J42,,7809304.0,451015417.0,5.18,GBP,Materials,United Kingdom,Stock,equity,web_csv
2026-08-12,GDXJ,CDE,Coeur Mining Inc,US1921085049,,22623645.0,425324526.0,4.89,USD,Materials,United States,Stock,equity,web_csv
2026-08-12,GDXJ,PE&OLES* MF,Industrias Penoles Sab De Cv,MXP554091415,,4734623.0,247693071.0,2.85,MXN,Materials,Mexico,Stock,equity,web_csv
2026-08-12,GDXJ,EGO,Eldorado Gold Corp,CA2849025093,,5754744.0,228405789.0,2.63,USD,Materials,Turkey,Stock,equity,web_csv
2026-08-12,GDXJ,HL,Hecla Mining Co,US4227041062,,12238176.0,221510986.0,2.55,USD,Materials,United States,Stock,equity,web_csv
2026-08-12,GDXJ,AG,First Majestic Silver Corp,CA32076V1031,,11505794.0,220451013.0,2.53,USD,Materials,Canada,Stock,equity,web_csv
2026-08-12,GDXJ,IAG,Iamgold Corp,CA4509131088,,11871227.0,214513072.0,2.47,USD,Materials,Burkina Faso,Stock,equity,web_csv
2026-08-12,GDXJ,HMY,Harmony Gold Mining Co Ltd,US4132163001,,9696487.0,192572232.0,2.21,USD,Materials,South Africa,Stock,equity,web_csv
2026-08-12,GDXJ,GMIN CN,G Mining Ventures Corp,CA36270K1021,,4888204.0,174905949.0,2.01,CAD,Materials,Canada,Stock,equity,web_csv
2026-08-12,GDXJ,DPM CN,Dundee Precious Metals Inc,CA26139R1091,,3872396.0,174464324.0,2.01,CAD,Materials,Canada,Stock,equity,web_csv
2026-08-12,GDXJ,LUG CN,Lundin Gold Inc,CA5503711080,,2574182.0,170182392.0,1.96,CAD,Materials,Canada,Stock,equity,web_csv
2026-08-12,GDXJ,BTG,B2gold Corp,CA11777Q2099,,29403373.0,153191573.0,1.76,USD,Materials,Canada,Stock,equity,web_csv
2026-08-12,GDXJ,OGC CN,Oceanagold Corp,CA6752224007,,5161441.0,149355017.0,1.72,CAD,Materials,Canada,Stock,equity,web_csv
2026-08-12,GDXJ,DSV CN,Discovery Silver Corp,CA25466C1077,,17044941.0,132579244.0,1.52,CAD,Materials,Canada,Stock,equity,web_csv
2026-08-12,GDXJ,SSRM,Ssr Mining Inc,CA7847301032,,4053646.0,131824568.0,1.52,USD,Materials,Canada,Stock,equity,web_csv
2026-08-12,GDXJ,BVN,Cia De Minas Buenaventura Saa,US2044481040,,3675056.0,127156938.0,1.46,USD,Materials,Peru,Stock,equity,web_csv
2026-08-12,GDXJ,1818 HK,Zhaojin Mining Industry Co Ltd,CNE1000004R6,,41675700.0,126262474.0,1.45,HKD,Materials,China,Stock,equity,web_csv
2026-08-12,GDXJ,OR,Or Royalties Inc,CA68390D1069,,3136920.0,105745573.0,1.22,USD,Materials,Canada,Stock,equity,web_csv
2026-08-12,GDXJ,KNT CN,K92 Mining Inc,CA4991131083,,4844959.0,101815995.0,1.17,CAD,Materials,Canada,Stock,equity,web_csv
2026-08-12,GDXJ,GGP AU,Greatland Resources Ltd,AU0000397705,,11286395.0,100246166.0,1.15,AUD,Materials,Australia,Stock,equity,web_csv
2026-08-12,GDXJ,ARTG CN,Artemis Gold Inc,CA04302L1004,,3483763.0,99857781.0,1.15,CAD,Materials,Canada,Stock,equity,web_csv
2026-08-12,GDXJ,PRU AU,Perseus Mining Ltd,AU000000PRU3,,25111358.0,98989136.0,1.14,AUD,Materials,Australia,Stock,equity,web_csv
2026-08-12,GDXJ,RMS AU,Ramelius Resources Ltd,AU000000RMS4,,37999113.0,98735433.0,1.13,AUD,Materials,Australia,Stock,equity,web_csv
2026-08-12,GDXJ,MAU CN,Montage Gold Corp,CA61178L1013,,7243807.0,97756407.0,1.12,CAD,Materials,Côte D'Ivoire,Stock,equity,web_csv
2026-08-12,GDXJ,GMD AU,Genesis Minerals Ltd,AU000000GMD9,,18528854.0,97621102.0,1.12,AUD,Materials,Australia,Stock,equity,web_csv
2026-08-12,GDXJ,CMM AU,Capricorn Metals Ltd,AU000000CMM9,,7988049.0,92311412.0,1.06,AUD,Materials,Australia,Stock,equity,web_csv
2026-08-12,GDXJ,AYA CN,Aya Gold & Silver Inc,CA05466C1095,,3267325.0,91729618.0,1.05,CAD,Materials,Canada,Stock,equity,web_csv
2026-08-12,GDXJ,VAU AU,Vault Minerals Ltd,AU0000427775,,20190743.0,86574146.0,1.0,AUD,Materials,Australia,Stock,equity,web_csv
2026-08-12,GDXJ,ARIS,Aris Mining Corp,CA04040Y1097,,4870313.0,86448056.0,0.99,USD,Materials,Colombia,Stock,equity,web_csv
2026-08-12,GDXJ,CGAU,Centerra Gold Inc,CA1520061021,,3933363.0,85511312.0,0.98,USD,Materials,Canada,Stock,equity,web_csv
2026-08-12,GDXJ,WDO CN,Wesdome Gold Mines Ltd/Canada,CA95083R1001,,3382942.0,81855364.0,0.94,CAD,Materials,Canada,Stock,equity,web_csv
2026-08-12,GDXJ,SKE,Skeena Resources Ltd,CA83056P7157,,2408115.0,79973499.0,0.92,USD,Materials,Canada,Stock,equity,web_csv
2026-08-12,GDXJ,TXG CN,Torex Gold Resources Inc,CA8910546032,,1751630.0,78375803.0,0.9,CAD,Materials,Canada,Stock,equity,web_csv
2026-08-12,GDXJ,AUGO,Aura Minerals Inc,VGG069731120,,977869.0,75814184.0,0.87,USD,Materials,United States,Stock,equity,web_csv
2026-08-12,GDXJ,RRL AU,Regis Resources Ltd,AU000000RRL8,,14194167.0,74665544.0,0.86,AUD,Materials,Australia,Stock,equity,web_csv
2026-08-12,GDXJ,FSM,Fortuna Silver Mines Inc,CA3499421020,,6718184.0,72825115.0,0.84,USD,Materials,Canada,Stock,equity,web_csv
2026-08-12,GDXJ,EXK,Endeavour Silver Corp,CA29258Y1034,,6461976.0,68561565.0,0.79,USD,Materials,Canada,Stock,equity,web_csv
2026-08-12,GDXJ,SA,Seabridge Gold Inc,CA8119271028,,2101315.0,68313751.0,0.79,USD,Materials,Canada,Stock,equity,web_csv
2026-08-12,GDXJ,BRMS IJ,Bumi Resources Minerals Tbk Pt,ID1000117609,,1832336600.0,65162447.0,0.75,IDR,Materials,Indonesia,Stock,equity,web_csv
2026-08-12,GDXJ,WGX AU,Westgold Resources Ltd,AU000000WGX6,,15814110.0,64962681.0,0.75,AUD,Materials,Australia,Stock,equity,web_csv
2026-08-12,GDXJ,SVM,Silvercorp Metals Inc,CA82835P1036,,5166061.0,62509338.0,0.72,USD,Materials,Canada,Stock,equity,web_csv
2026-08-12,GDXJ,EMAS IJ,Merdeka Gold Resources Tbk Pt,ID1000211600,,138252100.0,59451510.0,0.68,IDR,Materials,Indonesia,Stock,equity,web_csv
2026-08-12,GDXJ,TFPM,Triple Flag Precious Metals Corp,CA89679M1041,,1834627.0,59166721.0,0.68,USD,Materials,Canada,Stock,equity,web_csv
2026-08-12,GDXJ,PAF LN,Pan African Resources Plc,GB0004300496,,37892340.0,57665408.0,0.66,GBP,Materials,United Kingdom,Stock,equity,web_csv
2026-08-12,GDXJ,3939 HK,Wanguo Gold Group Ltd,KYG9430L1150,,35789000.0,56379907.0,0.65,HKD,Materials,China,Stock,equity,web_csv
2026-08-12,GDXJ,PPTA,Perpetua Resources Corp,CA7142661031,,2155376.0,54466352.0,0.63,USD,Materials,United States,Stock,equity,web_csv
2026-08-12,GDXJ,EMR AU,Emerald Resources Nl,AU000000EMR4,,11560740.0,54078134.0,0.62,AUD,Materials,Australia,Stock,equity,web_csv
2026-08-12,GDXJ,HOC LN,Hochschild Mining Plc,GB00B1FW5029,,7431946.0,53177374.0,0.61,GBP,Materials,Peru,Stock,equity,web_csv
2026-08-12,GDXJ,SXGC CN,Southern Cross Gold Consolidated Ltd,CA8426851090,,6060665.0,52886903.0,0.61,CAD,Materials,Canada,Stock,equity,web_csv
2026-08-12,GDXJ,NG,Novagold Resources Inc,CA66987E2069,,6564484.0,51662489.0,0.59,USD,Materials,Canada,Stock,equity,web_csv
2026-08-12,GDXJ,AAUC,Allied Gold Corp,CA01921D2041,,1884495.0,42438827.0,0.49,USD,Materials,Canada,Stock,equity,web_csv
2026-08-12,GDXJ,WAF AU,West African Resources Ltd,AU000000WAF6,,16835802.0,41866931.0,0.48,AUD,Materials,Australia,Stock,equity,web_csv
2026-08-12,GDXJ,PDI AU,Predictive Discovery Ltd,AU000000PDI8,,73160108.0,41154336.0,0.47,AUD,Materials,Australia,Stock,equity,web_csv
2026-08-12,GDXJ,ABRA CN,Abrasilver Resource Corp,CA00379L3048,,3348333.0,39775507.0,0.46,CAD,Materials,Canada,Stock,equity,web_csv
2026-08-12,GDXJ,HYMC,Hycroft Mining Holding Corp,US44862P2083,,1367540.0,37538973.0,0.43,USD,Materials,United States,Stock,equity,web_csv
2026-08-12,GDXJ,SGD CN,Snowline Gold Corp,CA83342V1040,,3119134.0,37456042.0,0.43,CAD,Materials,Canada,Stock,equity,web_csv
2026-08-12,GDXJ,USAS,Americas Gold & Silver Corp,CA03062D8035,,6604522.0,34277469.0,0.39,USD,Materials,Canada,Stock,equity,web_csv
2026-08-12,GDXJ,OBM AU,Ora Banda Mining Ltd,AU0000050130,,34682445.0,33063864.0,0.38,AUD,Materials,Australia,Stock,equity,web_csv
2026-08-12,GDXJ,IAUX,I-80 Gold Corp,CA44955L1067,,18336447.0,32088782.0,0.37,USD,Materials,United States,Stock,equity,web_csv
2026-08-12,GDXJ,VZLA,Vizsla Silver Corp,CA92859G6085,,8370406.0,31807543.0,0.37,USD,Materials,Canada,Stock,equity,web_csv
2026-08-12,GDXJ,RSG AU,Resolute Mining Ltd,AU000000RSG6,,37897555.0,30742713.0,0.35,AUD,Materials,Australia,Stock,equity,web_csv
2026-08-12,GDXJ,ASM,Avino Silver & Gold Mines Ltd,CA0539061030,,4276520.0,30534353.0,0.35,USD,Materials,Mexico,Stock,equity,web_csv
2026-08-12,GDXJ,GGD CN,Gogold Resources Inc,CA38045Y1025,,10985426.0,29508021.0,0.34,CAD,Materials,United States,Stock,equity,web_csv
2026-08-12,GDXJ,BGL AU,Bellevue Gold Ltd,AU0000019374,,25307735.0,28010808.0,0.32,AUD,Materials,Australia,Stock,equity,web_csv
2026-08-12,GDXJ,CYL AU,Catalyst Metals Ltd,AU000000CYL6,,5952032.0,27193853.0,0.31,AUD,Materials,Australia,Stock,equity,web_csv
2026-08-12,GDXJ,ALK AU,Alkane Resources Ltd,AU000000ALK9,,23522533.0,25990805.0,0.3,AUD,Materials,Australia,Stock,equity,web_csv
2026-08-12,GDXJ,MUX,Mcewen Mining Inc,US58039P3055,,1303253.0,24957295.0,0.29,USD,Materials,Canada,Stock,equity,web_csv
2026-08-12,GDXJ,6693 HK,Chifeng Jilong Gold Mining Co Ltd,CNE100006T51,,5094800.0,24719963.0,0.28,HKD,Materials,China,Stock,equity,web_csv
2026-08-12,GDXJ,ORE CN,Orezone Gold Corp,CA68616T1093,,12834933.0,24428177.0,0.28,CAD,Materials,Canada,Stock,equity,web_csv
2026-08-12,GDXJ,TRALT TI,Koza Altin Isletmeleri As,TREKOAL00014,,24349384.0,24305888.0,0.28,TRY,Materials,Turkey,Stock,equity,web_csv
2026-08-12,GDXJ,DRD,Drdgold Ltd,US26152H3012,,988337.0,23878222.0,0.27,USD,Materials,South Africa,Stock,equity,web_csv
2026-08-12,GDXJ,340 HK,Tongguan Gold Group Ltd,BMG8919D1074,,60654000.0,21692779.0,0.25,HKD,Materials,China,Stock,equity,web_csv
2026-08-12,GDXJ,KCN AU,Kingsgate Consolidated Ltd,AU000000KCN1,,6341744.0,21192222.0,0.24,AUD,Materials,Australia,Stock,equity,web_csv
2026-08-12,GDXJ,DC,Dakota Gold Corp,US46655E1001,,3192988.0,20020035.0,0.23,USD,Materials,Canada,Stock,equity,web_csv
2026-08-12,GDXJ,MTA,Metalla Royalty & Streaming Ltd,CA59124U6051,,1754879.0,16022045.0,0.18,USD,Materials,Canada,Stock,equity,web_csv
2026-08-12,GDXJ,CNL CN,Collective Mining Ltd,CA19425C1005,,1057432.0,15105629.0,0.17,CAD,Materials,Canada,Stock,equity,web_csv
2026-08-12,GDXJ,GROY,Gold Royalty Corp,CA38071H1064,,4565627.0,14473038.0,0.17,USD,Materials,Canada,Stock,equity,web_csv
2026-08-12,GDXJ,CTGO,Contango Ore Inc,US21077F1003,,726373.0,14236911.0,0.16,USD,Materials,United States,Stock,equity,web_csv
2026-08-12,GDXJ,OGG,Osisko Gold Group Inc,CA68827X1050,,5025256.0,13970212.0,0.16,USD,Materials,Canada,Stock,equity,web_csv
2026-08-12,GDXJ,TRMET TI,Koza Anadolu Metal Madencilik Isletmele,TREKOZA00014,,4721062.0,12654927.0,0.15,TRY,Materials,Turkey,Stock,equity,web_csv
2026-08-12,GDXJ,BC8 AU,Black Cat Syndicate Ltd,AU000000BC88,,16071149.0,12603259.0,0.14,AUD,Materials,Australia,Stock,equity,web_csv
2026-08-12,GDXJ,ITRG,Integra Resources Corp,CA45826T5098,,4359036.0,11769397.0,0.14,USD,Materials,Canada,Stock,equity,web_csv
2026-08-12,GDXJ,NFGC,New Found Gold Corp,CA64440N1033,,7009635.0,11565898.0,0.13,USD,Materials,Canada,Stock,equity,web_csv
2026-08-12,GDXJ,IDR,Idaho Strategic Resources Inc,US6458272050,,332852.0,11556621.0,0.13,USD,Materials,United States,Stock,equity,web_csv
2026-08-12,GDXJ,SBM AU,St Barbara Ltd,AU000000SBM8,,24528986.0,10802347.0,0.12,AUD,Materials,Australia,Stock,equity,web_csv
2026-08-12,GDXJ,PNR AU,Pantoro Gold Ltd,AU000000PNR8,,5837798.0,10312016.0,0.12,AUD,Materials,Australia,Stock,equity,web_csv
2026-08-12,GDXJ,CMCL,Caledonia Mining Corp Plc,JE00BF0XVB15,,377097.0,8612895.0,0.1,USD,Materials,Jersey,Stock,equity,web_csv
2026-08-12,GDXJ,AMI AU,Aurelia Metals Ltd,AU000000AMI1,,30478551.0,8397152.0,0.1,AUD,Materials,Australia,Stock,equity,web_csv
2026-08-12,GDXJ,GAU,Galiano Gold Inc,CA36352H1001,,3842694.0,8031230.0,0.09,USD,Materials,Canada,Stock,equity,web_csv
2026-08-12,GDXJ,CNMC SP,Cnmc Goldmine Holdings Ltd,,,6778300.0,7655217.0,0.09,SGD,Materials,Singapore,Stock,equity,web_csv
2026-08-12,GDXJ,APM CN,Andean Precious Metals Corp,CA03349X1015,,1518246.0,7523897.0,0.09,CAD,Materials,Canada,Stock,equity,web_csv
2026-08-12,GDXJ,ASL AU,Andean Silver Ltd,AU0000343253,,4041950.0,6306831.0,0.07,AUD,Materials,Australia,Stock,equity,web_csv
2026-08-12,GDXJ,VOXR,Vox Royalty Corp,CA92919F1036,,1171182.0,6043299.0,0.07,USD,Materials,Australia,Stock,equity,web_csv
2026-08-12,GDXJ,FDR CN,Founders Metals Inc,CA3505901056,,1501009.0,5821416.0,0.07,CAD,Materials,Canada,Stock,equity,web_csv
2026-08-12,GDXJ,GLDG,Goldmining Inc,CA38149E1016,,5429403.0,5646579.0,0.06,USD,Materials,Canada,Stock,equity,web_csv
2026-08-12,GDXJ,AZY AU,Antipa Minerals Ltd,AU000000AZY0,,12443271.0,5487297.0,0.06,AUD,Materials,Australia,Stock,equity,web_csv
2026-08-12,GDXJ,MEK AU,Meeka Metals Ltd,AU0000192726,,66484932.0,5154247.0,0.06,AUD,Materials,Australia,Stock,equity,web_csv
2026-08-12,GDXJ,USAU,Us Gold Corp,US90291C2017,,326541.0,4983016.0,0.06,USD,Materials,United States,Stock,equity,web_csv
2026-08-12,GDXJ,WRLG CN,West Red Lake Gold Mines Ltd,CA95556L1013,,8473762.0,4747035.0,0.05,CAD,Materials,Canada,Stock,equity,web_csv
2026-08-12,GDXJ,ARCI IJ,Archi Indonesia Tbk Pt,ID1000161003,,64267900.0,4474892.0,0.05,IDR,Materials,Indonesia,Stock,equity,web_csv
2026-08-12,GDXJ,DTR AU,Dateline Resources Ltd,AU000000DTR1,,72171087.0,4388767.0,0.05,AUD,Materials,Australia,Stock,equity,web_csv
2026-08-12,GDXJ,LUCA CN,Luca Mining Corp,CA54929M1068,,6063493.0,4224217.0,0.05,CAD,Materials,Mexico,Stock,equity,web_csv
2026-08-12,GDXJ,8299 HK,Gt Gold Holdings Ltd,KYG4136P1303,,112392000.0,3925212.0,0.05,HKD,Materials,China,Stock,equity,web_csv
2026-08-12,GDXJ,VGC CN,Valor Gold Corp,CA9199211066,,1003399.0,3012323.0,0.03,CAD,,Canada,Stock,equity,web_csv
2026-08-12,GDXJ,FFX AU,Firefinch Ltd,AU0000114522,,54133739.0,2377062.0,0.03,AUD,Materials,Australia,Stock,equity,web_csv
2026-08-12,GDXJ,PSAB IJ,J Resources Asia Pasific Tbk Pt,ID1000094709,,67061700.0,1895749.0,0.02,IDR,Materials,Indonesia,Stock,equity,web_csv
2026-08-12,GDXJ,2521181D CN,G3 Goldfields Inc,CA3624211098,,1836796.0,1800716.0,0.02,CAD,,Canada,Stock,equity,web_csv
2026-08-12,GDXJ,FMR CN,Future Mineral Resources Inc,CA3611551043,,168999.0,33986.0,0.0,CAD,Materials,Canada,Stock,equity,web_csv
2026-08-12,GDXJ,NIX CN,Archer Exploration Corp,CA66860Q1028,,179304.0,21892.0,0.0,CAD,Materials,Canada,Stock,equity,web_csv
2026-08-12,GDXJ,VGCX CN,Victoria Gold Corp/Vancouver,CA92625W5072,,1722275.0,1.0,0.0,CAD,Materials,Canada,Stock,equity,web_csv
2026-08-12,GDXJ,ASM AU,Australian Strategic Materials Ltd,AU0000094153,,1.0,1.0,0.0,AUD,Materials,Australia,Stock,equity,web_csv
2026-08-12,GDXJ,-TRY CASH-,,CASH,,0.0,0.0,0.0,TRY,,Turkey,Cash Bal,cash,web_csv
2026-08-12,GDXJ,-GBP CASH-,,CASH,,582.0,786.0,0.0,GBP,,United Kingdom,Cash Bal,cash,web_csv
2026-08-12,GDXJ,-AUD CASH-,,CASH,,79.0,56.0,0.0,AUD,,Australia,Cash Bal,cash,web_csv
2026-08-12,GDXJ,-USD CASH-,,CASH,,-1090793.0,-1090793.0,-0.01,USD,,United States,Cash Bal,cash,web_csv
2026-08-12,GDXJ,-CAD CASH-,,CASH,,-1675691.0,-1203498.0,-0.01,CAD,,Canada,Cash Bal,cash,web_csv
2026-08-12,GDXJ,,Other/Cash,CASH,,0.0,-419803.0,-0.0,USD,,,Cash,cash,web_csv
