as_of_date,etf_ticker,constituent_ticker,constituent_name,isin,sedol,shares_held,market_value,weight_pct,currency,sector,country,asset_class,instrument_type,source
2026-06-15,RING,2099,CHINA GOLD INTERNATIONAL RESOURCES,CA16890P1036,B60FNV8,1184400.0,24247630.47,0.96,USD,Materials,China,,equity,web_csv
2026-06-15,RING,2259,ZIJIN GOLD INTERNATIONAL LTD,HK0001200002,BSD3B20,680200.0,10548226.52,0.42,USD,Materials,China,,equity,web_csv
2026-06-15,RING,2899,ZIJIN MINING GROUP LTD H,CNE100000502,6725299,20626000.0,88349380.34,3.5,USD,Materials,China,,equity,web_csv
2026-06-15,RING,601899,ZIJIN MINING GROUP LTD A,CNE100000B24,BP3R400,2454835.0,11372981.5,0.45,USD,Materials,China,,equity,web_csv
2026-06-15,RING,ABX,BARRICK MINING CORP,CA06849F1080,BNM23Q1,5593125.0,234619476.55,9.29,USD,Materials,Canada,,equity,web_csv
2026-06-15,RING,AEM,AGNICO EAGLE MINES LTD,CA0084741085,2009823,1777199.0,305523838.25,12.09,USD,Materials,Canada,,equity,web_csv
2026-06-15,RING,AGI,ALAMOS GOLD INC CLASS A,CA0115321089,BZ3DNP6,1944271.0,73126683.43,2.89,USD,Materials,Canada,,equity,web_csv
2026-06-15,RING,ANG,ANGLOGOLD ASHANTI PLC,GB00BRXH2664,BRF6FX9,1273795.0,118315542.38,4.68,USD,Materials,South Africa,,equity,web_csv
2026-06-15,RING,ARIS,ARIS MINING CORP,CA04040Y1097,BQKRCQ2,942320.0,16331883.36,0.65,USD,Materials,Canada,,equity,web_csv
2026-06-15,RING,AUD,AUD/USD,CASH,,-759704.0,-3.04,0.0,USD,Cash and/or Derivatives,United States,,cash,web_csv
2026-06-15,RING,AUD,AUD CASH,CASH,,1220949.0,865225.75,0.03,USD,Cash and/or Derivatives,Australia,,cash,web_csv
2026-06-15,RING,BTO,B2GOLD CORP,CA11777Q2099,B29VFC4,6919856.0,30998102.66,1.23,USD,Materials,Canada,,equity,web_csv
2026-06-15,RING,CAD,CAD/USD,CASH,,-17839319.0,-127.89,0.0,USD,Cash and/or Derivatives,United States,,cash,web_csv
2026-06-15,RING,CAD,CAD CASH,CASH,,18677501.0,13365416.55,0.53,USD,Cash and/or Derivatives,Canada,,cash,web_csv
2026-06-15,RING,CDE,COEUR MINING INC,US1921085049,2208136,4732667.0,88311566.22,3.5,USD,Materials,United States,,equity,web_csv
2026-06-15,RING,CG,CENTERRA GOLD INC,CA1520061021,B01NXQ4,1570831.0,26640448.46,1.05,USD,Materials,Canada,,equity,web_csv
2026-06-15,RING,CNH,CNH CASH,CASH,,1077863.0,159489.59,0.01,USD,Cash and/or Derivatives,China,,cash,web_csv
2026-06-15,RING,CYL,CATALYST METALS LTD,AU000000CYL6,B17P5V0,1511956.0,6032250.1,0.24,USD,Materials,Australia,,equity,web_csv
2026-06-15,RING,DRD,DRDGOLD LTD,ZAE000058723,6267780,6133652.0,15570549.92,0.62,USD,Materials,South Africa,,equity,web_csv
2026-06-15,RING,EDV,ENDEAVOUR MINING,GB00BL6K5J42,BL6K5J4,836343.0,46153287.37,1.83,USD,Materials,United Kingdom,,equity,web_csv
2026-06-15,RING,ELD,ELDORADO GOLD CORP,CA2849025093,BHZJ5Y9,1222430.0,41271063.29,1.63,USD,Materials,Canada,,equity,web_csv
2026-06-15,RING,EMR,EMERALD RESOURCES,AU000000EMR4,6107381,3950570.0,16545467.15,0.65,USD,Materials,Australia,,equity,web_csv
2026-06-15,RING,EQX,EQUINOX GOLD CORP,CA29446Y5020,BKLNP13,3836400.0,43018632.51,1.7,USD,Materials,Canada,,equity,web_csv
2026-06-15,RING,GBP,GBP/USD,CASH,,-343509.0,-3.78,0.0,USD,Cash and/or Derivatives,United States,,cash,web_csv
2026-06-15,RING,GBP,GBP CASH,CASH,,549981.0,739174.03,0.03,USD,Cash and/or Derivatives,United Kingdom,,cash,web_csv
2026-06-15,RING,GFI,GOLD FIELDS LTD,ZAE000018123,6280215,2884021.0,114838659.77,4.55,USD,Materials,South Africa,,equity,web_csv
2026-06-15,RING,GMD,GENESIS MINERALS LTD,AU000000GMD9,B23G0X1,7051542.0,28833124.12,1.14,USD,Materials,Australia,,equity,web_csv
2026-06-15,RING,GMIN,G MINING VENTURES CORP,CA36270K1021,BSWW128,739710.0,22321779.46,0.88,USD,Materials,Canada,,equity,web_csv
2026-06-15,RING,HAR,HARMONY GOLD MINING COMPANY LIMITE,ZAE000015228,6410562,2779862.0,49129648.2,1.94,USD,Materials,South Africa,,equity,web_csv
2026-06-15,RING,HKD,HKD/USD,CASH,,-7173149.0,-7.33,0.0,USD,Cash and/or Derivatives,United States,,cash,web_csv
2026-06-15,RING,HKD,HKD CASH,CASH,,22275012.0,2843049.89,0.11,USD,Cash and/or Derivatives,Hong Kong,,cash,web_csv
2026-06-15,RING,HOC,HOCHSCHILD MINING PLC,GB00B1FW5029,B1FW502,2903421.0,23179055.07,0.92,USD,Materials,United Kingdom,,equity,web_csv
2026-06-15,RING,IDR,IDR CASH,CASH,,0.0,0.0,0.0,USD,Cash and/or Derivatives,Indonesia,,cash,web_csv
2026-06-15,RING,IMG,IAMGOLD CORP,CA4509131088,2446646,2974331.0,53273823.7,2.11,USD,Materials,Canada,,equity,web_csv
2026-06-15,RING,K,KINROSS GOLD CORP,CA4969024047,B03Z841,4081694.0,111633578.79,4.42,USD,Materials,Canada,,equity,web_csv
2026-06-15,RING,LUG,LUNDIN GOLD INC,CA5503711080,BTKSSY6,580649.0,34000864.2,1.35,USD,Materials,Canada,,equity,web_csv
2026-06-15,RING,LUNR,LUNR ROYALTIES CORP,CA5504281067,BRCDGF2,127683.0,2329898.39,0.09,USD,Materials,Canada,,equity,web_csv
2026-06-15,RING,MUX,MCEWEN INC,US58039P3055,BQGD8H7,339254.0,6819005.4,0.27,USD,Materials,United States,,equity,web_csv
2026-06-15,RING,NEM,NEWMONT,US6516391066,2636607,3901999.0,412831494.2,16.34,USD,Materials,United States,,equity,web_csv
2026-06-15,RING,OBM,ORA BANDA MINING LTD,AU0000050130,BKDX544,8354778.0,7607988.26,0.3,USD,Materials,Australia,,equity,web_csv
2026-06-15,RING,OGC,OCEANAGOLD CORPORATION CORP,CA6752224007,BQXQY26,1070664.0,29780464.19,1.18,USD,Materials,Canada,,equity,web_csv
2026-06-15,RING,PAAS,PAN AMERICAN SILVER CORP,CA6979001089,2669272,1683361.0,85947838.81,3.4,USD,Materials,Canada,,equity,web_csv
2026-06-15,RING,PAF,PAN AFRICAN RESOURCES PLC,GB0004300496,0430049,5834809.0,9033964.76,0.36,USD,Materials,United Kingdom,,equity,web_csv
2026-06-15,RING,PLZL,POLYUS,RU000A0JNAA8,B57R0L9,625470.0,8.62,0.0,USD,Materials,Russian Federation,,equity,web_csv
2026-06-15,RING,PTM6,S&P/TSE 60 INDEX JUN 26,,,34.0,0.0,0.0,USD,Cash and/or Derivatives,,,cash,web_csv
2026-06-15,RING,RRL,REGIS RESOURCES LTD,AU000000RRL8,6476542,3529569.0,16583148.75,0.66,USD,Materials,Australia,,equity,web_csv
2026-06-15,RING,RSG,RESOLUTE MINING LTD,AU000000RSG6,6410636,12581169.0,9896366.41,0.39,USD,Materials,Australia,,equity,web_csv
2026-06-15,RING,SSRM,SSR MINING INC,CA7847301032,BF7MPL9,1271111.0,36793044.44,1.46,USD,Materials,Canada,,equity,web_csv
2026-06-15,RING,TRALT.E,KOZA ALTIN ISLETMELERI A,TREKOAL00014,B3LP189,10674703.0,10729944.22,0.42,USD,Materials,Turkey,,equity,web_csv
2026-06-15,RING,TRY,TRY/USD,CASH,,-143227.0,0.02,0.0,USD,Cash and/or Derivatives,United States,,cash,web_csv
2026-06-15,RING,TRY,TRY CASH,CASH,,7514604.0,162370.85,0.01,USD,Cash and/or Derivatives,Turkey,,cash,web_csv
2026-06-15,RING,TXG,TOREX GOLD RESOURCES INC,CA8910546032,BD2NKY1,625712.0,27756189.4,1.1,USD,Materials,Canada,,equity,web_csv
2026-06-15,RING,USD,USD CASH,CASH,,-12186501.0,-12186500.93,-0.48,USD,Cash and/or Derivatives,United States,,cash,web_csv
2026-06-15,RING,WAF,WEST AFRICAN RESOURCES LTD,AU000000WAF6,B4KBBN0,2482055.0,5540561.07,0.22,USD,Materials,Australia,,equity,web_csv
2026-06-15,RING,WDO,WESDOME GOLD MINES LTD,CA95083R1001,B0Y90N5,1141278.0,22303697.58,0.88,USD,Materials,Canada,,equity,web_csv
2026-06-15,RING,WFFUT,CASH COLLATERAL USD WFFUT,CASH,,472000.0,472000.0,0.02,USD,Cash and/or Derivatives,United States,,cash,web_csv
2026-06-15,RING,WGX,WESTGOLD RESOURCES LTD,AU000000WGX6,BYVQ673,4577652.0,16706358.41,0.66,USD,Materials,Australia,,equity,web_csv
2026-06-15,RING,WPM,WHEATON PRECIOUS METALS CORP,CA9628791027,BF13KN5,1455136.0,180557860.67,7.15,USD,Materials,Canada,,equity,web_csv
2026-06-15,RING,XTSLA,BLK CSH FND TREASURY SL AGENCY,US0669224778,6922477,528572.0,528571.87,0.02,USD,Cash and/or Derivatives,United States,,cash,web_csv
2026-06-15,RING,ZAR,ZAR/USD,CASH,,-30953786.0,-25.78,0.0,USD,Cash and/or Derivatives,United States,,cash,web_csv
2026-06-15,RING,ZAR,ZAR CASH,CASH,,62631391.0,3870316.13,0.15,USD,Cash and/or Derivatives,South Africa,,cash,web_csv
2026-06-17,RING,2099,CHINA GOLD INTERNATIONAL RESOURCES,CA16890P1036,B60FNV8,1174200.0,23677919.16,0.94,USD,Materials,China,,equity,web_csv
2026-06-17,RING,2259,ZIJIN GOLD INTERNATIONAL LTD,HK0001200002,BSD3B20,674800.0,10162520.9,0.4,USD,Materials,China,,equity,web_csv
2026-06-17,RING,2899,ZIJIN MINING GROUP LTD H,CNE100000502,6725299,20446000.0,86373540.26,3.42,USD,Materials,China,,equity,web_csv
2026-06-17,RING,601899,ZIJIN MINING GROUP LTD A,CNE100000B24,BP3R400,2433835.0,10954885.55,0.43,USD,Materials,China,,equity,web_csv
2026-06-17,RING,ABX,BARRICK MINING CORP,CA06849F1080,BNM23Q1,5541891.0,230948356.84,9.14,USD,Materials,Canada,,equity,web_csv
2026-06-17,RING,AEM,AGNICO EAGLE MINES LTD,CA0084741085,2009823,1789830.0,312751123.32,12.38,USD,Materials,Canada,,equity,web_csv
2026-06-17,RING,AGI,ALAMOS GOLD INC CLASS A,CA0115321089,BZ3DNP6,1927267.0,72480414.31,2.87,USD,Materials,Canada,,equity,web_csv
2026-06-17,RING,ANG,ANGLOGOLD ASHANTI PLC,GB00BRXH2664,BRF6FX9,1262659.0,120837617.19,4.78,USD,Materials,South Africa,,equity,web_csv
2026-06-17,RING,ARIS,ARIS MINING CORP,CA04040Y1097,BQKRCQ2,934082.0,16108767.39,0.64,USD,Materials,Canada,,equity,web_csv
2026-06-17,RING,AUD,AUD CASH,CASH,,614021.0,433928.69,0.02,USD,Cash and/or Derivatives,Australia,,cash,web_csv
2026-06-17,RING,AUD,AUD/USD,CASH,,-511084.0,504.44,0.0,USD,Cash and/or Derivatives,United States,,cash,web_csv
2026-06-17,RING,BTO,B2GOLD CORP,CA11777Q2099,B29VFC4,6859334.0,30527240.68,1.21,USD,Materials,Canada,,equity,web_csv
2026-06-17,RING,CAD,CAD/USD,CASH,,-581363.0,1041.88,0.0,USD,Cash and/or Derivatives,United States,,cash,web_csv
2026-06-17,RING,CAD,CAD CASH,CASH,,1023418.0,729918.2,0.03,USD,Cash and/or Derivatives,Canada,,cash,web_csv
2026-06-17,RING,CAD,CAD/USD,CASH,,-1135611.0,-5.78,0.0,USD,Cash and/or Derivatives,United States,,cash,web_csv
2026-06-17,RING,CDE,COEUR MINING INC,US1921085049,2208136,4691279.0,82238120.87,3.25,USD,Materials,United States,,equity,web_csv
2026-06-17,RING,CG,CENTERRA GOLD INC,CA1520061021,B01NXQ4,1557097.0,27308334.09,1.08,USD,Materials,Canada,,equity,web_csv
2026-06-17,RING,CNH,CNH CASH,CASH,,1077863.0,159432.97,0.01,USD,Cash and/or Derivatives,China,,cash,web_csv
2026-06-17,RING,CNH,CNH/USD,CASH,,-678301.0,74.69,0.0,USD,Cash and/or Derivatives,United States,,cash,web_csv
2026-06-17,RING,CYL,CATALYST METALS LTD,AU000000CYL6,B17P5V0,1498732.0,6820951.14,0.27,USD,Materials,Australia,,equity,web_csv
2026-06-17,RING,DRD,DRDGOLD LTD,ZAE000058723,6267780,6075008.0,15534301.32,0.61,USD,Materials,South Africa,,equity,web_csv
2026-06-17,RING,EDV,ENDEAVOUR MINING,GB00BL6K5J42,BL6K5J4,829029.0,49233362.01,1.95,USD,Materials,United Kingdom,,equity,web_csv
2026-06-17,RING,ELD,ELDORADO GOLD CORP,CA2849025093,BHZJ5Y9,1211744.0,41586991.86,1.65,USD,Materials,Canada,,equity,web_csv
2026-06-17,RING,EMR,EMERALD RESOURCES,AU000000EMR4,6107381,3916022.0,17684023.06,0.7,USD,Materials,Australia,,equity,web_csv
2026-06-17,RING,EQX,EQUINOX GOLD CORP,CA29446Y5020,BKLNP13,3802848.0,42229757.76,1.67,USD,Materials,Canada,,equity,web_csv
2026-06-17,RING,GBP,GBP CASH,CASH,,206472.0,276537.84,0.01,USD,Cash and/or Derivatives,United Kingdom,,cash,web_csv
2026-06-17,RING,GBP,GBP/USD,CASH,,-45506.0,154.14,0.0,USD,Cash and/or Derivatives,United States,,cash,web_csv
2026-06-17,RING,GFI,GOLD FIELDS LTD,ZAE000018123,6280215,2858797.0,117372762.35,4.64,USD,Materials,South Africa,,equity,web_csv
2026-06-17,RING,GMD,GENESIS MINERALS LTD,AU000000GMD9,B23G0X1,6989868.0,30626386.24,1.21,USD,Materials,Australia,,equity,web_csv
2026-06-17,RING,GMIN,G MINING VENTURES CORP,CA36270K1021,BSWW128,733242.0,22659850.12,0.9,USD,Materials,Canada,,equity,web_csv
2026-06-17,RING,HAR,HARMONY GOLD MINING COMPANY LIMITE,ZAE000015228,6410562,2755550.0,49358954.33,1.95,USD,Materials,South Africa,,equity,web_csv
2026-06-17,RING,HKD,HKD/USD,CASH,,-1107262.0,46.43,0.0,USD,Cash and/or Derivatives,United States,,cash,web_csv
2026-06-17,RING,HKD,HKD CASH,CASH,,15101863.0,1927413.45,0.08,USD,Cash and/or Derivatives,Hong Kong,,cash,web_csv
2026-06-17,RING,HOC,HOCHSCHILD MINING PLC,GB00B1FW5029,B1FW502,2878029.0,23802699.27,0.94,USD,Materials,United Kingdom,,equity,web_csv
2026-06-17,RING,IDR,IDR CASH,CASH,,0.0,0.0,0.0,USD,Cash and/or Derivatives,Indonesia,,cash,web_csv
2026-06-17,RING,IMG,IAMGOLD CORP,CA4509131088,2446646,2948321.0,52149176.81,2.06,USD,Materials,Canada,,equity,web_csv
2026-06-17,RING,K,KINROSS GOLD CORP,CA4969024047,B03Z841,4042349.0,111286407.1,4.4,USD,Materials,Canada,,equity,web_csv
2026-06-17,RING,LUG,LUNDIN GOLD INC,CA5503711080,BTKSSY6,575573.0,33320918.91,1.32,USD,Materials,Canada,,equity,web_csv
2026-06-17,RING,LUNR,LUNR ROYALTIES CORP,CA5504281067,BRCDGF2,113753.0,1671287.21,0.07,USD,Materials,Canada,,equity,web_csv
2026-06-17,RING,MUX,MCEWEN INC,US58039P3055,BQGD8H7,336290.0,6571106.6,0.26,USD,Materials,United States,,equity,web_csv
2026-06-17,RING,NEM,NEWMONT,US6516391066,2636607,3866942.0,408619761.14,16.17,USD,Materials,United States,,equity,web_csv
2026-06-17,RING,OBM,ORA BANDA MINING LTD,AU0000050130,BKDX544,8281710.0,8164494.82,0.32,USD,Materials,Australia,,equity,web_csv
2026-06-17,RING,OGC,OCEANAGOLD CORPORATION CORP,CA6752224007,BQXQY26,1061304.0,29482769.27,1.17,USD,Materials,Canada,,equity,web_csv
2026-06-17,RING,PAAS,PAN AMERICAN SILVER CORP,CA6979001089,2669272,1668643.0,84866223.76,3.36,USD,Materials,Canada,,equity,web_csv
2026-06-17,RING,PAF,PAN AFRICAN RESOURCES PLC,GB0004300496,0430049,5783779.0,9156368.21,0.36,USD,Materials,United Kingdom,,equity,web_csv
2026-06-17,RING,PLZL,POLYUS,RU000A0JNAA8,B57R0L9,625470.0,8.58,0.0,USD,Materials,Russian Federation,,equity,web_csv
2026-06-17,RING,PTU6,S&P/TSE 60 INDEX SEP 26,,,27.0,0.0,0.0,USD,Cash and/or Derivatives,,,cash,web_csv
2026-06-17,RING,RRL,REGIS RESOURCES LTD,AU000000RRL8,6476542,3476062.0,17318557.76,0.69,USD,Materials,Australia,,equity,web_csv
2026-06-17,RING,RSG,RESOLUTE MINING LTD,AU000000RSG6,6410636,12471135.0,10576021.33,0.42,USD,Materials,Australia,,equity,web_csv
2026-06-17,RING,SSRM,SSR MINING INC,CA7847301032,BF7MPL9,1259999.0,40286538.17,1.59,USD,Materials,Canada,,equity,web_csv
2026-06-17,RING,TRALT.E,KOZA ALTIN ISLETMELERI A,TREKOAL00014,B3LP189,10581343.0,10933789.81,0.43,USD,Materials,Turkey,,equity,web_csv
2026-06-17,RING,TRY,TRY CASH,CASH,,7371377.0,159149.71,0.01,USD,Cash and/or Derivatives,Turkey,,cash,web_csv
2026-06-17,RING,TRY,TRY/USD,CASH,,-4638138.0,-42.46,0.0,USD,Cash and/or Derivatives,United States,,cash,web_csv
2026-06-17,RING,TXG,TOREX GOLD RESOURCES INC,CA8910546032,BD2NKY1,620240.0,27718592.4,1.1,USD,Materials,Canada,,equity,web_csv
2026-06-17,RING,USD,USD CASH,CASH,,-18950376.0,-18950376.4,-0.75,USD,Cash and/or Derivatives,United States,,cash,web_csv
2026-06-17,RING,WAF,WEST AFRICAN RESOURCES LTD,AU000000WAF6,B4KBBN0,2460347.0,5685638.03,0.22,USD,Materials,Australia,,equity,web_csv
2026-06-17,RING,WDO,WESDOME GOLD MINES LTD,CA95083R1001,B0Y90N5,1131300.0,20978389.56,0.83,USD,Materials,Canada,,equity,web_csv
2026-06-17,RING,WFFUT,CASH COLLATERAL USD WFFUT,CASH,,547000.0,547000.0,0.02,USD,Cash and/or Derivatives,United States,,cash,web_csv
2026-06-17,RING,WGX,WESTGOLD RESOURCES LTD,AU000000WGX6,BYVQ673,4537620.0,17412576.77,0.69,USD,Materials,Australia,,equity,web_csv
2026-06-17,RING,WPM,WHEATON PRECIOUS METALS CORP,CA9628791027,BF13KN5,1441605.0,183241454.32,7.25,USD,Materials,Canada,,equity,web_csv
2026-06-17,RING,XTSLA,BLK CSH FND TREASURY SL AGENCY,US0669224778,6922477,17350304.0,17350304.33,0.69,USD,Cash and/or Derivatives,United States,,cash,web_csv
2026-06-17,RING,ZAR,ZAR CASH,CASH,,62838994.0,3883144.99,0.15,USD,Cash and/or Derivatives,South Africa,,cash,web_csv
2026-06-17,RING,ZAR,ZAR/USD,CASH,,-30953786.0,-663.1,0.0,USD,Cash and/or Derivatives,United States,,cash,web_csv
2026-06-17,RING,ZAR,ZAR/USD,CASH,,-26272971.0,-3548.63,0.0,USD,Cash and/or Derivatives,United States,,cash,web_csv
2026-06-18,RING,NEM,NEWMONT,US6516391066,2636607,3866942.0,401349910.18,16.45,USD,Materials,United States,,equity,web_csv
2026-06-18,RING,AEM,AGNICO EAGLE MINES LTD,CA0084741085,2009823,1789830.0,299236707.96,12.26,USD,Materials,Canada,,equity,web_csv
2026-06-18,RING,ABX,BARRICK MINING CORP,CA06849F1080,BNM23Q1,5541891.0,224038484.56,9.18,USD,Materials,Canada,,equity,web_csv
2026-06-18,RING,WPM,WHEATON PRECIOUS METALS CORP,CA9628791027,BF13KN5,1441605.0,176643706.26,7.24,USD,Materials,Canada,,equity,web_csv
2026-06-18,RING,ANG,ANGLOGOLD ASHANTI PLC,GB00BRXH2664,BRF6FX9,1262659.0,114279108.55,4.68,USD,Materials,South Africa,,equity,web_csv
2026-06-18,RING,GFI,GOLD FIELDS LTD,ZAE000018123,6280215,2858797.0,111461705.96,4.57,USD,Materials,South Africa,,equity,web_csv
2026-06-18,RING,K,KINROSS GOLD CORP,CA4969024047,B03Z841,4042349.0,107933395.16,4.42,USD,Materials,Canada,,equity,web_csv
2026-06-18,RING,2899,ZIJIN MINING GROUP LTD H,CNE100000502,6725299,20446000.0,83686778.56,3.43,USD,Materials,China,,equity,web_csv
2026-06-18,RING,CDE,COEUR MINING INC,US1921085049,2208136,4691279.0,82144295.29,3.37,USD,Materials,United States,,equity,web_csv
2026-06-18,RING,PAAS,PAN AMERICAN SILVER CORP,CA6979001089,2669272,1668643.0,82040580.09,3.36,USD,Materials,Canada,,equity,web_csv
2026-06-18,RING,AGI,ALAMOS GOLD INC CLASS A,CA0115321089,BZ3DNP6,1927267.0,70159370.94,2.87,USD,Materials,Canada,,equity,web_csv
2026-06-18,RING,IMG,IAMGOLD CORP,CA4509131088,2446646,2948321.0,49885186.22,2.04,USD,Materials,Canada,,equity,web_csv
2026-06-18,RING,HAR,HARMONY GOLD MINING COMPANY LIMITE,ZAE000015228,6410562,2755550.0,47435785.12,1.94,USD,Materials,South Africa,,equity,web_csv
2026-06-18,RING,EDV,ENDEAVOUR MINING,GB00BL6K5J42,BL6K5J4,829029.0,45920969.18,1.88,USD,Materials,United Kingdom,,equity,web_csv
2026-06-18,RING,ELD,ELDORADO GOLD CORP,CA2849025093,BHZJ5Y9,1211744.0,40078221.47,1.64,USD,Materials,Canada,,equity,web_csv
2026-06-18,RING,EQX,EQUINOX GOLD CORP,CA29446Y5020,BKLNP13,3802848.0,39861291.41,1.63,USD,Materials,Canada,,equity,web_csv
2026-06-18,RING,SSRM,SSR MINING INC,CA7847301032,BF7MPL9,1259999.0,39032795.96,1.6,USD,Materials,Canada,,equity,web_csv
2026-06-18,RING,LUG,LUNDIN GOLD INC,CA5503711080,BTKSSY6,575573.0,32799039.33,1.34,USD,Materials,Canada,,equity,web_csv
2026-06-18,RING,GMD,GENESIS MINERALS LTD,AU000000GMD9,B23G0X1,6989868.0,30590402.4,1.25,USD,Materials,Australia,,equity,web_csv
2026-06-18,RING,BTO,B2GOLD CORP,CA11777Q2099,B29VFC4,6859334.0,29536988.36,1.21,USD,Materials,Canada,,equity,web_csv
2026-06-18,RING,OGC,OCEANAGOLD CORPORATION CORP,CA6752224007,BQXQY26,1061304.0,28081955.76,1.15,USD,Materials,Canada,,equity,web_csv
2026-06-18,RING,TXG,TOREX GOLD RESOURCES INC,CA8910546032,BD2NKY1,620240.0,26677414.36,1.09,USD,Materials,Canada,,equity,web_csv
2026-06-18,RING,CG,CENTERRA GOLD INC,CA1520061021,B01NXQ4,1557097.0,25871663.74,1.06,USD,Materials,Canada,,equity,web_csv
2026-06-18,RING,2099,CHINA GOLD INTERNATIONAL RESOURCES,CA16890P1036,B60FNV8,1174200.0,22007869.71,0.9,USD,Materials,China,,equity,web_csv
2026-06-18,RING,HOC,HOCHSCHILD MINING PLC,GB00B1FW5029,B1FW502,2878029.0,21834120.24,0.89,USD,Materials,United Kingdom,,equity,web_csv
2026-06-18,RING,GMIN,G MINING VENTURES CORP,CA36270K1021,BSWW128,733242.0,21608555.27,0.89,USD,Materials,Canada,,equity,web_csv
2026-06-18,RING,WDO,WESDOME GOLD MINES LTD,CA95083R1001,B0Y90N5,1131300.0,19902611.28,0.82,USD,Materials,Canada,,equity,web_csv
2026-06-18,RING,RRL,REGIS RESOURCES LTD,AU000000RRL8,6476542,3476062.0,17315961.14,0.71,USD,Materials,Australia,,equity,web_csv
2026-06-18,RING,EMR,EMERALD RESOURCES,AU000000EMR4,6107381,3916022.0,17110494.22,0.7,USD,Materials,Australia,,equity,web_csv
2026-06-18,RING,WGX,WESTGOLD RESOURCES LTD,AU000000WGX6,BYVQ673,4537620.0,16601881.05,0.68,USD,Materials,Australia,,equity,web_csv
2026-06-18,RING,XTSLA,BLK CSH FND TREASURY SL AGENCY,US0669224778,6922477,16042818.0,16042818.28,0.66,USD,Cash and/or Derivatives,United States,,cash,web_csv
2026-06-18,RING,ARIS,ARIS MINING CORP,CA04040Y1097,BQKRCQ2,934082.0,15493608.44,0.63,USD,Materials,Canada,,equity,web_csv
2026-06-18,RING,DRD,DRDGOLD LTD,ZAE000058723,6267780,6075008.0,14668921.76,0.6,USD,Materials,South Africa,,equity,web_csv
2026-06-18,RING,TRALT.E,KOZA ALTIN ISLETMELERI A,TREKOAL00014,B3LP189,10581343.0,11801728.28,0.48,USD,Materials,Turkey,,equity,web_csv
2026-06-18,RING,601899,ZIJIN MINING GROUP LTD A,CNE100000B24,BP3R400,2433835.0,10675140.65,0.44,USD,Materials,China,,equity,web_csv
2026-06-18,RING,RSG,RESOLUTE MINING LTD,AU000000RSG6,6410636,12471135.0,10178641.08,0.42,USD,Materials,Australia,,equity,web_csv
2026-06-18,RING,2259,ZIJIN GOLD INTERNATIONAL LTD,HK0001200002,BSD3B20,674800.0,9436257.04,0.39,USD,Materials,China,,equity,web_csv
2026-06-18,RING,PAF,PAN AFRICAN RESOURCES PLC,GB0004300496,0430049,5783779.0,8668407.83,0.36,USD,Materials,United Kingdom,,equity,web_csv
2026-06-18,RING,OBM,ORA BANDA MINING LTD,AU0000050130,BKDX544,8281710.0,7516844.39,0.31,USD,Materials,Australia,,equity,web_csv
2026-06-18,RING,CYL,CATALYST METALS LTD,AU000000CYL6,B17P5V0,1498732.0,6791030.46,0.28,USD,Materials,Australia,,equity,web_csv
2026-06-18,RING,MUX,MCEWEN INC,US58039P3055,BQGD8H7,336290.0,6517300.2,0.27,USD,Materials,United States,,equity,web_csv
2026-06-18,RING,WAF,WEST AFRICAN RESOURCES LTD,AU000000WAF6,B4KBBN0,2460347.0,5608764.48,0.23,USD,Materials,Australia,,equity,web_csv
2026-06-18,RING,ZAR,ZAR CASH,CASH,,36566023.0,2229635.54,0.09,USD,Cash and/or Derivatives,South Africa,,cash,web_csv
2026-06-18,RING,HKD,HKD CASH,CASH,,13502980.0,1722835.32,0.07,USD,Cash and/or Derivatives,Hong Kong,,cash,web_csv
2026-06-18,RING,LUNR,LUNR ROYALTIES CORP,CA5504281067,BRCDGF2,97461.0,1370162.43,0.06,USD,Materials,Canada,,equity,web_csv
2026-06-18,RING,CAD,CAD CASH,CASH,,1371046.0,971030.03,0.04,USD,Cash and/or Derivatives,Canada,,cash,web_csv
2026-06-18,RING,WFFUT,CASH COLLATERAL USD WFFUT,CASH,,431000.0,431000.0,0.02,USD,Cash and/or Derivatives,United States,,cash,web_csv
2026-06-18,RING,GBP,GBP CASH,CASH,,160966.0,213303.67,0.01,USD,Cash and/or Derivatives,United Kingdom,,cash,web_csv
2026-06-18,RING,AUD,AUD CASH,CASH,,102937.0,72426.52,0.0,USD,Cash and/or Derivatives,Australia,,cash,web_csv
2026-06-18,RING,CNH,CNH CASH,CASH,,399562.0,59027.71,0.0,USD,Cash and/or Derivatives,China,,cash,web_csv
2026-06-18,RING,TRY,TRY CASH,CASH,,2733239.0,58850.84,0.0,USD,Cash and/or Derivatives,Turkey,,cash,web_csv
2026-06-18,RING,ZAR,ZAR/USD,CASH,,-30953786.0,24704.74,0.0,USD,Cash and/or Derivatives,United States,,cash,web_csv
2026-06-18,RING,IDR,IDR CASH,CASH,,3.0,0.0,0.0,USD,Cash and/or Derivatives,Indonesia,,cash,web_csv
2026-06-18,RING,PLZL,POLYUS,RU000A0JNAA8,B57R0L9,625470.0,8.53,0.0,USD,Materials,Russian Federation,,equity,web_csv
2026-06-18,RING,CAD,CAD/USD,CASH,,3894657.0,-19.54,0.0,USD,Cash and/or Derivatives,United States,,cash,web_csv
2026-06-18,RING,PTU6,S&P/TSE 60 INDEX SEP 26,,,27.0,0.0,0.0,USD,Cash and/or Derivatives,,,cash,web_csv
2026-06-18,RING,CAD,CAD/USD,CASH,,-1808107.0,-1820.39,0.0,USD,Cash and/or Derivatives,United States,,cash,web_csv
2026-06-18,RING,USD,USD CASH,CASH,,-15221135.0,-15221135.03,-0.62,USD,Cash and/or Derivatives,United States,,cash,web_csv
2026-06-19,RING,NEM,NEWMONT,US6516391066,2636607,3866942.0,401349910.18,17.04,USD,Materials,United States,Equity,equity,web_csv
2026-06-19,RING,AEM,AGNICO EAGLE MINES LTD,CA0084741085,2009823,1789830.0,291998647.34,12.4,USD,Materials,Canada,Equity,equity,web_csv
2026-06-19,RING,ABX,BARRICK MINING CORP,CA06849F1080,BNM23Q1,5541891.0,219658487.84,9.33,USD,Materials,Canada,Equity,equity,web_csv
2026-06-19,RING,WPM,WHEATON PRECIOUS METALS CORP,CA9628791027,BF13KN5,1441605.0,167523724.26,7.11,USD,Materials,Canada,Equity,equity,web_csv
2026-06-19,RING,K,KINROSS GOLD CORP,CA4969024047,B03Z841,4042349.0,105360840.51,4.47,USD,Materials,Canada,Equity,equity,web_csv
2026-06-19,RING,ANG,ANGLOGOLD ASHANTI PLC,GB00BRXH2664,BRF6FX9,1262659.0,102548401.91,4.35,USD,Materials,South Africa,Equity,equity,web_csv
2026-06-19,RING,GFI,GOLD FIELDS LTD,ZAE000018123,6280215,2858797.0,96577903.7,4.1,USD,Materials,South Africa,Equity,equity,web_csv
2026-06-19,RING,2899,ZIJIN MINING GROUP LTD H,CNE100000502,6725299,20446000.0,83700661.66,3.55,USD,Materials,China,Equity,equity,web_csv
2026-06-19,RING,CDE,COEUR MINING INC,US1921085049,2208136,4691279.0,82144295.29,3.49,USD,Materials,United States,Equity,equity,web_csv
2026-06-19,RING,PAAS,PAN AMERICAN SILVER CORP,CA6979001089,2669272,1668643.0,81239896.91,3.45,USD,Materials,Canada,Equity,equity,web_csv
2026-06-19,RING,AGI,ALAMOS GOLD INC CLASS A,CA0115321089,BZ3DNP6,1927267.0,56989406.86,2.42,USD,Materials,Canada,Equity,equity,web_csv
2026-06-19,RING,IMG,IAMGOLD CORP,CA4509131088,2446646,2948321.0,49414246.79,2.1,USD,Materials,Canada,Equity,equity,web_csv
2026-06-19,RING,EDV,ENDEAVOUR MINING,GB00BL6K5J42,BL6K5J4,829029.0,44334548.4,1.88,USD,Materials,United Kingdom,Equity,equity,web_csv
2026-06-19,RING,HAR,HARMONY GOLD MINING COMPANY LIMITE,ZAE000015228,6410562,2755550.0,43778952.41,1.86,USD,Materials,South Africa,Equity,equity,web_csv
2026-06-19,RING,EQX,EQUINOX GOLD CORP,CA29446Y5020,BKLNP13,3802848.0,38923094.19,1.65,USD,Materials,Canada,Equity,equity,web_csv
2026-06-19,RING,SSRM,SSR MINING INC,CA7847301032,BF7MPL9,1259999.0,38698096.47,1.64,USD,Materials,Canada,Equity,equity,web_csv
2026-06-19,RING,ELD,ELDORADO GOLD CORP,CA2849025093,BHZJ5Y9,1211744.0,38301589.7,1.63,USD,Materials,Canada,Equity,equity,web_csv
2026-06-19,RING,LUG,LUNDIN GOLD INC,CA5503711080,BTKSSY6,575573.0,31867333.1,1.35,USD,Materials,Canada,Equity,equity,web_csv
2026-06-19,RING,BTO,B2GOLD CORP,CA11777Q2099,B29VFC4,6859334.0,29224686.88,1.24,USD,Materials,Canada,Equity,equity,web_csv
2026-06-19,RING,GMD,GENESIS MINERALS LTD,AU000000GMD9,B23G0X1,6989868.0,29213803.81,1.24,USD,Materials,Australia,Equity,equity,web_csv
2026-06-19,RING,OGC,OCEANAGOLD CORPORATION CORP,CA6752224007,BQXQY26,1061304.0,27437513.91,1.16,USD,Materials,Canada,Equity,equity,web_csv
2026-06-19,RING,TXG,TOREX GOLD RESOURCES INC,CA8910546032,BD2NKY1,620240.0,25450118.72,1.08,USD,Materials,Canada,Equity,equity,web_csv
2026-06-19,RING,CG,CENTERRA GOLD INC,CA1520061021,B01NXQ4,1557097.0,25317310.94,1.07,USD,Materials,Canada,Equity,equity,web_csv
2026-06-19,RING,2099,CHINA GOLD INTERNATIONAL RESOURCES,CA16890P1036,B60FNV8,1174200.0,22011520.67,0.93,USD,Materials,China,Equity,equity,web_csv
2026-06-19,RING,GMIN,G MINING VENTURES CORP,CA36270K1021,BSWW128,733242.0,21299266.79,0.9,USD,Materials,Canada,Equity,equity,web_csv
2026-06-19,RING,HOC,HOCHSCHILD MINING PLC,GB00B1FW5029,B1FW502,2878029.0,20733341.78,0.88,USD,Materials,United Kingdom,Equity,equity,web_csv
2026-06-19,RING,WDO,WESDOME GOLD MINES LTD,CA95083R1001,B0Y90N5,1131300.0,19535304.2,0.83,USD,Materials,Canada,Equity,equity,web_csv
2026-06-19,RING,RRL,REGIS RESOURCES LTD,AU000000RRL8,6476542,3476062.0,16916864.03,0.72,USD,Materials,Australia,Equity,equity,web_csv
2026-06-19,RING,EMR,EMERALD RESOURCES,AU000000EMR4,6107381,3916022.0,16476662.57,0.7,USD,Materials,Australia,Equity,equity,web_csv
2026-06-19,RING,WGX,WESTGOLD RESOURCES LTD,AU000000WGX6,BYVQ673,4537620.0,15941850.19,0.68,USD,Materials,Australia,Equity,equity,web_csv
2026-06-19,RING,ARIS,ARIS MINING CORP,CA04040Y1097,BQKRCQ2,934082.0,15022798.01,0.64,USD,Materials,Canada,Equity,equity,web_csv
2026-06-19,RING,DRD,DRDGOLD LTD,ZAE000058723,6267780,6075008.0,13433143.35,0.57,USD,Materials,South Africa,Equity,equity,web_csv
2026-06-19,RING,TRALT.E,KOZA ALTIN ISLETMELERI A,TREKOAL00014,B3LP189,10581343.0,11676043.25,0.5,USD,Materials,Turkey,Equity,equity,web_csv
2026-06-19,RING,601899,ZIJIN MINING GROUP LTD A,CNE100000B24,BP3R400,2433835.0,10651301.71,0.45,USD,Materials,China,Equity,equity,web_csv
2026-06-19,RING,RSG,RESOLUTE MINING LTD,AU000000RSG6,6410636,12471135.0,9707375.59,0.41,USD,Materials,Australia,Equity,equity,web_csv
2026-06-19,RING,2259,ZIJIN GOLD INTERNATIONAL LTD,HK0001200002,BSD3B20,674800.0,9437822.46,0.4,USD,Materials,China,Equity,equity,web_csv
2026-06-19,RING,PAF,PAN AFRICAN RESOURCES PLC,GB0004300496,0430049,5783779.0,8141971.45,0.35,USD,Materials,United Kingdom,Equity,equity,web_csv
2026-06-19,RING,OBM,ORA BANDA MINING LTD,AU0000050130,BKDX544,8281710.0,7056172.2,0.3,USD,Materials,Australia,Equity,equity,web_csv
2026-06-19,RING,CYL,CATALYST METALS LTD,AU000000CYL6,B17P5V0,1498732.0,6610700.78,0.28,USD,Materials,Australia,Equity,equity,web_csv
2026-06-19,RING,MUX,MCEWEN INC,US58039P3055,BQGD8H7,336290.0,6517300.2,0.28,USD,Materials,United States,Equity,equity,web_csv
2026-06-19,RING,WAF,WEST AFRICAN RESOURCES LTD,AU000000WAF6,B4KBBN0,2460347.0,5365740.02,0.23,USD,Materials,Australia,Equity,equity,web_csv
2026-06-19,RING,ZAR,ZAR CASH,CASH,,36566023.0,2222520.76,0.09,USD,Cash and/or Derivatives,South Africa,Cash,cash,web_csv
2026-06-19,RING,HKD,HKD CASH,CASH,,13502980.0,1723121.13,0.07,USD,Cash and/or Derivatives,Hong Kong,Cash,cash,web_csv
2026-06-19,RING,XTSLA,BLK CSH FND TREASURY SL AGENCY,US0669224778,6922477,1492893.0,1492893.48,0.06,USD,Cash and/or Derivatives,United States,Money Market,cash,web_csv
2026-06-19,RING,LUNR,LUNR ROYALTIES CORP,CA5504281067,BRCDGF2,85033.0,1211629.53,0.05,USD,Materials,Canada,Equity,equity,web_csv
2026-06-19,RING,CAD,CAD CASH,CASH,,1132583.0,798915.87,0.03,USD,Cash and/or Derivatives,Canada,Cash,cash,web_csv
2026-06-19,RING,WFFUT,CASH COLLATERAL USD WFFUT,CASH,,431000.0,431000.0,0.02,USD,Cash and/or Derivatives,United States,Cash Collateral and Margins,cash,web_csv
2026-06-19,RING,GBP,GBP CASH,CASH,,160966.0,212965.64,0.01,USD,Cash and/or Derivatives,United Kingdom,Cash,cash,web_csv
2026-06-19,RING,AUD,AUD CASH,CASH,,102937.0,72184.62,0.0,USD,Cash and/or Derivatives,Australia,Cash,cash,web_csv
2026-06-19,RING,TRY,TRY CASH,CASH,,2733239.0,58848.94,0.0,USD,Cash and/or Derivatives,Turkey,Cash,cash,web_csv
2026-06-19,RING,CNH,CNH CASH,CASH,,399562.0,58895.89,0.0,USD,Cash and/or Derivatives,China,Cash,cash,web_csv
2026-06-19,RING,ZAR,ZAR/USD,,,-30953786.0,30570.05,0.0,USD,Cash and/or Derivatives,United States,FX,fx,web_csv
2026-06-19,RING,CAD,CAD/USD,,,-1808107.0,3328.47,0.0,USD,Cash and/or Derivatives,United States,FX,fx,web_csv
2026-06-19,RING,IDR,IDR CASH,CASH,,3.0,0.0,0.0,USD,Cash and/or Derivatives,Indonesia,Cash,cash,web_csv
2026-06-19,RING,PLZL,POLYUS,RU000A0JNAA8,B57R0L9,625470.0,8.54,0.0,USD,Materials,Russian Federation,Equity,equity,web_csv
2026-06-19,RING,PTU6,S&P/TSE 60 INDEX SEP 26,,,27.0,0.0,0.0,USD,Cash and/or Derivatives,,Futures,derivative,web_csv
2026-06-19,RING,CAD,CAD/USD,,,3894657.0,-11110.15,0.0,USD,Cash and/or Derivatives,United States,FX,fx,web_csv
2026-06-19,RING,USD,USD CASH,CASH,,-670433.0,-670433.05,-0.03,USD,Cash and/or Derivatives,United States,Cash,cash,web_csv
2026-06-22,RING,NEM,NEWMONT,US6516391066,2636607,3866942.0,393654695.6,16.49,USD,Materials,United States,Equity,equity,web_csv
2026-06-22,RING,AEM,AGNICO EAGLE MINES LTD,CA0084741085,2009823,1789830.0,298827750.42,12.52,USD,Materials,Canada,Equity,equity,web_csv
2026-06-22,RING,ABX,BARRICK MINING CORP,CA06849F1080,BNM23Q1,5541891.0,222584146.72,9.32,USD,Materials,Canada,Equity,equity,web_csv
2026-06-22,RING,WPM,WHEATON PRECIOUS METALS CORP,CA9628791027,BF13KN5,1441605.0,175657409.69,7.36,USD,Materials,Canada,Equity,equity,web_csv
2026-06-22,RING,ANG,ANGLOGOLD ASHANTI PLC,GB00BRXH2664,BRF6FX9,1262659.0,107378675.41,4.5,USD,Materials,South Africa,Equity,equity,web_csv
2026-06-22,RING,K,KINROSS GOLD CORP,CA4969024047,B03Z841,4042349.0,106428719.43,4.46,USD,Materials,Canada,Equity,equity,web_csv
2026-06-22,RING,GFI,GOLD FIELDS LTD,ZAE000018123,6280215,2858797.0,99724725.98,4.18,USD,Materials,South Africa,Equity,equity,web_csv
2026-06-22,RING,2899,ZIJIN MINING GROUP LTD H,CNE100000502,6725299,20446000.0,82457849.09,3.45,USD,Materials,China,Equity,equity,web_csv
2026-06-22,RING,CDE,COEUR MINING INC,US1921085049,2208136,4691279.0,81956644.13,3.43,USD,Materials,United States,Equity,equity,web_csv
2026-06-22,RING,PAAS,PAN AMERICAN SILVER CORP,CA6979001089,2669272,1668643.0,81698893.07,3.42,USD,Materials,Canada,Equity,equity,web_csv
2026-06-22,RING,AGI,ALAMOS GOLD INC CLASS A,CA0115321089,BZ3DNP6,1927267.0,61582118.24,2.58,USD,Materials,Canada,Equity,equity,web_csv
2026-06-22,RING,IMG,IAMGOLD CORP,CA4509131088,2446646,2948321.0,49812291.63,2.09,USD,Materials,Canada,Equity,equity,web_csv
2026-06-22,RING,HAR,HARMONY GOLD MINING COMPANY LIMITE,ZAE000015228,6410562,2755550.0,44581492.35,1.87,USD,Materials,South Africa,Equity,equity,web_csv
2026-06-22,RING,EDV,ENDEAVOUR MINING,GB00BL6K5J42,BL6K5J4,829029.0,44353818.35,1.86,USD,Materials,United Kingdom,Equity,equity,web_csv
2026-06-22,RING,ELD,ELDORADO GOLD CORP,CA2849025093,BHZJ5Y9,1211744.0,39232695.08,1.64,USD,Materials,Canada,Equity,equity,web_csv
2026-06-22,RING,EQX,EQUINOX GOLD CORP,CA29446Y5020,BKLNP13,3802848.0,39097963.82,1.64,USD,Materials,Canada,Equity,equity,web_csv
2026-06-22,RING,SSRM,SSR MINING INC,CA7847301032,BF7MPL9,1259999.0,38711670.8,1.62,USD,Materials,Canada,Equity,equity,web_csv
2026-06-22,RING,LUG,LUNDIN GOLD INC,CA5503711080,BTKSSY6,575573.0,32784722.68,1.37,USD,Materials,Canada,Equity,equity,web_csv
2026-06-22,RING,GMD,GENESIS MINERALS LTD,AU000000GMD9,B23G0X1,6989868.0,30185521.28,1.26,USD,Materials,Australia,Equity,equity,web_csv
2026-06-22,RING,BTO,B2GOLD CORP,CA11777Q2099,B29VFC4,6859334.0,28887528.72,1.21,USD,Materials,Canada,Equity,equity,web_csv
2026-06-22,RING,OGC,OCEANAGOLD CORPORATION CORP,CA6752224007,BQXQY26,1061304.0,27904975.86,1.17,USD,Materials,Canada,Equity,equity,web_csv
2026-06-22,RING,TXG,TOREX GOLD RESOURCES INC,CA8910546032,BD2NKY1,620240.0,26072694.74,1.09,USD,Materials,Canada,Equity,equity,web_csv
2026-06-22,RING,CG,CENTERRA GOLD INC,CA1520061021,B01NXQ4,1557097.0,25878265.57,1.08,USD,Materials,Canada,Equity,equity,web_csv
2026-06-22,RING,GMIN,G MINING VENTURES CORP,CA36270K1021,BSWW128,733242.0,21916433.44,0.92,USD,Materials,Canada,Equity,equity,web_csv
2026-06-22,RING,2099,CHINA GOLD INTERNATIONAL RESOURCES,CA16890P1036,B60FNV8,1174200.0,21461004.54,0.9,USD,Materials,China,Equity,equity,web_csv
2026-06-22,RING,HOC,HOCHSCHILD MINING PLC,GB00B1FW5029,B1FW502,2878029.0,20974337.86,0.88,USD,Materials,United Kingdom,Equity,equity,web_csv
2026-06-22,RING,WDO,WESDOME GOLD MINES LTD,CA95083R1001,B0Y90N5,1131300.0,20256601.19,0.85,USD,Materials,Canada,Equity,equity,web_csv
2026-06-22,RING,RRL,REGIS RESOURCES LTD,AU000000RRL8,6476542,3476062.0,17155728.59,0.72,USD,Materials,Australia,Equity,equity,web_csv
2026-06-22,RING,EMR,EMERALD RESOURCES,AU000000EMR4,6107381,3916022.0,16746496.06,0.7,USD,Materials,Australia,Equity,equity,web_csv
2026-06-22,RING,WGX,WESTGOLD RESOURCES LTD,AU000000WGX6,BYVQ673,4537620.0,16319035.31,0.68,USD,Materials,Australia,Equity,equity,web_csv
2026-06-22,RING,ARIS,ARIS MINING CORP,CA04040Y1097,BQKRCQ2,934082.0,15385423.56,0.64,USD,Materials,Canada,Equity,equity,web_csv
2026-06-22,RING,DRD,DRDGOLD LTD,ZAE000058723,6267780,6075008.0,13905820.52,0.58,USD,Materials,South Africa,Equity,equity,web_csv
2026-06-22,RING,TRALT.E,KOZA ALTIN ISLETMELERI A,TREKOAL00014,B3LP189,10581343.0,11705869.39,0.49,USD,Materials,Turkey,Equity,equity,web_csv
2026-06-22,RING,601899,ZIJIN MINING GROUP LTD A,CNE100000B24,BP3R400,2433835.0,10931805.26,0.46,USD,Materials,China,Equity,equity,web_csv
2026-06-22,RING,RSG,RESOLUTE MINING LTD,AU000000RSG6,6410636,12471135.0,10010608.12,0.42,USD,Materials,Australia,Equity,equity,web_csv
2026-06-22,RING,2259,ZIJIN GOLD INTERNATIONAL LTD,HK0001200002,BSD3B20,674800.0,9200566.3,0.39,USD,Materials,China,Equity,equity,web_csv
2026-06-22,RING,PAF,PAN AFRICAN RESOURCES PLC,GB0004300496,0430049,5783779.0,8376444.69,0.35,USD,Materials,United Kingdom,Equity,equity,web_csv
2026-06-22,RING,OBM,ORA BANDA MINING LTD,AU0000050130,BKDX544,8281710.0,7518631.17,0.31,USD,Materials,Australia,Equity,equity,web_csv
2026-06-22,RING,MUX,MCEWEN INC,US58039P3055,BQGD8H7,336290.0,6413050.3,0.27,USD,Materials,United States,Equity,equity,web_csv
2026-06-22,RING,CYL,CATALYST METALS LTD,AU000000CYL6,B17P5V0,1498732.0,6409185.02,0.27,USD,Materials,Australia,Equity,equity,web_csv
2026-06-22,RING,WAF,WEST AFRICAN RESOURCES LTD,AU000000WAF6,B4KBBN0,2460347.0,5536692.31,0.23,USD,Materials,Australia,Equity,equity,web_csv
2026-06-22,RING,CAD,CAD CASH,CASH,,3219125.0,2274678.31,0.1,USD,Cash and/or Derivatives,Canada,Cash,cash,web_csv
2026-06-22,RING,HKD,HKD CASH,CASH,,13502980.0,1722231.04,0.07,USD,Cash and/or Derivatives,Hong Kong,Cash,cash,web_csv
2026-06-22,RING,XTSLA,BLK CSH FND TREASURY SL AGENCY,US0669224778,6922477,1492893.0,1492893.48,0.06,USD,Cash and/or Derivatives,United States,Money Market,cash,web_csv
2026-06-22,RING,LUNR,LUNR ROYALTIES CORP,CA5504281067,BRCDGF2,85033.0,1212525.4,0.05,USD,Materials,Canada,Equity,equity,web_csv
2026-06-22,RING,WFFUT,CASH COLLATERAL USD WFFUT,CASH,,422000.0,422000.0,0.02,USD,Cash and/or Derivatives,United States,Cash Collateral and Margins,cash,web_csv
2026-06-22,RING,ZAR,ZAR CASH,CASH,,5612237.0,342574.07,0.01,USD,Cash and/or Derivatives,South Africa,Cash,cash,web_csv
2026-06-22,RING,GBP,GBP CASH,CASH,,160966.0,213480.73,0.01,USD,Cash and/or Derivatives,United Kingdom,Cash,cash,web_csv
2026-06-22,RING,AUD,AUD CASH,CASH,,102937.0,72164.03,0.0,USD,Cash and/or Derivatives,Australia,Cash,cash,web_csv
2026-06-22,RING,CNH,CNH CASH,CASH,,399562.0,58957.6,0.0,USD,Cash and/or Derivatives,China,Cash,cash,web_csv
2026-06-22,RING,TRY,TRY CASH,CASH,,2733239.0,58827.09,0.0,USD,Cash and/or Derivatives,Turkey,Cash,cash,web_csv
2026-06-22,RING,IDR,IDR CASH,CASH,,3.0,0.0,0.0,USD,Cash and/or Derivatives,Indonesia,Cash,cash,web_csv
2026-06-22,RING,PLZL,POLYUS,RU000A0JNAA8,B57R0L9,625470.0,8.47,0.0,USD,Materials,Russian Federation,Equity,equity,web_csv
2026-06-22,RING,PTU6,S&P/TSE 60 INDEX SEP 26,,,24.0,0.0,0.0,USD,Cash and/or Derivatives,,Futures,derivative,web_csv
2026-06-22,RING,USD,USD CASH,CASH,,-332762.0,-332762.03,-0.01,USD,Cash and/or Derivatives,United States,Cash,cash,web_csv
2026-06-23,RING,NEM,NEWMONT,US6516391066,2636607,3870605.0,378699993.2,16.6,USD,Materials,United States,Equity,equity,web_csv
2026-06-23,RING,AEM,AGNICO EAGLE MINES LTD,CA0084741085,2009823,1791522.0,287097788.65,12.59,USD,Materials,Canada,Equity,equity,web_csv
2026-06-23,RING,ABX,BARRICK MINING CORP,CA06849F1080,BNM23Q1,5548125.0,211842828.84,9.29,USD,Materials,Canada,Equity,equity,web_csv
2026-06-23,RING,WPM,WHEATON PRECIOUS METALS CORP,CA9628791027,BF13KN5,1443428.0,168148305.63,7.37,USD,Materials,Canada,Equity,equity,web_csv
2026-06-23,RING,ANG,ANGLOGOLD ASHANTI PLC,GB00BRXH2664,BRF6FX9,1263817.0,105145722.5,4.61,USD,Materials,South Africa,Equity,equity,web_csv
2026-06-23,RING,K,KINROSS GOLD CORP,CA4969024047,B03Z841,4048854.0,101324728.03,4.44,USD,Materials,Canada,Equity,equity,web_csv
2026-06-23,RING,GFI,GOLD FIELDS LTD,ZAE000018123,6280215,2861580.0,96814759.23,4.24,USD,Materials,South Africa,Equity,equity,web_csv
2026-06-23,RING,PAAS,PAN AMERICAN SILVER CORP,CA6979001089,2669272,1670574.0,77271769.38,3.39,USD,Materials,Canada,Equity,equity,web_csv
2026-06-23,RING,2899,ZIJIN MINING GROUP LTD H,CNE100000502,6725299,20470000.0,77171396.14,3.38,USD,Materials,China,Equity,equity,web_csv
2026-06-23,RING,CDE,COEUR MINING INC,US1921085049,2208136,4696648.0,76649295.36,3.36,USD,Materials,United States,Equity,equity,web_csv
2026-06-23,RING,AGI,ALAMOS GOLD INC CLASS A,CA0115321089,BZ3DNP6,1930447.0,59650438.38,2.62,USD,Materials,Canada,Equity,equity,web_csv
2026-06-23,RING,IMG,IAMGOLD CORP,CA4509131088,2446646,2953930.0,47812158.06,2.1,USD,Materials,Canada,Equity,equity,web_csv
2026-06-23,RING,HAR,HARMONY GOLD MINING COMPANY LIMITE,ZAE000015228,6410562,2755550.0,42971966.16,1.88,USD,Materials,South Africa,Equity,equity,web_csv
2026-06-23,RING,EDV,ENDEAVOUR MINING,GB00BL6K5J42,BL6K5J4,829029.0,42727040.45,1.87,USD,Materials,United Kingdom,Equity,equity,web_csv
2026-06-23,RING,ELD,ELDORADO GOLD CORP,CA2849025093,BHZJ5Y9,1211744.0,38099843.04,1.67,USD,Materials,Canada,Equity,equity,web_csv
2026-06-23,RING,EQX,EQUINOX GOLD CORP,CA29446Y5020,BKLNP13,3802848.0,37178045.6,1.63,USD,Materials,Canada,Equity,equity,web_csv
2026-06-23,RING,SSRM,SSR MINING INC,CA7847301032,BF7MPL9,1259999.0,36910271.82,1.62,USD,Materials,Canada,Equity,equity,web_csv
2026-06-23,RING,LUG,LUNDIN GOLD INC,CA5503711080,BTKSSY6,575573.0,30968847.66,1.36,USD,Materials,Canada,Equity,equity,web_csv
2026-06-23,RING,GMD,GENESIS MINERALS LTD,AU000000GMD9,B23G0X1,6989868.0,28196023.11,1.24,USD,Materials,Australia,Equity,equity,web_csv
2026-06-23,RING,BTO,B2GOLD CORP,CA11777Q2099,B29VFC4,6859334.0,27635422.07,1.21,USD,Materials,Canada,Equity,equity,web_csv
2026-06-23,RING,OGC,OCEANAGOLD CORPORATION CORP,CA6752224007,BQXQY26,1061304.0,26544747.34,1.16,USD,Materials,Canada,Equity,equity,web_csv
2026-06-23,RING,CG,CENTERRA GOLD INC,CA1520061021,B01NXQ4,1557097.0,25027612.99,1.1,USD,Materials,Canada,Equity,equity,web_csv
2026-06-23,RING,TXG,TOREX GOLD RESOURCES INC,CA8910546032,BD2NKY1,620240.0,24757176.12,1.09,USD,Materials,Canada,Equity,equity,web_csv
2026-06-23,RING,GMIN,G MINING VENTURES CORP,CA36270K1021,BSWW128,733242.0,19744209.66,0.87,USD,Materials,Canada,Equity,equity,web_csv
2026-06-23,RING,WDO,WESDOME GOLD MINES LTD,CA95083R1001,B0Y90N5,1131300.0,19737489.7,0.87,USD,Materials,Canada,Equity,equity,web_csv
2026-06-23,RING,HOC,HOCHSCHILD MINING PLC,GB00B1FW5029,B1FW502,2878029.0,19605058.72,0.86,USD,Materials,United Kingdom,Equity,equity,web_csv
2026-06-23,RING,2099,CHINA GOLD INTERNATIONAL RESOURCES,CA16890P1036,B60FNV8,1174200.0,19572745.48,0.86,USD,Materials,China,Equity,equity,web_csv
2026-06-23,RING,EMR,EMERALD RESOURCES,AU000000EMR4,6107381,3916022.0,16393736.88,0.72,USD,Materials,Australia,Equity,equity,web_csv
2026-06-23,RING,RRL,REGIS RESOURCES LTD,AU000000RRL8,6476542,3495378.0,16377090.28,0.72,USD,Materials,Australia,Equity,equity,web_csv
2026-06-23,RING,WGX,WESTGOLD RESOURCES LTD,AU000000WGX6,BYVQ673,4564377.0,15849484.19,0.69,USD,Materials,Australia,Equity,equity,web_csv
2026-06-23,RING,ARIS,ARIS MINING CORP,CA04040Y1097,BQKRCQ2,939927.0,14789906.1,0.65,USD,Materials,Canada,Equity,equity,web_csv
2026-06-23,RING,DRD,DRDGOLD LTD,ZAE000058723,6267780,6075008.0,13257493.19,0.58,USD,Materials,South Africa,Equity,equity,web_csv
2026-06-23,RING,TRALT.E,KOZA ALTIN ISLETMELERI A,TREKOAL00014,B3LP189,10581343.0,11337824.02,0.5,USD,Materials,Turkey,Equity,equity,web_csv
2026-06-23,RING,601899,ZIJIN MINING GROUP LTD A,CNE100000B24,BP3R400,2433835.0,9940819.43,0.44,USD,Materials,China,Equity,equity,web_csv
2026-06-23,RING,RSG,RESOLUTE MINING LTD,AU000000RSG6,6410636,12471135.0,9335243.16,0.41,USD,Materials,Australia,Equity,equity,web_csv
2026-06-23,RING,2259,ZIJIN GOLD INTERNATIONAL LTD,HK0001200002,BSD3B20,674800.0,8567427.21,0.38,USD,Materials,China,Equity,equity,web_csv
2026-06-23,RING,PAF,PAN AFRICAN RESOURCES PLC,GB0004300496,0430049,5941057.0,8156809.85,0.36,USD,Materials,United Kingdom,Equity,equity,web_csv
2026-06-23,RING,OBM,ORA BANDA MINING LTD,AU0000050130,BKDX544,8281710.0,7060265.44,0.31,USD,Materials,Australia,Equity,equity,web_csv
2026-06-23,RING,MUX,MCEWEN INC,US58039P3055,BQGD8H7,336290.0,6093574.8,0.27,USD,Materials,United States,Equity,equity,web_csv
2026-06-23,RING,CYL,CATALYST METALS LTD,AU000000CYL6,B17P5V0,1498732.0,5941770.97,0.26,USD,Materials,Australia,Equity,equity,web_csv
2026-06-23,RING,WAF,WEST AFRICAN RESOURCES LTD,AU000000WAF6,B4KBBN0,2460347.0,5388642.16,0.24,USD,Materials,Australia,Equity,equity,web_csv
2026-06-23,RING,HKD,HKD CASH,CASH,,12792628.0,1631525.47,0.07,USD,Cash and/or Derivatives,Hong Kong,Cash,cash,web_csv
2026-06-23,RING,XTSLA,BLK CSH FND TREASURY SL AGENCY,US0669224778,6922477,1512627.0,1512627.46,0.07,USD,Cash and/or Derivatives,United States,Money Market,cash,web_csv
2026-06-23,RING,CAD,CAD CASH,CASH,,1959365.0,1380077.39,0.06,USD,Cash and/or Derivatives,Canada,Cash,cash,web_csv
2026-06-23,RING,LUNR,LUNR ROYALTIES CORP,CA5504281067,BRCDGF2,61302.0,849743.52,0.04,USD,Materials,Canada,Equity,equity,web_csv
2026-06-23,RING,WFFUT,CASH COLLATERAL USD WFFUT,CASH,,377000.0,377000.0,0.02,USD,Cash and/or Derivatives,United States,Cash Collateral and Margins,cash,web_csv
2026-06-23,RING,ZAR,ZAR CASH,CASH,,2457960.0,148876.13,0.01,USD,Cash and/or Derivatives,South Africa,Cash,cash,web_csv
2026-06-23,RING,TRY,TRY CASH,CASH,,2733239.0,58808.11,0.0,USD,Cash and/or Derivatives,Turkey,Cash,cash,web_csv
2026-06-23,RING,CNH,CNH CASH,CASH,,399562.0,58810.07,0.0,USD,Cash and/or Derivatives,China,Cash,cash,web_csv
2026-06-23,RING,IDR,IDR CASH,CASH,,3.0,0.0,0.0,USD,Cash and/or Derivatives,Indonesia,Cash,cash,web_csv
2026-06-23,RING,PLZL,POLYUS,RU000A0JNAA8,B57R0L9,625470.0,8.4,0.0,USD,Materials,Russian Federation,Equity,equity,web_csv
2026-06-23,RING,CAD,CAD/USD,,,-1002294.0,-6.96,0.0,USD,Cash and/or Derivatives,United States,FX,fx,web_csv
2026-06-23,RING,AUD,AUD/USD,,,496604.0,-3.48,0.0,USD,Cash and/or Derivatives,United States,FX,fx,web_csv
2026-06-23,RING,HKD,HKD/USD,,,-2919295.0,-2.98,0.0,USD,Cash and/or Derivatives,United States,FX,fx,web_csv
2026-06-23,RING,ZAR,ZAR/USD,,,-1549353.0,-0.85,0.0,USD,Cash and/or Derivatives,United States,FX,fx,web_csv
2026-06-23,RING,GBP,GBP/USD,,,50882.0,-0.54,0.0,USD,Cash and/or Derivatives,United States,FX,fx,web_csv
2026-06-23,RING,PTU6,S&P/TSE 60 INDEX SEP 26,,,16.0,0.0,0.0,USD,Cash and/or Derivatives,,Futures,derivative,web_csv
2026-06-23,RING,GBP,GBP CASH,CASH,,-3456.0,-4561.99,0.0,USD,Cash and/or Derivatives,United Kingdom,Cash,cash,web_csv
2026-06-23,RING,AUD,AUD CASH,CASH,,-161769.0,-112121.87,0.0,USD,Cash and/or Derivatives,Australia,Cash,cash,web_csv
2026-06-23,RING,USD,USD CASH,CASH,,-778238.0,-778237.56,-0.03,USD,Cash and/or Derivatives,United States,Cash,cash,web_csv
2026-06-24,RING,NEM,NEWMONT,US6516391066,2636607,3870605.0,363991694.2,16.67,USD,Materials,United States,Equity,equity,web_csv
2026-06-24,RING,AEM,AGNICO EAGLE MINES LTD,CA0084741085,2009823,1791522.0,274562083.85,12.57,USD,Materials,Canada,Equity,equity,web_csv
2026-06-24,RING,ABX,BARRICK MINING CORP,CA06849F1080,BNM23Q1,5548125.0,202033326.9,9.25,USD,Materials,Canada,Equity,equity,web_csv
2026-06-24,RING,WPM,WHEATON PRECIOUS METALS CORP,CA9628791027,BF13KN5,1443428.0,162692878.25,7.45,USD,Materials,Canada,Equity,equity,web_csv
2026-06-24,RING,ANG,ANGLOGOLD ASHANTI PLC,GB00BRXH2664,BRF6FX9,1263817.0,99200027.24,4.54,USD,Materials,South Africa,Equity,equity,web_csv
2026-06-24,RING,K,KINROSS GOLD CORP,CA4969024047,B03Z841,4048854.0,95808994.7,4.39,USD,Materials,Canada,Equity,equity,web_csv
2026-06-24,RING,GFI,GOLD FIELDS LTD,ZAE000018123,6280215,2861580.0,90645136.0,4.15,USD,Materials,South Africa,Equity,equity,web_csv
2026-06-24,RING,2899,ZIJIN MINING GROUP LTD H,CNE100000502,6725299,20470000.0,76864977.93,3.52,USD,Materials,China,Equity,equity,web_csv
2026-06-24,RING,PAAS,PAN AMERICAN SILVER CORP,CA6979001089,2669272,1670574.0,74076991.96,3.39,USD,Materials,Canada,Equity,equity,web_csv
2026-06-24,RING,CDE,COEUR MINING INC,US1921085049,2208136,4696648.0,72657144.56,3.33,USD,Materials,United States,Equity,equity,web_csv
2026-06-24,RING,AGI,ALAMOS GOLD INC CLASS A,CA0115321089,BZ3DNP6,1930447.0,57988640.7,2.66,USD,Materials,Canada,Equity,equity,web_csv
2026-06-24,RING,IMG,IAMGOLD CORP,CA4509131088,2446646,2953930.0,44760600.64,2.05,USD,Materials,Canada,Equity,equity,web_csv
2026-06-24,RING,EDV,ENDEAVOUR MINING,GB00BL6K5J42,BL6K5J4,829029.0,40914206.88,1.87,USD,Materials,United Kingdom,Equity,equity,web_csv
2026-06-24,RING,HAR,HARMONY GOLD MINING COMPANY LIMITE,ZAE000015228,6410562,2755550.0,40365638.5,1.85,USD,Materials,South Africa,Equity,equity,web_csv
2026-06-24,RING,ELD,ELDORADO GOLD CORP,CA2849025093,BHZJ5Y9,1211744.0,35948589.69,1.65,USD,Materials,Canada,Equity,equity,web_csv
2026-06-24,RING,SSRM,SSR MINING INC,CA7847301032,BF7MPL9,1259999.0,35637229.03,1.63,USD,Materials,Canada,Equity,equity,web_csv
2026-06-24,RING,EQX,EQUINOX GOLD CORP,CA29446Y5020,BKLNP13,3802848.0,35541134.63,1.63,USD,Materials,Canada,Equity,equity,web_csv
2026-06-24,RING,LUG,LUNDIN GOLD INC,CA5503711080,BTKSSY6,575573.0,30210358.28,1.38,USD,Materials,Canada,Equity,equity,web_csv
2026-06-24,RING,GMD,GENESIS MINERALS LTD,AU000000GMD9,B23G0X1,6989868.0,26883137.18,1.23,USD,Materials,Australia,Equity,equity,web_csv
2026-06-24,RING,BTO,B2GOLD CORP,CA11777Q2099,B29VFC4,6859334.0,26538588.17,1.22,USD,Materials,Canada,Equity,equity,web_csv
2026-06-24,RING,OGC,OCEANAGOLD CORPORATION CORP,CA6752224007,BQXQY26,1061304.0,25762229.6,1.18,USD,Materials,Canada,Equity,equity,web_csv
2026-06-24,RING,CG,CENTERRA GOLD INC,CA1520061021,B01NXQ4,1557097.0,24119341.24,1.1,USD,Materials,Canada,Equity,equity,web_csv
2026-06-24,RING,TXG,TOREX GOLD RESOURCES INC,CA8910546032,BD2NKY1,620240.0,23552701.05,1.08,USD,Materials,Canada,Equity,equity,web_csv
2026-06-24,RING,2099,CHINA GOLD INTERNATIONAL RESOURCES,CA16890P1036,B60FNV8,1174200.0,19304913.14,0.88,USD,Materials,China,Equity,equity,web_csv
2026-06-24,RING,GMIN,G MINING VENTURES CORP,CA36270K1021,BSWW128,733242.0,18957252.0,0.87,USD,Materials,Canada,Equity,equity,web_csv
2026-06-24,RING,WDO,WESDOME GOLD MINES LTD,CA95083R1001,B0Y90N5,1131300.0,18739154.58,0.86,USD,Materials,Canada,Equity,equity,web_csv
2026-06-24,RING,HOC,HOCHSCHILD MINING PLC,GB00B1FW5029,B1FW502,2878029.0,17760222.27,0.81,USD,Materials,United Kingdom,Equity,equity,web_csv
2026-06-24,RING,RRL,REGIS RESOURCES LTD,AU000000RRL8,6476542,3495378.0,15948833.08,0.73,USD,Materials,Australia,Equity,equity,web_csv
2026-06-24,RING,EMR,EMERALD RESOURCES,AU000000EMR4,6107381,3916022.0,15789841.26,0.72,USD,Materials,Australia,Equity,equity,web_csv
2026-06-24,RING,WGX,WESTGOLD RESOURCES LTD,AU000000WGX6,BYVQ673,4564377.0,15383924.58,0.7,USD,Materials,Australia,Equity,equity,web_csv
2026-06-24,RING,ARIS,ARIS MINING CORP,CA04040Y1097,BQKRCQ2,939927.0,13826823.47,0.63,USD,Materials,Canada,Equity,equity,web_csv
2026-06-24,RING,DRD,DRDGOLD LTD,ZAE000058723,6267780,6075008.0,12712081.53,0.58,USD,Materials,South Africa,Equity,equity,web_csv
2026-06-24,RING,TRALT.E,KOZA ALTIN ISLETMELERI A,TREKOAL00014,B3LP189,10581343.0,10991593.41,0.5,USD,Materials,Turkey,Equity,equity,web_csv
2026-06-24,RING,601899,ZIJIN MINING GROUP LTD A,CNE100000B24,BP3R400,2433835.0,9872447.45,0.45,USD,Materials,China,Equity,equity,web_csv
2026-06-24,RING,RSG,RESOLUTE MINING LTD,AU000000RSG6,6410636,12471135.0,8853601.69,0.41,USD,Materials,Australia,Equity,equity,web_csv
2026-06-24,RING,2259,ZIJIN GOLD INTERNATIONAL LTD,HK0001200002,BSD3B20,674800.0,8606923.29,0.39,USD,Materials,China,Equity,equity,web_csv
2026-06-24,RING,PAF,PAN AFRICAN RESOURCES PLC,GB0004300496,0430049,5941057.0,7611245.12,0.35,USD,Materials,United Kingdom,Equity,equity,web_csv
2026-06-24,RING,OBM,ORA BANDA MINING LTD,AU0000050130,BKDX544,8281710.0,6650016.44,0.3,USD,Materials,Australia,Equity,equity,web_csv
2026-06-24,RING,CYL,CATALYST METALS LTD,AU000000CYL6,B17P5V0,1498732.0,5784805.77,0.26,USD,Materials,Australia,Equity,equity,web_csv
2026-06-24,RING,MUX,MCEWEN INC,US58039P3055,BQGD8H7,336290.0,5730381.6,0.26,USD,Materials,United States,Equity,equity,web_csv
2026-06-24,RING,WAF,WEST AFRICAN RESOURCES LTD,AU000000WAF6,B4KBBN0,2460347.0,5104340.45,0.23,USD,Materials,Australia,Equity,equity,web_csv
2026-06-24,RING,XTSLA,BLK CSH FND TREASURY SL AGENCY,US0669224778,6922477,1654003.0,1654002.78,0.08,USD,Cash and/or Derivatives,United States,Money Market,cash,web_csv
2026-06-24,RING,HKD,HKD CASH,CASH,,12792628.0,1631671.14,0.07,USD,Cash and/or Derivatives,Hong Kong,Cash,cash,web_csv
2026-06-24,RING,CAD,CAD CASH,CASH,,1102757.0,774326.64,0.04,USD,Cash and/or Derivatives,Canada,Cash,cash,web_csv
2026-06-24,RING,LUNR,LUNR ROYALTIES CORP,CA5504281067,BRCDGF2,53180.0,701648.14,0.03,USD,Materials,Canada,Equity,equity,web_csv
2026-06-24,RING,WFFUT,CASH COLLATERAL USD WFFUT,CASH,,251000.0,251000.0,0.01,USD,Cash and/or Derivatives,United States,Cash Collateral and Margins,cash,web_csv
2026-06-24,RING,TRY,TRY CASH,CASH,,2733239.0,58782.81,0.0,USD,Cash and/or Derivatives,Turkey,Cash,cash,web_csv
2026-06-24,RING,CNH,CNH CASH,CASH,,399562.0,58616.82,0.0,USD,Cash and/or Derivatives,China,Cash,cash,web_csv
2026-06-24,RING,ZAR,ZAR CASH,CASH,,908607.0,54665.86,0.0,USD,Cash and/or Derivatives,South Africa,Cash,cash,web_csv
2026-06-24,RING,IDR,IDR CASH,CASH,,3.0,0.0,0.0,USD,Cash and/or Derivatives,Indonesia,Cash,cash,web_csv
2026-06-24,RING,PLZL,POLYUS,RU000A0JNAA8,B57R0L9,625470.0,8.35,0.0,USD,Materials,Russian Federation,Equity,equity,web_csv
2026-06-24,RING,HKD,HKD/USD,,,-2919295.0,-21.26,0.0,USD,Cash and/or Derivatives,United States,FX,fx,web_csv
2026-06-24,RING,PTU6,S&P/TSE 60 INDEX SEP 26,,,16.0,0.0,0.0,USD,Cash and/or Derivatives,,Futures,derivative,web_csv
2026-06-24,RING,GBP,GBP/USD,,,50882.0,-280.44,0.0,USD,Cash and/or Derivatives,United States,FX,fx,web_csv
2026-06-24,RING,AUD,AUD/USD,,,496604.0,-1908.95,0.0,USD,Cash and/or Derivatives,United States,FX,fx,web_csv
2026-06-24,RING,GBP,GBP CASH,CASH,,-3456.0,-4542.98,0.0,USD,Cash and/or Derivatives,United Kingdom,Cash,cash,web_csv
2026-06-24,RING,USD,USD CASH,CASH,,-15047.0,-15047.3,0.0,USD,Cash and/or Derivatives,United States,Cash,cash,web_csv
2026-06-24,RING,AUD,AUD CASH,CASH,,-161769.0,-111499.06,-0.01,USD,Cash and/or Derivatives,Australia,Cash,cash,web_csv
2026-06-25,RING,NEM,NEWMONT,US6516391066,2636607,3870605.0,369062186.75,16.72,USD,Materials,United States,Equity,equity,web_csv
2026-06-25,RING,AEM,AGNICO EAGLE MINES LTD,CA0084741085,2009823,1791522.0,280147242.37,12.69,USD,Materials,Canada,Equity,equity,web_csv
2026-06-25,RING,ABX,BARRICK MINING CORP,CA06849F1080,BNM23Q1,5548125.0,203486591.27,9.22,USD,Materials,Canada,Equity,equity,web_csv
2026-06-25,RING,WPM,WHEATON PRECIOUS METALS CORP,CA9628791027,BF13KN5,1443428.0,162956694.61,7.38,USD,Materials,Canada,Equity,equity,web_csv
2026-06-25,RING,ANG,ANGLOGOLD ASHANTI PLC,GB00BRXH2664,BRF6FX9,1263817.0,101278535.52,4.59,USD,Materials,South Africa,Equity,equity,web_csv
2026-06-25,RING,K,KINROSS GOLD CORP,CA4969024047,B03Z841,4048854.0,97098375.1,4.4,USD,Materials,Canada,Equity,equity,web_csv
2026-06-25,RING,GFI,GOLD FIELDS LTD,ZAE000018123,6280215,2861580.0,94004005.27,4.26,USD,Materials,South Africa,Equity,equity,web_csv
2026-06-25,RING,CDE,COEUR MINING INC,US1921085049,2208136,4696648.0,75099401.52,3.4,USD,Materials,United States,Equity,equity,web_csv
2026-06-25,RING,PAAS,PAN AMERICAN SILVER CORP,CA6979001089,2669272,1670574.0,75092021.94,3.4,USD,Materials,Canada,Equity,equity,web_csv
2026-06-25,RING,2899,ZIJIN MINING GROUP LTD H,CNE100000502,6725299,20470000.0,73204578.64,3.32,USD,Materials,China,Equity,equity,web_csv
2026-06-25,RING,AGI,ALAMOS GOLD INC CLASS A,CA0115321089,BZ3DNP6,1930447.0,59942061.4,2.72,USD,Materials,Canada,Equity,equity,web_csv
2026-06-25,RING,IMG,IAMGOLD CORP,CA4509131088,2446646,2953930.0,46609802.01,2.11,USD,Materials,Canada,Equity,equity,web_csv
2026-06-25,RING,HAR,HARMONY GOLD MINING COMPANY LIMITE,ZAE000015228,6410562,2755550.0,41972069.92,1.9,USD,Materials,South Africa,Equity,equity,web_csv
2026-06-25,RING,EDV,ENDEAVOUR MINING,GB00BL6K5J42,BL6K5J4,829029.0,40977400.03,1.86,USD,Materials,United Kingdom,Equity,equity,web_csv
2026-06-25,RING,ELD,ELDORADO GOLD CORP,CA2849025093,BHZJ5Y9,1211744.0,36866367.36,1.67,USD,Materials,Canada,Equity,equity,web_csv
2026-06-25,RING,EQX,EQUINOX GOLD CORP,CA29446Y5020,BKLNP13,3802848.0,35799385.85,1.62,USD,Materials,Canada,Equity,equity,web_csv
2026-06-25,RING,SSRM,SSR MINING INC,CA7847301032,BF7MPL9,1259999.0,35788318.72,1.62,USD,Materials,Canada,Equity,equity,web_csv
2026-06-25,RING,LUG,LUNDIN GOLD INC,CA5503711080,BTKSSY6,575573.0,30961997.68,1.4,USD,Materials,Canada,Equity,equity,web_csv
2026-06-25,RING,BTO,B2GOLD CORP,CA11777Q2099,B29VFC4,6859334.0,27335913.0,1.24,USD,Materials,Canada,Equity,equity,web_csv
2026-06-25,RING,OGC,OCEANAGOLD CORPORATION CORP,CA6752224007,BQXQY26,1061304.0,26281331.93,1.19,USD,Materials,Canada,Equity,equity,web_csv
2026-06-25,RING,GMD,GENESIS MINERALS LTD,AU000000GMD9,B23G0X1,6989868.0,25686297.03,1.16,USD,Materials,Australia,Equity,equity,web_csv
2026-06-25,RING,CG,CENTERRA GOLD INC,CA1520061021,B01NXQ4,1557097.0,24635078.04,1.12,USD,Materials,Canada,Equity,equity,web_csv
2026-06-25,RING,TXG,TOREX GOLD RESOURCES INC,CA8910546032,BD2NKY1,620240.0,24311748.49,1.1,USD,Materials,Canada,Equity,equity,web_csv
2026-06-25,RING,GMIN,G MINING VENTURES CORP,CA36270K1021,BSWW128,733242.0,19546236.31,0.89,USD,Materials,Canada,Equity,equity,web_csv
2026-06-25,RING,WDO,WESDOME GOLD MINES LTD,CA95083R1001,B0Y90N5,1131300.0,19109232.18,0.87,USD,Materials,Canada,Equity,equity,web_csv
2026-06-25,RING,HOC,HOCHSCHILD MINING PLC,GB00B1FW5029,B1FW502,2878029.0,18014754.87,0.82,USD,Materials,United Kingdom,Equity,equity,web_csv
2026-06-25,RING,2099,CHINA GOLD INTERNATIONAL RESOURCES,CA16890P1036,B60FNV8,1174200.0,17701168.89,0.8,USD,Materials,China,Equity,equity,web_csv
2026-06-25,RING,RRL,REGIS RESOURCES LTD,AU000000RRL8,6476542,3495378.0,15379934.09,0.7,USD,Materials,Australia,Equity,equity,web_csv
2026-06-25,RING,EMR,EMERALD RESOURCES,AU000000EMR4,6107381,3916022.0,15066806.53,0.68,USD,Materials,Australia,Equity,equity,web_csv
2026-06-25,RING,WGX,WESTGOLD RESOURCES LTD,AU000000WGX6,BYVQ673,4564377.0,14723778.74,0.67,USD,Materials,Australia,Equity,equity,web_csv
2026-06-25,RING,ARIS,ARIS MINING CORP,CA04040Y1097,BQKRCQ2,939927.0,14056715.0,0.64,USD,Materials,Canada,Equity,equity,web_csv
2026-06-25,RING,DRD,DRDGOLD LTD,ZAE000058723,6267780,6075008.0,12995241.24,0.59,USD,Materials,South Africa,Equity,equity,web_csv
2026-06-25,RING,TRALT.E,KOZA ALTIN ISLETMELERI A,TREKOAL00014,B3LP189,10581343.0,10732676.47,0.49,USD,Materials,Turkey,Equity,equity,web_csv
2026-06-25,RING,601899,ZIJIN MINING GROUP LTD A,CNE100000B24,BP3R400,2433835.0,9276592.43,0.42,USD,Materials,China,Equity,equity,web_csv
2026-06-25,RING,RSG,RESOLUTE MINING LTD,AU000000RSG6,6410636,12471135.0,8399075.59,0.38,USD,Materials,Australia,Equity,equity,web_csv
2026-06-25,RING,2259,ZIJIN GOLD INTERNATIONAL LTD,HK0001200002,BSD3B20,674800.0,7999574.02,0.36,USD,Materials,China,Equity,equity,web_csv
2026-06-25,RING,PAF,PAN AFRICAN RESOURCES PLC,GB0004300496,0430049,5941057.0,7833694.63,0.35,USD,Materials,United Kingdom,Equity,equity,web_csv
2026-06-25,RING,OBM,ORA BANDA MINING LTD,AU0000050130,BKDX544,8281710.0,6349856.21,0.29,USD,Materials,Australia,Equity,equity,web_csv
2026-06-25,RING,MUX,MCEWEN INC,US58039P3055,BQGD8H7,336290.0,5824542.8,0.26,USD,Materials,United States,Equity,equity,web_csv
2026-06-25,RING,CYL,CATALYST METALS LTD,AU000000CYL6,B17P5V0,1498732.0,5383295.47,0.24,USD,Materials,Australia,Equity,equity,web_csv
2026-06-25,RING,WAF,WEST AFRICAN RESOURCES LTD,AU000000WAF6,B4KBBN0,2460347.0,4928505.6,0.22,USD,Materials,Australia,Equity,equity,web_csv
2026-06-25,RING,XTSLA,BLK CSH FND TREASURY SL AGENCY,US0669224778,6922477,2133779.0,2133778.51,0.1,USD,Cash and/or Derivatives,United States,Money Market,cash,web_csv
2026-06-25,RING,HKD,HKD CASH,CASH,,9873333.0,1259233.25,0.06,USD,Cash and/or Derivatives,Hong Kong,Cash,cash,web_csv
2026-06-25,RING,CAD,CAD CASH,CASH,,1689071.0,1189277.33,0.05,USD,Cash and/or Derivatives,Canada,Cash,cash,web_csv
2026-06-25,RING,LUNR,LUNR ROYALTIES CORP,CA5504281067,BRCDGF2,23569.0,315304.35,0.01,USD,Materials,Canada,Equity,equity,web_csv
2026-06-25,RING,WFFUT,CASH COLLATERAL USD WFFUT,CASH,,249000.0,249000.0,0.01,USD,Cash and/or Derivatives,United States,Cash Collateral and Margins,cash,web_csv
2026-06-25,RING,AUD,AUD CASH,CASH,,334835.0,231287.5,0.01,USD,Cash and/or Derivatives,Australia,Cash,cash,web_csv
2026-06-25,RING,GBP,GBP CASH,CASH,,47426.0,62628.85,0.0,USD,Cash and/or Derivatives,United Kingdom,Cash,cash,web_csv
2026-06-25,RING,CNH,CNH CASH,CASH,,399562.0,58755.16,0.0,USD,Cash and/or Derivatives,China,Cash,cash,web_csv
2026-06-25,RING,TRY,TRY CASH,CASH,,2733239.0,58760.7,0.0,USD,Cash and/or Derivatives,Turkey,Cash,cash,web_csv
2026-06-25,RING,ZAR,ZAR CASH,CASH,,908607.0,55138.42,0.0,USD,Cash and/or Derivatives,South Africa,Cash,cash,web_csv
2026-06-25,RING,IDR,IDR CASH,CASH,,3.0,0.0,0.0,USD,Cash and/or Derivatives,Indonesia,Cash,cash,web_csv
2026-06-25,RING,PLZL,POLYUS,RU000A0JNAA8,B57R0L9,625470.0,8.26,0.0,USD,Materials,Russian Federation,Equity,equity,web_csv
2026-06-25,RING,PTU6,S&P/TSE 60 INDEX SEP 26,,,16.0,0.0,0.0,USD,Cash and/or Derivatives,,Futures,derivative,web_csv
2026-06-25,RING,USD,USD CASH,CASH,,-553523.0,-553522.72,-0.03,USD,Cash and/or Derivatives,United States,Cash,cash,web_csv
2026-06-26,RING,NEM,NEWMONT,US6516391066,2636607,3870605.0,372081258.65,16.68,USD,Materials,United States,Equity,equity,web_csv
2026-06-26,RING,AEM,AGNICO EAGLE MINES LTD,CA0084741085,2009823,1791522.0,281442876.54,12.62,USD,Materials,Canada,Equity,equity,web_csv
2026-06-26,RING,ABX,BARRICK MINING CORP,CA06849F1080,BNM23Q1,5548125.0,206694469.88,9.26,USD,Materials,Canada,Equity,equity,web_csv
2026-06-26,RING,WPM,WHEATON PRECIOUS METALS CORP,CA9628791027,BF13KN5,1443428.0,163367241.02,7.32,USD,Materials,Canada,Equity,equity,web_csv
2026-06-26,RING,ANG,ANGLOGOLD ASHANTI PLC,GB00BRXH2664,BRF6FX9,1263817.0,103011834.85,4.62,USD,Materials,South Africa,Equity,equity,web_csv
2026-06-26,RING,K,KINROSS GOLD CORP,CA4969024047,B03Z841,4048854.0,98031339.5,4.39,USD,Materials,Canada,Equity,equity,web_csv
2026-06-26,RING,GFI,GOLD FIELDS LTD,ZAE000018123,6280215,2861580.0,95911608.15,4.3,USD,Materials,South Africa,Equity,equity,web_csv
2026-06-26,RING,PAAS,PAN AMERICAN SILVER CORP,CA6979001089,2669272,1670574.0,75849083.26,3.4,USD,Materials,Canada,Equity,equity,web_csv
2026-06-26,RING,CDE,COEUR MINING INC,US1921085049,2208136,4696648.0,75240300.96,3.37,USD,Materials,United States,Equity,equity,web_csv
2026-06-26,RING,2899,ZIJIN MINING GROUP LTD H,CNE100000502,6725299,20470000.0,71681219.12,3.21,USD,Materials,China,Equity,equity,web_csv
2026-06-26,RING,AGI,ALAMOS GOLD INC CLASS A,CA0115321089,BZ3DNP6,1930447.0,60294605.06,2.7,USD,Materials,Canada,Equity,equity,web_csv
2026-06-26,RING,IMG,IAMGOLD CORP,CA4509131088,2446646,2953930.0,46827680.06,2.1,USD,Materials,Canada,Equity,equity,web_csv
2026-06-26,RING,HAR,HARMONY GOLD MINING COMPANY LIMITE,ZAE000015228,6410562,2755550.0,43273518.8,1.94,USD,Materials,South Africa,Equity,equity,web_csv
2026-06-26,RING,EDV,ENDEAVOUR MINING,GB00BL6K5J42,BL6K5J4,829029.0,42151543.44,1.89,USD,Materials,United Kingdom,Equity,equity,web_csv
2026-06-26,RING,ELD,ELDORADO GOLD CORP,CA2849025093,BHZJ5Y9,1211744.0,37957937.34,1.7,USD,Materials,Canada,Equity,equity,web_csv
2026-06-26,RING,EQX,EQUINOX GOLD CORP,CA29446Y5020,BKLNP13,3802848.0,36985338.13,1.66,USD,Materials,Canada,Equity,equity,web_csv
2026-06-26,RING,SSRM,SSR MINING INC,CA7847301032,BF7MPL9,1259999.0,36887325.91,1.65,USD,Materials,Canada,Equity,equity,web_csv
2026-06-26,RING,LUG,LUNDIN GOLD INC,CA5503711080,BTKSSY6,575573.0,31232014.97,1.4,USD,Materials,Canada,Equity,equity,web_csv
2026-06-26,RING,BTO,B2GOLD CORP,CA11777Q2099,B29VFC4,6859334.0,27100154.05,1.21,USD,Materials,Canada,Equity,equity,web_csv
2026-06-26,RING,OGC,OCEANAGOLD CORPORATION CORP,CA6752224007,BQXQY26,1061304.0,26294358.76,1.18,USD,Materials,Canada,Equity,equity,web_csv
2026-06-26,RING,GMD,GENESIS MINERALS LTD,AU000000GMD9,B23G0X1,6989868.0,25997901.85,1.17,USD,Materials,Australia,Equity,equity,web_csv
2026-06-26,RING,CG,CENTERRA GOLD INC,CA1520061021,B01NXQ4,1557097.0,25188575.72,1.13,USD,Materials,Canada,Equity,equity,web_csv
2026-06-26,RING,TXG,TOREX GOLD RESOURCES INC,CA8910546032,BD2NKY1,620240.0,24875994.23,1.12,USD,Materials,Canada,Equity,equity,web_csv
2026-06-26,RING,GMIN,G MINING VENTURES CORP,CA36270K1021,BSWW128,733242.0,20691578.53,0.93,USD,Materials,Canada,Equity,equity,web_csv
2026-06-26,RING,WDO,WESDOME GOLD MINES LTD,CA95083R1001,B0Y90N5,1131300.0,19647070.67,0.88,USD,Materials,Canada,Equity,equity,web_csv
2026-06-26,RING,HOC,HOCHSCHILD MINING PLC,GB00B1FW5029,B1FW502,2878029.0,18614386.45,0.83,USD,Materials,United Kingdom,Equity,equity,web_csv
2026-06-26,RING,2099,CHINA GOLD INTERNATIONAL RESOURCES,CA16890P1036,B60FNV8,1174200.0,17384463.93,0.78,USD,Materials,China,Equity,equity,web_csv
2026-06-26,RING,RRL,REGIS RESOURCES LTD,AU000000RRL8,6476542,3495378.0,15894985.03,0.71,USD,Materials,Australia,Equity,equity,web_csv
2026-06-26,RING,EMR,EMERALD RESOURCES,AU000000EMR4,6107381,3916022.0,15213673.02,0.68,USD,Materials,Australia,Equity,equity,web_csv
2026-06-26,RING,WGX,WESTGOLD RESOURCES LTD,AU000000WGX6,BYVQ673,4564377.0,15212801.52,0.68,USD,Materials,Australia,Equity,equity,web_csv
2026-06-26,RING,ARIS,ARIS MINING CORP,CA04040Y1097,BQKRCQ2,939927.0,14231790.2,0.64,USD,Materials,Canada,Equity,equity,web_csv
2026-06-26,RING,DRD,DRDGOLD LTD,ZAE000058723,6267780,6075008.0,13124379.37,0.59,USD,Materials,South Africa,Equity,equity,web_csv
2026-06-26,RING,TRALT.E,KOZA ALTIN ISLETMELERI A,TREKOAL00014,B3LP189,10581343.0,10657484.1,0.48,USD,Materials,Turkey,Equity,equity,web_csv
2026-06-26,RING,601899,ZIJIN MINING GROUP LTD A,CNE100000B24,BP3R400,2433835.0,8979818.81,0.4,USD,Materials,China,Equity,equity,web_csv
2026-06-26,RING,RSG,RESOLUTE MINING LTD,AU000000RSG6,6410636,12471135.0,8691763.77,0.39,USD,Materials,Australia,Equity,equity,web_csv
2026-06-26,RING,2259,ZIJIN GOLD INTERNATIONAL LTD,HK0001200002,BSD3B20,674800.0,8067395.67,0.36,USD,Materials,China,Equity,equity,web_csv
2026-06-26,RING,PAF,PAN AFRICAN RESOURCES PLC,GB0004300496,0430049,5941057.0,8037945.64,0.36,USD,Materials,United Kingdom,Equity,equity,web_csv
2026-06-26,RING,OBM,ORA BANDA MINING LTD,AU0000050130,BKDX544,8281710.0,6457717.2,0.29,USD,Materials,Australia,Equity,equity,web_csv
2026-06-26,RING,MUX,MCEWEN INC,US58039P3055,BQGD8H7,336290.0,6053220.0,0.27,USD,Materials,United States,Equity,equity,web_csv
2026-06-26,RING,CYL,CATALYST METALS LTD,AU000000CYL6,B17P5V0,1498732.0,5532970.09,0.25,USD,Materials,Australia,Equity,equity,web_csv
2026-06-26,RING,WAF,WEST AFRICAN RESOURCES LTD,AU000000WAF6,B4KBBN0,2460347.0,4889555.85,0.22,USD,Materials,Australia,Equity,equity,web_csv
2026-06-26,RING,XTSLA,BLK CSH FND TREASURY SL AGENCY,US0669224778,6922477,2096720.0,2096719.73,0.09,USD,Cash and/or Derivatives,United States,Money Market,cash,web_csv
2026-06-26,RING,CAD,CAD CASH,CASH,,1977289.0,1392505.98,0.06,USD,Cash and/or Derivatives,Canada,Cash,cash,web_csv
2026-06-26,RING,HKD,HKD CASH,CASH,,9873333.0,1259072.67,0.06,USD,Cash and/or Derivatives,Hong Kong,Cash,cash,web_csv
2026-06-26,RING,WFFUT,CASH COLLATERAL USD WFFUT,CASH,,249000.0,249000.0,0.01,USD,Cash and/or Derivatives,United States,Cash Collateral and Margins,cash,web_csv
2026-06-26,RING,AUD,AUD CASH,CASH,,334835.0,231053.11,0.01,USD,Cash and/or Derivatives,Australia,Cash,cash,web_csv
2026-06-26,RING,CNH,CNH CASH,CASH,,1231933.0,181088.07,0.01,USD,Cash and/or Derivatives,China,Cash,cash,web_csv
2026-06-26,RING,LUNR,LUNR ROYALTIES CORP,CA5504281067,BRCDGF2,9006.0,120951.03,0.01,USD,Materials,Canada,Equity,equity,web_csv
2026-06-26,RING,GBP,GBP CASH,CASH,,47426.0,62600.4,0.0,USD,Cash and/or Derivatives,United Kingdom,Cash,cash,web_csv
2026-06-26,RING,TRY,TRY CASH,CASH,,2733239.0,58622.38,0.0,USD,Cash and/or Derivatives,Turkey,Cash,cash,web_csv
2026-06-26,RING,ZAR,ZAR CASH,CASH,,908607.0,55200.89,0.0,USD,Cash and/or Derivatives,South Africa,Cash,cash,web_csv
2026-06-26,RING,IDR,IDR CASH,CASH,,3.0,0.0,0.0,USD,Cash and/or Derivatives,Indonesia,Cash,cash,web_csv
2026-06-26,RING,PLZL,POLYUS,RU000A0JNAA8,B57R0L9,625470.0,7.93,0.0,USD,Materials,Russian Federation,Equity,equity,web_csv
2026-06-26,RING,PTU6,S&P/TSE 60 INDEX SEP 26,,,16.0,0.0,0.0,USD,Cash and/or Derivatives,,Futures,derivative,web_csv
2026-06-26,RING,USD,USD CASH,CASH,,-539240.0,-539239.93,-0.02,USD,Cash and/or Derivatives,United States,Cash,cash,web_csv
2026-06-29,RING,NEM,NEWMONT,US6516391066,2636607,3870605.0,365810878.55,16.62,USD,Materials,United States,Equity,equity,web_csv
2026-06-29,RING,AEM,AGNICO EAGLE MINES LTD,CA0084741085,2009823,1791522.0,275224072.21,12.5,USD,Materials,Canada,Equity,equity,web_csv
2026-06-29,RING,ABX,BARRICK MINING CORP,CA06849F1080,BNM23Q1,5548125.0,204855648.11,9.31,USD,Materials,Canada,Equity,equity,web_csv
2026-06-29,RING,WPM,WHEATON PRECIOUS METALS CORP,CA9628791027,BF13KN5,1443428.0,159777083.42,7.26,USD,Materials,Canada,Equity,equity,web_csv
2026-06-29,RING,ANG,ANGLOGOLD ASHANTI PLC,GB00BRXH2664,BRF6FX9,1263817.0,100180559.6,4.55,USD,Materials,South Africa,Equity,equity,web_csv
2026-06-29,RING,K,KINROSS GOLD CORP,CA4969024047,B03Z841,4048854.0,96131968.59,4.37,USD,Materials,Canada,Equity,equity,web_csv
2026-06-29,RING,GFI,GOLD FIELDS LTD,ZAE000018123,6280215,2861580.0,94306815.33,4.28,USD,Materials,South Africa,Equity,equity,web_csv
2026-06-29,RING,CDE,COEUR MINING INC,US1921085049,2208136,4696648.0,76696261.84,3.48,USD,Materials,United States,Equity,equity,web_csv
2026-06-29,RING,PAAS,PAN AMERICAN SILVER CORP,CA6979001089,2669272,1670574.0,74497219.93,3.38,USD,Materials,Canada,Equity,equity,web_csv
2026-06-29,RING,2899,ZIJIN MINING GROUP LTD H,CNE100000502,6725299,20470000.0,72243988.27,3.28,USD,Materials,China,Equity,equity,web_csv
2026-06-29,RING,AGI,ALAMOS GOLD INC CLASS A,CA0115321089,BZ3DNP6,1930447.0,59337760.78,2.7,USD,Materials,Canada,Equity,equity,web_csv
2026-06-29,RING,IMG,IAMGOLD CORP,CA4509131088,2446646,2953930.0,47061662.29,2.14,USD,Materials,Canada,Equity,equity,web_csv
2026-06-29,RING,HAR,HARMONY GOLD MINING COMPANY LIMITE,ZAE000015228,6410562,2755550.0,41624895.8,1.89,USD,Materials,South Africa,Equity,equity,web_csv
2026-06-29,RING,EDV,ENDEAVOUR MINING,GB00BL6K5J42,BL6K5J4,829029.0,41060698.37,1.87,USD,Materials,United Kingdom,Equity,equity,web_csv
2026-06-29,RING,ELD,ELDORADO GOLD CORP,CA2849025093,BHZJ5Y9,1211744.0,37655687.72,1.71,USD,Materials,Canada,Equity,equity,web_csv
2026-06-29,RING,EQX,EQUINOX GOLD CORP,CA29446Y5020,BKLNP13,3802848.0,36983469.52,1.68,USD,Materials,Canada,Equity,equity,web_csv
2026-06-29,RING,SSRM,SSR MINING INC,CA7847301032,BF7MPL9,1259999.0,35732704.48,1.62,USD,Materials,Canada,Equity,equity,web_csv
2026-06-29,RING,LUG,LUNDIN GOLD INC,CA5503711080,BTKSSY6,575573.0,31098479.95,1.41,USD,Materials,Canada,Equity,equity,web_csv
2026-06-29,RING,OGC,OCEANAGOLD CORPORATION CORP,CA6752224007,BQXQY26,1061304.0,26647427.41,1.21,USD,Materials,Canada,Equity,equity,web_csv
2026-06-29,RING,GMD,GENESIS MINERALS LTD,AU000000GMD9,B23G0X1,6989868.0,26403488.94,1.2,USD,Materials,Australia,Equity,equity,web_csv
2026-06-29,RING,BTO,B2GOLD CORP,CA11777Q2099,B29VFC4,6859334.0,25920709.04,1.18,USD,Materials,Canada,Equity,equity,web_csv
2026-06-29,RING,CG,CENTERRA GOLD INC,CA1520061021,B01NXQ4,1557097.0,25114291.01,1.14,USD,Materials,Canada,Equity,equity,web_csv
2026-06-29,RING,TXG,TOREX GOLD RESOURCES INC,CA8910546032,BD2NKY1,620240.0,24721433.87,1.12,USD,Materials,Canada,Equity,equity,web_csv
2026-06-29,RING,GMIN,G MINING VENTURES CORP,CA36270K1021,BSWW128,733242.0,21336023.86,0.97,USD,Materials,Canada,Equity,equity,web_csv
2026-06-29,RING,WDO,WESDOME GOLD MINES LTD,CA95083R1001,B0Y90N5,1131300.0,19305460.75,0.88,USD,Materials,Canada,Equity,equity,web_csv
2026-06-29,RING,2099,CHINA GOLD INTERNATIONAL RESOURCES,CA16890P1036,B60FNV8,1174200.0,18429685.07,0.84,USD,Materials,China,Equity,equity,web_csv
2026-06-29,RING,HOC,HOCHSCHILD MINING PLC,GB00B1FW5029,B1FW502,2878029.0,18146934.11,0.82,USD,Materials,United Kingdom,Equity,equity,web_csv
2026-06-29,RING,RRL,REGIS RESOURCES LTD,AU000000RRL8,6476542,3495378.0,15584366.52,0.71,USD,Materials,Australia,Equity,equity,web_csv
2026-06-29,RING,EMR,EMERALD RESOURCES,AU000000EMR4,6107381,3916022.0,15385132.13,0.7,USD,Materials,Australia,Equity,equity,web_csv
2026-06-29,RING,WGX,WESTGOLD RESOURCES LTD,AU000000WGX6,BYVQ673,4564377.0,15262925.23,0.69,USD,Materials,Australia,Equity,equity,web_csv
2026-06-29,RING,ARIS,ARIS MINING CORP,CA04040Y1097,BQKRCQ2,939927.0,14062030.2,0.64,USD,Materials,Canada,Equity,equity,web_csv
2026-06-29,RING,DRD,DRDGOLD LTD,ZAE000058723,6267780,6075008.0,12748648.18,0.58,USD,Materials,South Africa,Equity,equity,web_csv
2026-06-29,RING,TRALT.E,KOZA ALTIN ISLETMELERI A,TREKOAL00014,B3LP189,10581343.0,10322486.79,0.47,USD,Materials,Turkey,Equity,equity,web_csv
2026-06-29,RING,601899,ZIJIN MINING GROUP LTD A,CNE100000B24,BP3R400,2433835.0,9229862.79,0.42,USD,Materials,China,Equity,equity,web_csv
2026-06-29,RING,RSG,RESOLUTE MINING LTD,AU000000RSG6,6410636,12471135.0,8838187.37,0.4,USD,Materials,Australia,Equity,equity,web_csv
2026-06-29,RING,2259,ZIJIN GOLD INTERNATIONAL LTD,HK0001200002,BSD3B20,674800.0,8001581.03,0.36,USD,Materials,China,Equity,equity,web_csv
2026-06-29,RING,PAF,PAN AFRICAN RESOURCES PLC,GB0004300496,0430049,5941057.0,7743904.02,0.35,USD,Materials,United Kingdom,Equity,equity,web_csv
2026-06-29,RING,OBM,ORA BANDA MINING LTD,AU0000050130,BKDX544,8281710.0,6410509.39,0.29,USD,Materials,Australia,Equity,equity,web_csv
2026-06-29,RING,MUX,MCEWEN INC,US58039P3055,BQGD8H7,336290.0,6033042.6,0.27,USD,Materials,United States,Equity,equity,web_csv
2026-06-29,RING,CYL,CATALYST METALS LTD,AU000000CYL6,B17P5V0,1498732.0,5331317.2,0.24,USD,Materials,Australia,Equity,equity,web_csv
2026-06-29,RING,WAF,WEST AFRICAN RESOURCES LTD,AU000000WAF6,B4KBBN0,2460347.0,4739956.91,0.22,USD,Materials,Australia,Equity,equity,web_csv
2026-06-29,RING,XTSLA,BLK CSH FND TREASURY SL AGENCY,US0669224778,6922477,2216689.0,2216688.68,0.1,USD,Cash and/or Derivatives,United States,Money Market,cash,web_csv
2026-06-29,RING,CAD,CAD CASH,CASH,,2151084.0,1513728.55,0.07,USD,Cash and/or Derivatives,Canada,Cash,cash,web_csv
2026-06-29,RING,HKD,HKD CASH,CASH,,9873333.0,1258872.0,0.06,USD,Cash and/or Derivatives,Hong Kong,Cash,cash,web_csv
2026-06-29,RING,WFFUT,CASH COLLATERAL USD WFFUT,CASH,,249000.0,249000.0,0.01,USD,Cash and/or Derivatives,United States,Cash Collateral and Margins,cash,web_csv
2026-06-29,RING,AUD,AUD CASH,CASH,,334835.0,230383.44,0.01,USD,Cash and/or Derivatives,Australia,Cash,cash,web_csv
2026-06-29,RING,CNH,CNH CASH,CASH,,1231933.0,181150.65,0.01,USD,Cash and/or Derivatives,China,Cash,cash,web_csv
2026-06-29,RING,GBP,GBP CASH,CASH,,47426.0,62823.3,0.0,USD,Cash and/or Derivatives,United Kingdom,Cash,cash,web_csv
2026-06-29,RING,TRY,TRY CASH,CASH,,2733239.0,58601.64,0.0,USD,Cash and/or Derivatives,Turkey,Cash,cash,web_csv
2026-06-29,RING,ZAR,ZAR CASH,CASH,,908607.0,55268.05,0.0,USD,Cash and/or Derivatives,South Africa,Cash,cash,web_csv
2026-06-29,RING,IDR,IDR CASH,CASH,,3.0,0.0,0.0,USD,Cash and/or Derivatives,Indonesia,Cash,cash,web_csv
2026-06-29,RING,PLZL,POLYUS,RU000A0JNAA8,B57R0L9,625470.0,8.11,0.0,USD,Materials,Russian Federation,Equity,equity,web_csv
2026-06-29,RING,PTU6,S&P/TSE 60 INDEX SEP 26,,,16.0,0.0,0.0,USD,Cash and/or Derivatives,,Futures,derivative,web_csv
2026-06-29,RING,USD,USD CASH,CASH,,-730803.0,-730803.15,-0.03,USD,Cash and/or Derivatives,United States,Cash,cash,web_csv
2026-06-30,RING,NEM,NEWMONT,US6516391066,2636607,3870605.0,361514507.0,16.45,USD,Materials,United States,Equity,equity,web_csv
2026-06-30,RING,AEM,AGNICO EAGLE MINES LTD,CA0084741085,2009823,1791522.0,278258881.35,12.66,USD,Materials,Canada,Equity,equity,web_csv
2026-06-30,RING,ABX,BARRICK MINING CORP,CA06849F1080,BNM23Q1,5548125.0,203936365.64,9.28,USD,Materials,Canada,Equity,equity,web_csv
2026-06-30,RING,WPM,WHEATON PRECIOUS METALS CORP,CA9628791027,BF13KN5,1443428.0,162315068.28,7.38,USD,Materials,Canada,Equity,equity,web_csv
2026-06-30,RING,ANG,ANGLOGOLD ASHANTI PLC,GB00BRXH2664,BRF6FX9,1263817.0,102387683.17,4.66,USD,Materials,South Africa,Equity,equity,web_csv
2026-06-30,RING,GFI,GOLD FIELDS LTD,ZAE000018123,6280215,2861580.0,96192037.89,4.38,USD,Materials,South Africa,Equity,equity,web_csv
2026-06-30,RING,K,KINROSS GOLD CORP,CA4969024047,B03Z841,4048854.0,95831201.64,4.36,USD,Materials,Canada,Equity,equity,web_csv
2026-06-30,RING,CDE,COEUR MINING INC,US1921085049,2208136,4696648.0,76649295.36,3.49,USD,Materials,United States,Equity,equity,web_csv
2026-06-30,RING,PAAS,PAN AMERICAN SILVER CORP,CA6979001089,2669272,1670574.0,74865265.14,3.41,USD,Materials,Canada,Equity,equity,web_csv
2026-06-30,RING,2899,ZIJIN MINING GROUP LTD H,CNE100000502,6725299,20470000.0,71521859.72,3.25,USD,Materials,China,Equity,equity,web_csv
2026-06-30,RING,AGI,ALAMOS GOLD INC CLASS A,CA0115321089,BZ3DNP6,1930447.0,58508702.03,2.66,USD,Materials,Canada,Equity,equity,web_csv
2026-06-30,RING,IMG,IAMGOLD CORP,CA4509131088,2446646,2953930.0,46867287.61,2.13,USD,Materials,Canada,Equity,equity,web_csv
2026-06-30,RING,HAR,HARMONY GOLD MINING COMPANY LIMITE,ZAE000015228,6410562,2755550.0,42030964.0,1.91,USD,Materials,South Africa,Equity,equity,web_csv
2026-06-30,RING,EDV,ENDEAVOUR MINING,GB00BL6K5J42,BL6K5J4,829029.0,40756176.54,1.85,USD,Materials,United Kingdom,Equity,equity,web_csv
2026-06-30,RING,ELD,ELDORADO GOLD CORP,CA2849025093,BHZJ5Y9,1211744.0,37699651.21,1.72,USD,Materials,Canada,Equity,equity,web_csv
2026-06-30,RING,EQX,EQUINOX GOLD CORP,CA29446Y5020,BKLNP13,3802848.0,37043425.1,1.69,USD,Materials,Canada,Equity,equity,web_csv
2026-06-30,RING,SSRM,SSR MINING INC,CA7847301032,BF7MPL9,1259999.0,35613011.38,1.62,USD,Materials,Canada,Equity,equity,web_csv
2026-06-30,RING,LUG,LUNDIN GOLD INC,CA5503711080,BTKSSY6,575573.0,31039358.75,1.41,USD,Materials,Canada,Equity,equity,web_csv
2026-06-30,RING,OGC,OCEANAGOLD CORPORATION CORP,CA6752224007,BQXQY26,1061304.0,26593379.52,1.21,USD,Materials,Canada,Equity,equity,web_csv
2026-06-30,RING,BTO,B2GOLD CORP,CA11777Q2099,B29VFC4,6859334.0,25720991.63,1.17,USD,Materials,Canada,Equity,equity,web_csv
2026-06-30,RING,GMD,GENESIS MINERALS LTD,AU000000GMD9,B23G0X1,6989868.0,25229844.67,1.15,USD,Materials,Australia,Equity,equity,web_csv
2026-06-30,RING,CG,CENTERRA GOLD INC,CA1520061021,B01NXQ4,1557097.0,24683074.21,1.12,USD,Materials,Canada,Equity,equity,web_csv
2026-06-30,RING,TXG,TOREX GOLD RESOURCES INC,CA8910546032,BD2NKY1,620240.0,24678447.93,1.12,USD,Materials,Canada,Equity,equity,web_csv
2026-06-30,RING,GMIN,G MINING VENTURES CORP,CA36270K1021,BSWW128,733242.0,21463640.71,0.98,USD,Materials,Canada,Equity,equity,web_csv
2026-06-30,RING,WDO,WESDOME GOLD MINES LTD,CA95083R1001,B0Y90N5,1131300.0,19416496.92,0.88,USD,Materials,Canada,Equity,equity,web_csv
2026-06-30,RING,2099,CHINA GOLD INTERNATIONAL RESOURCES,CA16890P1036,B60FNV8,1174200.0,18342078.92,0.83,USD,Materials,China,Equity,equity,web_csv
2026-06-30,RING,HOC,HOCHSCHILD MINING PLC,GB00B1FW5029,B1FW502,2878029.0,17670690.82,0.8,USD,Materials,United Kingdom,Equity,equity,web_csv
2026-06-30,RING,EMR,EMERALD RESOURCES,AU000000EMR4,6107381,3916022.0,14894480.03,0.68,USD,Materials,Australia,Equity,equity,web_csv
2026-06-30,RING,WGX,WESTGOLD RESOURCES LTD,AU000000WGX6,BYVQ673,4564377.0,14862341.81,0.68,USD,Materials,Australia,Equity,equity,web_csv
2026-06-30,RING,RRL,REGIS RESOURCES LTD,AU000000RRL8,6476542,3495378.0,14602235.21,0.66,USD,Materials,Australia,Equity,equity,web_csv
2026-06-30,RING,ARIS,ARIS MINING CORP,CA04040Y1097,BQKRCQ2,939927.0,14011951.4,0.64,USD,Materials,Canada,Equity,equity,web_csv
2026-06-30,RING,DRD,DRDGOLD LTD,ZAE000058723,6267780,6075008.0,13058116.65,0.59,USD,Materials,South Africa,Equity,equity,web_csv
2026-06-30,RING,TRALT.E,KOZA ALTIN ISLETMELERI A,TREKOAL00014,B3LP189,10581343.0,10573291.69,0.48,USD,Materials,Turkey,Equity,equity,web_csv
2026-06-30,RING,601899,ZIJIN MINING GROUP LTD A,CNE100000B24,BP3R400,2433835.0,9013938.1,0.41,USD,Materials,China,Equity,equity,web_csv
2026-06-30,RING,RSG,RESOLUTE MINING LTD,AU000000RSG6,6410636,12471135.0,8164802.2,0.37,USD,Materials,Australia,Equity,equity,web_csv
2026-06-30,RING,2259,ZIJIN GOLD INTERNATIONAL LTD,HK0001200002,BSD3B20,674800.0,7615330.18,0.35,USD,Materials,China,Equity,equity,web_csv
2026-06-30,RING,PAF,PAN AFRICAN RESOURCES PLC,GB0004300496,0430049,5941057.0,7530430.85,0.34,USD,Materials,United Kingdom,Equity,equity,web_csv
2026-06-30,RING,MUX,MCEWEN INC,US58039P3055,BQGD8H7,336290.0,6096937.7,0.28,USD,Materials,United States,Equity,equity,web_csv
2026-06-30,RING,OBM,ORA BANDA MINING LTD,AU0000050130,BKDX544,8281710.0,6053134.97,0.28,USD,Materials,Australia,Equity,equity,web_csv
2026-06-30,RING,CYL,CATALYST METALS LTD,AU000000CYL6,B17P5V0,1498732.0,5222757.29,0.24,USD,Materials,Australia,Equity,equity,web_csv
2026-06-30,RING,WAF,WEST AFRICAN RESOURCES LTD,AU000000WAF6,B4KBBN0,2460347.0,4568136.12,0.21,USD,Materials,Australia,Equity,equity,web_csv
2026-06-30,RING,XTSLA,BLK CSH FND TREASURY SL AGENCY,US0669224778,6922477,2283386.0,2283385.77,0.1,USD,Cash and/or Derivatives,United States,Money Market,cash,web_csv
2026-06-30,RING,CAD,CAD CASH,CASH,,2113964.0,1490018.64,0.07,USD,Cash and/or Derivatives,Canada,Cash,cash,web_csv
2026-06-30,RING,HKD,HKD CASH,CASH,,9873333.0,1259024.5,0.06,USD,Cash and/or Derivatives,Hong Kong,Cash,cash,web_csv
2026-06-30,RING,WFFUT,CASH COLLATERAL USD WFFUT,CASH,,248000.0,248000.0,0.01,USD,Cash and/or Derivatives,United States,Cash Collateral and Margins,cash,web_csv
2026-06-30,RING,AUD,AUD CASH,CASH,,334835.0,231973.91,0.01,USD,Cash and/or Derivatives,Australia,Cash,cash,web_csv
2026-06-30,RING,CNH,CNH CASH,CASH,,1231933.0,181486.9,0.01,USD,Cash and/or Derivatives,China,Cash,cash,web_csv
2026-06-30,RING,GBP,GBP CASH,CASH,,47426.0,62946.61,0.0,USD,Cash and/or Derivatives,United Kingdom,Cash,cash,web_csv
2026-06-30,RING,TRY,TRY CASH,CASH,,2733239.0,58583.43,0.0,USD,Cash and/or Derivatives,Turkey,Cash,cash,web_csv
2026-06-30,RING,ZAR,ZAR CASH,CASH,,908607.0,55436.65,0.0,USD,Cash and/or Derivatives,South Africa,Cash,cash,web_csv
2026-06-30,RING,ETD_CAD,ETD CAD BALANCE WITH R97871,CASH,,6400.0,4511.01,0.0,USD,Cash and/or Derivatives,Canada,Cash,cash,web_csv
2026-06-30,RING,IDR,IDR CASH,CASH,,3.0,0.0,0.0,USD,Cash and/or Derivatives,Indonesia,Cash,cash,web_csv
2026-06-30,RING,PLZL,POLYUS,RU000A0JNAA8,B57R0L9,625470.0,7.96,0.0,USD,Materials,Russian Federation,Equity,equity,web_csv
2026-06-30,RING,PTU6,S&P/TSE 60 INDEX SEP 26,,,16.0,0.0,0.0,USD,Cash and/or Derivatives,,Futures,derivative,web_csv
2026-06-30,RING,USD,USD CASH,CASH,,-819209.0,-819209.3,-0.04,USD,Cash and/or Derivatives,United States,Cash,cash,web_csv
2026-07-01,RING,NEM,NEWMONT,US6516391066,2636607,3870605.0,361127446.5,16.4,USD,Materials,United States,Equity,equity,web_csv
2026-07-01,RING,AEM,AGNICO EAGLE MINES LTD,CA0084741085,2009823,1791522.0,277906295.39,12.62,USD,Materials,Canada,Equity,equity,web_csv
2026-07-01,RING,ABX,BARRICK MINING CORP,CA06849F1080,BNM23Q1,5548125.0,203677954.84,9.25,USD,Materials,Canada,Equity,equity,web_csv
2026-07-01,RING,WPM,WHEATON PRECIOUS METALS CORP,CA9628791027,BF13KN5,1443428.0,162109396.45,7.36,USD,Materials,Canada,Equity,equity,web_csv
2026-07-01,RING,ANG,ANGLOGOLD ASHANTI PLC,GB00BRXH2664,BRF6FX9,1263817.0,103274327.59,4.69,USD,Materials,South Africa,Equity,equity,web_csv
2026-07-01,RING,GFI,GOLD FIELDS LTD,ZAE000018123,6280215,2861580.0,98500526.09,4.47,USD,Materials,South Africa,Equity,equity,web_csv
2026-07-01,RING,K,KINROSS GOLD CORP,CA4969024047,B03Z841,4048854.0,95709772.5,4.35,USD,Materials,Canada,Equity,equity,web_csv
2026-07-01,RING,CDE,COEUR MINING INC,US1921085049,2208136,4696648.0,77682557.92,3.53,USD,Materials,United States,Equity,equity,web_csv
2026-07-01,RING,PAAS,PAN AMERICAN SILVER CORP,CA6979001089,2669272,1670574.0,74770402.25,3.39,USD,Materials,Canada,Equity,equity,web_csv
2026-07-01,RING,2899,ZIJIN MINING GROUP LTD H,CNE100000502,6725299,20470000.0,71506358.57,3.25,USD,Materials,China,Equity,equity,web_csv
2026-07-01,RING,AGI,ALAMOS GOLD INC CLASS A,CA0115321089,BZ3DNP6,1930447.0,58434564.78,2.65,USD,Materials,Canada,Equity,equity,web_csv
2026-07-01,RING,IMG,IAMGOLD CORP,CA4509131088,2446646,2953930.0,46807901.38,2.13,USD,Materials,Canada,Equity,equity,web_csv
2026-07-01,RING,HAR,HARMONY GOLD MINING COMPANY LIMITE,ZAE000015228,6410562,2755550.0,42543270.28,1.93,USD,Materials,South Africa,Equity,equity,web_csv
2026-07-01,RING,EDV,ENDEAVOUR MINING,GB00BL6K5J42,BL6K5J4,829029.0,42441463.17,1.93,USD,Materials,United Kingdom,Equity,equity,web_csv
2026-07-01,RING,ELD,ELDORADO GOLD CORP,CA2849025093,BHZJ5Y9,1211744.0,37651881.43,1.71,USD,Materials,Canada,Equity,equity,web_csv
2026-07-01,RING,EQX,EQUINOX GOLD CORP,CA29446Y5020,BKLNP13,3802848.0,36996486.83,1.68,USD,Materials,Canada,Equity,equity,web_csv
2026-07-01,RING,SSRM,SSR MINING INC,CA7847301032,BF7MPL9,1259999.0,35567885.61,1.61,USD,Materials,Canada,Equity,equity,web_csv
2026-07-01,RING,LUG,LUNDIN GOLD INC,CA5503711080,BTKSSY6,575573.0,31000028.32,1.41,USD,Materials,Canada,Equity,equity,web_csv
2026-07-01,RING,OGC,OCEANAGOLD CORPORATION CORP,CA6752224007,BQXQY26,1061304.0,26559682.66,1.21,USD,Materials,Canada,Equity,equity,web_csv
2026-07-01,RING,BTO,B2GOLD CORP,CA11777Q2099,B29VFC4,6859334.0,25688400.18,1.17,USD,Materials,Canada,Equity,equity,web_csv
2026-07-01,RING,GMD,GENESIS MINERALS LTD,AU000000GMD9,B23G0X1,6989868.0,25090550.58,1.14,USD,Materials,Australia,Equity,equity,web_csv
2026-07-01,RING,CG,CENTERRA GOLD INC,CA1520061021,B01NXQ4,1557097.0,24651797.92,1.12,USD,Materials,Canada,Equity,equity,web_csv
2026-07-01,RING,TXG,TOREX GOLD RESOURCES INC,CA8910546032,BD2NKY1,620240.0,24647177.5,1.12,USD,Materials,Canada,Equity,equity,web_csv
2026-07-01,RING,GMIN,G MINING VENTURES CORP,CA36270K1021,BSWW128,733242.0,21436443.81,0.97,USD,Materials,Canada,Equity,equity,web_csv
2026-07-01,RING,WDO,WESDOME GOLD MINES LTD,CA95083R1001,B0Y90N5,1131300.0,19391893.98,0.88,USD,Materials,Canada,Equity,equity,web_csv
2026-07-01,RING,HOC,HOCHSCHILD MINING PLC,GB00B1FW5029,B1FW502,2878029.0,18356157.03,0.83,USD,Materials,United Kingdom,Equity,equity,web_csv
2026-07-01,RING,2099,CHINA GOLD INTERNATIONAL RESOURCES,CA16890P1036,B60FNV8,1174200.0,18338103.59,0.83,USD,Materials,China,Equity,equity,web_csv
2026-07-01,RING,WGX,WESTGOLD RESOURCES LTD,AU000000WGX6,BYVQ673,4564377.0,14777202.49,0.67,USD,Materials,Australia,Equity,equity,web_csv
2026-07-01,RING,EMR,EMERALD RESOURCES,AU000000EMR4,6107381,3916022.0,14678538.83,0.67,USD,Materials,Australia,Equity,equity,web_csv
2026-07-01,RING,RRL,REGIS RESOURCES LTD,AU000000RRL8,6476542,3495378.0,14428899.41,0.66,USD,Materials,Australia,Equity,equity,web_csv
2026-07-01,RING,ARIS,ARIS MINING CORP,CA04040Y1097,BQKRCQ2,939927.0,13994196.65,0.64,USD,Materials,Canada,Equity,equity,web_csv
2026-07-01,RING,DRD,DRDGOLD LTD,ZAE000058723,6267780,6075008.0,13091762.74,0.59,USD,Materials,South Africa,Equity,equity,web_csv
2026-07-01,RING,TRALT.E,KOZA ALTIN ISLETMELERI A,TREKOAL00014,B3LP189,10581343.0,10861089.75,0.49,USD,Materials,Turkey,Equity,equity,web_csv
2026-07-01,RING,601899,ZIJIN MINING GROUP LTD A,CNE100000B24,BP3R400,2433835.0,8995627.84,0.41,USD,Materials,China,Equity,equity,web_csv
2026-07-01,RING,RSG,RESOLUTE MINING LTD,AU000000RSG6,6410636,12471135.0,7963162.65,0.36,USD,Materials,Australia,Equity,equity,web_csv
2026-07-01,RING,PAF,PAN AFRICAN RESOURCES PLC,GB0004300496,0430049,5941057.0,7800880.24,0.35,USD,Materials,United Kingdom,Equity,equity,web_csv
2026-07-01,RING,2259,ZIJIN GOLD INTERNATIONAL LTD,HK0001200002,BSD3B20,674800.0,7613679.68,0.35,USD,Materials,China,Equity,equity,web_csv
2026-07-01,RING,MUX,MCEWEN INC,US58039P3055,BQGD8H7,336290.0,6049857.1,0.27,USD,Materials,United States,Equity,equity,web_csv
2026-07-01,RING,OBM,ORA BANDA MINING LTD,AU0000050130,BKDX544,8281710.0,5831201.7,0.26,USD,Materials,Australia,Equity,equity,web_csv
2026-07-01,RING,CYL,CATALYST METALS LTD,AU000000CYL6,B17P5V0,1498732.0,4976304.31,0.23,USD,Materials,Australia,Equity,equity,web_csv
2026-07-01,RING,WAF,WEST AFRICAN RESOURCES LTD,AU000000WAF6,B4KBBN0,2460347.0,4534668.02,0.21,USD,Materials,Australia,Equity,equity,web_csv
2026-07-01,RING,XTSLA,BLK CSH FND TREASURY SL AGENCY,US0669224778,6922477,2284386.0,2284385.77,0.1,USD,Cash and/or Derivatives,United States,Money Market,cash,web_csv
2026-07-01,RING,CAD,CAD CASH,CASH,,2126764.0,1497141.21,0.07,USD,Cash and/or Derivatives,Canada,Cash,cash,web_csv
2026-07-01,RING,HKD,HKD CASH,CASH,,9873333.0,1258751.63,0.06,USD,Cash and/or Derivatives,Hong Kong,Cash,cash,web_csv
2026-07-01,RING,WFFUT,CASH COLLATERAL USD WFFUT,CASH,,247000.0,247000.0,0.01,USD,Cash and/or Derivatives,United States,Cash Collateral and Margins,cash,web_csv
2026-07-01,RING,AUD,AUD CASH,CASH,,334835.0,231136.82,0.01,USD,Cash and/or Derivatives,Australia,Cash,cash,web_csv
2026-07-01,RING,CNH,CNH CASH,CASH,,1231933.0,181334.63,0.01,USD,Cash and/or Derivatives,China,Cash,cash,web_csv
2026-07-01,RING,GBP,GBP CASH,CASH,,47426.0,62965.58,0.0,USD,Cash and/or Derivatives,United Kingdom,Cash,cash,web_csv
2026-07-01,RING,TRY,TRY CASH,CASH,,2733239.0,58569.93,0.0,USD,Cash and/or Derivatives,Turkey,Cash,cash,web_csv
2026-07-01,RING,ZAR,ZAR CASH,CASH,,908607.0,55453.57,0.0,USD,Cash and/or Derivatives,South Africa,Cash,cash,web_csv
2026-07-01,RING,IDR,IDR CASH,CASH,,3.0,0.0,0.0,USD,Cash and/or Derivatives,Indonesia,Cash,cash,web_csv
2026-07-01,RING,PLZL,POLYUS,RU000A0JNAA8,B57R0L9,625470.0,8.04,0.0,USD,Materials,Russian Federation,Equity,equity,web_csv
2026-07-01,RING,PTU6,S&P/TSE 60 INDEX SEP 26,,,16.0,0.0,0.0,USD,Cash and/or Derivatives,,Futures,derivative,web_csv
2026-07-01,RING,USD,USD CASH,CASH,,-835057.0,-835056.68,-0.04,USD,Cash and/or Derivatives,United States,Cash,cash,web_csv
2026-07-02,RING,NEM,NEWMONT,US6516391066,2636607,3904757.0,378917619.28,16.47,USD,Materials,United States,Equity,equity,web_csv
2026-07-02,RING,AEM,AGNICO EAGLE MINES LTD,CA0084741085,2009823,1807326.0,277952121.14,12.08,USD,Materials,Canada,Equity,equity,web_csv
2026-07-02,RING,ABX,BARRICK MINING CORP,CA06849F1080,BNM23Q1,5597079.0,214111014.88,9.3,USD,Materials,Canada,Equity,equity,web_csv
2026-07-02,RING,WPM,WHEATON PRECIOUS METALS CORP,CA9628791027,BF13KN5,1456160.0,168323737.83,7.31,USD,Materials,Canada,Equity,equity,web_csv
2026-07-02,RING,ANG,ANGLOGOLD ASHANTI PLC,GB00BRXH2664,BRF6FX9,1274965.0,107516162.07,4.67,USD,Materials,South Africa,Equity,equity,web_csv
2026-07-02,RING,GFI,GOLD FIELDS LTD,ZAE000018123,6280215,2886828.0,101857314.44,4.43,USD,Materials,South Africa,Equity,equity,web_csv
2026-07-02,RING,K,KINROSS GOLD CORP,CA4969024047,B03Z841,4084578.0,100836354.25,4.38,USD,Materials,Canada,Equity,equity,web_csv
2026-07-02,RING,CDE,COEUR MINING INC,US1921085049,2208136,4738084.0,81968853.2,3.56,USD,Materials,United States,Equity,equity,web_csv
2026-07-02,RING,PAAS,PAN AMERICAN SILVER CORP,CA6979001089,2669272,1685310.0,78041326.87,3.39,USD,Materials,Canada,Equity,equity,web_csv
2026-07-02,RING,2899,ZIJIN MINING GROUP LTD H,CNE100000502,6725299,20650000.0,74196188.93,3.22,USD,Materials,China,Equity,equity,web_csv
2026-07-02,RING,AGI,ALAMOS GOLD INC CLASS A,CA0115321089,BZ3DNP6,1947475.0,61562813.7,2.68,USD,Materials,Canada,Equity,equity,web_csv
2026-07-02,RING,IMG,IAMGOLD CORP,CA4509131088,2446646,2979994.0,49339110.19,2.14,USD,Materials,Canada,Equity,equity,web_csv
2026-07-02,RING,HAR,HARMONY GOLD MINING COMPANY LIMITE,ZAE000015228,6410562,2779862.0,44826879.01,1.95,USD,Materials,South Africa,Equity,equity,web_csv
2026-07-02,RING,EDV,ENDEAVOUR MINING,GB00BL6K5J42,BL6K5J4,836343.0,44694593.11,1.94,USD,Materials,United Kingdom,Equity,equity,web_csv
2026-07-02,RING,ELD,ELDORADO GOLD CORP,CA2849025093,BHZJ5Y9,1222430.0,41134125.16,1.79,USD,Materials,Canada,Equity,equity,web_csv
2026-07-02,RING,SSRM,SSR MINING INC,CA7847301032,BF7MPL9,1271111.0,38918054.94,1.69,USD,Materials,Canada,Equity,equity,web_csv
2026-07-02,RING,EQX,EQUINOX GOLD CORP,CA29446Y5020,BKLNP13,3836400.0,38900985.09,1.69,USD,Materials,Canada,Equity,equity,web_csv
2026-07-02,RING,LUG,LUNDIN GOLD INC,CA5503711080,BTKSSY6,580649.0,33086941.22,1.44,USD,Materials,Canada,Equity,equity,web_csv
2026-07-02,RING,BTO,B2GOLD CORP,CA11777Q2099,B29VFC4,6919856.0,28154686.82,1.22,USD,Materials,Canada,Equity,equity,web_csv
2026-07-02,RING,OGC,OCEANAGOLD CORPORATION CORP,CA6752224007,BQXQY26,1070664.0,27949075.4,1.21,USD,Materials,Canada,Equity,equity,web_csv
2026-07-02,RING,TXG,TOREX GOLD RESOURCES INC,CA8910546032,BD2NKY1,625712.0,26393605.64,1.15,USD,Materials,Canada,Equity,equity,web_csv
2026-07-02,RING,GMD,GENESIS MINERALS LTD,AU000000GMD9,B23G0X1,7051542.0,26354616.41,1.15,USD,Materials,Australia,Equity,equity,web_csv
2026-07-02,RING,CG,CENTERRA GOLD INC,CA1520061021,B01NXQ4,1570831.0,26007905.99,1.13,USD,Materials,Canada,Equity,equity,web_csv
2026-07-02,RING,GMIN,G MINING VENTURES CORP,CA36270K1021,BSWW128,739710.0,22501914.04,0.98,USD,Materials,Canada,Equity,equity,web_csv
2026-07-02,RING,WDO,WESDOME GOLD MINES LTD,CA95083R1001,B0Y90N5,1141278.0,21036566.6,0.91,USD,Materials,Canada,Equity,equity,web_csv
2026-07-02,RING,2099,CHINA GOLD INTERNATIONAL RESOURCES,CA16890P1036,B60FNV8,1184400.0,20613493.65,0.9,USD,Materials,China,Equity,equity,web_csv
2026-07-02,RING,HOC,HOCHSCHILD MINING PLC,GB00B1FW5029,B1FW502,2903421.0,19212540.09,0.83,USD,Materials,United Kingdom,Equity,equity,web_csv
2026-07-02,RING,WGX,WESTGOLD RESOURCES LTD,AU000000WGX6,BYVQ673,4604649.0,15166102.18,0.66,USD,Materials,Australia,Equity,equity,web_csv
2026-07-02,RING,ARIS,ARIS MINING CORP,CA04040Y1097,BQKRCQ2,948219.0,15157863.93,0.66,USD,Materials,Canada,Equity,equity,web_csv
2026-07-02,RING,RRL,REGIS RESOURCES LTD,AU000000RRL8,6476542,3526218.0,14988337.71,0.65,USD,Materials,Australia,Equity,equity,web_csv
2026-07-02,RING,EMR,EMERALD RESOURCES,AU000000EMR4,6107381,3950570.0,14682783.28,0.64,USD,Materials,Australia,Equity,equity,web_csv
2026-07-02,RING,DRD,DRDGOLD LTD,ZAE000058723,6267780,6128606.0,13656850.55,0.59,USD,Materials,South Africa,Equity,equity,web_csv
2026-07-02,RING,TRALT.E,KOZA ALTIN ISLETMELERI A,TREKOAL00014,B3LP189,10674703.0,10959374.7,0.48,USD,Materials,Turkey,Equity,equity,web_csv
2026-07-02,RING,601899,ZIJIN MINING GROUP LTD A,CNE100000B24,BP3R400,2454835.0,9511079.73,0.41,USD,Materials,China,Equity,equity,web_csv
2026-07-02,RING,RSG,RESOLUTE MINING LTD,AU000000RSG6,6410636,12581169.0,8462069.11,0.37,USD,Materials,Australia,Equity,equity,web_csv
2026-07-02,RING,2259,ZIJIN GOLD INTERNATIONAL LTD,HK0001200002,BSD3B20,680200.0,8178409.91,0.36,USD,Materials,China,Equity,equity,web_csv
2026-07-02,RING,PAF,PAN AFRICAN RESOURCES PLC,GB0004300496,0430049,5993473.0,8119570.94,0.35,USD,Materials,United Kingdom,Equity,equity,web_csv
2026-07-02,RING,MUX,MCEWEN INC,US58039P3055,BQGD8H7,339254.0,6411900.6,0.28,USD,Materials,United States,Equity,equity,web_csv
2026-07-02,RING,OBM,ORA BANDA MINING LTD,AU0000050130,BKDX544,8354778.0,6401489.39,0.28,USD,Materials,Australia,Equity,equity,web_csv
2026-07-02,RING,CYL,CATALYST METALS LTD,AU000000CYL6,B17P5V0,1511956.0,5357274.38,0.23,USD,Materials,Australia,Equity,equity,web_csv
2026-07-02,RING,WAF,WEST AFRICAN RESOURCES LTD,AU000000WAF6,B4KBBN0,2482055.0,4784538.28,0.21,USD,Materials,Australia,Equity,equity,web_csv
2026-07-02,RING,XTSLA,BLK CSH FND TREASURY SL AGENCY,US0669224778,6922477,2293670.0,2293669.84,0.1,USD,Cash and/or Derivatives,United States,Money Market,cash,web_csv
2026-07-02,RING,CAD,CAD CASH,CASH,,2139564.0,1508700.74,0.07,USD,Cash and/or Derivatives,Canada,Cash,cash,web_csv
2026-07-02,RING,HKD,HKD CASH,CASH,,9873333.0,1258880.02,0.05,USD,Cash and/or Derivatives,Hong Kong,Cash,cash,web_csv
2026-07-02,RING,WFFUT,CASH COLLATERAL USD WFFUT,CASH,,247000.0,247000.0,0.01,USD,Cash and/or Derivatives,United States,Cash Collateral and Margins,cash,web_csv
2026-07-02,RING,AUD,AUD CASH,CASH,,334835.0,232174.81,0.01,USD,Cash and/or Derivatives,Australia,Cash,cash,web_csv
2026-07-02,RING,CNH,CNH CASH,CASH,,1231933.0,181484.23,0.01,USD,Cash and/or Derivatives,China,Cash,cash,web_csv
2026-07-02,RING,GBP,GBP CASH,CASH,,47426.0,63425.62,0.0,USD,Cash and/or Derivatives,United Kingdom,Cash,cash,web_csv
2026-07-02,RING,TRY,TRY CASH,CASH,,2733239.0,58534.18,0.0,USD,Cash and/or Derivatives,Turkey,Cash,cash,web_csv
2026-07-02,RING,ZAR,ZAR CASH,CASH,,908607.0,55931.47,0.0,USD,Cash and/or Derivatives,South Africa,Cash,cash,web_csv
2026-07-02,RING,IDR,IDR CASH,CASH,,3.0,0.0,0.0,USD,Cash and/or Derivatives,Indonesia,Cash,cash,web_csv
2026-07-02,RING,PLZL,POLYUS,RU000A0JNAA8,B57R0L9,625470.0,8.04,0.0,USD,Materials,Russian Federation,Equity,equity,web_csv
2026-07-02,RING,PTU6,S&P/TSE 60 INDEX SEP 26,,,16.0,0.0,0.0,USD,Cash and/or Derivatives,,Futures,derivative,web_csv
2026-07-02,RING,USD,USD CASH,CASH,,-817247.0,-817247.32,-0.04,USD,Cash and/or Derivatives,United States,Cash,cash,web_csv
2026-07-06,RING,NEM,NEWMONT,US6516391066,2636607,4018597.0,394626225.4,16.51,USD,Materials,United States,Equity,equity,web_csv
2026-07-06,RING,AEM,AGNICO EAGLE MINES LTD,CA0084741085,2009823,1860006.0,288180625.9,12.06,USD,Materials,Canada,Equity,equity,web_csv
2026-07-06,RING,ABX,BARRICK MINING CORP,CA06849F1080,BNM23Q1,5760259.0,219532930.53,9.18,USD,Materials,Canada,Equity,equity,web_csv
2026-07-06,RING,WPM,WHEATON PRECIOUS METALS CORP,CA9628791027,BF13KN5,1498600.0,172722500.0,7.23,USD,Materials,Canada,Equity,equity,web_csv
2026-07-06,RING,ANG,ANGLOGOLD ASHANTI PLC,GB00BRXH2664,BRF6FX9,1312125.0,110555929.41,4.63,USD,Materials,South Africa,Equity,equity,web_csv
2026-07-06,RING,K,KINROSS GOLD CORP,CA4969024047,B03Z841,4203658.0,103879765.68,4.35,USD,Materials,Canada,Equity,equity,web_csv
2026-07-06,RING,GFI,GOLD FIELDS LTD,ZAE000018123,6280215,2970988.0,103234666.59,4.32,USD,Materials,South Africa,Equity,equity,web_csv
2026-07-06,RING,2899,ZIJIN MINING GROUP LTD H,CNE100000502,6725299,21250000.0,84536135.05,3.54,USD,Materials,China,Equity,equity,web_csv
2026-07-06,RING,CDE,COEUR MINING INC,US1921085049,2208136,4876204.0,82846705.96,3.47,USD,Materials,United States,Equity,equity,web_csv
2026-07-06,RING,PAAS,PAN AMERICAN SILVER CORP,CA6979001089,2669272,1734430.0,78051788.74,3.27,USD,Materials,Canada,Equity,equity,web_csv
2026-07-06,RING,AGI,ALAMOS GOLD INC CLASS A,CA0115321089,BZ3DNP6,2004235.0,63210054.91,2.64,USD,Materials,Canada,Equity,equity,web_csv
2026-07-06,RING,IMG,IAMGOLD CORP,CA4509131088,2446646,3066874.0,50819896.08,2.13,USD,Materials,Canada,Equity,equity,web_csv
2026-07-06,RING,HAR,HARMONY GOLD MINING COMPANY LIMITE,ZAE000015228,6410562,2860902.0,46410086.29,1.94,USD,Materials,South Africa,Equity,equity,web_csv
2026-07-06,RING,EDV,ENDEAVOUR MINING,GB00BL6K5J42,BL6K5J4,860723.0,45306708.44,1.9,USD,Materials,United Kingdom,Equity,equity,web_csv
2026-07-06,RING,ELD,ELDORADO GOLD CORP,CA2849025093,BHZJ5Y9,1258050.0,42029341.96,1.76,USD,Materials,Canada,Equity,equity,web_csv
2026-07-06,RING,EQX,EQUINOX GOLD CORP,CA29446Y5020,BKLNP13,3948240.0,40553843.08,1.7,USD,Materials,Canada,Equity,equity,web_csv
2026-07-06,RING,SSRM,SSR MINING INC,CA7847301032,BF7MPL9,1308151.0,40033614.33,1.67,USD,Materials,Canada,Equity,equity,web_csv
2026-07-06,RING,LUG,LUNDIN GOLD INC,CA5503711080,BTKSSY6,597569.0,34361057.73,1.44,USD,Materials,Canada,Equity,equity,web_csv
2026-07-06,RING,GMD,GENESIS MINERALS LTD,AU000000GMD9,B23G0X1,7257122.0,30358809.18,1.27,USD,Materials,Australia,Equity,equity,web_csv
2026-07-06,RING,BTO,B2GOLD CORP,CA11777Q2099,B29VFC4,7121596.0,28838858.94,1.21,USD,Materials,Canada,Equity,equity,web_csv
2026-07-06,RING,OGC,OCEANAGOLD CORPORATION CORP,CA6752224007,BQXQY26,1101864.0,28344490.83,1.19,USD,Materials,Canada,Equity,equity,web_csv
2026-07-06,RING,TXG,TOREX GOLD RESOURCES INC,CA8910546032,BD2NKY1,643952.0,27118057.37,1.13,USD,Materials,Canada,Equity,equity,web_csv
2026-07-06,RING,CG,CENTERRA GOLD INC,CA1520061021,B01NXQ4,1616611.0,26708632.24,1.12,USD,Materials,Canada,Equity,equity,web_csv
2026-07-06,RING,GMIN,G MINING VENTURES CORP,CA36270K1021,BSWW128,761270.0,23816447.55,1.0,USD,Materials,Canada,Equity,equity,web_csv
2026-07-06,RING,2099,CHINA GOLD INTERNATIONAL RESOURCES,CA16890P1036,B60FNV8,1218400.0,22712561.84,0.95,USD,Materials,China,Equity,equity,web_csv
2026-07-06,RING,WDO,WESDOME GOLD MINES LTD,CA95083R1001,B0Y90N5,1174538.0,22707954.87,0.95,USD,Materials,Canada,Equity,equity,web_csv
2026-07-06,RING,HOC,HOCHSCHILD MINING PLC,GB00B1FW5029,B1FW502,2988061.0,19683630.12,0.82,USD,Materials,United Kingdom,Equity,equity,web_csv
2026-07-06,RING,RRL,REGIS RESOURCES LTD,AU000000RRL8,6476542,3629018.0,16868129.29,0.71,USD,Materials,Australia,Equity,equity,web_csv
2026-07-06,RING,EMR,EMERALD RESOURCES,AU000000EMR4,6107381,4065730.0,16303069.08,0.68,USD,Materials,Australia,Equity,equity,web_csv
2026-07-06,RING,WGX,WESTGOLD RESOURCES LTD,AU000000WGX6,BYVQ673,4738889.0,16207888.92,0.68,USD,Materials,Australia,Equity,equity,web_csv
2026-07-06,RING,ARIS,ARIS MINING CORP,CA04040Y1097,BQKRCQ2,975859.0,15566817.15,0.65,USD,Materials,Canada,Equity,equity,web_csv
2026-07-06,RING,DRD,DRDGOLD LTD,ZAE000058723,6267780,6307266.0,13948701.64,0.58,USD,Materials,South Africa,Equity,equity,web_csv
2026-07-06,RING,TRALT.E,KOZA ALTIN ISLETMELERI A,TREKOAL00014,B3LP189,10985903.0,12013054.34,0.5,USD,Materials,Turkey,Equity,equity,web_csv
2026-07-06,RING,601899,ZIJIN MINING GROUP LTD A,CNE100000B24,BP3R400,2524835.0,10502660.01,0.44,USD,Materials,China,Equity,equity,web_csv
2026-07-06,RING,2259,ZIJIN GOLD INTERNATIONAL LTD,HK0001200002,BSD3B20,698200.0,9587920.13,0.4,USD,Materials,China,Equity,equity,web_csv
2026-07-06,RING,RSG,RESOLUTE MINING LTD,AU000000RSG6,6410636,12947949.0,8937726.42,0.37,USD,Materials,Australia,Equity,equity,web_csv
2026-07-06,RING,PAF,PAN AFRICAN RESOURCES PLC,GB0004300496,0430049,6168193.0,8460987.75,0.35,USD,Materials,United Kingdom,Equity,equity,web_csv
2026-07-06,RING,OBM,ORA BANDA MINING LTD,AU0000050130,BKDX544,8598338.0,7008988.96,0.29,USD,Materials,Australia,Equity,equity,web_csv
2026-07-06,RING,MUX,MCEWEN INC,US58039P3055,BQGD8H7,349134.0,6577684.56,0.28,USD,Materials,United States,Equity,equity,web_csv
2026-07-06,RING,CYL,CATALYST METALS LTD,AU000000CYL6,B17P5V0,1556036.0,6552564.85,0.27,USD,Materials,Australia,Equity,equity,web_csv
2026-07-06,RING,WAF,WEST AFRICAN RESOURCES LTD,AU000000WAF6,B4KBBN0,2554415.0,5227769.95,0.22,USD,Materials,Australia,Equity,equity,web_csv
2026-07-06,RING,XTSLA,BLK CSH FND TREASURY SL AGENCY,US0669224778,6922477,2293670.0,2293669.84,0.1,USD,Cash and/or Derivatives,United States,Money Market,cash,web_csv
2026-07-06,RING,CAD,CAD CASH,CASH,,2177807.0,1531079.5,0.06,USD,Cash and/or Derivatives,Canada,Cash,cash,web_csv
2026-07-06,RING,HKD,HKD CASH,CASH,,9873333.0,1258904.1,0.05,USD,Cash and/or Derivatives,Hong Kong,Cash,cash,web_csv
2026-07-06,RING,WFFUT,CASH COLLATERAL USD WFFUT,CASH,,247000.0,247000.0,0.01,USD,Cash and/or Derivatives,United States,Cash Collateral and Margins,cash,web_csv
2026-07-06,RING,AUD,AUD CASH,CASH,,334835.0,232292.0,0.01,USD,Cash and/or Derivatives,Australia,Cash,cash,web_csv
2026-07-06,RING,CNH,CNH CASH,CASH,,1231933.0,181206.6,0.01,USD,Cash and/or Derivatives,China,Cash,cash,web_csv
2026-07-06,RING,GBP,GBP CASH,CASH,,47426.0,63344.99,0.0,USD,Cash and/or Derivatives,United Kingdom,Cash,cash,web_csv
2026-07-06,RING,TRY,TRY CASH,CASH,,2733239.0,58374.79,0.0,USD,Cash and/or Derivatives,Turkey,Cash,cash,web_csv
2026-07-06,RING,ZAR,ZAR CASH,CASH,,908607.0,55910.13,0.0,USD,Cash and/or Derivatives,South Africa,Cash,cash,web_csv
2026-07-06,RING,IDR,IDR CASH,CASH,,3.0,0.0,0.0,USD,Cash and/or Derivatives,Indonesia,Cash,cash,web_csv
2026-07-06,RING,PLZL,POLYUS,RU000A0JNAA8,B57R0L9,625470.0,8.11,0.0,USD,Materials,Russian Federation,Equity,equity,web_csv
2026-07-06,RING,PTU6,S&P/TSE 60 INDEX SEP 26,,,16.0,0.0,0.0,USD,Cash and/or Derivatives,,Futures,derivative,web_csv
2026-07-06,RING,USD,USD CASH,CASH,,-651078.0,-651078.14,-0.03,USD,Cash and/or Derivatives,United States,Cash,cash,web_csv
2026-07-07,RING,NEM,NEWMONT,US6516391066,2636607,4018597.0,382007830.82,16.52,USD,Materials,United States,Equity,equity,web_csv
2026-07-07,RING,AEM,AGNICO EAGLE MINES LTD,CA0084741085,2009823,1860006.0,279390707.89,12.08,USD,Materials,Canada,Equity,equity,web_csv
2026-07-07,RING,ABX,BARRICK MINING CORP,CA06849F1080,BNM23Q1,5760259.0,212345006.14,9.18,USD,Materials,Canada,Equity,equity,web_csv
2026-07-07,RING,WPM,WHEATON PRECIOUS METALS CORP,CA9628791027,BF13KN5,1498600.0,167537473.14,7.24,USD,Materials,Canada,Equity,equity,web_csv
2026-07-07,RING,ANG,ANGLOGOLD ASHANTI PLC,GB00BRXH2664,BRF6FX9,1312125.0,107518371.96,4.65,USD,Materials,South Africa,Equity,equity,web_csv
2026-07-07,RING,GFI,GOLD FIELDS LTD,ZAE000018123,6280215,2970988.0,100956932.12,4.36,USD,Materials,South Africa,Equity,equity,web_csv
2026-07-07,RING,K,KINROSS GOLD CORP,CA4969024047,B03Z841,4203658.0,100445971.86,4.34,USD,Materials,Canada,Equity,equity,web_csv
2026-07-07,RING,2899,ZIJIN MINING GROUP LTD H,CNE100000502,6725299,21250000.0,81829773.67,3.54,USD,Materials,China,Equity,equity,web_csv
2026-07-07,RING,CDE,COEUR MINING INC,US1921085049,2208136,4876204.0,78214312.16,3.38,USD,Materials,United States,Equity,equity,web_csv
2026-07-07,RING,PAAS,PAN AMERICAN SILVER CORP,CA6979001089,2669272,1734430.0,76485729.98,3.31,USD,Materials,Canada,Equity,equity,web_csv
2026-07-07,RING,AGI,ALAMOS GOLD INC CLASS A,CA0115321089,BZ3DNP6,2004235.0,61134426.75,2.64,USD,Materials,Canada,Equity,equity,web_csv
2026-07-07,RING,IMG,IAMGOLD CORP,CA4509131088,2446646,3066874.0,48610239.16,2.1,USD,Materials,Canada,Equity,equity,web_csv
2026-07-07,RING,HAR,HARMONY GOLD MINING COMPANY LIMITE,ZAE000015228,6410562,2860902.0,44491382.13,1.92,USD,Materials,South Africa,Equity,equity,web_csv
2026-07-07,RING,EDV,ENDEAVOUR MINING,GB00BL6K5J42,BL6K5J4,860723.0,44140994.27,1.91,USD,Materials,United Kingdom,Equity,equity,web_csv
2026-07-07,RING,ELD,ELDORADO GOLD CORP,CA2849025093,BHZJ5Y9,1258050.0,40243774.79,1.74,USD,Materials,Canada,Equity,equity,web_csv
2026-07-07,RING,SSRM,SSR MINING INC,CA7847301032,BF7MPL9,1308151.0,39109526.57,1.69,USD,Materials,Canada,Equity,equity,web_csv
2026-07-07,RING,EQX,EQUINOX GOLD CORP,CA29446Y5020,BKLNP13,3948240.0,38716143.0,1.67,USD,Materials,Canada,Equity,equity,web_csv
2026-07-07,RING,LUG,LUNDIN GOLD INC,CA5503711080,BTKSSY6,597569.0,33689159.99,1.46,USD,Materials,Canada,Equity,equity,web_csv
2026-07-07,RING,GMD,GENESIS MINERALS LTD,AU000000GMD9,B23G0X1,7257122.0,29116930.55,1.26,USD,Materials,Australia,Equity,equity,web_csv
2026-07-07,RING,BTO,B2GOLD CORP,CA11777Q2099,B29VFC4,7121596.0,27993734.41,1.21,USD,Materials,Canada,Equity,equity,web_csv
2026-07-07,RING,OGC,OCEANAGOLD CORPORATION CORP,CA6752224007,BQXQY26,1101864.0,27058560.14,1.17,USD,Materials,Canada,Equity,equity,web_csv
2026-07-07,RING,CG,CENTERRA GOLD INC,CA1520061021,B01NXQ4,1616611.0,26170068.53,1.13,USD,Materials,Canada,Equity,equity,web_csv
2026-07-07,RING,TXG,TOREX GOLD RESOURCES INC,CA8910546032,BD2NKY1,643952.0,25748100.12,1.11,USD,Materials,Canada,Equity,equity,web_csv
2026-07-07,RING,GMIN,G MINING VENTURES CORP,CA36270K1021,BSWW128,761270.0,22614741.22,0.98,USD,Materials,Canada,Equity,equity,web_csv
2026-07-07,RING,WDO,WESDOME GOLD MINES LTD,CA95083R1001,B0Y90N5,1174538.0,22149541.94,0.96,USD,Materials,Canada,Equity,equity,web_csv
2026-07-07,RING,2099,CHINA GOLD INTERNATIONAL RESOURCES,CA16890P1036,B60FNV8,1218400.0,21719135.48,0.94,USD,Materials,China,Equity,equity,web_csv
2026-07-07,RING,HOC,HOCHSCHILD MINING PLC,GB00B1FW5029,B1FW502,2988061.0,19157822.82,0.83,USD,Materials,United Kingdom,Equity,equity,web_csv
2026-07-07,RING,RRL,REGIS RESOURCES LTD,AU000000RRL8,6476542,3629018.0,16802282.57,0.73,USD,Materials,Australia,Equity,equity,web_csv
2026-07-07,RING,WGX,WESTGOLD RESOURCES LTD,AU000000WGX6,BYVQ673,4738889.0,15855389.03,0.69,USD,Materials,Australia,Equity,equity,web_csv
2026-07-07,RING,EMR,EMERALD RESOURCES,AU000000EMR4,6107381,4065730.0,15409356.58,0.67,USD,Materials,Australia,Equity,equity,web_csv
2026-07-07,RING,ARIS,ARIS MINING CORP,CA04040Y1097,BQKRCQ2,975859.0,14835009.14,0.64,USD,Materials,Canada,Equity,equity,web_csv
2026-07-07,RING,DRD,DRDGOLD LTD,ZAE000058723,6267780,6307266.0,13580701.94,0.59,USD,Materials,South Africa,Equity,equity,web_csv
2026-07-07,RING,TRALT.E,KOZA ALTIN ISLETMELERI A,TREKOAL00014,B3LP189,10985903.0,12243043.05,0.53,USD,Materials,Turkey,Equity,equity,web_csv
2026-07-07,RING,601899,ZIJIN MINING GROUP LTD A,CNE100000B24,BP3R400,2524835.0,10257322.11,0.44,USD,Materials,China,Equity,equity,web_csv
2026-07-07,RING,2259,ZIJIN GOLD INTERNATIONAL LTD,HK0001200002,BSD3B20,698200.0,9401328.66,0.41,USD,Materials,China,Equity,equity,web_csv
2026-07-07,RING,RSG,RESOLUTE MINING LTD,AU000000RSG6,6410636,12947949.0,8403610.58,0.36,USD,Materials,Australia,Equity,equity,web_csv
2026-07-07,RING,PAF,PAN AFRICAN RESOURCES PLC,GB0004300496,0430049,6168193.0,8145448.28,0.35,USD,Materials,United Kingdom,Equity,equity,web_csv
2026-07-07,RING,OBM,ORA BANDA MINING LTD,AU0000050130,BKDX544,8598338.0,6744446.04,0.29,USD,Materials,Australia,Equity,equity,web_csv
2026-07-07,RING,MUX,MCEWEN INC,US58039P3055,BQGD8H7,349134.0,6336782.1,0.27,USD,Materials,United States,Equity,equity,web_csv
2026-07-07,RING,CYL,CATALYST METALS LTD,AU000000CYL6,B17P5V0,1556036.0,6210703.74,0.27,USD,Materials,Australia,Equity,equity,web_csv
2026-07-07,RING,WAF,WEST AFRICAN RESOURCES LTD,AU000000WAF6,B4KBBN0,2554415.0,4947080.61,0.21,USD,Materials,Australia,Equity,equity,web_csv
2026-07-07,RING,XTSLA,BLK CSH FND TREASURY SL AGENCY,US0669224778,6922477,2356103.0,2356103.44,0.1,USD,Cash and/or Derivatives,United States,Money Market,cash,web_csv
2026-07-07,RING,CAD,CAD CASH,CASH,,2173967.0,1531448.33,0.07,USD,Cash and/or Derivatives,Canada,Cash,cash,web_csv
2026-07-07,RING,HKD,HKD CASH,CASH,,9873333.0,1258952.26,0.05,USD,Cash and/or Derivatives,Hong Kong,Cash,cash,web_csv
2026-07-07,RING,WFFUT,CASH COLLATERAL USD WFFUT,CASH,,247000.0,247000.0,0.01,USD,Cash and/or Derivatives,United States,Cash Collateral and Margins,cash,web_csv
2026-07-07,RING,AUD,AUD CASH,CASH,,334835.0,232425.94,0.01,USD,Cash and/or Derivatives,Australia,Cash,cash,web_csv
2026-07-07,RING,CNH,CNH CASH,CASH,,1231933.0,181202.6,0.01,USD,Cash and/or Derivatives,China,Cash,cash,web_csv
2026-07-07,RING,GBP,GBP CASH,CASH,,47426.0,63454.07,0.0,USD,Cash and/or Derivatives,United Kingdom,Cash,cash,web_csv
2026-07-07,RING,TRY,TRY CASH,CASH,,2733239.0,58352.67,0.0,USD,Cash and/or Derivatives,Turkey,Cash,cash,web_csv
2026-07-07,RING,ZAR,ZAR CASH,CASH,,908607.0,55897.06,0.0,USD,Cash and/or Derivatives,South Africa,Cash,cash,web_csv
2026-07-07,RING,IDR,IDR CASH,CASH,,3.0,0.0,0.0,USD,Cash and/or Derivatives,Indonesia,Cash,cash,web_csv
2026-07-07,RING,PLZL,POLYUS,RU000A0JNAA8,B57R0L9,625470.0,8.15,0.0,USD,Materials,Russian Federation,Equity,equity,web_csv
2026-07-07,RING,PTU6,S&P/TSE 60 INDEX SEP 26,,,16.0,0.0,0.0,USD,Cash and/or Derivatives,,Futures,derivative,web_csv
2026-07-07,RING,USD,USD CASH,CASH,,-755735.0,-755734.91,-0.03,USD,Cash and/or Derivatives,United States,Cash,cash,web_csv
2026-07-08,RING,NEM,NEWMONT,US6516391066,2636607,4018597.0,374533240.4,16.81,USD,Materials,United States,Equity,equity,web_csv
2026-07-08,RING,AEM,AGNICO EAGLE MINES LTD,CA0084741085,2009823,1860006.0,269422708.83,12.09,USD,Materials,Canada,Equity,equity,web_csv
2026-07-08,RING,ABX,BARRICK MINING CORP,CA06849F1080,BNM23Q1,5760259.0,205323001.74,9.21,USD,Materials,Canada,Equity,equity,web_csv
2026-07-08,RING,WPM,WHEATON PRECIOUS METALS CORP,CA9628791027,BF13KN5,1498600.0,161065671.56,7.23,USD,Materials,Canada,Equity,equity,web_csv
2026-07-08,RING,ANG,ANGLOGOLD ASHANTI PLC,GB00BRXH2664,BRF6FX9,1312125.0,102552339.89,4.6,USD,Materials,South Africa,Equity,equity,web_csv
2026-07-08,RING,K,KINROSS GOLD CORP,CA4969024047,B03Z841,4203658.0,96877473.8,4.35,USD,Materials,Canada,Equity,equity,web_csv
2026-07-08,RING,GFI,GOLD FIELDS LTD,ZAE000018123,6280215,2970988.0,96720559.49,4.34,USD,Materials,South Africa,Equity,equity,web_csv
2026-07-08,RING,2899,ZIJIN MINING GROUP LTD H,CNE100000502,6725299,21250000.0,80612140.77,3.62,USD,Materials,China,Equity,equity,web_csv
2026-07-08,RING,CDE,COEUR MINING INC,US1921085049,2208136,4876204.0,74313348.96,3.33,USD,Materials,United States,Equity,equity,web_csv
2026-07-08,RING,PAAS,PAN AMERICAN SILVER CORP,CA6979001089,2669272,1734430.0,73838071.74,3.31,USD,Materials,Canada,Equity,equity,web_csv
2026-07-08,RING,AGI,ALAMOS GOLD INC CLASS A,CA0115321089,BZ3DNP6,2004235.0,58560534.49,2.63,USD,Materials,Canada,Equity,equity,web_csv
2026-07-08,RING,IMG,IAMGOLD CORP,CA4509131088,2446646,3066874.0,46059359.1,2.07,USD,Materials,Canada,Equity,equity,web_csv
2026-07-08,RING,HAR,HARMONY GOLD MINING COMPANY LIMITE,ZAE000015228,6410562,2860902.0,41268293.96,1.85,USD,Materials,South Africa,Equity,equity,web_csv
2026-07-08,RING,EDV,ENDEAVOUR MINING,GB00BL6K5J42,BL6K5J4,860723.0,40995619.35,1.84,USD,Materials,United Kingdom,Equity,equity,web_csv
2026-07-08,RING,ELD,ELDORADO GOLD CORP,CA2849025093,BHZJ5Y9,1258050.0,37352796.63,1.68,USD,Materials,Canada,Equity,equity,web_csv
2026-07-08,RING,EQX,EQUINOX GOLD CORP,CA29446Y5020,BKLNP13,3948240.0,37293265.8,1.67,USD,Materials,Canada,Equity,equity,web_csv
2026-07-08,RING,SSRM,SSR MINING INC,CA7847301032,BF7MPL9,1308151.0,36810202.73,1.65,USD,Materials,Canada,Equity,equity,web_csv
2026-07-08,RING,LUG,LUNDIN GOLD INC,CA5503711080,BTKSSY6,597569.0,32344433.81,1.45,USD,Materials,Canada,Equity,equity,web_csv
2026-07-08,RING,GMD,GENESIS MINERALS LTD,AU000000GMD9,B23G0X1,7257122.0,27713033.04,1.24,USD,Materials,Australia,Equity,equity,web_csv
2026-07-08,RING,BTO,B2GOLD CORP,CA11777Q2099,B29VFC4,7121596.0,26977264.76,1.21,USD,Materials,Canada,Equity,equity,web_csv
2026-07-08,RING,OGC,OCEANAGOLD CORPORATION CORP,CA6752224007,BQXQY26,1101864.0,26652734.59,1.2,USD,Materials,Canada,Equity,equity,web_csv
2026-07-08,RING,CG,CENTERRA GOLD INC,CA1520061021,B01NXQ4,1616611.0,25305162.31,1.14,USD,Materials,Canada,Equity,equity,web_csv
2026-07-08,RING,TXG,TOREX GOLD RESOURCES INC,CA8910546032,BD2NKY1,643952.0,24452550.9,1.1,USD,Materials,Canada,Equity,equity,web_csv
2026-07-08,RING,2099,CHINA GOLD INTERNATIONAL RESOURCES,CA16890P1036,B60FNV8,1218400.0,21975555.19,0.99,USD,Materials,China,Equity,equity,web_csv
2026-07-08,RING,WDO,WESDOME GOLD MINES LTD,CA95083R1001,B0Y90N5,1174538.0,21475751.24,0.96,USD,Materials,Canada,Equity,equity,web_csv
2026-07-08,RING,GMIN,G MINING VENTURES CORP,CA36270K1021,BSWW128,761270.0,21254984.9,0.95,USD,Materials,Canada,Equity,equity,web_csv
2026-07-08,RING,HOC,HOCHSCHILD MINING PLC,GB00B1FW5029,B1FW502,2988061.0,17476254.74,0.78,USD,Materials,United Kingdom,Equity,equity,web_csv
2026-07-08,RING,RRL,REGIS RESOURCES LTD,AU000000RRL8,6476542,3629018.0,15891810.95,0.71,USD,Materials,Australia,Equity,equity,web_csv
2026-07-08,RING,WGX,WESTGOLD RESOURCES LTD,AU000000WGX6,BYVQ673,4738889.0,15506658.93,0.7,USD,Materials,Australia,Equity,equity,web_csv
2026-07-08,RING,EMR,EMERALD RESOURCES,AU000000EMR4,6107381,4065730.0,15272809.04,0.69,USD,Materials,Australia,Equity,equity,web_csv
2026-07-08,RING,ARIS,ARIS MINING CORP,CA04040Y1097,BQKRCQ2,975859.0,13657620.32,0.61,USD,Materials,Canada,Equity,equity,web_csv
2026-07-08,RING,DRD,DRDGOLD LTD,ZAE000058723,6267780,6307266.0,12863755.28,0.58,USD,Materials,South Africa,Equity,equity,web_csv
2026-07-08,RING,TRALT.E,KOZA ALTIN ISLETMELERI A,TREKOAL00014,B3LP189,10985903.0,12015739.82,0.54,USD,Materials,Turkey,Equity,equity,web_csv
2026-07-08,RING,601899,ZIJIN MINING GROUP LTD A,CNE100000B24,BP3R400,2524835.0,10144426.34,0.46,USD,Materials,China,Equity,equity,web_csv
2026-07-08,RING,2259,ZIJIN GOLD INTERNATIONAL LTD,HK0001200002,BSD3B20,698200.0,9288909.01,0.42,USD,Materials,China,Equity,equity,web_csv
2026-07-08,RING,RSG,RESOLUTE MINING LTD,AU000000RSG6,6410636,12947949.0,8240799.83,0.37,USD,Materials,Australia,Equity,equity,web_csv
2026-07-08,RING,PAF,PAN AFRICAN RESOURCES PLC,GB0004300496,0430049,6168193.0,7447762.74,0.33,USD,Materials,United Kingdom,Equity,equity,web_csv
2026-07-08,RING,OBM,ORA BANDA MINING LTD,AU0000050130,BKDX544,8598338.0,6424196.65,0.29,USD,Materials,Australia,Equity,equity,web_csv
2026-07-08,RING,CYL,CATALYST METALS LTD,AU000000CYL6,B17P5V0,1556036.0,6275795.06,0.28,USD,Materials,Australia,Equity,equity,web_csv
2026-07-08,RING,MUX,MCEWEN INC,US58039P3055,BQGD8H7,349134.0,6113336.34,0.27,USD,Materials,United States,Equity,equity,web_csv
2026-07-08,RING,WAF,WEST AFRICAN RESOURCES LTD,AU000000WAF6,B4KBBN0,2554415.0,4912661.15,0.22,USD,Materials,Australia,Equity,equity,web_csv
2026-07-08,RING,XTSLA,BLK CSH FND TREASURY SL AGENCY,US0669224778,6922477,2356103.0,2356103.44,0.11,USD,Cash and/or Derivatives,United States,Money Market,cash,web_csv
2026-07-08,RING,CAD,CAD CASH,CASH,,2210127.0,1559062.84,0.07,USD,Cash and/or Derivatives,Canada,Cash,cash,web_csv
2026-07-08,RING,HKD,HKD CASH,CASH,,9873333.0,1259401.9,0.06,USD,Cash and/or Derivatives,Hong Kong,Cash,cash,web_csv
2026-07-08,RING,WFFUT,CASH COLLATERAL USD WFFUT,CASH,,247000.0,247000.0,0.01,USD,Cash and/or Derivatives,United States,Cash Collateral and Margins,cash,web_csv
2026-07-08,RING,AUD,AUD CASH,CASH,,334835.0,231639.07,0.01,USD,Cash and/or Derivatives,Australia,Cash,cash,web_csv
2026-07-08,RING,CNH,CNH CASH,CASH,,1231933.0,180911.23,0.01,USD,Cash and/or Derivatives,China,Cash,cash,web_csv
2026-07-08,RING,GBP,GBP CASH,CASH,,47426.0,63416.13,0.0,USD,Cash and/or Derivatives,United Kingdom,Cash,cash,web_csv
2026-07-08,RING,TRY,TRY CASH,CASH,,2733239.0,58330.88,0.0,USD,Cash and/or Derivatives,Turkey,Cash,cash,web_csv
2026-07-08,RING,ZAR,ZAR CASH,CASH,,908607.0,55234.45,0.0,USD,Cash and/or Derivatives,South Africa,Cash,cash,web_csv
2026-07-08,RING,IDR,IDR CASH,CASH,,3.0,0.0,0.0,USD,Cash and/or Derivatives,Indonesia,Cash,cash,web_csv
2026-07-08,RING,PLZL,POLYUS,RU000A0JNAA8,B57R0L9,625470.0,8.19,0.0,USD,Materials,Russian Federation,Equity,equity,web_csv
2026-07-08,RING,PTU6,S&P/TSE 60 INDEX SEP 26,,,16.0,0.0,0.0,USD,Cash and/or Derivatives,,Futures,derivative,web_csv
2026-07-08,RING,USD,USD CASH,CASH,,-776716.0,-776715.56,-0.03,USD,Cash and/or Derivatives,United States,Cash,cash,web_csv
2026-07-09,RING,NEM,NEWMONT,US6516391066,2636607,4018597.0,381003181.57,16.63,USD,Materials,United States,Equity,equity,web_csv
2026-07-09,RING,AEM,AGNICO EAGLE MINES LTD,CA0084741085,2009823,1860006.0,277298054.5,12.1,USD,Materials,Canada,Equity,equity,web_csv
2026-07-09,RING,ABX,BARRICK MINING CORP,CA06849F1080,BNM23Q1,5760259.0,212242529.53,9.26,USD,Materials,Canada,Equity,equity,web_csv
2026-07-09,RING,WPM,WHEATON PRECIOUS METALS CORP,CA9628791027,BF13KN5,1498600.0,165832025.4,7.24,USD,Materials,Canada,Equity,equity,web_csv
2026-07-09,RING,ANG,ANGLOGOLD ASHANTI PLC,GB00BRXH2664,BRF6FX9,1312125.0,107343556.18,4.68,USD,Materials,South Africa,Equity,equity,web_csv
2026-07-09,RING,K,KINROSS GOLD CORP,CA4969024047,B03Z841,4203658.0,101736087.07,4.44,USD,Materials,Canada,Equity,equity,web_csv
2026-07-09,RING,GFI,GOLD FIELDS LTD,ZAE000018123,6280215,2970988.0,101215539.13,4.42,USD,Materials,South Africa,Equity,equity,web_csv
2026-07-09,RING,2899,ZIJIN MINING GROUP LTD H,CNE100000502,6725299,21250000.0,79772234.27,3.48,USD,Materials,China,Equity,equity,web_csv
2026-07-09,RING,CDE,COEUR MINING INC,US1921085049,2208136,4876204.0,78116788.08,3.41,USD,Materials,United States,Equity,equity,web_csv
2026-07-09,RING,PAAS,PAN AMERICAN SILVER CORP,CA6979001089,2669272,1734430.0,76536427.73,3.34,USD,Materials,Canada,Equity,equity,web_csv
2026-07-09,RING,AGI,ALAMOS GOLD INC CLASS A,CA0115321089,BZ3DNP6,2004235.0,59819467.63,2.61,USD,Materials,Canada,Equity,equity,web_csv
2026-07-09,RING,IMG,IAMGOLD CORP,CA4509131088,2446646,3066874.0,47347470.89,2.07,USD,Materials,Canada,Equity,equity,web_csv
2026-07-09,RING,HAR,HARMONY GOLD MINING COMPANY LIMITE,ZAE000015228,6410562,2860902.0,42955576.32,1.87,USD,Materials,South Africa,Equity,equity,web_csv
2026-07-09,RING,EDV,ENDEAVOUR MINING,GB00BL6K5J42,BL6K5J4,860723.0,42751313.95,1.87,USD,Materials,United Kingdom,Equity,equity,web_csv
2026-07-09,RING,ELD,ELDORADO GOLD CORP,CA2849025093,BHZJ5Y9,1258050.0,38489361.79,1.68,USD,Materials,Canada,Equity,equity,web_csv
2026-07-09,RING,EQX,EQUINOX GOLD CORP,CA29446Y5020,BKLNP13,3948240.0,38472530.89,1.68,USD,Materials,Canada,Equity,equity,web_csv
2026-07-09,RING,SSRM,SSR MINING INC,CA7847301032,BF7MPL9,1308151.0,38093061.75,1.66,USD,Materials,Canada,Equity,equity,web_csv
2026-07-09,RING,LUG,LUNDIN GOLD INC,CA5503711080,BTKSSY6,597569.0,34005249.5,1.48,USD,Materials,Canada,Equity,equity,web_csv
2026-07-09,RING,GMD,GENESIS MINERALS LTD,AU000000GMD9,B23G0X1,7257122.0,27493033.38,1.2,USD,Materials,Australia,Equity,equity,web_csv
2026-07-09,RING,BTO,B2GOLD CORP,CA11777Q2099,B29VFC4,7121596.0,27486420.97,1.2,USD,Materials,Canada,Equity,equity,web_csv
2026-07-09,RING,OGC,OCEANAGOLD CORPORATION CORP,CA6752224007,BQXQY26,1101864.0,27397909.59,1.2,USD,Materials,Canada,Equity,equity,web_csv
2026-07-09,RING,CG,CENTERRA GOLD INC,CA1520061021,B01NXQ4,1616611.0,26178318.89,1.14,USD,Materials,Canada,Equity,equity,web_csv
2026-07-09,RING,TXG,TOREX GOLD RESOURCES INC,CA8910546032,BD2NKY1,643952.0,24594899.81,1.07,USD,Materials,Canada,Equity,equity,web_csv
2026-07-09,RING,GMIN,G MINING VENTURES CORP,CA36270K1021,BSWW128,761270.0,22979100.79,1.0,USD,Materials,Canada,Equity,equity,web_csv
2026-07-09,RING,WDO,WESDOME GOLD MINES LTD,CA95083R1001,B0Y90N5,1174538.0,22318086.67,0.97,USD,Materials,Canada,Equity,equity,web_csv
2026-07-09,RING,2099,CHINA GOLD INTERNATIONAL RESOURCES,CA16890P1036,B60FNV8,1218400.0,21299068.52,0.93,USD,Materials,China,Equity,equity,web_csv
2026-07-09,RING,HOC,HOCHSCHILD MINING PLC,GB00B1FW5029,B1FW502,2988061.0,18510762.69,0.81,USD,Materials,United Kingdom,Equity,equity,web_csv
2026-07-09,RING,RRL,REGIS RESOURCES LTD,AU000000RRL8,6476542,3629018.0,15938902.9,0.7,USD,Materials,Australia,Equity,equity,web_csv
2026-07-09,RING,WGX,WESTGOLD RESOURCES LTD,AU000000WGX6,BYVQ673,4738889.0,15322444.1,0.67,USD,Materials,Australia,Equity,equity,web_csv
2026-07-09,RING,EMR,EMERALD RESOURCES,AU000000EMR4,6107381,4065730.0,14979545.9,0.65,USD,Materials,Australia,Equity,equity,web_csv
2026-07-09,RING,ARIS,ARIS MINING CORP,CA04040Y1097,BQKRCQ2,975859.0,14370208.03,0.63,USD,Materials,Canada,Equity,equity,web_csv
2026-07-09,RING,DRD,DRDGOLD LTD,ZAE000058723,6267780,6307266.0,13437218.87,0.59,USD,Materials,South Africa,Equity,equity,web_csv
2026-07-09,RING,TRALT.E,KOZA ALTIN ISLETMELERI A,TREKOAL00014,B3LP189,10985903.0,12550295.59,0.55,USD,Materials,Turkey,Equity,equity,web_csv
2026-07-09,RING,601899,ZIJIN MINING GROUP LTD A,CNE100000B24,BP3R400,2524835.0,10262378.77,0.45,USD,Materials,China,Equity,equity,web_csv
2026-07-09,RING,2259,ZIJIN GOLD INTERNATIONAL LTD,HK0001200002,BSD3B20,698200.0,8882294.25,0.39,USD,Materials,China,Equity,equity,web_csv
2026-07-09,RING,RSG,RESOLUTE MINING LTD,AU000000RSG6,6410636,12947949.0,8085540.97,0.35,USD,Materials,Australia,Equity,equity,web_csv
2026-07-09,RING,PAF,PAN AFRICAN RESOURCES PLC,GB0004300496,0430049,6168193.0,7884299.48,0.34,USD,Materials,United Kingdom,Equity,equity,web_csv
2026-07-09,RING,OBM,ORA BANDA MINING LTD,AU0000050130,BKDX544,8598338.0,6353744.01,0.28,USD,Materials,Australia,Equity,equity,web_csv
2026-07-09,RING,MUX,MCEWEN INC,US58039P3055,BQGD8H7,349134.0,6301868.7,0.27,USD,Materials,United States,Equity,equity,web_csv
2026-07-09,RING,CYL,CATALYST METALS LTD,AU000000CYL6,B17P5V0,1556036.0,5981291.91,0.26,USD,Materials,Australia,Equity,equity,web_csv
2026-07-09,RING,WAF,WEST AFRICAN RESOURCES LTD,AU000000WAF6,B4KBBN0,2554415.0,4838599.71,0.21,USD,Materials,Australia,Equity,equity,web_csv
2026-07-09,RING,XTSLA,BLK CSH FND TREASURY SL AGENCY,US0669224778,6922477,2356103.0,2356103.43,0.1,USD,Cash and/or Derivatives,United States,Money Market,cash,web_csv
2026-07-09,RING,CAD,CAD CASH,CASH,,2144527.0,1513161.04,0.07,USD,Cash and/or Derivatives,Canada,Cash,cash,web_csv
2026-07-09,RING,HKD,HKD CASH,CASH,,9873333.0,1259835.79,0.05,USD,Cash and/or Derivatives,Hong Kong,Cash,cash,web_csv
2026-07-09,RING,WFFUT,CASH COLLATERAL USD WFFUT,CASH,,246000.0,246000.0,0.01,USD,Cash and/or Derivatives,United States,Cash Collateral and Margins,cash,web_csv
2026-07-09,RING,AUD,AUD CASH,CASH,,334835.0,232325.49,0.01,USD,Cash and/or Derivatives,Australia,Cash,cash,web_csv
2026-07-09,RING,CNH,CNH CASH,CASH,,1231933.0,181291.94,0.01,USD,Cash and/or Derivatives,China,Cash,cash,web_csv
2026-07-09,RING,GBP,GBP CASH,CASH,,47426.0,63510.98,0.0,USD,Cash and/or Derivatives,United Kingdom,Cash,cash,web_csv
2026-07-09,RING,TRY,TRY CASH,CASH,,2733239.0,58309.1,0.0,USD,Cash and/or Derivatives,Turkey,Cash,cash,web_csv
2026-07-09,RING,ZAR,ZAR CASH,CASH,,908607.0,55640.34,0.0,USD,Cash and/or Derivatives,South Africa,Cash,cash,web_csv
2026-07-09,RING,IDR,IDR CASH,CASH,,3.0,0.0,0.0,USD,Cash and/or Derivatives,Indonesia,Cash,cash,web_csv
2026-07-09,RING,PLZL,POLYUS,RU000A0JNAA8,B57R0L9,625470.0,8.2,0.0,USD,Materials,Russian Federation,Equity,equity,web_csv
2026-07-09,RING,PTU6,S&P/TSE 60 INDEX SEP 26,,,16.0,0.0,0.0,USD,Cash and/or Derivatives,,Futures,derivative,web_csv
2026-07-09,RING,USD,USD CASH,CASH,,-797750.0,-797749.78,-0.03,USD,Cash and/or Derivatives,United States,Cash,cash,web_csv
2026-07-10,RING,NEM,NEWMONT,US6516391066,2636607,4018597.0,382932108.13,16.74,USD,Materials,United States,Equity,equity,web_csv
2026-07-10,RING,AEM,AGNICO EAGLE MINES LTD,CA0084741085,2009823,1860006.0,273325781.87,11.95,USD,Materials,Canada,Equity,equity,web_csv
2026-07-10,RING,ABX,BARRICK MINING CORP,CA06849F1080,BNM23Q1,5760259.0,211269878.87,9.24,USD,Materials,Canada,Equity,equity,web_csv
2026-07-10,RING,WPM,WHEATON PRECIOUS METALS CORP,CA9628791027,BF13KN5,1498600.0,165030803.15,7.21,USD,Materials,Canada,Equity,equity,web_csv
2026-07-10,RING,ANG,ANGLOGOLD ASHANTI PLC,GB00BRXH2664,BRF6FX9,1312125.0,106882636.66,4.67,USD,Materials,South Africa,Equity,equity,web_csv
2026-07-10,RING,GFI,GOLD FIELDS LTD,ZAE000018123,6280215,2970988.0,101898838.16,4.45,USD,Materials,South Africa,Equity,equity,web_csv
2026-07-10,RING,K,KINROSS GOLD CORP,CA4969024047,B03Z841,4203658.0,101448656.02,4.43,USD,Materials,Canada,Equity,equity,web_csv
2026-07-10,RING,2899,ZIJIN MINING GROUP LTD H,CNE100000502,6725299,21250000.0,81312738.36,3.55,USD,Materials,China,Equity,equity,web_csv
2026-07-10,RING,CDE,COEUR MINING INC,US1921085049,2208136,4876204.0,77921739.92,3.41,USD,Materials,United States,Equity,equity,web_csv
2026-07-10,RING,PAAS,PAN AMERICAN SILVER CORP,CA6979001089,2669272,1734430.0,75797428.5,3.31,USD,Materials,Canada,Equity,equity,web_csv
2026-07-10,RING,AGI,ALAMOS GOLD INC CLASS A,CA0115321089,BZ3DNP6,2004235.0,59048483.91,2.58,USD,Materials,Canada,Equity,equity,web_csv
2026-07-10,RING,IMG,IAMGOLD CORP,CA4509131088,2446646,3066874.0,47052637.39,2.06,USD,Materials,Canada,Equity,equity,web_csv
2026-07-10,RING,HAR,HARMONY GOLD MINING COMPANY LIMITE,ZAE000015228,6410562,2860902.0,43540378.99,1.9,USD,Materials,South Africa,Equity,equity,web_csv
2026-07-10,RING,EDV,ENDEAVOUR MINING,GB00BL6K5J42,BL6K5J4,860723.0,42429478.0,1.85,USD,Materials,United Kingdom,Equity,equity,web_csv
2026-07-10,RING,EQX,EQUINOX GOLD CORP,CA29446Y5020,BKLNP13,3948240.0,38616050.03,1.69,USD,Materials,Canada,Equity,equity,web_csv
2026-07-10,RING,ELD,ELDORADO GOLD CORP,CA2849025093,BHZJ5Y9,1258050.0,38086895.87,1.66,USD,Materials,Canada,Equity,equity,web_csv
2026-07-10,RING,SSRM,SSR MINING INC,CA7847301032,BF7MPL9,1308151.0,37366498.3,1.63,USD,Materials,Canada,Equity,equity,web_csv
2026-07-10,RING,LUG,LUNDIN GOLD INC,CA5503711080,BTKSSY6,597569.0,33036163.29,1.44,USD,Materials,Canada,Equity,equity,web_csv
2026-07-10,RING,GMD,GENESIS MINERALS LTD,AU000000GMD9,B23G0X1,7257122.0,28579261.26,1.25,USD,Materials,Australia,Equity,equity,web_csv
2026-07-10,RING,BTO,B2GOLD CORP,CA11777Q2099,B29VFC4,7121596.0,27327844.44,1.19,USD,Materials,Canada,Equity,equity,web_csv
2026-07-10,RING,OGC,OCEANAGOLD CORPORATION CORP,CA6752224007,BQXQY26,1101864.0,27261410.3,1.19,USD,Materials,Canada,Equity,equity,web_csv
2026-07-10,RING,CG,CENTERRA GOLD INC,CA1520061021,B01NXQ4,1616611.0,26253291.95,1.15,USD,Materials,Canada,Equity,equity,web_csv
2026-07-10,RING,TXG,TOREX GOLD RESOURCES INC,CA8910546032,BD2NKY1,643952.0,24555775.36,1.07,USD,Materials,Canada,Equity,equity,web_csv
2026-07-10,RING,GMIN,G MINING VENTURES CORP,CA36270K1021,BSWW128,761270.0,22439187.1,0.98,USD,Materials,Canada,Equity,equity,web_csv
2026-07-10,RING,WDO,WESDOME GOLD MINES LTD,CA95083R1001,B0Y90N5,1174538.0,21804963.26,0.95,USD,Materials,Canada,Equity,equity,web_csv
2026-07-10,RING,2099,CHINA GOLD INTERNATIONAL RESOURCES,CA16890P1036,B60FNV8,1218400.0,21585918.55,0.94,USD,Materials,China,Equity,equity,web_csv
2026-07-10,RING,HOC,HOCHSCHILD MINING PLC,GB00B1FW5029,B1FW502,2988061.0,18287901.45,0.8,USD,Materials,United Kingdom,Equity,equity,web_csv
2026-07-10,RING,RRL,REGIS RESOURCES LTD,AU000000RRL8,6476542,3629018.0,16433884.63,0.72,USD,Materials,Australia,Equity,equity,web_csv
2026-07-10,RING,WGX,WESTGOLD RESOURCES LTD,AU000000WGX6,BYVQ673,4738889.0,15667041.89,0.68,USD,Materials,Australia,Equity,equity,web_csv
2026-07-10,RING,EMR,EMERALD RESOURCES,AU000000EMR4,6107381,4065730.0,15079373.8,0.66,USD,Materials,Australia,Equity,equity,web_csv
2026-07-10,RING,ARIS,ARIS MINING CORP,CA04040Y1097,BQKRCQ2,975859.0,14206349.88,0.62,USD,Materials,Canada,Equity,equity,web_csv
2026-07-10,RING,DRD,DRDGOLD LTD,ZAE000058723,6267780,6307266.0,13466317.12,0.59,USD,Materials,South Africa,Equity,equity,web_csv
2026-07-10,RING,TRALT.E,KOZA ALTIN ISLETMELERI A,TREKOAL00014,B3LP189,10985903.0,12684652.74,0.55,USD,Materials,Turkey,Equity,equity,web_csv
2026-07-10,RING,601899,ZIJIN MINING GROUP LTD A,CNE100000B24,BP3R400,2524835.0,10319656.46,0.45,USD,Materials,China,Equity,equity,web_csv
2026-07-10,RING,2259,ZIJIN GOLD INTERNATIONAL LTD,HK0001200002,BSD3B20,698200.0,8754105.18,0.38,USD,Materials,China,Equity,equity,web_csv
2026-07-10,RING,RSG,RESOLUTE MINING LTD,AU000000RSG6,6410636,12947949.0,8543348.08,0.37,USD,Materials,Australia,Equity,equity,web_csv
2026-07-10,RING,PAF,PAN AFRICAN RESOURCES PLC,GB0004300496,0430049,6168193.0,7862105.25,0.34,USD,Materials,United Kingdom,Equity,equity,web_csv
2026-07-10,RING,OBM,ORA BANDA MINING LTD,AU0000050130,BKDX544,8598338.0,6688612.74,0.29,USD,Materials,Australia,Equity,equity,web_csv
2026-07-10,RING,MUX,MCEWEN INC,US58039P3055,BQGD8H7,349134.0,6242515.92,0.27,USD,Materials,United States,Equity,equity,web_csv
2026-07-10,RING,CYL,CATALYST METALS LTD,AU000000CYL6,B17P5V0,1556036.0,6225090.07,0.27,USD,Materials,Australia,Equity,equity,web_csv
2026-07-10,RING,WAF,WEST AFRICAN RESOURCES LTD,AU000000WAF6,B4KBBN0,2554415.0,5056381.47,0.22,USD,Materials,Australia,Equity,equity,web_csv
2026-07-10,RING,XTSLA,BLK CSH FND TREASURY SL AGENCY,US0669224778,6922477,2564196.0,2564195.53,0.11,USD,Cash and/or Derivatives,United States,Money Market,cash,web_csv
2026-07-10,RING,CAD,CAD CASH,CASH,,2225807.0,1572953.24,0.07,USD,Cash and/or Derivatives,Canada,Cash,cash,web_csv
2026-07-10,RING,HKD,HKD CASH,CASH,,9873333.0,1259337.65,0.06,USD,Cash and/or Derivatives,Hong Kong,Cash,cash,web_csv
2026-07-10,RING,WFFUT,CASH COLLATERAL USD WFFUT,CASH,,246000.0,246000.0,0.01,USD,Cash and/or Derivatives,United States,Cash Collateral and Margins,cash,web_csv
2026-07-10,RING,AUD,AUD CASH,CASH,,334835.0,232559.87,0.01,USD,Cash and/or Derivatives,Australia,Cash,cash,web_csv
2026-07-10,RING,CNH,CNH CASH,CASH,,1231933.0,181646.12,0.01,USD,Cash and/or Derivatives,China,Cash,cash,web_csv
2026-07-10,RING,GBP,GBP CASH,CASH,,47426.0,63598.72,0.0,USD,Cash and/or Derivatives,United Kingdom,Cash,cash,web_csv
2026-07-10,RING,TRY,TRY CASH,CASH,,2733239.0,58172.9,0.0,USD,Cash and/or Derivatives,Turkey,Cash,cash,web_csv
2026-07-10,RING,ZAR,ZAR CASH,CASH,,908607.0,55648.86,0.0,USD,Cash and/or Derivatives,South Africa,Cash,cash,web_csv
2026-07-10,RING,IDR,IDR CASH,CASH,,3.0,0.0,0.0,USD,Cash and/or Derivatives,Indonesia,Cash,cash,web_csv
2026-07-10,RING,PLZL,POLYUS,RU000A0JNAA8,B57R0L9,625470.0,8.12,0.0,USD,Materials,Russian Federation,Equity,equity,web_csv
2026-07-10,RING,PTU6,S&P/TSE 60 INDEX SEP 26,,,16.0,0.0,0.0,USD,Cash and/or Derivatives,,Futures,derivative,web_csv
2026-07-10,RING,USD,USD CASH,CASH,,-1029406.0,-1029405.75,-0.05,USD,Cash and/or Derivatives,United States,Cash,cash,web_csv
2026-07-13,RING,NEM,NEWMONT,US6516391066,2636607,4018597.0,374131380.7,16.7,USD,Materials,United States,Equity,equity,web_csv
2026-07-13,RING,AEM,AGNICO EAGLE MINES LTD,CA0084741085,2009823,1860006.0,267323260.52,11.93,USD,Materials,Canada,Equity,equity,web_csv
2026-07-13,RING,ABX,BARRICK MINING CORP,CA06849F1080,BNM23Q1,5760259.0,206927856.19,9.24,USD,Materials,Canada,Equity,equity,web_csv
2026-07-13,RING,WPM,WHEATON PRECIOUS METALS CORP,CA9628791027,BF13KN5,1498600.0,161758528.0,7.22,USD,Materials,Canada,Equity,equity,web_csv
2026-07-13,RING,ANG,ANGLOGOLD ASHANTI PLC,GB00BRXH2664,BRF6FX9,1312125.0,105282963.38,4.7,USD,Materials,South Africa,Equity,equity,web_csv
2026-07-13,RING,GFI,GOLD FIELDS LTD,ZAE000018123,6280215,2970988.0,100574640.44,4.49,USD,Materials,South Africa,Equity,equity,web_csv
2026-07-13,RING,K,KINROSS GOLD CORP,CA4969024047,B03Z841,4203658.0,98701556.97,4.41,USD,Materials,Canada,Equity,equity,web_csv
2026-07-13,RING,2899,ZIJIN MINING GROUP LTD H,CNE100000502,6725299,21250000.0,80087905.64,3.57,USD,Materials,China,Equity,equity,web_csv
2026-07-13,RING,CDE,COEUR MINING INC,US1921085049,2208136,4876204.0,76020020.36,3.39,USD,Materials,United States,Equity,equity,web_csv
2026-07-13,RING,PAAS,PAN AMERICAN SILVER CORP,CA6979001089,2669272,1734430.0,74066439.48,3.31,USD,Materials,Canada,Equity,equity,web_csv
2026-07-13,RING,AGI,ALAMOS GOLD INC CLASS A,CA0115321089,BZ3DNP6,2004235.0,57885322.22,2.58,USD,Materials,Canada,Equity,equity,web_csv
2026-07-13,RING,IMG,IAMGOLD CORP,CA4509131088,2446646,3066874.0,45426336.47,2.03,USD,Materials,Canada,Equity,equity,web_csv
2026-07-13,RING,HAR,HARMONY GOLD MINING COMPANY LIMITE,ZAE000015228,6410562,2860902.0,43284384.43,1.93,USD,Materials,South Africa,Equity,equity,web_csv
2026-07-13,RING,EDV,ENDEAVOUR MINING,GB00BL6K5J42,BL6K5J4,860723.0,41402406.51,1.85,USD,Materials,United Kingdom,Equity,equity,web_csv
2026-07-13,RING,EQX,EQUINOX GOLD CORP,CA29446Y5020,BKLNP13,3948240.0,37321810.52,1.67,USD,Materials,Canada,Equity,equity,web_csv
2026-07-13,RING,ELD,ELDORADO GOLD CORP,CA2849025093,BHZJ5Y9,1258050.0,36690160.14,1.64,USD,Materials,Canada,Equity,equity,web_csv
2026-07-13,RING,SSRM,SSR MINING INC,CA7847301032,BF7MPL9,1308151.0,36477287.5,1.63,USD,Materials,Canada,Equity,equity,web_csv
2026-07-13,RING,LUG,LUNDIN GOLD INC,CA5503711080,BTKSSY6,597569.0,32400711.69,1.45,USD,Materials,Canada,Equity,equity,web_csv
2026-07-13,RING,GMD,GENESIS MINERALS LTD,AU000000GMD9,B23G0X1,7257122.0,29592946.95,1.32,USD,Materials,Australia,Equity,equity,web_csv
2026-07-13,RING,BTO,B2GOLD CORP,CA11777Q2099,B29VFC4,7121596.0,26937597.99,1.2,USD,Materials,Canada,Equity,equity,web_csv
2026-07-13,RING,OGC,OCEANAGOLD CORPORATION CORP,CA6752224007,BQXQY26,1101864.0,26588389.65,1.19,USD,Materials,Canada,Equity,equity,web_csv
2026-07-13,RING,CG,CENTERRA GOLD INC,CA1520061021,B01NXQ4,1616611.0,25659584.95,1.15,USD,Materials,Canada,Equity,equity,web_csv
2026-07-13,RING,TXG,TOREX GOLD RESOURCES INC,CA8910546032,BD2NKY1,643952.0,24266573.53,1.08,USD,Materials,Canada,Equity,equity,web_csv
2026-07-13,RING,2099,CHINA GOLD INTERNATIONAL RESOURCES,CA16890P1036,B60FNV8,1218400.0,21700653.87,0.97,USD,Materials,China,Equity,equity,web_csv
2026-07-13,RING,WDO,WESDOME GOLD MINES LTD,CA95083R1001,B0Y90N5,1174538.0,21623988.63,0.97,USD,Materials,Canada,Equity,equity,web_csv
2026-07-13,RING,GMIN,G MINING VENTURES CORP,CA36270K1021,BSWW128,761270.0,20867108.24,0.93,USD,Materials,Canada,Equity,equity,web_csv
2026-07-13,RING,HOC,HOCHSCHILD MINING PLC,GB00B1FW5029,B1FW502,2988061.0,17858505.73,0.8,USD,Materials,United Kingdom,Equity,equity,web_csv
2026-07-13,RING,RRL,REGIS RESOURCES LTD,AU000000RRL8,6476542,3629018.0,16258036.93,0.73,USD,Materials,Australia,Equity,equity,web_csv
2026-07-13,RING,WGX,WESTGOLD RESOURCES LTD,AU000000WGX6,BYVQ673,4738889.0,15347579.17,0.69,USD,Materials,Australia,Equity,equity,web_csv
2026-07-13,RING,EMR,EMERALD RESOURCES,AU000000EMR4,6107381,4065730.0,14831010.55,0.66,USD,Materials,Australia,Equity,equity,web_csv
2026-07-13,RING,ARIS,ARIS MINING CORP,CA04040Y1097,BQKRCQ2,975859.0,13833408.48,0.62,USD,Materials,Canada,Equity,equity,web_csv
2026-07-13,RING,DRD,DRDGOLD LTD,ZAE000058723,6267780,6307266.0,13320170.13,0.59,USD,Materials,South Africa,Equity,equity,web_csv
2026-07-13,RING,TRALT.E,KOZA ALTIN ISLETMELERI A,TREKOAL00014,B3LP189,10985903.0,12095537.05,0.54,USD,Materials,Turkey,Equity,equity,web_csv
2026-07-13,RING,601899,ZIJIN MINING GROUP LTD A,CNE100000B24,BP3R400,2524835.0,10184358.53,0.45,USD,Materials,China,Equity,equity,web_csv
2026-07-13,RING,2259,ZIJIN GOLD INTERNATIONAL LTD,HK0001200002,BSD3B20,698200.0,8685242.95,0.39,USD,Materials,China,Equity,equity,web_csv
2026-07-13,RING,RSG,RESOLUTE MINING LTD,AU000000RSG6,6410636,12947949.0,8216153.41,0.37,USD,Materials,Australia,Equity,equity,web_csv
2026-07-13,RING,PAF,PAN AFRICAN RESOURCES PLC,GB0004300496,0430049,6168193.0,7698074.18,0.34,USD,Materials,United Kingdom,Equity,equity,web_csv
2026-07-13,RING,OBM,ORA BANDA MINING LTD,AU0000050130,BKDX544,8598338.0,6648686.35,0.3,USD,Materials,Australia,Equity,equity,web_csv
2026-07-13,RING,CYL,CATALYST METALS LTD,AU000000CYL6,B17P5V0,1556036.0,6226470.27,0.28,USD,Materials,Australia,Equity,equity,web_csv
2026-07-13,RING,MUX,MCEWEN INC,US58039P3055,BQGD8H7,349134.0,6099370.98,0.27,USD,Materials,United States,Equity,equity,web_csv
2026-07-13,RING,WAF,WEST AFRICAN RESOURCES LTD,AU000000WAF6,B4KBBN0,2554415.0,5031022.52,0.22,USD,Materials,Australia,Equity,equity,web_csv
2026-07-13,RING,XTSLA,BLK CSH FND TREASURY SL AGENCY,US0669224778,6922477,2564196.0,2564195.53,0.11,USD,Cash and/or Derivatives,United States,Money Market,cash,web_csv
2026-07-13,RING,CAD,CAD CASH,CASH,,2225807.0,1573676.1,0.07,USD,Cash and/or Derivatives,Canada,Cash,cash,web_csv
2026-07-13,RING,HKD,HKD CASH,CASH,,9873333.0,1259683.09,0.06,USD,Cash and/or Derivatives,Hong Kong,Cash,cash,web_csv
2026-07-13,RING,WFFUT,CASH COLLATERAL USD WFFUT,CASH,,248000.0,248000.0,0.01,USD,Cash and/or Derivatives,United States,Cash Collateral and Margins,cash,web_csv
2026-07-13,RING,AUD,AUD CASH,CASH,,334835.0,232208.29,0.01,USD,Cash and/or Derivatives,Australia,Cash,cash,web_csv
2026-07-13,RING,CNH,CNH CASH,CASH,,1231933.0,181623.36,0.01,USD,Cash and/or Derivatives,China,Cash,cash,web_csv
2026-07-13,RING,GBP,GBP CASH,CASH,,47426.0,63439.84,0.0,USD,Cash and/or Derivatives,United Kingdom,Cash,cash,web_csv
2026-07-13,RING,TRY,TRY CASH,CASH,,2733239.0,58150.93,0.0,USD,Cash and/or Derivatives,Turkey,Cash,cash,web_csv
2026-07-13,RING,ZAR,ZAR CASH,CASH,,908607.0,55426.51,0.0,USD,Cash and/or Derivatives,South Africa,Cash,cash,web_csv
2026-07-13,RING,IDR,IDR CASH,CASH,,3.0,0.0,0.0,USD,Cash and/or Derivatives,Indonesia,Cash,cash,web_csv
2026-07-13,RING,PLZL,POLYUS,RU000A0JNAA8,B57R0L9,625470.0,8.15,0.0,USD,Materials,Russian Federation,Equity,equity,web_csv
2026-07-13,RING,PTU6,S&P/TSE 60 INDEX SEP 26,,,16.0,0.0,0.0,USD,Cash and/or Derivatives,,Futures,derivative,web_csv
2026-07-13,RING,USD,USD CASH,CASH,,-1104776.0,-1104776.38,-0.05,USD,Cash and/or Derivatives,United States,Cash,cash,web_csv
2026-07-14,RING,NEM,NEWMONT,US6516391066,2636607,4023508.0,381227383.0,16.78,USD,Materials,United States,Equity,equity,web_csv
2026-07-14,RING,AEM,AGNICO EAGLE MINES LTD,CA0084741085,2009823,1862294.0,268716140.82,11.83,USD,Materials,Canada,Equity,equity,web_csv
2026-07-14,RING,ABX,BARRICK MINING CORP,CA06849F1080,BNM23Q1,5767296.0,210301684.48,9.26,USD,Materials,Canada,Equity,equity,web_csv
2026-07-14,RING,WPM,WHEATON PRECIOUS METALS CORP,CA9628791027,BF13KN5,1500449.0,162976032.59,7.17,USD,Materials,Canada,Equity,equity,web_csv
2026-07-14,RING,ANG,ANGLOGOLD ASHANTI PLC,GB00BRXH2664,BRF6FX9,1313461.0,106982307.62,4.71,USD,Materials,South Africa,Equity,equity,web_csv
2026-07-14,RING,K,KINROSS GOLD CORP,CA4969024047,B03Z841,4208798.0,100538101.97,4.43,USD,Materials,Canada,Equity,equity,web_csv
2026-07-14,RING,GFI,GOLD FIELDS LTD,ZAE000018123,6280215,2973830.0,100410783.35,4.42,USD,Materials,South Africa,Equity,equity,web_csv
2026-07-14,RING,2899,ZIJIN MINING GROUP LTD H,CNE100000502,6725299,21274000.0,82783490.69,3.64,USD,Materials,China,Equity,equity,web_csv
2026-07-14,RING,CDE,COEUR MINING INC,US1921085049,2208136,4876204.0,78019264.0,3.43,USD,Materials,United States,Equity,equity,web_csv
2026-07-14,RING,PAAS,PAN AMERICAN SILVER CORP,CA6979001089,2669272,1736522.0,75612670.55,3.33,USD,Materials,Canada,Equity,equity,web_csv
2026-07-14,RING,AGI,ALAMOS GOLD INC CLASS A,CA0115321089,BZ3DNP6,2004235.0,58854576.42,2.59,USD,Materials,Canada,Equity,equity,web_csv
2026-07-14,RING,IMG,IAMGOLD CORP,CA4509131088,2446646,3066874.0,46011291.24,2.03,USD,Materials,Canada,Equity,equity,web_csv
2026-07-14,RING,HAR,HARMONY GOLD MINING COMPANY LIMITE,ZAE000015228,6410562,2866909.0,44348887.51,1.95,USD,Materials,South Africa,Equity,equity,web_csv
2026-07-14,RING,EDV,ENDEAVOUR MINING,GB00BL6K5J42,BL6K5J4,862578.0,41665639.5,1.83,USD,Materials,United Kingdom,Equity,equity,web_csv
2026-07-14,RING,EQX,EQUINOX GOLD CORP,CA29446Y5020,BKLNP13,3957587.0,37555902.96,1.65,USD,Materials,Canada,Equity,equity,web_csv
2026-07-14,RING,ELD,ELDORADO GOLD CORP,CA2849025093,BHZJ5Y9,1261070.0,37174989.01,1.64,USD,Materials,Canada,Equity,equity,web_csv
2026-07-14,RING,SSRM,SSR MINING INC,CA7847301032,BF7MPL9,1311352.0,36483710.99,1.61,USD,Materials,Canada,Equity,equity,web_csv
2026-07-14,RING,LUG,LUNDIN GOLD INC,CA5503711080,BTKSSY6,599223.0,32788357.22,1.44,USD,Materials,Canada,Equity,equity,web_csv
2026-07-14,RING,GMD,GENESIS MINERALS LTD,AU000000GMD9,B23G0X1,7280334.0,30522800.3,1.34,USD,Materials,Australia,Equity,equity,web_csv
2026-07-14,RING,BTO,B2GOLD CORP,CA11777Q2099,B29VFC4,7121596.0,27002032.14,1.19,USD,Materials,Canada,Equity,equity,web_csv
2026-07-14,RING,OGC,OCEANAGOLD CORPORATION CORP,CA6752224007,BQXQY26,1105559.0,26220406.94,1.15,USD,Materials,Canada,Equity,equity,web_csv
2026-07-14,RING,CG,CENTERRA GOLD INC,CA1520061021,B01NXQ4,1616611.0,25932475.94,1.14,USD,Materials,Canada,Equity,equity,web_csv
2026-07-14,RING,TXG,TOREX GOLD RESOURCES INC,CA8910546032,BD2NKY1,643952.0,25190055.47,1.11,USD,Materials,Canada,Equity,equity,web_csv
2026-07-14,RING,2099,CHINA GOLD INTERNATIONAL RESOURCES,CA16890P1036,B60FNV8,1223600.0,23213743.3,1.02,USD,Materials,China,Equity,equity,web_csv
2026-07-14,RING,GMIN,G MINING VENTURES CORP,CA36270K1021,BSWW128,761270.0,21791573.75,0.96,USD,Materials,Canada,Equity,equity,web_csv
2026-07-14,RING,WDO,WESDOME GOLD MINES LTD,CA95083R1001,B0Y90N5,1174538.0,20737708.1,0.91,USD,Other,Canada,Equity,equity,web_csv
2026-07-14,RING,HOC,HOCHSCHILD MINING PLC,GB00B1FW5029,B1FW502,2988061.0,18491437.41,0.81,USD,Materials,United Kingdom,Equity,equity,web_csv
2026-07-14,RING,RRL,REGIS RESOURCES LTD,AU000000RRL8,6476542,3629018.0,16710766.0,0.74,USD,Materials,Australia,Equity,equity,web_csv
2026-07-14,RING,WGX,WESTGOLD RESOURCES LTD,AU000000WGX6,BYVQ673,4738889.0,15728668.77,0.69,USD,Materials,Australia,Equity,equity,web_csv
2026-07-14,RING,EMR,EMERALD RESOURCES,AU000000EMR4,6107381,4065730.0,15227378.57,0.67,USD,Materials,Australia,Equity,equity,web_csv
2026-07-14,RING,ARIS,ARIS MINING CORP,CA04040Y1097,BQKRCQ2,975859.0,14161496.43,0.62,USD,Materials,Canada,Equity,equity,web_csv
2026-07-14,RING,DRD,DRDGOLD LTD,ZAE000058723,6267780,6307266.0,13420988.22,0.59,USD,Materials,South Africa,Equity,equity,web_csv
2026-07-14,RING,TRALT.E,KOZA ALTIN ISLETMELERI A,TREKOAL00014,B3LP189,10985903.0,11864595.4,0.52,USD,Materials,Turkey,Equity,equity,web_csv
2026-07-14,RING,601899,ZIJIN MINING GROUP LTD A,CNE100000B24,BP3R400,2547235.0,10930692.45,0.48,USD,Materials,China,Equity,equity,web_csv
2026-07-14,RING,2259,ZIJIN GOLD INTERNATIONAL LTD,HK0001200002,BSD3B20,705500.0,9271051.29,0.41,USD,Materials,China,Equity,equity,web_csv
2026-07-14,RING,RSG,RESOLUTE MINING LTD,AU000000RSG6,6410636,12947949.0,8414062.81,0.37,USD,Materials,Australia,Equity,equity,web_csv
2026-07-14,RING,PAF,PAN AFRICAN RESOURCES PLC,GB0004300496,0430049,6168193.0,7727743.04,0.34,USD,Materials,United Kingdom,Equity,equity,web_csv
2026-07-14,RING,OBM,ORA BANDA MINING LTD,AU0000050130,BKDX544,8598338.0,6699018.88,0.29,USD,Materials,Australia,Equity,equity,web_csv
2026-07-14,RING,CYL,CATALYST METALS LTD,AU000000CYL6,B17P5V0,1578885.0,6332631.43,0.28,USD,Materials,Australia,Equity,equity,web_csv
2026-07-14,RING,MUX,MCEWEN INC,US58039P3055,BQGD8H7,349134.0,6232041.9,0.27,USD,Materials,United States,Equity,equity,web_csv
2026-07-14,RING,WAF,WEST AFRICAN RESOURCES LTD,AU000000WAF6,B4KBBN0,2554415.0,5033410.9,0.22,USD,Materials,Australia,Equity,equity,web_csv
2026-07-14,RING,XTSLA,BLK CSH FND TREASURY SL AGENCY,US0669224778,6922477,1785672.0,1785671.82,0.08,USD,Cash and/or Derivatives,United States,Money Market,cash,web_csv
2026-07-14,RING,HKD,HKD CASH,CASH,,7613292.0,971330.92,0.04,USD,Cash and/or Derivatives,Hong Kong,Cash,cash,web_csv
2026-07-14,RING,WFFUT,CASH COLLATERAL USD WFFUT,CASH,,248000.0,248000.0,0.01,USD,Cash and/or Derivatives,United States,Cash Collateral and Margins,cash,web_csv
2026-07-14,RING,CAD,CAD CASH,CASH,,197107.0,140214.55,0.01,USD,Cash and/or Derivatives,Canada,Cash,cash,web_csv
2026-07-14,RING,CNH,CNH CASH,CASH,,580609.0,85736.69,0.0,USD,Cash and/or Derivatives,China,Cash,cash,web_csv
2026-07-14,RING,TRY,TRY CASH,CASH,,2733239.0,58107.35,0.0,USD,Cash and/or Derivatives,Turkey,Cash,cash,web_csv
2026-07-14,RING,AUD,AUD CASH,CASH,,64468.0,45046.99,0.0,USD,Cash and/or Derivatives,Australia,Cash,cash,web_csv
2026-07-14,RING,IDR,IDR CASH,CASH,,3.0,0.0,0.0,USD,Cash and/or Derivatives,Indonesia,Cash,cash,web_csv
2026-07-14,RING,PLZL,POLYUS,RU000A0JNAA8,B57R0L9,625470.0,8.07,0.0,USD,Materials,Russian Federation,Equity,equity,web_csv
2026-07-14,RING,ZAR,ZAR/USD,,,8236480.0,-4.03,0.0,USD,Cash and/or Derivatives,United States,FX,fx,web_csv
2026-07-14,RING,GBP,GBP/USD,,,63410.0,-0.63,0.0,USD,Cash and/or Derivatives,United States,FX,fx,web_csv
2026-07-14,RING,PTU6,S&P/TSE 60 INDEX SEP 26,,,7.0,0.0,0.0,USD,Cash and/or Derivatives,,Futures,derivative,web_csv
2026-07-14,RING,GBP,GBP CASH,CASH,,-19873.0,-26642.87,0.0,USD,Cash and/or Derivatives,United Kingdom,Cash,cash,web_csv
2026-07-14,RING,ZAR,ZAR CASH,CASH,,-3968659.0,-242944.65,-0.01,USD,Cash and/or Derivatives,South Africa,Cash,cash,web_csv
2026-07-14,RING,USD,USD CASH,CASH,,-811859.0,-811858.98,-0.04,USD,Cash and/or Derivatives,United States,Cash,cash,web_csv
2026-07-15,RING,NEM,NEWMONT,US6516391066,2636607,4086197.0,389046816.37,17.04,USD,Materials,United States,Equity,equity,web_csv
2026-07-15,RING,AEM,AGNICO EAGLE MINES LTD,CA0084741085,2009823,1891301.0,269397498.59,11.8,USD,Materials,Canada,Equity,equity,web_csv
2026-07-15,RING,ABX,BARRICK MINING CORP,CA06849F1080,BNM23Q1,5857144.0,210251107.26,9.21,USD,Materials,Canada,Equity,equity,web_csv
2026-07-15,RING,WPM,WHEATON PRECIOUS METALS CORP,CA9628791027,BF13KN5,1523824.0,165455522.67,7.25,USD,Materials,Canada,Equity,equity,web_csv
2026-07-15,RING,ANG,ANGLOGOLD ASHANTI PLC,GB00BRXH2664,BRF6FX9,1333921.0,104565515.65,4.58,USD,Materials,South Africa,Equity,equity,web_csv
2026-07-15,RING,K,KINROSS GOLD CORP,CA4969024047,B03Z841,4274369.0,101052939.67,4.43,USD,Materials,Canada,Equity,equity,web_csv
2026-07-15,RING,GFI,GOLD FIELDS LTD,ZAE000018123,6280215,3020162.0,98978062.58,4.34,USD,Materials,South Africa,Equity,equity,web_csv
2026-07-15,RING,2899,ZIJIN MINING GROUP LTD H,CNE100000502,6725299,21604000.0,83230636.76,3.65,USD,Materials,China,Equity,equity,web_csv
2026-07-15,RING,CDE,COEUR MINING INC,US1921085049,2208136,4952170.0,78789024.7,3.45,USD,Materials,United States,Equity,equity,web_csv
2026-07-15,RING,PAAS,PAN AMERICAN SILVER CORP,CA6979001089,2669272,1763571.0,76860896.02,3.37,USD,Materials,Canada,Equity,equity,web_csv
2026-07-15,RING,AGI,ALAMOS GOLD INC CLASS A,CA0115321089,BZ3DNP6,2035453.0,59087021.22,2.59,USD,Materials,Canada,Equity,equity,web_csv
2026-07-15,RING,IMG,IAMGOLD CORP,CA4509131088,2446646,3114658.0,46725965.65,2.05,USD,Materials,Canada,Equity,equity,web_csv
2026-07-15,RING,HAR,HARMONY GOLD MINING COMPANY LIMITE,ZAE000015228,6410562,2911569.0,44073931.47,1.93,USD,Materials,South Africa,Equity,equity,web_csv
2026-07-15,RING,EDV,ENDEAVOUR MINING,GB00BL6K5J42,BL6K5J4,876009.0,41493885.89,1.82,USD,Materials,United Kingdom,Equity,equity,web_csv
2026-07-15,RING,ELD,ELDORADO GOLD CORP,CA2849025093,BHZJ5Y9,1280716.0,37715566.37,1.65,USD,Materials,Canada,Equity,equity,web_csv
2026-07-15,RING,EQX,EQUINOX GOLD CORP,CA29446Y5020,BKLNP13,4019242.0,37470782.62,1.64,USD,Materials,Canada,Equity,equity,web_csv
2026-07-15,RING,SSRM,SSR MINING INC,CA7847301032,BF7MPL9,1331779.0,36281180.03,1.59,USD,Materials,Canada,Equity,equity,web_csv
2026-07-15,RING,LUG,LUNDIN GOLD INC,CA5503711080,BTKSSY6,608551.0,32923208.92,1.44,USD,Materials,Canada,Equity,equity,web_csv
2026-07-15,RING,GMD,GENESIS MINERALS LTD,AU000000GMD9,B23G0X1,7393766.0,30534072.42,1.34,USD,Materials,Australia,Equity,equity,web_csv
2026-07-15,RING,BTO,B2GOLD CORP,CA11777Q2099,B29VFC4,7232553.0,27485914.69,1.2,USD,Materials,Canada,Equity,equity,web_csv
2026-07-15,RING,OGC,OCEANAGOLD CORPORATION CORP,CA6752224007,BQXQY26,1122774.0,26400350.82,1.16,USD,Materials,Canada,Equity,equity,web_csv
2026-07-15,RING,CG,CENTERRA GOLD INC,CA1520061021,B01NXQ4,1641790.0,25833524.46,1.13,USD,Materials,Canada,Equity,equity,web_csv
2026-07-15,RING,TXG,TOREX GOLD RESOURCES INC,CA8910546032,BD2NKY1,653984.0,25518942.97,1.12,USD,Materials,Canada,Equity,equity,web_csv
2026-07-15,RING,2099,CHINA GOLD INTERNATIONAL RESOURCES,CA16890P1036,B60FNV8,1242300.0,22583094.67,0.99,USD,Materials,China,Equity,equity,web_csv
2026-07-15,RING,WDO,WESDOME GOLD MINES LTD,CA95083R1001,B0Y90N5,1192831.0,21502621.95,0.94,USD,Other,Canada,Equity,equity,web_csv
2026-07-15,RING,GMIN,G MINING VENTURES CORP,CA36270K1021,BSWW128,773128.0,21381172.17,0.94,USD,Materials,Canada,Equity,equity,web_csv
2026-07-15,RING,HOC,HOCHSCHILD MINING PLC,GB00B1FW5029,B1FW502,3034613.0,18480908.79,0.81,USD,Materials,United Kingdom,Equity,equity,web_csv
2026-07-15,RING,RRL,REGIS RESOURCES LTD,AU000000RRL8,6476542,3685558.0,16123164.51,0.71,USD,Materials,Australia,Equity,equity,web_csv
2026-07-15,RING,WGX,WESTGOLD RESOURCES LTD,AU000000WGX6,BYVQ673,4812721.0,15731661.18,0.69,USD,Materials,Australia,Equity,equity,web_csv
2026-07-15,RING,EMR,EMERALD RESOURCES,AU000000EMR4,6107381,4129068.0,15144339.61,0.66,USD,Materials,Australia,Equity,equity,web_csv
2026-07-15,RING,ARIS,ARIS MINING CORP,CA04040Y1097,BQKRCQ2,991061.0,14233079.02,0.62,USD,Materials,Canada,Equity,equity,web_csv
2026-07-15,RING,DRD,DRDGOLD LTD,ZAE000058723,6267780,6405529.0,13450629.96,0.59,USD,Materials,South Africa,Equity,equity,web_csv
2026-07-15,RING,TRALT.E,KOZA ALTIN ISLETMELERI A,TREKOAL00014,B3LP189,11157063.0,12052071.67,0.53,USD,Materials,Turkey,Equity,equity,web_csv
2026-07-15,RING,601899,ZIJIN MINING GROUP LTD A,CNE100000B24,BP3R400,2586835.0,11014718.03,0.48,USD,Materials,China,Equity,equity,web_csv
2026-07-15,RING,2259,ZIJIN GOLD INTERNATIONAL LTD,HK0001200002,BSD3B20,715400.0,9053212.48,0.4,USD,Materials,China,Equity,equity,web_csv
2026-07-15,RING,RSG,RESOLUTE MINING LTD,AU000000RSG6,6410636,13149678.0,8559828.92,0.37,USD,Materials,Australia,Equity,equity,web_csv
2026-07-15,RING,PAF,PAN AFRICAN RESOURCES PLC,GB0004300496,0430049,6264289.0,7671327.08,0.34,USD,Materials,United Kingdom,Equity,equity,web_csv
2026-07-15,RING,OBM,ORA BANDA MINING LTD,AU0000050130,BKDX544,8732296.0,6662265.94,0.29,USD,Materials,Australia,Equity,equity,web_csv
2026-07-15,RING,CYL,CATALYST METALS LTD,AU000000CYL6,B17P5V0,1603481.0,6442326.46,0.28,USD,Materials,Australia,Equity,equity,web_csv
2026-07-15,RING,MUX,MCEWEN INC,US58039P3055,BQGD8H7,354568.0,6236851.12,0.27,USD,Materials,United States,Equity,equity,web_csv
2026-07-15,RING,WAF,WEST AFRICAN RESOURCES LTD,AU000000WAF6,B4KBBN0,2594213.0,5066136.1,0.22,USD,Materials,Australia,Equity,equity,web_csv
2026-07-15,RING,XTSLA,BLK CSH FND TREASURY SL AGENCY,US0669224778,6922477,1785672.0,1785671.82,0.08,USD,Cash and/or Derivatives,United States,Money Market,cash,web_csv
2026-07-15,RING,HKD,HKD CASH,CASH,,7613292.0,971213.21,0.04,USD,Cash and/or Derivatives,Hong Kong,Cash,cash,web_csv
2026-07-15,RING,CAD,CAD CASH,CASH,,201267.0,143234.94,0.01,USD,Cash and/or Derivatives,Canada,Cash,cash,web_csv
2026-07-15,RING,WFFUT,CASH COLLATERAL USD WFFUT,CASH,,110000.0,110000.0,0.0,USD,Cash and/or Derivatives,United States,Cash Collateral and Margins,cash,web_csv
2026-07-15,RING,CNH,CNH CASH,CASH,,580609.0,85751.89,0.0,USD,Cash and/or Derivatives,China,Cash,cash,web_csv
2026-07-15,RING,TRY,TRY CASH,CASH,,2733239.0,58120.02,0.0,USD,Cash and/or Derivatives,Turkey,Cash,cash,web_csv
2026-07-15,RING,AUD,AUD CASH,CASH,,64468.0,45124.35,0.0,USD,Cash and/or Derivatives,Australia,Cash,cash,web_csv
2026-07-15,RING,ZAR,ZAR/USD,,,8236480.0,368.2,0.0,USD,Cash and/or Derivatives,United States,FX,fx,web_csv
2026-07-15,RING,GBP,GBP/USD,,,63410.0,462.32,0.0,USD,Cash and/or Derivatives,United States,FX,fx,web_csv
2026-07-15,RING,IDR,IDR CASH,CASH,,3.0,0.0,0.0,USD,Cash and/or Derivatives,Indonesia,Cash,cash,web_csv
2026-07-15,RING,PLZL,POLYUS,RU000A0JNAA8,B57R0L9,625470.0,8.03,0.0,USD,Materials,Russian Federation,Equity,equity,web_csv
2026-07-15,RING,PTU6,S&P/TSE 60 INDEX SEP 26,,,7.0,0.0,0.0,USD,Cash and/or Derivatives,,Futures,derivative,web_csv
2026-07-15,RING,GBP,GBP CASH,CASH,,-19873.0,-26787.95,0.0,USD,Cash and/or Derivatives,United Kingdom,Cash,cash,web_csv
2026-07-15,RING,ZAR,ZAR CASH,CASH,,-3968659.0,-243103.14,-0.01,USD,Cash and/or Derivatives,South Africa,Cash,cash,web_csv
2026-07-15,RING,USD,USD CASH,CASH,,-630342.0,-630342.04,-0.03,USD,Cash and/or Derivatives,United States,Cash,cash,web_csv
2026-07-16,RING,NEM,NEWMONT,US6516391066,2636607,4086197.0,371149273.51,16.78,USD,Materials,United States,Equity,equity,web_csv
2026-07-16,RING,AEM,AGNICO EAGLE MINES LTD,CA0084741085,2009823,1891301.0,259990709.35,11.75,USD,Materials,Canada,Equity,equity,web_csv
2026-07-16,RING,ABX,BARRICK MINING CORP,CA06849F1080,BNM23Q1,5857144.0,204274810.16,9.23,USD,Materials,Canada,Equity,equity,web_csv
2026-07-16,RING,WPM,WHEATON PRECIOUS METALS CORP,CA9628791027,BF13KN5,1523824.0,159066267.25,7.19,USD,Materials,Canada,Equity,equity,web_csv
2026-07-16,RING,ANG,ANGLOGOLD ASHANTI PLC,GB00BRXH2664,BRF6FX9,1333921.0,102172724.18,4.62,USD,Materials,South Africa,Equity,equity,web_csv
2026-07-16,RING,K,KINROSS GOLD CORP,CA4969024047,B03Z841,4274369.0,98174176.28,4.44,USD,Materials,Canada,Equity,equity,web_csv
2026-07-16,RING,GFI,GOLD FIELDS LTD,ZAE000018123,6280215,3020162.0,97461655.22,4.41,USD,Materials,South Africa,Equity,equity,web_csv
2026-07-16,RING,2899,ZIJIN MINING GROUP LTD H,CNE100000502,6725299,21604000.0,85044159.99,3.84,USD,Materials,China,Equity,equity,web_csv
2026-07-16,RING,PAAS,PAN AMERICAN SILVER CORP,CA6979001089,2669272,1763571.0,74124651.76,3.35,USD,Materials,Canada,Equity,equity,web_csv
2026-07-16,RING,CDE,COEUR MINING INC,US1921085049,2208136,4952170.0,73242594.3,3.31,USD,Materials,United States,Equity,equity,web_csv
2026-07-16,RING,AGI,ALAMOS GOLD INC CLASS A,CA0115321089,BZ3DNP6,2035453.0,57571444.55,2.6,USD,Materials,Canada,Equity,equity,web_csv
2026-07-16,RING,IMG,IAMGOLD CORP,CA4509131088,2446646,3114658.0,44258885.1,2.0,USD,Materials,Canada,Equity,equity,web_csv
2026-07-16,RING,HAR,HARMONY GOLD MINING COMPANY LIMITE,ZAE000015228,6410562,2911569.0,43539468.54,1.97,USD,Materials,South Africa,Equity,equity,web_csv
2026-07-16,RING,EDV,ENDEAVOUR MINING,GB00BL6K5J42,BL6K5J4,876009.0,40434514.19,1.83,USD,Materials,United Kingdom,Equity,equity,web_csv
2026-07-16,RING,ELD,ELDORADO GOLD CORP,CA2849025093,BHZJ5Y9,1280716.0,35923022.81,1.62,USD,Materials,Canada,Equity,equity,web_csv
2026-07-16,RING,EQX,EQUINOX GOLD CORP,CA29446Y5020,BKLNP13,4019242.0,35115558.11,1.59,USD,Materials,Canada,Equity,equity,web_csv
2026-07-16,RING,SSRM,SSR MINING INC,CA7847301032,BF7MPL9,1331779.0,34508095.09,1.56,USD,Materials,Canada,Equity,equity,web_csv
2026-07-16,RING,LUG,LUNDIN GOLD INC,CA5503711080,BTKSSY6,608551.0,32638195.8,1.48,USD,Materials,Canada,Equity,equity,web_csv
2026-07-16,RING,GMD,GENESIS MINERALS LTD,AU000000GMD9,B23G0X1,7393766.0,31021990.73,1.4,USD,Materials,Australia,Equity,equity,web_csv
2026-07-16,RING,BTO,B2GOLD CORP,CA11777Q2099,B29VFC4,7232553.0,26492301.74,1.2,USD,Materials,Canada,Equity,equity,web_csv
2026-07-16,RING,OGC,OCEANAGOLD CORPORATION CORP,CA6752224007,BQXQY26,1122774.0,25323924.53,1.14,USD,Materials,Canada,Equity,equity,web_csv
2026-07-16,RING,CG,CENTERRA GOLD INC,CA1520061021,B01NXQ4,1641790.0,25061209.19,1.13,USD,Materials,Canada,Equity,equity,web_csv
2026-07-16,RING,TXG,TOREX GOLD RESOURCES INC,CA8910546032,BD2NKY1,653984.0,24798495.38,1.12,USD,Materials,Canada,Equity,equity,web_csv
2026-07-16,RING,2099,CHINA GOLD INTERNATIONAL RESOURCES,CA16890P1036,B60FNV8,1242300.0,22851049.5,1.03,USD,Materials,China,Equity,equity,web_csv
2026-07-16,RING,GMIN,G MINING VENTURES CORP,CA36270K1021,BSWW128,773128.0,20859166.99,0.94,USD,Materials,Canada,Equity,equity,web_csv
2026-07-16,RING,WDO,WESDOME GOLD MINES LTD,CA95083R1001,B0Y90N5,1192831.0,20656186.21,0.93,USD,Other,Canada,Equity,equity,web_csv
2026-07-16,RING,HOC,HOCHSCHILD MINING PLC,GB00B1FW5029,B1FW502,3034613.0,17936567.8,0.81,USD,Materials,United Kingdom,Equity,equity,web_csv
2026-07-16,RING,RRL,REGIS RESOURCES LTD,AU000000RRL8,6476542,3685558.0,15902342.46,0.72,USD,Materials,Australia,Equity,equity,web_csv
2026-07-16,RING,WGX,WESTGOLD RESOURCES LTD,AU000000WGX6,BYVQ673,4812721.0,15776609.59,0.71,USD,Materials,Australia,Equity,equity,web_csv
2026-07-16,RING,EMR,EMERALD RESOURCES,AU000000EMR4,6107381,4129068.0,15097313.65,0.68,USD,Materials,Australia,Equity,equity,web_csv
2026-07-16,RING,ARIS,ARIS MINING CORP,CA04040Y1097,BQKRCQ2,991061.0,13503713.75,0.61,USD,Materials,Canada,Equity,equity,web_csv
2026-07-16,RING,DRD,DRDGOLD LTD,ZAE000058723,6267780,6405529.0,12706728.66,0.57,USD,Materials,South Africa,Equity,equity,web_csv
2026-07-16,RING,TRALT.E,KOZA ALTIN ISLETMELERI A,TREKOAL00014,B3LP189,11157063.0,12163581.59,0.55,USD,Materials,Turkey,Equity,equity,web_csv
2026-07-16,RING,601899,ZIJIN MINING GROUP LTD A,CNE100000B24,BP3R400,2586835.0,11170150.44,0.5,USD,Materials,China,Equity,equity,web_csv
2026-07-16,RING,2259,ZIJIN GOLD INTERNATIONAL LTD,HK0001200002,BSD3B20,715400.0,9445037.6,0.43,USD,Materials,China,Equity,equity,web_csv
2026-07-16,RING,RSG,RESOLUTE MINING LTD,AU000000RSG6,6410636,13149678.0,8658050.44,0.39,USD,Materials,Australia,Equity,equity,web_csv
2026-07-16,RING,PAF,PAN AFRICAN RESOURCES PLC,GB0004300496,0430049,6264289.0,7613077.18,0.34,USD,Materials,United Kingdom,Equity,equity,web_csv
2026-07-16,RING,OBM,ORA BANDA MINING LTD,AU0000050130,BKDX544,8732296.0,6605859.67,0.3,USD,Materials,Australia,Equity,equity,web_csv
2026-07-16,RING,CYL,CATALYST METALS LTD,AU000000CYL6,B17P5V0,1603481.0,6345844.21,0.29,USD,Materials,Australia,Equity,equity,web_csv
2026-07-16,RING,MUX,MCEWEN INC,US58039P3055,BQGD8H7,354568.0,5882283.12,0.27,USD,Materials,United States,Equity,equity,web_csv
2026-07-16,RING,WAF,WEST AFRICAN RESOURCES LTD,AU000000WAF6,B4KBBN0,2594213.0,5106097.35,0.23,USD,Materials,Australia,Equity,equity,web_csv
2026-07-16,RING,XTSLA,BLK CSH FND TREASURY SL AGENCY,US0669224778,6922477,1458342.0,1458342.29,0.07,USD,Cash and/or Derivatives,United States,Money Market,cash,web_csv
2026-07-16,RING,HKD,HKD CASH,CASH,,7613292.0,971151.27,0.04,USD,Cash and/or Derivatives,Hong Kong,Cash,cash,web_csv
2026-07-16,RING,ZAR,ZAR CASH,CASH,,4267821.0,259856.68,0.01,USD,Cash and/or Derivatives,South Africa,Cash,cash,web_csv
2026-07-16,RING,CAD,CAD CASH,CASH,,211487.0,150711.97,0.01,USD,Cash and/or Derivatives,Canada,Cash,cash,web_csv
2026-07-16,RING,WFFUT,CASH COLLATERAL USD WFFUT,CASH,,110000.0,110000.0,0.0,USD,Cash and/or Derivatives,United States,Cash Collateral and Margins,cash,web_csv
2026-07-16,RING,CNH,CNH CASH,CASH,,580609.0,85713.28,0.0,USD,Cash and/or Derivatives,China,Cash,cash,web_csv
2026-07-16,RING,GBP,GBP CASH,CASH,,43537.0,58724.75,0.0,USD,Cash and/or Derivatives,United Kingdom,Cash,cash,web_csv
2026-07-16,RING,TRY,TRY CASH,CASH,,2733239.0,58086.05,0.0,USD,Cash and/or Derivatives,Turkey,Cash,cash,web_csv
2026-07-16,RING,AUD,AUD CASH,CASH,,64468.0,45156.58,0.0,USD,Cash and/or Derivatives,Australia,Cash,cash,web_csv
2026-07-16,RING,IDR,IDR CASH,CASH,,3.0,0.0,0.0,USD,Cash and/or Derivatives,Indonesia,Cash,cash,web_csv
2026-07-16,RING,PLZL,POLYUS,RU000A0JNAA8,B57R0L9,625470.0,7.99,0.0,USD,Materials,Russian Federation,Equity,equity,web_csv
2026-07-16,RING,PTU6,S&P/TSE 60 INDEX SEP 26,,,7.0,0.0,0.0,USD,Cash and/or Derivatives,,Futures,derivative,web_csv
2026-07-16,RING,USD,USD CASH,CASH,,-890803.0,-890803.01,-0.04,USD,Cash and/or Derivatives,United States,Cash,cash,web_csv
2026-07-17,RING,NEM,NEWMONT,US6516391066,2636607,4086197.0,366531870.9,16.78,USD,Materials,United States,Equity,equity,web_csv
2026-07-17,RING,AEM,AGNICO EAGLE MINES LTD,CA0084741085,2009823,1891301.0,259052560.88,11.86,USD,Materials,Canada,Equity,equity,web_csv
2026-07-17,RING,ABX,BARRICK MINING CORP,CA06849F1080,BNM23Q1,5857144.0,204482772.15,9.36,USD,Materials,Canada,Equity,equity,web_csv
2026-07-17,RING,WPM,WHEATON PRECIOUS METALS CORP,CA9628791027,BF13KN5,1523824.0,158727815.19,7.27,USD,Materials,Canada,Equity,equity,web_csv
2026-07-17,RING,ANG,ANGLOGOLD ASHANTI PLC,GB00BRXH2664,BRF6FX9,1333921.0,101406261.32,4.64,USD,Materials,South Africa,Equity,equity,web_csv
2026-07-17,RING,K,KINROSS GOLD CORP,CA4969024047,B03Z841,4274369.0,96606077.6,4.42,USD,Materials,Canada,Equity,equity,web_csv
2026-07-17,RING,GFI,GOLD FIELDS LTD,ZAE000018123,6280215,3020162.0,96451367.03,4.41,USD,Materials,South Africa,Equity,equity,web_csv
2026-07-17,RING,2899,ZIJIN MINING GROUP LTD H,CNE100000502,6725299,21604000.0,80955757.36,3.71,USD,Materials,China,Equity,equity,web_csv
2026-07-17,RING,PAAS,PAN AMERICAN SILVER CORP,CA6979001089,2669272,1763571.0,73676678.92,3.37,USD,Materials,Canada,Equity,equity,web_csv
2026-07-17,RING,CDE,COEUR MINING INC,US1921085049,2208136,4952170.0,71063639.5,3.25,USD,Materials,United States,Equity,equity,web_csv
2026-07-17,RING,AGI,ALAMOS GOLD INC CLASS A,CA0115321089,BZ3DNP6,2035453.0,57508356.3,2.63,USD,Materials,Canada,Equity,equity,web_csv
2026-07-17,RING,IMG,IAMGOLD CORP,CA4509131088,2446646,3114658.0,43966412.3,2.01,USD,Materials,Canada,Equity,equity,web_csv
2026-07-17,RING,HAR,HARMONY GOLD MINING COMPANY LIMITE,ZAE000015228,6410562,2911569.0,42393361.25,1.94,USD,Materials,South Africa,Equity,equity,web_csv
2026-07-17,RING,EDV,ENDEAVOUR MINING,GB00BL6K5J42,BL6K5J4,876009.0,40373280.29,1.85,USD,Materials,United Kingdom,Equity,equity,web_csv
2026-07-17,RING,ELD,ELDORADO GOLD CORP,CA2849025093,BHZJ5Y9,1280716.0,35791499.42,1.64,USD,Materials,Canada,Equity,equity,web_csv
2026-07-17,RING,EQX,EQUINOX GOLD CORP,CA29446Y5020,BKLNP13,4019242.0,34706746.26,1.59,USD,Materials,Canada,Equity,equity,web_csv
2026-07-17,RING,SSRM,SSR MINING INC,CA7847301032,BF7MPL9,1331779.0,34063128.89,1.56,USD,Materials,Canada,Equity,equity,web_csv
2026-07-17,RING,LUG,LUNDIN GOLD INC,CA5503711080,BTKSSY6,608551.0,33362274.98,1.53,USD,Materials,Canada,Equity,equity,web_csv
2026-07-17,RING,GMD,GENESIS MINERALS LTD,AU000000GMD9,B23G0X1,7393766.0,28696374.06,1.31,USD,Materials,Australia,Equity,equity,web_csv
2026-07-17,RING,BTO,B2GOLD CORP,CA11777Q2099,B29VFC4,7232553.0,26530114.13,1.21,USD,Materials,Canada,Equity,equity,web_csv
2026-07-17,RING,OGC,OCEANAGOLD CORPORATION CORP,CA6752224007,BQXQY26,1122774.0,25175778.11,1.15,USD,Materials,Canada,Equity,equity,web_csv
2026-07-17,RING,CG,CENTERRA GOLD INC,CA1520061021,B01NXQ4,1641790.0,24792347.12,1.13,USD,Materials,Canada,Equity,equity,web_csv
2026-07-17,RING,TXG,TOREX GOLD RESOURCES INC,CA8910546032,BD2NKY1,653984.0,24707877.22,1.13,USD,Materials,Canada,Equity,equity,web_csv
2026-07-17,RING,2099,CHINA GOLD INTERNATIONAL RESOURCES,CA16890P1036,B60FNV8,1242300.0,21754985.72,1.0,USD,Materials,China,Equity,equity,web_csv
2026-07-17,RING,WDO,WESDOME GOLD MINES LTD,CA95083R1001,B0Y90N5,1192831.0,21553956.05,0.99,USD,Other,Canada,Equity,equity,web_csv
2026-07-17,RING,GMIN,G MINING VENTURES CORP,CA36270K1021,BSWW128,773128.0,20723416.72,0.95,USD,Materials,Canada,Equity,equity,web_csv
2026-07-17,RING,HOC,HOCHSCHILD MINING PLC,GB00B1FW5029,B1FW502,3034613.0,17396631.55,0.8,USD,Materials,United Kingdom,Equity,equity,web_csv
2026-07-17,RING,WGX,WESTGOLD RESOURCES LTD,AU000000WGX6,BYVQ673,4812721.0,14613911.54,0.67,USD,Materials,Australia,Equity,equity,web_csv
2026-07-17,RING,RRL,REGIS RESOURCES LTD,AU000000RRL8,6476542,3685558.0,14510049.22,0.66,USD,Materials,Australia,Equity,equity,web_csv
2026-07-17,RING,EMR,EMERALD RESOURCES,AU000000EMR4,6107381,4129068.0,14325010.71,0.66,USD,Materials,Australia,Equity,equity,web_csv
2026-07-17,RING,ARIS,ARIS MINING CORP,CA04040Y1097,BQKRCQ2,991061.0,13791749.87,0.63,USD,Materials,Canada,Equity,equity,web_csv
2026-07-17,RING,DRD,DRDGOLD LTD,ZAE000058723,6267780,6405529.0,12758704.65,0.58,USD,Materials,South Africa,Equity,equity,web_csv
2026-07-17,RING,TRALT.E,KOZA ALTIN ISLETMELERI A,TREKOAL00014,B3LP189,11157063.0,11886831.67,0.54,USD,Materials,Turkey,Equity,equity,web_csv
2026-07-17,RING,601899,ZIJIN MINING GROUP LTD A,CNE100000B24,BP3R400,2586835.0,10821885.05,0.5,USD,Materials,China,Equity,equity,web_csv
2026-07-17,RING,2259,ZIJIN GOLD INTERNATIONAL LTD,HK0001200002,BSD3B20,715400.0,8805175.76,0.4,USD,Materials,China,Equity,equity,web_csv
2026-07-17,RING,RSG,RESOLUTE MINING LTD,AU000000RSG6,6410636,13149678.0,8215323.79,0.38,USD,Materials,Australia,Equity,equity,web_csv
2026-07-17,RING,PAF,PAN AFRICAN RESOURCES PLC,GB0004300496,0430049,6264289.0,7579821.01,0.35,USD,Materials,United Kingdom,Equity,equity,web_csv
2026-07-17,RING,OBM,ORA BANDA MINING LTD,AU0000050130,BKDX544,8732296.0,6095579.22,0.28,USD,Materials,Australia,Equity,equity,web_csv
2026-07-17,RING,CYL,CATALYST METALS LTD,AU000000CYL6,B17P5V0,1603481.0,5977114.93,0.27,USD,Materials,Australia,Equity,equity,web_csv
2026-07-17,RING,MUX,MCEWEN INC,US58039P3055,BQGD8H7,354568.0,5804278.16,0.27,USD,Materials,United States,Equity,equity,web_csv
2026-07-17,RING,WAF,WEST AFRICAN RESOURCES LTD,AU000000WAF6,B4KBBN0,2594213.0,4889404.04,0.22,USD,Materials,Australia,Equity,equity,web_csv
2026-07-17,RING,HKD,HKD CASH,CASH,,7613292.0,971033.59,0.04,USD,Cash and/or Derivatives,Hong Kong,Cash,cash,web_csv
2026-07-17,RING,XTSLA,BLK CSH FND TREASURY SL AGENCY,US0669224778,6922477,960921.0,960921.3,0.04,USD,Cash and/or Derivatives,United States,Money Market,cash,web_csv
2026-07-17,RING,ZAR,ZAR CASH,CASH,,4267821.0,258381.79,0.01,USD,Cash and/or Derivatives,South Africa,Cash,cash,web_csv
2026-07-17,RING,CAD,CAD CASH,CASH,,201967.0,144133.15,0.01,USD,Cash and/or Derivatives,Canada,Cash,cash,web_csv
2026-07-17,RING,WFFUT,CASH COLLATERAL USD WFFUT,CASH,,110000.0,110000.0,0.01,USD,Cash and/or Derivatives,United States,Cash Collateral and Margins,cash,web_csv
2026-07-17,RING,CNH,CNH CASH,CASH,,580609.0,85646.9,0.0,USD,Cash and/or Derivatives,China,Cash,cash,web_csv
2026-07-17,RING,GBP,GBP CASH,CASH,,43537.0,58533.19,0.0,USD,Cash and/or Derivatives,United Kingdom,Cash,cash,web_csv
2026-07-17,RING,TRY,TRY CASH,CASH,,2733239.0,57950.58,0.0,USD,Cash and/or Derivatives,Turkey,Cash,cash,web_csv
2026-07-17,RING,AUD,AUD CASH,CASH,,64468.0,45001.86,0.0,USD,Cash and/or Derivatives,Australia,Cash,cash,web_csv
2026-07-17,RING,IDR,IDR CASH,CASH,,3.0,0.0,0.0,USD,Cash and/or Derivatives,Indonesia,Cash,cash,web_csv
2026-07-17,RING,PLZL,POLYUS,RU000A0JNAA8,B57R0L9,625470.0,7.98,0.0,USD,Materials,Russian Federation,Equity,equity,web_csv
2026-07-17,RING,PTU6,S&P/TSE 60 INDEX SEP 26,,,7.0,0.0,0.0,USD,Cash and/or Derivatives,,Futures,derivative,web_csv
2026-07-17,RING,USD,USD CASH,CASH,,-416310.0,-416309.84,-0.02,USD,Cash and/or Derivatives,United States,Cash,cash,web_csv
2026-07-20,RING,NEM,NEWMONT,US6516391066,2636607,4086197.0,364488772.4,16.74,USD,Materials,United States,Equity,equity,web_csv
2026-07-20,RING,AEM,AGNICO EAGLE MINES LTD,CA0084741085,2009823,1891301.0,257869210.83,11.84,USD,Materials,Canada,Equity,equity,web_csv
2026-07-20,RING,ABX,BARRICK MINING CORP,CA06849F1080,BNM23Q1,5857144.0,204460451.08,9.39,USD,Materials,Canada,Equity,equity,web_csv
2026-07-20,RING,WPM,WHEATON PRECIOUS METALS CORP,CA9628791027,BF13KN5,1523824.0,157737518.84,7.24,USD,Materials,Canada,Equity,equity,web_csv
2026-07-20,RING,ANG,ANGLOGOLD ASHANTI PLC,GB00BRXH2664,BRF6FX9,1333921.0,100273652.16,4.6,USD,Materials,South Africa,Equity,equity,web_csv
2026-07-20,RING,K,KINROSS GOLD CORP,CA4969024047,B03Z841,4274369.0,96269846.01,4.42,USD,Materials,Canada,Equity,equity,web_csv
2026-07-20,RING,GFI,GOLD FIELDS LTD,ZAE000018123,6280215,3020162.0,94203047.94,4.33,USD,Materials,South Africa,Equity,equity,web_csv
2026-07-20,RING,2899,ZIJIN MINING GROUP LTD H,CNE100000502,6725299,21604000.0,82991101.62,3.81,USD,Materials,China,Equity,equity,web_csv
2026-07-20,RING,PAAS,PAN AMERICAN SILVER CORP,CA6979001089,2669272,1763571.0,74484748.0,3.42,USD,Materials,Canada,Equity,equity,web_csv
2026-07-20,RING,CDE,COEUR MINING INC,US1921085049,2208136,4952170.0,70122727.2,3.22,USD,Materials,United States,Equity,equity,web_csv
2026-07-20,RING,AGI,ALAMOS GOLD INC CLASS A,CA0115321089,BZ3DNP6,2035453.0,57369743.09,2.63,USD,Materials,Canada,Equity,equity,web_csv
2026-07-20,RING,IMG,IAMGOLD CORP,CA4509131088,2446646,3114658.0,43494868.42,2.0,USD,Materials,Canada,Equity,equity,web_csv
2026-07-20,RING,HAR,HARMONY GOLD MINING COMPANY LIMITE,ZAE000015228,6410562,2911569.0,42114547.83,1.93,USD,Materials,South Africa,Equity,equity,web_csv
2026-07-20,RING,EDV,ENDEAVOUR MINING,GB00BL6K5J42,BL6K5J4,876009.0,40290176.82,1.85,USD,Materials,United Kingdom,Equity,equity,web_csv
2026-07-20,RING,ELD,ELDORADO GOLD CORP,CA2849025093,BHZJ5Y9,1280716.0,35523309.98,1.63,USD,Materials,Canada,Equity,equity,web_csv
2026-07-20,RING,EQX,EQUINOX GOLD CORP,CA29446Y5020,BKLNP13,4019242.0,34939985.23,1.6,USD,Materials,Canada,Equity,equity,web_csv
2026-07-20,RING,SSRM,SSR MINING INC,CA7847301032,BF7MPL9,1331779.0,33367899.54,1.53,USD,Materials,Canada,Equity,equity,web_csv
2026-07-20,RING,LUG,LUNDIN GOLD INC,CA5503711080,BTKSSY6,608551.0,33278306.45,1.53,USD,Materials,Canada,Equity,equity,web_csv
2026-07-20,RING,GMD,GENESIS MINERALS LTD,AU000000GMD9,B23G0X1,7393766.0,28569511.82,1.31,USD,Materials,Australia,Equity,equity,web_csv
2026-07-20,RING,BTO,B2GOLD CORP,CA11777Q2099,B29VFC4,7232553.0,26394676.6,1.21,USD,Materials,Canada,Equity,equity,web_csv
2026-07-20,RING,CG,CENTERRA GOLD INC,CA1520061021,B01NXQ4,1641790.0,24970811.84,1.15,USD,Materials,Canada,Equity,equity,web_csv
2026-07-20,RING,OGC,OCEANAGOLD CORPORATION CORP,CA6752224007,BQXQY26,1122774.0,24920359.11,1.14,USD,Materials,Canada,Equity,equity,web_csv
2026-07-20,RING,TXG,TOREX GOLD RESOURCES INC,CA8910546032,BD2NKY1,653984.0,24452869.77,1.12,USD,Materials,Canada,Equity,equity,web_csv
2026-07-20,RING,2099,CHINA GOLD INTERNATIONAL RESOURCES,CA16890P1036,B60FNV8,1242300.0,22577910.28,1.04,USD,Materials,China,Equity,equity,web_csv
2026-07-20,RING,WDO,WESDOME GOLD MINES LTD,CA95083R1001,B0Y90N5,1192831.0,21112353.48,0.97,USD,Other,Canada,Equity,equity,web_csv
2026-07-20,RING,GMIN,G MINING VENTURES CORP,CA36270K1021,BSWW128,773128.0,20943810.37,0.96,USD,Materials,Canada,Equity,equity,web_csv
2026-07-20,RING,HOC,HOCHSCHILD MINING PLC,GB00B1FW5029,B1FW502,3034613.0,17234359.26,0.79,USD,Materials,United Kingdom,Equity,equity,web_csv
2026-07-20,RING,WGX,WESTGOLD RESOURCES LTD,AU000000WGX6,BYVQ673,4812721.0,14957936.87,0.69,USD,Materials,Australia,Equity,equity,web_csv
2026-07-20,RING,RRL,REGIS RESOURCES LTD,AU000000RRL8,6476542,3685558.0,14576381.89,0.67,USD,Materials,Australia,Equity,equity,web_csv
2026-07-20,RING,EMR,EMERALD RESOURCES,AU000000EMR4,6107381,4129068.0,14393931.05,0.66,USD,Materials,Australia,Equity,equity,web_csv
2026-07-20,RING,ARIS,ARIS MINING CORP,CA04040Y1097,BQKRCQ2,991061.0,13755139.87,0.63,USD,Materials,Canada,Equity,equity,web_csv
2026-07-20,RING,DRD,DRDGOLD LTD,ZAE000058723,6267780,6405529.0,12583767.1,0.58,USD,Materials,South Africa,Equity,equity,web_csv
2026-07-20,RING,TRALT.E,KOZA ALTIN ISLETMELERI A,TREKOAL00014,B3LP189,11157063.0,11813847.67,0.54,USD,Materials,Turkey,Equity,equity,web_csv
2026-07-20,RING,601899,ZIJIN MINING GROUP LTD A,CNE100000B24,BP3R400,2586835.0,11214050.48,0.51,USD,Materials,China,Equity,equity,web_csv
2026-07-20,RING,2259,ZIJIN GOLD INTERNATIONAL LTD,HK0001200002,BSD3B20,715400.0,8937082.55,0.41,USD,Materials,China,Equity,equity,web_csv
2026-07-20,RING,RSG,RESOLUTE MINING LTD,AU000000RSG6,6410636,13149678.0,8468392.63,0.39,USD,Materials,Australia,Equity,equity,web_csv
2026-07-20,RING,PAF,PAN AFRICAN RESOURCES PLC,GB0004300496,0430049,6264289.0,7451045.24,0.34,USD,Materials,United Kingdom,Equity,equity,web_csv
2026-07-20,RING,OBM,ORA BANDA MINING LTD,AU0000050130,BKDX544,8732296.0,6143170.24,0.28,USD,Materials,Australia,Equity,equity,web_csv
2026-07-20,RING,CYL,CATALYST METALS LTD,AU000000CYL6,B17P5V0,1603481.0,6106055.65,0.28,USD,Materials,Australia,Equity,equity,web_csv
2026-07-20,RING,MUX,MCEWEN INC,US58039P3055,BQGD8H7,354568.0,5836189.28,0.27,USD,Materials,United States,Equity,equity,web_csv
2026-07-20,RING,WAF,WEST AFRICAN RESOURCES LTD,AU000000WAF6,B4KBBN0,2594213.0,5030179.01,0.23,USD,Materials,Australia,Equity,equity,web_csv
2026-07-20,RING,HKD,HKD CASH,CASH,,7613292.0,970990.25,0.04,USD,Cash and/or Derivatives,Hong Kong,Cash,cash,web_csv
2026-07-20,RING,XTSLA,BLK CSH FND TREASURY SL AGENCY,US0669224778,6922477,960921.0,960921.3,0.04,USD,Cash and/or Derivatives,United States,Money Market,cash,web_csv
2026-07-20,RING,ZAR,ZAR CASH,CASH,,4267821.0,258293.44,0.01,USD,Cash and/or Derivatives,South Africa,Cash,cash,web_csv
2026-07-20,RING,CAD,CAD CASH,CASH,,173267.0,123259.99,0.01,USD,Cash and/or Derivatives,Canada,Cash,cash,web_csv
2026-07-20,RING,WFFUT,CASH COLLATERAL USD WFFUT,CASH,,110000.0,110000.0,0.01,USD,Cash and/or Derivatives,United States,Cash Collateral and Margins,cash,web_csv
2026-07-20,RING,CNH,CNH CASH,CASH,,580609.0,85756.95,0.0,USD,Cash and/or Derivatives,China,Cash,cash,web_csv
2026-07-20,RING,GBP,GBP CASH,CASH,,43537.0,58480.94,0.0,USD,Cash and/or Derivatives,United Kingdom,Cash,cash,web_csv
2026-07-20,RING,TRY,TRY CASH,CASH,,2733239.0,57929.09,0.0,USD,Cash and/or Derivatives,Turkey,Cash,cash,web_csv
2026-07-20,RING,AUD,AUD CASH,CASH,,64468.0,45127.57,0.0,USD,Cash and/or Derivatives,Australia,Cash,cash,web_csv
2026-07-20,RING,IDR,IDR CASH,CASH,,3.0,0.0,0.0,USD,Cash and/or Derivatives,Indonesia,Cash,cash,web_csv
2026-07-20,RING,PLZL,POLYUS,RU000A0JNAA8,B57R0L9,625470.0,7.96,0.0,USD,Materials,Russian Federation,Equity,equity,web_csv
2026-07-20,RING,PTU6,S&P/TSE 60 INDEX SEP 26,,,7.0,0.0,0.0,USD,Cash and/or Derivatives,,Futures,derivative,web_csv
2026-07-20,RING,USD,USD CASH,CASH,,-486319.0,-486319.49,-0.02,USD,Cash and/or Derivatives,United States,Cash,cash,web_csv
2026-07-21,RING,NEM,NEWMONT,US6516391066,2636607,4057702.0,375296857.98,16.57,USD,Materials,United States,Equity,equity,web_csv
2026-07-21,RING,AEM,AGNICO EAGLE MINES LTD,CA0084741085,2009823,1878116.0,266354631.02,11.76,USD,Materials,Canada,Equity,equity,web_csv
2026-07-21,RING,ABX,BARRICK MINING CORP,CA06849F1080,BNM23Q1,5816304.0,211933447.15,9.36,USD,Materials,Canada,Equity,equity,web_csv
2026-07-21,RING,WPM,WHEATON PRECIOUS METALS CORP,CA9628791027,BF13KN5,1513199.0,166519000.12,7.35,USD,Materials,Canada,Equity,equity,web_csv
2026-07-21,RING,ANG,ANGLOGOLD ASHANTI PLC,GB00BRXH2664,BRF6FX9,1324621.0,102318576.48,4.52,USD,Materials,South Africa,Equity,equity,web_csv
2026-07-21,RING,K,KINROSS GOLD CORP,CA4969024047,B03Z841,4244564.0,99634683.07,4.4,USD,Materials,Canada,Equity,equity,web_csv
2026-07-21,RING,GFI,GOLD FIELDS LTD,ZAE000018123,6280215,2999102.0,95867454.18,4.23,USD,Materials,South Africa,Equity,equity,web_csv
2026-07-21,RING,2899,ZIJIN MINING GROUP LTD H,CNE100000502,6725299,21454000.0,86237337.24,3.81,USD,Materials,China,Equity,equity,web_csv
2026-07-21,RING,PAAS,PAN AMERICAN SILVER CORP,CA6979001089,2669272,1751276.0,77954616.63,3.44,USD,Materials,Canada,Equity,equity,web_csv
2026-07-21,RING,CDE,COEUR MINING INC,US1921085049,2208136,4917640.0,75239892.0,3.32,USD,Materials,United States,Equity,equity,web_csv
2026-07-21,RING,AGI,ALAMOS GOLD INC CLASS A,CA0115321089,BZ3DNP6,2021263.0,59780906.04,2.64,USD,Materials,Canada,Equity,equity,web_csv
2026-07-21,RING,IMG,IAMGOLD CORP,CA4509131088,2446646,3092938.0,46265129.0,2.04,USD,Materials,Canada,Equity,equity,web_csv
2026-07-21,RING,HAR,HARMONY GOLD MINING COMPANY LIMITE,ZAE000015228,6410562,2891269.0,43984861.69,1.94,USD,Materials,South Africa,Equity,equity,web_csv
2026-07-21,RING,EDV,ENDEAVOUR MINING,GB00BL6K5J42,BL6K5J4,869904.0,41336756.79,1.83,USD,Materials,United Kingdom,Equity,equity,web_csv
2026-07-21,RING,ELD,ELDORADO GOLD CORP,CA2849025093,BHZJ5Y9,1271786.0,38769506.16,1.71,USD,Materials,Canada,Equity,equity,web_csv
2026-07-21,RING,EQX,EQUINOX GOLD CORP,CA29446Y5020,BKLNP13,3991217.0,36251607.31,1.6,USD,Materials,Canada,Equity,equity,web_csv
2026-07-21,RING,SSRM,SSR MINING INC,CA7847301032,BF7MPL9,1322494.0,36054794.73,1.59,USD,Materials,Canada,Equity,equity,web_csv
2026-07-21,RING,LUG,LUNDIN GOLD INC,CA5503711080,BTKSSY6,604311.0,33919460.78,1.5,USD,Materials,Canada,Equity,equity,web_csv
2026-07-21,RING,GMD,GENESIS MINERALS LTD,AU000000GMD9,B23G0X1,7342206.0,29622805.59,1.31,USD,Materials,Australia,Equity,equity,web_csv
2026-07-21,RING,BTO,B2GOLD CORP,CA11777Q2099,B29VFC4,7182118.0,27469658.34,1.21,USD,Materials,Canada,Equity,equity,web_csv
2026-07-21,RING,CG,CENTERRA GOLD INC,CA1520061021,B01NXQ4,1630345.0,26191953.73,1.16,USD,Materials,Canada,Equity,equity,web_csv
2026-07-21,RING,OGC,OCEANAGOLD CORPORATION CORP,CA6752224007,BQXQY26,1114949.0,26163820.07,1.16,USD,Materials,Canada,Equity,equity,web_csv
2026-07-21,RING,TXG,TOREX GOLD RESOURCES INC,CA8910546032,BD2NKY1,649424.0,25336406.97,1.12,USD,Materials,Canada,Equity,equity,web_csv
2026-07-21,RING,2099,CHINA GOLD INTERNATIONAL RESOURCES,CA16890P1036,B60FNV8,1233800.0,24812887.84,1.1,USD,Materials,China,Equity,equity,web_csv
2026-07-21,RING,GMIN,G MINING VENTURES CORP,CA36270K1021,BSWW128,767738.0,22379760.18,0.99,USD,Materials,Canada,Equity,equity,web_csv
2026-07-21,RING,WDO,WESDOME GOLD MINES LTD,CA95083R1001,B0Y90N5,1184516.0,22248812.15,0.98,USD,Other,Canada,Equity,equity,web_csv
2026-07-21,RING,HOC,HOCHSCHILD MINING PLC,GB00B1FW5029,B1FW502,3013453.0,17961894.23,0.79,USD,Materials,United Kingdom,Equity,equity,web_csv
2026-07-21,RING,WGX,WESTGOLD RESOURCES LTD,AU000000WGX6,BYVQ673,4779161.0,15298364.38,0.68,USD,Materials,Australia,Equity,equity,web_csv
2026-07-21,RING,RRL,REGIS RESOURCES LTD,AU000000RRL8,6476542,3659858.0,15124930.46,0.67,USD,Materials,Australia,Equity,equity,web_csv
2026-07-21,RING,EMR,EMERALD RESOURCES,AU000000EMR4,6107381,4100278.0,15020767.76,0.66,USD,Materials,Australia,Equity,equity,web_csv
2026-07-21,RING,ARIS,ARIS MINING CORP,CA04040Y1097,BQKRCQ2,984151.0,14497764.6,0.64,USD,Materials,Canada,Equity,equity,web_csv
2026-07-21,RING,DRD,DRDGOLD LTD,ZAE000058723,6267780,6360864.0,13113789.76,0.58,USD,Materials,South Africa,Equity,equity,web_csv
2026-07-21,RING,TRALT.E,KOZA ALTIN ISLETMELERI A,TREKOAL00014,B3LP189,11079263.0,11628531.55,0.51,USD,Materials,Turkey,Equity,equity,web_csv
2026-07-21,RING,601899,ZIJIN MINING GROUP LTD A,CNE100000B24,BP3R400,2568835.0,11464015.28,0.51,USD,Materials,China,Equity,equity,web_csv
2026-07-21,RING,2259,ZIJIN GOLD INTERNATIONAL LTD,HK0001200002,BSD3B20,710900.0,9809268.63,0.43,USD,Materials,China,Equity,equity,web_csv
2026-07-21,RING,RSG,RESOLUTE MINING LTD,AU000000RSG6,6410636,13057983.0,8597676.34,0.38,USD,Materials,Australia,Equity,equity,web_csv
2026-07-21,RING,PAF,PAN AFRICAN RESOURCES PLC,GB0004300496,0430049,6220609.0,7693470.37,0.34,USD,Materials,United Kingdom,Equity,equity,web_csv
2026-07-21,RING,CYL,CATALYST METALS LTD,AU000000CYL6,B17P5V0,1592301.0,6268139.06,0.28,USD,Materials,Australia,Equity,equity,web_csv
2026-07-21,RING,MUX,MCEWEN INC,US58039P3055,BQGD8H7,352098.0,6260302.44,0.28,USD,Materials,United States,Equity,equity,web_csv
2026-07-21,RING,OBM,ORA BANDA MINING LTD,AU0000050130,BKDX544,8671406.0,6256102.92,0.28,USD,Materials,Australia,Equity,equity,web_csv
2026-07-21,RING,WAF,WEST AFRICAN RESOURCES LTD,AU000000WAF6,B4KBBN0,2576123.0,5178758.17,0.23,USD,Materials,Australia,Equity,equity,web_csv
2026-07-21,RING,HKD,HKD CASH,CASH,,7613292.0,970897.38,0.04,USD,Cash and/or Derivatives,Hong Kong,Cash,cash,web_csv
2026-07-21,RING,XTSLA,BLK CSH FND TREASURY SL AGENCY,US0669224778,6922477,960921.0,960921.3,0.04,USD,Cash and/or Derivatives,United States,Money Market,cash,web_csv
2026-07-21,RING,ZAR,ZAR CASH,CASH,,4267821.0,259166.31,0.01,USD,Cash and/or Derivatives,South Africa,Cash,cash,web_csv
2026-07-21,RING,CAD,CAD CASH,CASH,,173267.0,122949.49,0.01,USD,Cash and/or Derivatives,Canada,Cash,cash,web_csv
2026-07-21,RING,WFFUT,CASH COLLATERAL USD WFFUT,CASH,,108000.0,108000.0,0.0,USD,Cash and/or Derivatives,United States,Cash Collateral and Margins,cash,web_csv
2026-07-21,RING,CNH,CNH CASH,CASH,,580609.0,85769.62,0.0,USD,Cash and/or Derivatives,China,Cash,cash,web_csv
2026-07-21,RING,GBP,GBP CASH,CASH,,43537.0,58211.01,0.0,USD,Cash and/or Derivatives,United Kingdom,Cash,cash,web_csv
2026-07-21,RING,TRY,TRY CASH,CASH,,2733239.0,57907.61,0.0,USD,Cash and/or Derivatives,Turkey,Cash,cash,web_csv
2026-07-21,RING,AUD,AUD CASH,CASH,,64468.0,45156.58,0.0,USD,Cash and/or Derivatives,Australia,Cash,cash,web_csv
2026-07-21,RING,IDR,IDR CASH,CASH,,3.0,0.0,0.0,USD,Cash and/or Derivatives,Indonesia,Cash,cash,web_csv
2026-07-21,RING,PLZL,POLYUS,RU000A0JNAA8,B57R0L9,625470.0,7.98,0.0,USD,Materials,Russian Federation,Equity,equity,web_csv
2026-07-21,RING,PTU6,S&P/TSE 60 INDEX SEP 26,,,7.0,0.0,0.0,USD,Cash and/or Derivatives,,Futures,derivative,web_csv
2026-07-21,RING,USD,USD CASH,CASH,,-536621.0,-536620.64,-0.02,USD,Cash and/or Derivatives,United States,Cash,cash,web_csv
2026-07-22,RING,NEM,NEWMONT,US6516391066,2636607,4057702.0,388524966.5,16.55,USD,Materials,United States,Equity,equity,web_csv
2026-07-22,RING,AEM,AGNICO EAGLE MINES LTD,CA0084741085,2009823,1878116.0,275880165.6,11.75,USD,Materials,Canada,Equity,equity,web_csv
2026-07-22,RING,ABX,BARRICK MINING CORP,CA06849F1080,BNM23Q1,5816304.0,217959121.81,9.28,USD,Materials,Canada,Equity,equity,web_csv
2026-07-22,RING,WPM,WHEATON PRECIOUS METALS CORP,CA9628791027,BF13KN5,1513199.0,168440015.07,7.17,USD,Materials,Canada,Equity,equity,web_csv
2026-07-22,RING,ANG,ANGLOGOLD ASHANTI PLC,GB00BRXH2664,BRF6FX9,1324621.0,108414264.73,4.62,USD,Materials,South Africa,Equity,equity,web_csv
2026-07-22,RING,K,KINROSS GOLD CORP,CA4969024047,B03Z841,4244564.0,102915872.48,4.38,USD,Materials,Canada,Equity,equity,web_csv
2026-07-22,RING,GFI,GOLD FIELDS LTD,ZAE000018123,6280215,2999102.0,101233744.36,4.31,USD,Materials,South Africa,Equity,equity,web_csv
2026-07-22,RING,2899,ZIJIN MINING GROUP LTD H,CNE100000502,6725299,21454000.0,91449648.61,3.9,USD,Materials,China,Equity,equity,web_csv
2026-07-22,RING,PAAS,PAN AMERICAN SILVER CORP,CA6979001089,2669272,1751276.0,79180131.12,3.37,USD,Materials,Canada,Equity,equity,web_csv
2026-07-22,RING,CDE,COEUR MINING INC,US1921085049,2208136,4917640.0,77895417.6,3.32,USD,Materials,United States,Equity,equity,web_csv
2026-07-22,RING,AGI,ALAMOS GOLD INC CLASS A,CA0115321089,BZ3DNP6,2021263.0,61680488.3,2.63,USD,Materials,Canada,Equity,equity,web_csv
2026-07-22,RING,IMG,IAMGOLD CORP,CA4509131088,2446646,3092938.0,46774524.76,1.99,USD,Materials,Canada,Equity,equity,web_csv
2026-07-22,RING,HAR,HARMONY GOLD MINING COMPANY LIMITE,ZAE000015228,6410562,2891269.0,46656790.68,1.99,USD,Materials,South Africa,Equity,equity,web_csv
2026-07-22,RING,EDV,ENDEAVOUR MINING,GB00BL6K5J42,BL6K5J4,869904.0,43548049.71,1.85,USD,Materials,United Kingdom,Equity,equity,web_csv
2026-07-22,RING,ELD,ELDORADO GOLD CORP,CA2849025093,BHZJ5Y9,1271786.0,40778057.98,1.74,USD,Materials,Canada,Equity,equity,web_csv
2026-07-22,RING,EQX,EQUINOX GOLD CORP,CA29446Y5020,BKLNP13,3991217.0,37264016.15,1.59,USD,Materials,Canada,Equity,equity,web_csv
2026-07-22,RING,SSRM,SSR MINING INC,CA7847301032,BF7MPL9,1322494.0,37155090.76,1.58,USD,Materials,Canada,Equity,equity,web_csv
2026-07-22,RING,LUG,LUNDIN GOLD INC,CA5503711080,BTKSSY6,604311.0,35140097.91,1.5,USD,Materials,Canada,Equity,equity,web_csv
2026-07-22,RING,GMD,GENESIS MINERALS LTD,AU000000GMD9,B23G0X1,7342206.0,31335544.01,1.33,USD,Materials,Australia,Equity,equity,web_csv
2026-07-22,RING,BTO,B2GOLD CORP,CA11777Q2099,B29VFC4,7182118.0,28352143.19,1.21,USD,Materials,Canada,Equity,equity,web_csv
2026-07-22,RING,OGC,OCEANAGOLD CORPORATION CORP,CA6752224007,BQXQY26,1114949.0,27342353.98,1.16,USD,Materials,Canada,Equity,equity,web_csv
2026-07-22,RING,CG,CENTERRA GOLD INC,CA1520061021,B01NXQ4,1630345.0,27213895.38,1.16,USD,Materials,Canada,Equity,equity,web_csv
2026-07-22,RING,2099,CHINA GOLD INTERNATIONAL RESOURCES,CA16890P1036,B60FNV8,1233800.0,27129972.07,1.16,USD,Materials,China,Equity,equity,web_csv
2026-07-22,RING,TXG,TOREX GOLD RESOURCES INC,CA8910546032,BD2NKY1,649424.0,25710449.25,1.1,USD,Materials,Canada,Equity,equity,web_csv
2026-07-22,RING,GMIN,G MINING VENTURES CORP,CA36270K1021,BSWW128,767738.0,24038656.54,1.02,USD,Materials,Canada,Equity,equity,web_csv
2026-07-22,RING,WDO,WESDOME GOLD MINES LTD,CA95083R1001,B0Y90N5,1184516.0,22126888.4,0.94,USD,Other,Canada,Equity,equity,web_csv
2026-07-22,RING,HOC,HOCHSCHILD MINING PLC,GB00B1FW5029,B1FW502,3013453.0,18571819.23,0.79,USD,Materials,United Kingdom,Equity,equity,web_csv
2026-07-22,RING,WGX,WESTGOLD RESOURCES LTD,AU000000WGX6,BYVQ673,4779161.0,16217138.97,0.69,USD,Materials,Australia,Equity,equity,web_csv
2026-07-22,RING,RRL,REGIS RESOURCES LTD,AU000000RRL8,6476542,3659858.0,16106297.6,0.69,USD,Materials,Australia,Equity,equity,web_csv
2026-07-22,RING,EMR,EMERALD RESOURCES,AU000000EMR4,6107381,4100278.0,15663426.88,0.67,USD,Materials,Australia,Equity,equity,web_csv
2026-07-22,RING,ARIS,ARIS MINING CORP,CA04040Y1097,BQKRCQ2,984151.0,14652736.32,0.62,USD,Materials,Canada,Equity,equity,web_csv
2026-07-22,RING,DRD,DRDGOLD LTD,ZAE000058723,6267780,6360864.0,13785910.34,0.59,USD,Materials,South Africa,Equity,equity,web_csv
2026-07-22,RING,601899,ZIJIN MINING GROUP LTD A,CNE100000B24,BP3R400,2568835.0,12209526.16,0.52,USD,Materials,China,Equity,equity,web_csv
2026-07-22,RING,TRALT.E,KOZA ALTIN ISLETMELERI A,TREKOAL00014,B3LP189,11079263.0,11695233.89,0.5,USD,Materials,Turkey,Equity,equity,web_csv
2026-07-22,RING,2259,ZIJIN GOLD INTERNATIONAL LTD,HK0001200002,BSD3B20,710900.0,10717495.5,0.46,USD,Materials,China,Equity,equity,web_csv
2026-07-22,RING,RSG,RESOLUTE MINING LTD,AU000000RSG6,6410636,13057983.0,8953297.45,0.38,USD,Materials,Australia,Equity,equity,web_csv
2026-07-22,RING,PAF,PAN AFRICAN RESOURCES PLC,GB0004300496,0430049,6220609.0,7995283.12,0.34,USD,Materials,United Kingdom,Equity,equity,web_csv
2026-07-22,RING,OBM,ORA BANDA MINING LTD,AU0000050130,BKDX544,8671406.0,6703978.87,0.29,USD,Materials,Australia,Equity,equity,web_csv
2026-07-22,RING,CYL,CATALYST METALS LTD,AU000000CYL6,B17P5V0,1592301.0,6595196.1,0.28,USD,Materials,Australia,Equity,equity,web_csv
2026-07-22,RING,MUX,MCEWEN INC,US58039P3055,BQGD8H7,352098.0,6334243.02,0.27,USD,Materials,United States,Equity,equity,web_csv
2026-07-22,RING,WAF,WEST AFRICAN RESOURCES LTD,AU000000WAF6,B4KBBN0,2576123.0,5280986.46,0.22,USD,Materials,Australia,Equity,equity,web_csv
2026-07-22,RING,XTSLA,BLK CSH FND TREASURY SL AGENCY,US0669224778,6922477,1042107.0,1042106.65,0.04,USD,Cash and/or Derivatives,United States,Money Market,cash,web_csv
2026-07-22,RING,HKD,HKD CASH,CASH,,7613292.0,971045.98,0.04,USD,Cash and/or Derivatives,Hong Kong,Cash,cash,web_csv
2026-07-22,RING,ZAR,ZAR CASH,CASH,,4267821.0,260114.04,0.01,USD,Cash and/or Derivatives,South Africa,Cash,cash,web_csv
2026-07-22,RING,CAD,CAD CASH,CASH,,197067.0,139917.33,0.01,USD,Cash and/or Derivatives,Canada,Cash,cash,web_csv
2026-07-22,RING,WFFUT,CASH COLLATERAL USD WFFUT,CASH,,108000.0,108000.0,0.0,USD,Cash and/or Derivatives,United States,Cash Collateral and Margins,cash,web_csv
2026-07-22,RING,CNH,CNH CASH,CASH,,580609.0,85701.89,0.0,USD,Cash and/or Derivatives,China,Cash,cash,web_csv
2026-07-22,RING,GBP,GBP CASH,CASH,,43537.0,58228.43,0.0,USD,Cash and/or Derivatives,United Kingdom,Cash,cash,web_csv
2026-07-22,RING,TRY,TRY CASH,CASH,,2733239.0,57889.21,0.0,USD,Cash and/or Derivatives,Turkey,Cash,cash,web_csv
2026-07-22,RING,AUD,AUD CASH,CASH,,64468.0,45105.01,0.0,USD,Cash and/or Derivatives,Australia,Cash,cash,web_csv
2026-07-22,RING,IDR,IDR CASH,CASH,,3.0,0.0,0.0,USD,Cash and/or Derivatives,Indonesia,Cash,cash,web_csv
2026-07-22,RING,PLZL,POLYUS,RU000A0JNAA8,B57R0L9,625470.0,7.97,0.0,USD,Materials,Russian Federation,Equity,equity,web_csv
2026-07-22,RING,PTU6,S&P/TSE 60 INDEX SEP 26,,,7.0,0.0,0.0,USD,Cash and/or Derivatives,,Futures,derivative,web_csv
2026-07-22,RING,USD,USD CASH,CASH,,-641597.0,-641597.0,-0.03,USD,Cash and/or Derivatives,United States,Cash,cash,web_csv
2026-07-23,RING,NEM,NEWMONT,US6516391066,2636607,3875334.0,367071636.48,16.69,USD,Materials,United States,Equity,equity,web_csv
2026-07-23,RING,AEM,AGNICO EAGLE MINES LTD,CA0084741085,2009823,1793732.0,259048642.7,11.78,USD,Materials,Canada,Equity,equity,web_csv
2026-07-23,RING,ABX,BARRICK MINING CORP,CA06849F1080,BNM23Q1,5554928.0,206266749.73,9.38,USD,Materials,Canada,Equity,equity,web_csv
2026-07-23,RING,WPM,WHEATON PRECIOUS METALS CORP,CA9628791027,BF13KN5,1445199.0,158979584.05,7.23,USD,Materials,Canada,Equity,equity,web_csv
2026-07-23,RING,ANG,ANGLOGOLD ASHANTI PLC,GB00BRXH2664,BRF6FX9,1265101.0,98772498.53,4.49,USD,Materials,South Africa,Equity,equity,web_csv
2026-07-23,RING,K,KINROSS GOLD CORP,CA4969024047,B03Z841,4053812.0,96025346.19,4.37,USD,Materials,Canada,Equity,equity,web_csv
2026-07-23,RING,GFI,GOLD FIELDS LTD,ZAE000018123,6280215,2864318.0,92886260.09,4.22,USD,Materials,South Africa,Equity,equity,web_csv
2026-07-23,RING,2899,ZIJIN MINING GROUP LTD H,CNE100000502,6725299,20494000.0,87608337.96,3.98,USD,Materials,China,Equity,equity,web_csv
2026-07-23,RING,PAAS,PAN AMERICAN SILVER CORP,CA6979001089,2669272,1672588.0,73825392.61,3.36,USD,Materials,Canada,Equity,equity,web_csv
2026-07-23,RING,CDE,COEUR MINING INC,US1921085049,2208136,4696648.0,71576915.52,3.25,USD,Materials,United States,Equity,equity,web_csv
2026-07-23,RING,AGI,ALAMOS GOLD INC CLASS A,CA0115321089,BZ3DNP6,1930447.0,56690393.89,2.58,USD,Materials,Canada,Equity,equity,web_csv
2026-07-23,RING,IMG,IAMGOLD CORP,CA4509131088,2446646,2953930.0,43362748.82,1.97,USD,Materials,Canada,Equity,equity,web_csv
2026-07-23,RING,HAR,HARMONY GOLD MINING COMPANY LIMITE,ZAE000015228,6410562,2761349.0,42809669.47,1.95,USD,Materials,South Africa,Equity,equity,web_csv
2026-07-23,RING,EDV,ENDEAVOUR MINING,GB00BL6K5J42,BL6K5J4,830832.0,39431291.7,1.79,USD,Materials,United Kingdom,Equity,equity,web_csv
2026-07-23,RING,ELD,ELDORADO GOLD CORP,CA2849025093,BHZJ5Y9,1214634.0,38833799.72,1.77,USD,Materials,Canada,Equity,equity,web_csv
2026-07-23,RING,EQX,EQUINOX GOLD CORP,CA29446Y5020,BKLNP13,3811857.0,35338315.83,1.61,USD,Materials,Canada,Equity,equity,web_csv
2026-07-23,RING,SSRM,SSR MINING INC,CA7847301032,BF7MPL9,1263070.0,34321433.61,1.56,USD,Materials,Canada,Equity,equity,web_csv
2026-07-23,RING,LUG,LUNDIN GOLD INC,CA5503711080,BTKSSY6,577175.0,32375061.93,1.47,USD,Materials,Canada,Equity,equity,web_csv
2026-07-23,RING,GMD,GENESIS MINERALS LTD,AU000000GMD9,B23G0X1,7012222.0,30020128.79,1.36,USD,Materials,Australia,Equity,equity,web_csv
2026-07-23,RING,2099,CHINA GOLD INTERNATIONAL RESOURCES,CA16890P1036,B60FNV8,1179400.0,26351778.1,1.2,USD,Materials,China,Equity,equity,web_csv
2026-07-23,RING,BTO,B2GOLD CORP,CA11777Q2099,B29VFC4,6859334.0,26341790.2,1.2,USD,Materials,Canada,Equity,equity,web_csv
2026-07-23,RING,CG,CENTERRA GOLD INC,CA1520061021,B01NXQ4,1557097.0,25311461.44,1.15,USD,Materials,Canada,Equity,equity,web_csv
2026-07-23,RING,OGC,OCEANAGOLD CORPORATION CORP,CA6752224007,BQXQY26,1064869.0,25057964.4,1.14,USD,Materials,Canada,Equity,equity,web_csv
2026-07-23,RING,TXG,TOREX GOLD RESOURCES INC,CA8910546032,BD2NKY1,620240.0,23559213.77,1.07,USD,Materials,Canada,Equity,equity,web_csv
2026-07-23,RING,GMIN,G MINING VENTURES CORP,CA36270K1021,BSWW128,733242.0,22256204.38,1.01,USD,Materials,Canada,Equity,equity,web_csv
2026-07-23,RING,WDO,WESDOME GOLD MINES LTD,CA95083R1001,B0Y90N5,1131300.0,20742842.24,0.94,USD,Other,Canada,Equity,equity,web_csv
2026-07-23,RING,HOC,HOCHSCHILD MINING PLC,GB00B1FW5029,B1FW502,2878029.0,16786469.65,0.76,USD,Materials,United Kingdom,Equity,equity,web_csv
2026-07-23,RING,RRL,REGIS RESOURCES LTD,AU000000RRL8,6476542,3495378.0,15475917.17,0.7,USD,Materials,Australia,Equity,equity,web_csv
2026-07-23,RING,WGX,WESTGOLD RESOURCES LTD,AU000000WGX6,BYVQ673,4564377.0,15085106.23,0.69,USD,Materials,Australia,Equity,equity,web_csv
2026-07-23,RING,EMR,EMERALD RESOURCES,AU000000EMR4,6107381,3916022.0,15044759.33,0.68,USD,Materials,Australia,Equity,equity,web_csv
2026-07-23,RING,ARIS,ARIS MINING CORP,CA04040Y1097,BQKRCQ2,939927.0,13704419.22,0.62,USD,Materials,Canada,Equity,equity,web_csv
2026-07-23,RING,DRD,DRDGOLD LTD,ZAE000058723,6267780,6075008.0,12515505.02,0.57,USD,Materials,South Africa,Equity,equity,web_csv
2026-07-23,RING,601899,ZIJIN MINING GROUP LTD A,CNE100000B24,BP3R400,2453635.0,11969216.17,0.54,USD,Materials,China,Equity,equity,web_csv
2026-07-23,RING,TRALT.E,KOZA ALTIN ISLETMELERI A,TREKOAL00014,B3LP189,10581343.0,11323952.34,0.51,USD,Materials,Turkey,Equity,equity,web_csv
2026-07-23,RING,2259,ZIJIN GOLD INTERNATIONAL LTD,HK0001200002,BSD3B20,682100.0,10395147.46,0.47,USD,Materials,China,Equity,equity,web_csv
2026-07-23,RING,RSG,RESOLUTE MINING LTD,AU000000RSG6,6410636,12471135.0,8652021.38,0.39,USD,Materials,Australia,Equity,equity,web_csv
2026-07-23,RING,PAF,PAN AFRICAN RESOURCES PLC,GB0004300496,0430049,5941057.0,7282451.57,0.33,USD,Materials,United Kingdom,Equity,equity,web_csv
2026-07-23,RING,CYL,CATALYST METALS LTD,AU000000CYL6,B17P5V0,1520749.0,6372656.86,0.29,USD,Materials,Australia,Equity,equity,web_csv
2026-07-23,RING,OBM,ORA BANDA MINING LTD,AU0000050130,BKDX544,8281710.0,6294120.3,0.29,USD,Materials,Australia,Equity,equity,web_csv
2026-07-23,RING,MUX,MCEWEN INC,US58039P3055,BQGD8H7,336290.0,5915341.1,0.27,USD,Materials,United States,Equity,equity,web_csv
2026-07-23,RING,WAF,WEST AFRICAN RESOURCES LTD,AU000000WAF6,B4KBBN0,2460347.0,5060656.99,0.23,USD,Materials,Australia,Equity,equity,web_csv
2026-07-23,RING,HKD,HKD CASH,CASH,,16958144.0,2162683.81,0.1,USD,Cash and/or Derivatives,Hong Kong,Cash,cash,web_csv
2026-07-23,RING,XTSLA,BLK CSH FND TREASURY SL AGENCY,US0669224778,6922477,1042107.0,1042106.65,0.05,USD,Cash and/or Derivatives,United States,Money Market,cash,web_csv
2026-07-23,RING,ZAR,ZAR CASH,CASH,,4267821.0,254852.35,0.01,USD,Cash and/or Derivatives,South Africa,Cash,cash,web_csv
2026-07-23,RING,CAD,CAD CASH,CASH,,179413.0,127355.95,0.01,USD,Cash and/or Derivatives,Canada,Cash,cash,web_csv
2026-07-23,RING,WFFUT,CASH COLLATERAL USD WFFUT,CASH,,108000.0,108000.0,0.0,USD,Cash and/or Derivatives,United States,Cash Collateral and Margins,cash,web_csv
2026-07-23,RING,CNH,CNH CASH,CASH,,580609.0,85671.54,0.0,USD,Cash and/or Derivatives,China,Cash,cash,web_csv
2026-07-23,RING,GBP,GBP CASH,CASH,,43537.0,57975.91,0.0,USD,Cash and/or Derivatives,United Kingdom,Cash,cash,web_csv
2026-07-23,RING,TRY,TRY CASH,CASH,,2733239.0,57864.7,0.0,USD,Cash and/or Derivatives,Turkey,Cash,cash,web_csv
2026-07-23,RING,AUD,AUD CASH,CASH,,64468.0,44950.29,0.0,USD,Cash and/or Derivatives,Australia,Cash,cash,web_csv
2026-07-23,RING,IDR,IDR CASH,CASH,,3.0,0.0,0.0,USD,Cash and/or Derivatives,Indonesia,Cash,cash,web_csv
2026-07-23,RING,PLZL,POLYUS,RU000A0JNAA8,B57R0L9,625470.0,7.98,0.0,USD,Materials,Russian Federation,Equity,equity,web_csv
2026-07-23,RING,PTU6,S&P/TSE 60 INDEX SEP 26,,,11.0,0.0,0.0,USD,Cash and/or Derivatives,,Futures,derivative,web_csv
2026-07-23,RING,USD,USD CASH,CASH,,-920577.0,-920576.68,-0.04,USD,Cash and/or Derivatives,United States,Cash,cash,web_csv
2026-07-24,RING,NEM,NEWMONT,US6516391066,2636607,3778451.0,352113848.69,16.46,USD,Materials,United States,Equity,equity,web_csv
2026-07-24,RING,AEM,AGNICO EAGLE MINES LTD,CA0084741085,2009823,1748903.0,254371212.89,11.89,USD,Materials,Canada,Equity,equity,web_csv
2026-07-24,RING,ABX,BARRICK MINING CORP,CA06849F1080,BNM23Q1,5416055.0,201311166.21,9.41,USD,Materials,Canada,Equity,equity,web_csv
2026-07-24,RING,WPM,WHEATON PRECIOUS METALS CORP,CA9628791027,BF13KN5,1409074.0,157373197.44,7.35,USD,Materials,Canada,Equity,equity,web_csv
2026-07-24,RING,ANG,ANGLOGOLD ASHANTI PLC,GB00BRXH2664,BRF6FX9,1233481.0,97745322.42,4.57,USD,Materials,South Africa,Equity,equity,web_csv
2026-07-24,RING,K,KINROSS GOLD CORP,CA4969024047,B03Z841,3952475.0,94478790.26,4.42,USD,Materials,Canada,Equity,equity,web_csv
2026-07-24,RING,GFI,GOLD FIELDS LTD,ZAE000018123,6280215,2792714.0,91175644.7,4.26,USD,Materials,South Africa,Equity,equity,web_csv
2026-07-24,RING,2899,ZIJIN MINING GROUP LTD H,CNE100000502,6725299,19984000.0,82514909.46,3.86,USD,Materials,China,Equity,equity,web_csv
2026-07-24,RING,PAAS,PAN AMERICAN SILVER CORP,CA6979001089,2669272,1630785.0,71906714.95,3.36,USD,Materials,Canada,Equity,equity,web_csv
2026-07-24,RING,CDE,COEUR MINING INC,US1921085049,2208136,4579246.0,69283991.98,3.24,USD,Materials,United States,Equity,equity,web_csv
2026-07-24,RING,AGI,ALAMOS GOLD INC CLASS A,CA0115321089,BZ3DNP6,1882201.0,55778324.56,2.61,USD,Materials,Canada,Equity,equity,web_csv
2026-07-24,RING,HAR,HARMONY GOLD MINING COMPANY LIMITE,ZAE000015228,6410562,2692329.0,42949162.7,2.01,USD,Materials,South Africa,Equity,equity,web_csv
2026-07-24,RING,IMG,IAMGOLD CORP,CA4509131088,2446646,2880082.0,42255792.44,1.97,USD,Materials,Canada,Equity,equity,web_csv
2026-07-24,RING,EDV,ENDEAVOUR MINING,GB00BL6K5J42,BL6K5J4,810075.0,38943623.32,1.82,USD,Materials,United Kingdom,Equity,equity,web_csv
2026-07-24,RING,ELD,ELDORADO GOLD CORP,CA2849025093,BHZJ5Y9,1184272.0,37837160.3,1.77,USD,Materials,Canada,Equity,equity,web_csv
2026-07-24,RING,EQX,EQUINOX GOLD CORP,CA29446Y5020,BKLNP13,3716572.0,34522431.39,1.61,USD,Materials,Canada,Equity,equity,web_csv
2026-07-24,RING,SSRM,SSR MINING INC,CA7847301032,BF7MPL9,1231501.0,33145536.98,1.55,USD,Materials,Canada,Equity,equity,web_csv
2026-07-24,RING,LUG,LUNDIN GOLD INC,CA5503711080,BTKSSY6,562759.0,31723757.71,1.48,USD,Materials,Canada,Equity,equity,web_csv
2026-07-24,RING,GMD,GENESIS MINERALS LTD,AU000000GMD9,B23G0X1,6836918.0,28046743.45,1.31,USD,Materials,Australia,Equity,equity,web_csv
2026-07-24,RING,BTO,B2GOLD CORP,CA11777Q2099,B29VFC4,6687855.0,25836687.28,1.21,USD,Materials,Canada,Equity,equity,web_csv
2026-07-24,RING,OGC,OCEANAGOLD CORPORATION CORP,CA6752224007,BQXQY26,1038264.0,24751995.51,1.16,USD,Materials,Canada,Equity,equity,web_csv
2026-07-24,RING,CG,CENTERRA GOLD INC,CA1520061021,B01NXQ4,1518184.0,24657080.62,1.15,USD,Materials,Canada,Equity,equity,web_csv
2026-07-24,RING,2099,CHINA GOLD INTERNATIONAL RESOURCES,CA16890P1036,B60FNV8,1150500.0,24573928.84,1.15,USD,Materials,China,Equity,equity,web_csv
2026-07-24,RING,TXG,TOREX GOLD RESOURCES INC,CA8910546032,BD2NKY1,604736.0,23456791.05,1.1,USD,Materials,Canada,Equity,equity,web_csv
2026-07-24,RING,GMIN,G MINING VENTURES CORP,CA36270K1021,BSWW128,714916.0,21831046.41,1.02,USD,Materials,Canada,Equity,equity,web_csv
2026-07-24,RING,WDO,WESDOME GOLD MINES LTD,CA95083R1001,B0Y90N5,1103029.0,20475928.03,0.96,USD,Other,Canada,Equity,equity,web_csv
2026-07-24,RING,HOC,HOCHSCHILD MINING PLC,GB00B1FW5029,B1FW502,2806085.0,16627818.09,0.78,USD,Materials,United Kingdom,Equity,equity,web_csv
2026-07-24,RING,WGX,WESTGOLD RESOURCES LTD,AU000000WGX6,BYVQ673,4450273.0,14368538.58,0.67,USD,Materials,Australia,Equity,equity,web_csv
2026-07-24,RING,RRL,REGIS RESOURCES LTD,AU000000RRL8,6476542,3407998.0,14218626.03,0.66,USD,Materials,Australia,Equity,equity,web_csv
2026-07-24,RING,EMR,EMERALD RESOURCES,AU000000EMR4,6107381,3818136.0,13848499.54,0.65,USD,Materials,Australia,Equity,equity,web_csv
2026-07-24,RING,ARIS,ARIS MINING CORP,CA04040Y1097,BQKRCQ2,916433.0,13458675.88,0.63,USD,Materials,Canada,Equity,equity,web_csv
2026-07-24,RING,DRD,DRDGOLD LTD,ZAE000058723,6267780,5923147.0,12449573.41,0.58,USD,Materials,South Africa,Equity,equity,web_csv
2026-07-24,RING,601899,ZIJIN MINING GROUP LTD A,CNE100000B24,BP3R400,2392435.0,11131794.74,0.52,USD,Materials,China,Equity,equity,web_csv
2026-07-24,RING,TRALT.E,KOZA ALTIN ISLETMELERI A,TREKOAL00014,B3LP189,10316823.0,10703608.53,0.5,USD,Materials,Turkey,Equity,equity,web_csv
2026-07-24,RING,2259,ZIJIN GOLD INTERNATIONAL LTD,HK0001200002,BSD3B20,665100.0,9753443.0,0.46,USD,Materials,China,Equity,equity,web_csv
2026-07-24,RING,RSG,RESOLUTE MINING LTD,AU000000RSG6,6410636,12159372.0,7860258.84,0.37,USD,Materials,Australia,Equity,equity,web_csv
2026-07-24,RING,PAF,PAN AFRICAN RESOURCES PLC,GB0004300496,0430049,5792545.0,7322708.32,0.34,USD,Materials,United Kingdom,Equity,equity,web_csv
2026-07-24,RING,OBM,ORA BANDA MINING LTD,AU0000050130,BKDX544,8074684.0,5925142.56,0.28,USD,Materials,Australia,Equity,equity,web_csv
2026-07-24,RING,CYL,CATALYST METALS LTD,AU000000CYL6,B17P5V0,1482737.0,5833866.54,0.27,USD,Materials,Australia,Equity,equity,web_csv
2026-07-24,RING,MUX,MCEWEN INC,US58039P3055,BQGD8H7,327892.0,5629905.64,0.26,USD,Materials,United States,Equity,equity,web_csv
2026-07-24,RING,WAF,WEST AFRICAN RESOURCES LTD,AU000000WAF6,B4KBBN0,2398841.0,4694004.09,0.22,USD,Materials,Australia,Equity,equity,web_csv
2026-07-24,RING,HKD,HKD CASH,CASH,,16958144.0,2162476.98,0.1,USD,Cash and/or Derivatives,Hong Kong,Cash,cash,web_csv
2026-07-24,RING,XTSLA,BLK CSH FND TREASURY SL AGENCY,US0669224778,6922477,1324213.0,1324212.66,0.06,USD,Cash and/or Derivatives,United States,Money Market,cash,web_csv
2026-07-24,RING,ZAR,ZAR CASH,CASH,,4267821.0,253829.23,0.01,USD,Cash and/or Derivatives,South Africa,Cash,cash,web_csv
2026-07-24,RING,WFFUT,CASH COLLATERAL USD WFFUT,CASH,,170000.0,170000.0,0.01,USD,Cash and/or Derivatives,United States,Cash Collateral and Margins,cash,web_csv
2026-07-24,RING,CAD,CAD CASH,CASH,,204933.0,145533.28,0.01,USD,Cash and/or Derivatives,Canada,Cash,cash,web_csv
2026-07-24,RING,CNH,CNH CASH,CASH,,580609.0,85735.42,0.0,USD,Cash and/or Derivatives,China,Cash,cash,web_csv
2026-07-24,RING,GBP,GBP CASH,CASH,,43537.0,58025.98,0.0,USD,Cash and/or Derivatives,United Kingdom,Cash,cash,web_csv
2026-07-24,RING,TRY,TRY CASH,CASH,,2733239.0,57730.26,0.0,USD,Cash and/or Derivatives,Turkey,Cash,cash,web_csv
2026-07-24,RING,AUD,AUD CASH,CASH,,64468.0,45053.43,0.0,USD,Cash and/or Derivatives,Australia,Cash,cash,web_csv
2026-07-24,RING,IDR,IDR CASH,CASH,,3.0,0.0,0.0,USD,Cash and/or Derivatives,Indonesia,Cash,cash,web_csv
2026-07-24,RING,PLZL,POLYUS,RU000A0JNAA8,B57R0L9,625470.0,8.05,0.0,USD,Materials,Russian Federation,Equity,equity,web_csv
2026-07-24,RING,PTU6,S&P/TSE 60 INDEX SEP 26,,,11.0,0.0,0.0,USD,Cash and/or Derivatives,,Futures,derivative,web_csv
2026-07-24,RING,USD,USD CASH,CASH,,-1394900.0,-1394899.77,-0.07,USD,Cash and/or Derivatives,United States,Cash,cash,web_csv
2026-07-27,RING,NEM,NEWMONT,US6516391066,2636607,3778451.0,353171814.97,16.39,USD,Materials,United States,Equity,equity,web_csv
2026-07-27,RING,AEM,AGNICO EAGLE MINES LTD,CA0084741085,2009823,1748903.0,255492132.03,11.86,USD,Materials,Canada,Equity,equity,web_csv
2026-07-27,RING,ABX,BARRICK MINING CORP,CA06849F1080,BNM23Q1,5416055.0,202504851.63,9.4,USD,Materials,Canada,Equity,equity,web_csv
2026-07-27,RING,WPM,WHEATON PRECIOUS METALS CORP,CA9628791027,BF13KN5,1409074.0,157924912.54,7.33,USD,Materials,Canada,Equity,equity,web_csv
2026-07-27,RING,ANG,ANGLOGOLD ASHANTI PLC,GB00BRXH2664,BRF6FX9,1233481.0,98971832.52,4.59,USD,Materials,South Africa,Equity,equity,web_csv
2026-07-27,RING,K,KINROSS GOLD CORP,CA4969024047,B03Z841,3952475.0,94572629.57,4.39,USD,Materials,Canada,Equity,equity,web_csv
2026-07-27,RING,GFI,GOLD FIELDS LTD,ZAE000018123,6280215,2792714.0,91220869.66,4.23,USD,Materials,South Africa,Equity,equity,web_csv
2026-07-27,RING,2899,ZIJIN MINING GROUP LTD H,CNE100000502,6725299,19984000.0,83276753.48,3.86,USD,Materials,China,Equity,equity,web_csv
2026-07-27,RING,PAAS,PAN AMERICAN SILVER CORP,CA6979001089,2669272,1630785.0,71963219.47,3.34,USD,Materials,Canada,Equity,equity,web_csv
2026-07-27,RING,CDE,COEUR MINING INC,US1921085049,2208136,4579246.0,70337218.56,3.26,USD,Materials,United States,Equity,equity,web_csv
2026-07-27,RING,AGI,ALAMOS GOLD INC CLASS A,CA0115321089,BZ3DNP6,1882201.0,55945252.38,2.6,USD,Materials,Canada,Equity,equity,web_csv
2026-07-27,RING,HAR,HARMONY GOLD MINING COMPANY LIMITE,ZAE000015228,6410562,2692329.0,42424090.67,1.97,USD,Materials,South Africa,Equity,equity,web_csv
2026-07-27,RING,IMG,IAMGOLD CORP,CA4509131088,2446646,2880082.0,42404863.4,1.97,USD,Materials,Canada,Equity,equity,web_csv
2026-07-27,RING,ELD,ELDORADO GOLD CORP,CA2849025093,BHZJ5Y9,1184272.0,38548521.4,1.79,USD,Materials,Canada,Equity,equity,web_csv
2026-07-27,RING,EDV,ENDEAVOUR MINING,GB00BL6K5J42,BL6K5J4,810075.0,38532160.3,1.79,USD,Materials,United Kingdom,Equity,equity,web_csv
2026-07-27,RING,EQX,EQUINOX GOLD CORP,CA29446Y5020,BKLNP13,3716572.0,35339494.98,1.64,USD,Materials,Canada,Equity,equity,web_csv
2026-07-27,RING,SSRM,SSR MINING INC,CA7847301032,BF7MPL9,1231501.0,32415957.88,1.5,USD,Materials,Canada,Equity,equity,web_csv
2026-07-27,RING,LUG,LUNDIN GOLD INC,CA5503711080,BTKSSY6,562759.0,32405444.38,1.5,USD,Materials,Canada,Equity,equity,web_csv
2026-07-27,RING,GMD,GENESIS MINERALS LTD,AU000000GMD9,B23G0X1,6836918.0,29401396.71,1.36,USD,Materials,Australia,Equity,equity,web_csv
2026-07-27,RING,BTO,B2GOLD CORP,CA11777Q2099,B29VFC4,6687855.0,25825493.14,1.2,USD,Materials,Canada,Equity,equity,web_csv
2026-07-27,RING,OGC,OCEANAGOLD CORPORATION CORP,CA6752224007,BQXQY26,1038264.0,25100483.71,1.16,USD,Materials,Canada,Equity,equity,web_csv
2026-07-27,RING,CG,CENTERRA GOLD INC,CA1520061021,B01NXQ4,1518184.0,25042210.31,1.16,USD,Materials,Canada,Equity,equity,web_csv
2026-07-27,RING,2099,CHINA GOLD INTERNATIONAL RESOURCES,CA16890P1036,B60FNV8,1150500.0,24969249.9,1.16,USD,Materials,China,Equity,equity,web_csv
2026-07-27,RING,TXG,TOREX GOLD RESOURCES INC,CA8910546032,BD2NKY1,604736.0,23660695.02,1.1,USD,Materials,Canada,Equity,equity,web_csv
2026-07-27,RING,GMIN,G MINING VENTURES CORP,CA36270K1021,BSWW128,714916.0,22065214.84,1.02,USD,Materials,Canada,Equity,equity,web_csv
2026-07-27,RING,WDO,WESDOME GOLD MINES LTD,CA95083R1001,B0Y90N5,1103029.0,20765565.26,0.96,USD,Other,Canada,Equity,equity,web_csv
2026-07-27,RING,HOC,HOCHSCHILD MINING PLC,GB00B1FW5029,B1FW502,2806085.0,16647012.27,0.77,USD,Materials,United Kingdom,Equity,equity,web_csv
2026-07-27,RING,WGX,WESTGOLD RESOURCES LTD,AU000000WGX6,BYVQ673,4450273.0,15248081.64,0.71,USD,Materials,Australia,Equity,equity,web_csv
2026-07-27,RING,EMR,EMERALD RESOURCES,AU000000EMR4,6107381,3818136.0,14710772.1,0.68,USD,Materials,Australia,Equity,equity,web_csv
2026-07-27,RING,RRL,REGIS RESOURCES LTD,AU000000RRL8,6476542,3407998.0,14655712.0,0.68,USD,Materials,Australia,Equity,equity,web_csv
2026-07-27,RING,ARIS,ARIS MINING CORP,CA04040Y1097,BQKRCQ2,916433.0,13629453.13,0.63,USD,Materials,Canada,Equity,equity,web_csv
2026-07-27,RING,DRD,DRDGOLD LTD,ZAE000058723,6267780,5923147.0,12331188.62,0.57,USD,Materials,South Africa,Equity,equity,web_csv
2026-07-27,RING,601899,ZIJIN MINING GROUP LTD A,CNE100000B24,BP3R400,2392435.0,11233765.92,0.52,USD,Materials,China,Equity,equity,web_csv
2026-07-27,RING,TRALT.E,KOZA ALTIN ISLETMELERI A,TREKOAL00014,B3LP189,10316823.0,10515319.82,0.49,USD,Materials,Turkey,Equity,equity,web_csv
2026-07-27,RING,2259,ZIJIN GOLD INTERNATIONAL LTD,HK0001200002,BSD3B20,665100.0,10049966.53,0.47,USD,Materials,China,Equity,equity,web_csv
2026-07-27,RING,RSG,RESOLUTE MINING LTD,AU000000RSG6,6410636,12159372.0,8204855.44,0.38,USD,Materials,Australia,Equity,equity,web_csv
2026-07-27,RING,PAF,PAN AFRICAN RESOURCES PLC,GB0004300496,0430049,5792545.0,7319706.05,0.34,USD,Materials,United Kingdom,Equity,equity,web_csv
2026-07-27,RING,OBM,ORA BANDA MINING LTD,AU0000050130,BKDX544,8074684.0,6323769.52,0.29,USD,Materials,Australia,Equity,equity,web_csv
2026-07-27,RING,CYL,CATALYST METALS LTD,AU000000CYL6,B17P5V0,1482737.0,6189718.97,0.29,USD,Materials,Australia,Equity,equity,web_csv
2026-07-27,RING,MUX,MCEWEN INC,US58039P3055,BQGD8H7,327892.0,5702041.88,0.26,USD,Materials,United States,Equity,equity,web_csv
2026-07-27,RING,WAF,WEST AFRICAN RESOURCES LTD,AU000000WAF6,B4KBBN0,2398841.0,4931525.33,0.23,USD,Materials,Australia,Equity,equity,web_csv
2026-07-27,RING,HKD,HKD CASH,CASH,,16958144.0,2162408.04,0.1,USD,Cash and/or Derivatives,Hong Kong,Cash,cash,web_csv
2026-07-27,RING,XTSLA,BLK CSH FND TREASURY SL AGENCY,US0669224778,6922477,1200002.0,1200002.34,0.06,USD,Cash and/or Derivatives,United States,Money Market,cash,web_csv
2026-07-27,RING,ZAR,ZAR CASH,CASH,,4267821.0,255023.67,0.01,USD,Cash and/or Derivatives,South Africa,Cash,cash,web_csv
2026-07-27,RING,WFFUT,CASH COLLATERAL USD WFFUT,CASH,,170000.0,170000.0,0.01,USD,Cash and/or Derivatives,United States,Cash Collateral and Margins,cash,web_csv
2026-07-27,RING,CAD,CAD CASH,CASH,,204933.0,145203.31,0.01,USD,Cash and/or Derivatives,Canada,Cash,cash,web_csv
2026-07-27,RING,CNH,CNH CASH,CASH,,580609.0,85812.72,0.0,USD,Cash and/or Derivatives,China,Cash,cash,web_csv
2026-07-27,RING,GBP,GBP CASH,CASH,,43537.0,57910.61,0.0,USD,Cash and/or Derivatives,United Kingdom,Cash,cash,web_csv
2026-07-27,RING,TRY,TRY CASH,CASH,,2733239.0,57725.38,0.0,USD,Cash and/or Derivatives,Turkey,Cash,cash,web_csv
2026-07-27,RING,AUD,AUD CASH,CASH,,64468.0,45079.22,0.0,USD,Cash and/or Derivatives,Australia,Cash,cash,web_csv
2026-07-27,RING,IDR,IDR CASH,CASH,,3.0,0.0,0.0,USD,Cash and/or Derivatives,Indonesia,Cash,cash,web_csv
2026-07-27,RING,PLZL,POLYUS,RU000A0JNAA8,B57R0L9,625470.0,8.02,0.0,USD,Materials,Russian Federation,Equity,equity,web_csv
2026-07-27,RING,HKD,HKD/USD,,,-1122772.0,-1.14,0.0,USD,Cash and/or Derivatives,United States,FX,fx,web_csv
2026-07-27,RING,PTU6,S&P/TSE 60 INDEX SEP 26,,,11.0,0.0,0.0,USD,Cash and/or Derivatives,,Futures,derivative,web_csv
2026-07-27,RING,USD,USD CASH,CASH,,-1340975.0,-1340974.81,-0.06,USD,Cash and/or Derivatives,United States,Cash,cash,web_csv
2026-07-28,RING,NEM,NEWMONT,US6516391066,2636607,3778451.0,345803835.52,16.33,USD,Materials,United States,Equity,equity,web_csv
2026-07-28,RING,AEM,AGNICO EAGLE MINES LTD,CA0084741085,2009823,1748903.0,251600487.6,11.88,USD,Materials,Canada,Equity,equity,web_csv
2026-07-28,RING,ABX,BARRICK MINING CORP,CA06849F1080,BNM23Q1,5416055.0,199101316.42,9.4,USD,Materials,Canada,Equity,equity,web_csv
2026-07-28,RING,WPM,WHEATON PRECIOUS METALS CORP,CA9628791027,BF13KN5,1409074.0,154419205.35,7.29,USD,Materials,Canada,Equity,equity,web_csv
2026-07-28,RING,ANG,ANGLOGOLD ASHANTI PLC,GB00BRXH2664,BRF6FX9,1233481.0,96918074.18,4.58,USD,Materials,South Africa,Equity,equity,web_csv
2026-07-28,RING,K,KINROSS GOLD CORP,CA4969024047,B03Z841,3952475.0,93063699.35,4.4,USD,Materials,Canada,Equity,equity,web_csv
2026-07-28,RING,GFI,GOLD FIELDS LTD,ZAE000018123,6280215,2792714.0,90525875.38,4.28,USD,Materials,South Africa,Equity,equity,web_csv
2026-07-28,RING,2899,ZIJIN MINING GROUP LTD H,CNE100000502,6725299,19984000.0,82672553.26,3.9,USD,Materials,China,Equity,equity,web_csv
2026-07-28,RING,PAAS,PAN AMERICAN SILVER CORP,CA6979001089,2669272,1630785.0,70563868.66,3.33,USD,Materials,Canada,Equity,equity,web_csv
2026-07-28,RING,CDE,COEUR MINING INC,US1921085049,2208136,4579246.0,68276557.86,3.22,USD,Materials,United States,Equity,equity,web_csv
2026-07-28,RING,AGI,ALAMOS GOLD INC CLASS A,CA0115321089,BZ3DNP6,1882201.0,54312865.18,2.57,USD,Materials,Canada,Equity,equity,web_csv
2026-07-28,RING,HAR,HARMONY GOLD MINING COMPANY LIMITE,ZAE000015228,6410562,2692329.0,41824849.7,1.98,USD,Materials,South Africa,Equity,equity,web_csv
2026-07-28,RING,IMG,IAMGOLD CORP,CA4509131088,2446646,2880082.0,41104647.92,1.94,USD,Materials,Canada,Equity,equity,web_csv
2026-07-28,RING,EDV,ENDEAVOUR MINING,GB00BL6K5J42,BL6K5J4,810075.0,38632397.36,1.82,USD,Materials,United Kingdom,Equity,equity,web_csv
2026-07-28,RING,ELD,ELDORADO GOLD CORP,CA2849025093,BHZJ5Y9,1184272.0,38144901.95,1.8,USD,Materials,Canada,Equity,equity,web_csv
2026-07-28,RING,EQX,EQUINOX GOLD CORP,CA29446Y5020,BKLNP13,3716572.0,33965481.29,1.6,USD,Materials,Canada,Equity,equity,web_csv
2026-07-28,RING,LUG,LUNDIN GOLD INC,CA5503711080,BTKSSY6,562759.0,32358293.38,1.53,USD,Materials,Canada,Equity,equity,web_csv
2026-07-28,RING,SSRM,SSR MINING INC,CA7847301032,BF7MPL9,1231501.0,31319040.64,1.48,USD,Materials,Canada,Equity,equity,web_csv
2026-07-28,RING,GMD,GENESIS MINERALS LTD,AU000000GMD9,B23G0X1,6836918.0,28962825.51,1.37,USD,Materials,Australia,Equity,equity,web_csv
2026-07-28,RING,BTO,B2GOLD CORP,CA11777Q2099,B29VFC4,6687855.0,25747139.32,1.22,USD,Materials,Canada,Equity,equity,web_csv
2026-07-28,RING,2099,CHINA GOLD INTERNATIONAL RESOURCES,CA16890P1036,B60FNV8,1150500.0,25206228.36,1.19,USD,Materials,China,Equity,equity,web_csv
2026-07-28,RING,OGC,OCEANAGOLD CORPORATION CORP,CA6752224007,BQXQY26,1038264.0,25064971.6,1.18,USD,Materials,Canada,Equity,equity,web_csv
2026-07-28,RING,CG,CENTERRA GOLD INC,CA1520061021,B01NXQ4,1518184.0,24433887.62,1.15,USD,Materials,Canada,Equity,equity,web_csv
2026-07-28,RING,TXG,TOREX GOLD RESOURCES INC,CA8910546032,BD2NKY1,604736.0,23234176.21,1.1,USD,Materials,Canada,Equity,equity,web_csv
2026-07-28,RING,GMIN,G MINING VENTURES CORP,CA36270K1021,BSWW128,714916.0,21339263.07,1.01,USD,Materials,Canada,Equity,equity,web_csv
2026-07-28,RING,WDO,WESDOME GOLD MINES LTD,CA95083R1001,B0Y90N5,1103029.0,20645868.77,0.98,USD,Other,Canada,Equity,equity,web_csv
2026-07-28,RING,HOC,HOCHSCHILD MINING PLC,GB00B1FW5029,B1FW502,2806085.0,16582281.22,0.78,USD,Materials,United Kingdom,Equity,equity,web_csv
2026-07-28,RING,WGX,WESTGOLD RESOURCES LTD,AU000000WGX6,BYVQ673,4450273.0,14914500.3,0.7,USD,Materials,Australia,Equity,equity,web_csv
2026-07-28,RING,RRL,REGIS RESOURCES LTD,AU000000RRL8,6476542,3407998.0,14579568.8,0.69,USD,Materials,Australia,Equity,equity,web_csv
2026-07-28,RING,EMR,EMERALD RESOURCES,AU000000EMR4,6107381,3818136.0,14445354.38,0.68,USD,Materials,Australia,Equity,equity,web_csv
2026-07-28,RING,ARIS,ARIS MINING CORP,CA04040Y1097,BQKRCQ2,916433.0,13274292.74,0.63,USD,Materials,Canada,Equity,equity,web_csv
2026-07-28,RING,DRD,DRDGOLD LTD,ZAE000058723,6267780,5923147.0,12216794.65,0.58,USD,Materials,South Africa,Equity,equity,web_csv
2026-07-28,RING,601899,ZIJIN MINING GROUP LTD A,CNE100000B24,BP3R400,2392435.0,11194888.8,0.53,USD,Materials,China,Equity,equity,web_csv
2026-07-28,RING,TRALT.E,KOZA ALTIN ISLETMELERI A,TREKOAL00014,B3LP189,10316823.0,10116549.72,0.48,USD,Materials,Turkey,Equity,equity,web_csv
2026-07-28,RING,2259,ZIJIN GOLD INTERNATIONAL LTD,HK0001200002,BSD3B20,665100.0,9686148.78,0.46,USD,Materials,China,Equity,equity,web_csv
2026-07-28,RING,RSG,RESOLUTE MINING LTD,AU000000RSG6,6410636,12159372.0,8217881.17,0.39,USD,Materials,Australia,Equity,equity,web_csv
2026-07-28,RING,PAF,PAN AFRICAN RESOURCES PLC,GB0004300496,0430049,5792545.0,7244910.68,0.34,USD,Materials,United Kingdom,Equity,equity,web_csv
2026-07-28,RING,OBM,ORA BANDA MINING LTD,AU0000050130,BKDX544,8074684.0,6216769.87,0.29,USD,Materials,Australia,Equity,equity,web_csv
2026-07-28,RING,CYL,CATALYST METALS LTD,AU000000CYL6,B17P5V0,1482737.0,6022955.54,0.28,USD,Materials,Australia,Equity,equity,web_csv
2026-07-28,RING,MUX,MCEWEN INC,US58039P3055,BQGD8H7,327892.0,5626626.72,0.27,USD,Materials,United States,Equity,equity,web_csv
2026-07-28,RING,WAF,WEST AFRICAN RESOURCES LTD,AU000000WAF6,B4KBBN0,2398841.0,4847038.15,0.23,USD,Materials,Australia,Equity,equity,web_csv
2026-07-28,RING,HKD,HKD CASH,CASH,,16958144.0,2162601.07,0.1,USD,Cash and/or Derivatives,Hong Kong,Cash,cash,web_csv
2026-07-28,RING,XTSLA,BLK CSH FND TREASURY SL AGENCY,US0669224778,6922477,919235.0,919235.23,0.04,USD,Cash and/or Derivatives,United States,Money Market,cash,web_csv
2026-07-28,RING,ZAR,ZAR CASH,CASH,,4267821.0,254852.35,0.01,USD,Cash and/or Derivatives,South Africa,Cash,cash,web_csv
2026-07-28,RING,CAD,CAD CASH,CASH,,241233.0,171032.43,0.01,USD,Cash and/or Derivatives,Canada,Cash,cash,web_csv
2026-07-28,RING,WFFUT,CASH COLLATERAL USD WFFUT,CASH,,170000.0,170000.0,0.01,USD,Cash and/or Derivatives,United States,Cash Collateral and Margins,cash,web_csv
2026-07-28,RING,CNH,CNH CASH,CASH,,580609.0,85731.63,0.0,USD,Cash and/or Derivatives,China,Cash,cash,web_csv
2026-07-28,RING,GBP,GBP CASH,CASH,,43537.0,57867.07,0.0,USD,Cash and/or Derivatives,United Kingdom,Cash,cash,web_csv
2026-07-28,RING,TRY,TRY CASH,CASH,,2733239.0,57687.92,0.0,USD,Cash and/or Derivatives,Turkey,Cash,cash,web_csv
2026-07-28,RING,AUD,AUD CASH,CASH,,64468.0,44918.05,0.0,USD,Cash and/or Derivatives,Australia,Cash,cash,web_csv
2026-07-28,RING,IDR,IDR CASH,CASH,,3.0,0.0,0.0,USD,Cash and/or Derivatives,Indonesia,Cash,cash,web_csv
2026-07-28,RING,PLZL,POLYUS,RU000A0JNAA8,B57R0L9,625470.0,7.96,0.0,USD,Materials,Russian Federation,Equity,equity,web_csv
2026-07-28,RING,HKD,HKD/USD,,,-1122772.0,-8.34,0.0,USD,Cash and/or Derivatives,United States,FX,fx,web_csv
2026-07-28,RING,HKD,HKD/USD,,,-547746.0,-0.56,0.0,USD,Cash and/or Derivatives,United States,FX,fx,web_csv
2026-07-28,RING,PTU6,S&P/TSE 60 INDEX SEP 26,,,11.0,0.0,0.0,USD,Cash and/or Derivatives,,Futures,derivative,web_csv
2026-07-28,RING,USD,USD CASH,CASH,,-1082506.0,-1082506.04,-0.05,USD,Cash and/or Derivatives,United States,Cash,cash,web_csv
2026-07-29,RING,NEM,NEWMONT,US6516391066,2636607,3744257.0,342000434.38,16.43,USD,Materials,United States,Equity,equity,web_csv
2026-07-29,RING,AEM,AGNICO EAGLE MINES LTD,CA0084741085,2009823,1733081.0,249842619.87,12.0,USD,Materials,Canada,Equity,equity,web_csv
2026-07-29,RING,ABX,BARRICK MINING CORP,CA06849F1080,BNM23Q1,5367041.0,194676885.5,9.35,USD,Materials,Canada,Equity,equity,web_csv
2026-07-29,RING,WPM,WHEATON PRECIOUS METALS CORP,CA9628791027,BF13KN5,1396324.0,152539763.19,7.33,USD,Materials,Canada,Equity,equity,web_csv
2026-07-29,RING,ANG,ANGLOGOLD ASHANTI PLC,GB00BRXH2664,BRF6FX9,1222321.0,93551308.28,4.49,USD,Materials,South Africa,Equity,equity,web_csv
2026-07-29,RING,K,KINROSS GOLD CORP,CA4969024047,B03Z841,3916709.0,90923353.6,4.37,USD,Materials,Canada,Equity,equity,web_csv
2026-07-29,RING,GFI,GOLD FIELDS LTD,ZAE000018123,6280215,2767442.0,88670176.18,4.26,USD,Materials,South Africa,Equity,equity,web_csv
2026-07-29,RING,2899,ZIJIN MINING GROUP LTD H,CNE100000502,6725299,19804000.0,82569798.35,3.97,USD,Materials,China,Equity,equity,web_csv
2026-07-29,RING,PAAS,PAN AMERICAN SILVER CORP,CA6979001089,2669272,1616031.0,68584261.59,3.29,USD,Materials,Canada,Equity,equity,web_csv
2026-07-29,RING,CDE,COEUR MINING INC,US1921085049,2208136,4537810.0,66388160.3,3.19,USD,Materials,United States,Equity,equity,web_csv
2026-07-29,RING,AGI,ALAMOS GOLD INC CLASS A,CA0115321089,BZ3DNP6,1865173.0,53120465.91,2.55,USD,Materials,Canada,Equity,equity,web_csv
2026-07-29,RING,HAR,HARMONY GOLD MINING COMPANY LIMITE,ZAE000015228,6410562,2667969.0,40995950.5,1.97,USD,Materials,South Africa,Equity,equity,web_csv
2026-07-29,RING,IMG,IAMGOLD CORP,CA4509131088,2446646,2854018.0,39659112.48,1.9,USD,Materials,Canada,Equity,equity,web_csv
2026-07-29,RING,ELD,ELDORADO GOLD CORP,CA2849025093,BHZJ5Y9,1173556.0,37404208.48,1.8,USD,Materials,Canada,Equity,equity,web_csv
2026-07-29,RING,EDV,ENDEAVOUR MINING,GB00BL6K5J42,BL6K5J4,802749.0,37196980.01,1.79,USD,Materials,United Kingdom,Equity,equity,web_csv
2026-07-29,RING,EQX,EQUINOX GOLD CORP,CA29446Y5020,BKLNP13,3682942.0,32855172.59,1.58,USD,Materials,Canada,Equity,equity,web_csv
2026-07-29,RING,LUG,LUNDIN GOLD INC,CA5503711080,BTKSSY6,557671.0,32667516.65,1.57,USD,Materials,Canada,Equity,equity,web_csv
2026-07-29,RING,SSRM,SSR MINING INC,CA7847301032,BF7MPL9,1220359.0,30460257.64,1.46,USD,Materials,Canada,Equity,equity,web_csv
2026-07-29,RING,GMD,GENESIS MINERALS LTD,AU000000GMD9,B23G0X1,6775046.0,28101369.81,1.35,USD,Materials,Australia,Equity,equity,web_csv
2026-07-29,RING,2099,CHINA GOLD INTERNATIONAL RESOURCES,CA16890P1036,B60FNV8,1140300.0,25588942.94,1.23,USD,Materials,China,Equity,equity,web_csv
2026-07-29,RING,CG,CENTERRA GOLD INC,CA1520061021,B01NXQ4,1504450.0,25571539.34,1.23,USD,Materials,Canada,Equity,equity,web_csv
2026-07-29,RING,OGC,OCEANAGOLD CORPORATION CORP,CA6752224007,BQXQY26,1028868.0,24877422.92,1.19,USD,Materials,Canada,Equity,equity,web_csv
2026-07-29,RING,BTO,B2GOLD CORP,CA11777Q2099,B29VFC4,6627333.0,24833979.09,1.19,USD,Materials,Canada,Equity,equity,web_csv
2026-07-29,RING,TXG,TOREX GOLD RESOURCES INC,CA8910546032,BD2NKY1,599264.0,23340270.62,1.12,USD,Materials,Canada,Equity,equity,web_csv
2026-07-29,RING,GMIN,G MINING VENTURES CORP,CA36270K1021,BSWW128,708448.0,20573927.23,0.99,USD,Materials,Canada,Equity,equity,web_csv
2026-07-29,RING,WDO,WESDOME GOLD MINES LTD,CA95083R1001,B0Y90N5,1093051.0,20355316.16,0.98,USD,Other,Canada,Equity,equity,web_csv
2026-07-29,RING,HOC,HOCHSCHILD MINING PLC,GB00B1FW5029,B1FW502,2780693.0,16125520.67,0.77,USD,Materials,United Kingdom,Equity,equity,web_csv
2026-07-29,RING,WGX,WESTGOLD RESOURCES LTD,AU000000WGX6,BYVQ673,4410001.0,14505099.66,0.7,USD,Materials,Australia,Equity,equity,web_csv
2026-07-29,RING,RRL,REGIS RESOURCES LTD,AU000000RRL8,6476542,3377158.0,14498780.95,0.7,USD,Materials,Australia,Equity,equity,web_csv
2026-07-29,RING,EMR,EMERALD RESOURCES,AU000000EMR4,6107381,3783588.0,14304902.49,0.69,USD,Materials,Australia,Equity,equity,web_csv
2026-07-29,RING,ARIS,ARIS MINING CORP,CA04040Y1097,BQKRCQ2,908141.0,12612979.93,0.61,USD,Materials,Canada,Equity,equity,web_csv
2026-07-29,RING,DRD,DRDGOLD LTD,ZAE000058723,6267780,5869549.0,11870134.22,0.57,USD,Materials,South Africa,Equity,equity,web_csv
2026-07-29,RING,601899,ZIJIN MINING GROUP LTD A,CNE100000B24,BP3R400,2370835.0,11257343.21,0.54,USD,Materials,China,Equity,equity,web_csv
2026-07-29,RING,2259,ZIJIN GOLD INTERNATIONAL LTD,HK0001200002,BSD3B20,659100.0,9891185.08,0.48,USD,Materials,China,Equity,equity,web_csv
2026-07-29,RING,TRALT.E,KOZA ALTIN ISLETMELERI A,TREKOAL00014,B3LP189,10223463.0,9529460.32,0.46,USD,Materials,Turkey,Equity,equity,web_csv
2026-07-29,RING,RSG,RESOLUTE MINING LTD,AU000000RSG6,6410636,12049338.0,8093257.18,0.39,USD,Materials,Australia,Equity,equity,web_csv
2026-07-29,RING,PAF,PAN AFRICAN RESOURCES PLC,GB0004300496,0430049,5740129.0,7059501.53,0.34,USD,Materials,United Kingdom,Equity,equity,web_csv
2026-07-29,RING,OBM,ORA BANDA MINING LTD,AU0000050130,BKDX544,8001610.0,6122489.9,0.29,USD,Materials,Australia,Equity,equity,web_csv
2026-07-29,RING,CYL,CATALYST METALS LTD,AU000000CYL6,B17P5V0,1469321.0,5931624.63,0.28,USD,Materials,Australia,Equity,equity,web_csv
2026-07-29,RING,MUX,MCEWEN INC,US58039P3055,BQGD8H7,324928.0,5442544.0,0.26,USD,Materials,United States,Equity,equity,web_csv
2026-07-29,RING,WAF,WEST AFRICAN RESOURCES LTD,AU000000WAF6,B4KBBN0,2377133.0,4757072.21,0.23,USD,Materials,Australia,Equity,equity,web_csv
2026-07-29,RING,HKD,HKD CASH,CASH,,15835372.0,2019058.19,0.1,USD,Cash and/or Derivatives,Hong Kong,Cash,cash,web_csv
2026-07-29,RING,XTSLA,BLK CSH FND TREASURY SL AGENCY,US0669224778,6922477,510911.0,510911.02,0.02,USD,Cash and/or Derivatives,United States,Money Market,cash,web_csv
2026-07-29,RING,ZAR,ZAR CASH,CASH,,4267821.0,254074.78,0.01,USD,Cash and/or Derivatives,South Africa,Cash,cash,web_csv
2026-07-29,RING,CAD,CAD CASH,CASH,,277973.0,197276.67,0.01,USD,Cash and/or Derivatives,Canada,Cash,cash,web_csv
2026-07-29,RING,WFFUT,CASH COLLATERAL USD WFFUT,CASH,,171000.0,171000.0,0.01,USD,Cash and/or Derivatives,United States,Cash Collateral and Margins,cash,web_csv
2026-07-29,RING,CNH,CNH CASH,CASH,,580609.0,85750.62,0.0,USD,Cash and/or Derivatives,China,Cash,cash,web_csv
2026-07-29,RING,GBP,GBP CASH,CASH,,43537.0,57854.01,0.0,USD,Cash and/or Derivatives,United Kingdom,Cash,cash,web_csv
2026-07-29,RING,TRY,TRY CASH,CASH,,2733239.0,57666.31,0.0,USD,Cash and/or Derivatives,Turkey,Cash,cash,web_csv
2026-07-29,RING,AUD,AUD CASH,CASH,,64468.0,44640.84,0.0,USD,Cash and/or Derivatives,Australia,Cash,cash,web_csv
2026-07-29,RING,IDR,IDR CASH,CASH,,3.0,0.0,0.0,USD,Cash and/or Derivatives,Indonesia,Cash,cash,web_csv
2026-07-29,RING,PLZL,POLYUS,RU000A0JNAA8,B57R0L9,625470.0,7.8,0.0,USD,Materials,Russian Federation,Equity,equity,web_csv
2026-07-29,RING,HKD,HKD/USD,,,-451997.0,0.64,0.0,USD,Cash and/or Derivatives,United States,FX,fx,web_csv
2026-07-29,RING,HKD,HKD/USD,,,-547746.0,14.51,0.0,USD,Cash and/or Derivatives,United States,FX,fx,web_csv
2026-07-29,RING,PTU6,S&P/TSE 60 INDEX SEP 26,,,11.0,0.0,0.0,USD,Cash and/or Derivatives,,Futures,derivative,web_csv
2026-07-29,RING,USD,USD CASH,CASH,,-589883.0,-589882.97,-0.03,USD,Cash and/or Derivatives,United States,Cash,cash,web_csv
2026-07-30,RING,NEM,NEWMONT,US6516391066,2636607,3647374.0,349272534.24,16.67,USD,Materials,United States,Equity,equity,web_csv
2026-07-30,RING,AEM,AGNICO EAGLE MINES LTD,CA0084741085,2009823,1688252.0,254409151.67,12.15,USD,Materials,Canada,Equity,equity,web_csv
2026-07-30,RING,ABX,BARRICK MINING CORP,CA06849F1080,BNM23Q1,5228168.0,196758008.06,9.39,USD,Materials,Canada,Equity,equity,web_csv
2026-07-30,RING,WPM,WHEATON PRECIOUS METALS CORP,CA9628791027,BF13KN5,1360199.0,154006764.38,7.35,USD,Materials,Canada,Equity,equity,web_csv
2026-07-30,RING,ANG,ANGLOGOLD ASHANTI PLC,GB00BRXH2664,BRF6FX9,1190701.0,95314439.75,4.55,USD,Materials,South Africa,Equity,equity,web_csv
2026-07-30,RING,K,KINROSS GOLD CORP,CA4969024047,B03Z841,3815372.0,90072885.16,4.3,USD,Materials,Canada,Equity,equity,web_csv
2026-07-30,RING,GFI,GOLD FIELDS LTD,ZAE000018123,6280215,2695838.0,89221002.59,4.26,USD,Materials,South Africa,Equity,equity,web_csv
2026-07-30,RING,2899,ZIJIN MINING GROUP LTD H,CNE100000502,6725299,19294000.0,79992462.79,3.82,USD,Materials,China,Equity,equity,web_csv
2026-07-30,RING,PAAS,PAN AMERICAN SILVER CORP,CA6979001089,2669272,1574228.0,69240649.38,3.31,USD,Materials,Canada,Equity,equity,web_csv
2026-07-30,RING,CDE,COEUR MINING INC,US1921085049,2208136,4420408.0,68074283.2,3.25,USD,Materials,United States,Equity,equity,web_csv
2026-07-30,RING,AGI,ALAMOS GOLD INC CLASS A,CA0115321089,BZ3DNP6,1816927.0,51514057.7,2.46,USD,Materials,Canada,Equity,equity,web_csv
2026-07-30,RING,HAR,HARMONY GOLD MINING COMPANY LIMITE,ZAE000015228,6410562,2598949.0,41136560.29,1.96,USD,Materials,South Africa,Equity,equity,web_csv
2026-07-30,RING,IMG,IAMGOLD CORP,CA4509131088,2446646,2780170.0,40403854.67,1.93,USD,Materials,Canada,Equity,equity,web_csv
2026-07-30,RING,ELD,ELDORADO GOLD CORP,CA2849025093,BHZJ5Y9,1143194.0,37428154.43,1.79,USD,Materials,Canada,Equity,equity,web_csv
2026-07-30,RING,EDV,ENDEAVOUR MINING,GB00BL6K5J42,BL6K5J4,781992.0,37328202.4,1.78,USD,Materials,United Kingdom,Equity,equity,web_csv
2026-07-30,RING,EQX,EQUINOX GOLD CORP,CA29446Y5020,BKLNP13,3587657.0,33761064.34,1.61,USD,Materials,Canada,Equity,equity,web_csv
2026-07-30,RING,LUG,LUNDIN GOLD INC,CA5503711080,BTKSSY6,543255.0,32227484.22,1.54,USD,Materials,Canada,Equity,equity,web_csv
2026-07-30,RING,SSRM,SSR MINING INC,CA7847301032,BF7MPL9,1188790.0,31677884.28,1.51,USD,Materials,Canada,Equity,equity,web_csv
2026-07-30,RING,CG,CENTERRA GOLD INC,CA1520061021,B01NXQ4,1465537.0,26840034.81,1.28,USD,Materials,Canada,Equity,equity,web_csv
2026-07-30,RING,GMD,GENESIS MINERALS LTD,AU000000GMD9,B23G0X1,6599742.0,26118759.45,1.25,USD,Materials,Australia,Equity,equity,web_csv
2026-07-30,RING,OGC,OCEANAGOLD CORPORATION CORP,CA6752224007,BQXQY26,1002246.0,24912246.74,1.19,USD,Materials,Canada,Equity,equity,web_csv
2026-07-30,RING,2099,CHINA GOLD INTERNATIONAL RESOURCES,CA16890P1036,B60FNV8,1111400.0,24838683.03,1.19,USD,Materials,China,Equity,equity,web_csv
2026-07-30,RING,BTO,B2GOLD CORP,CA11777Q2099,B29VFC4,6455854.0,24825778.95,1.19,USD,Materials,Canada,Equity,equity,web_csv
2026-07-30,RING,TXG,TOREX GOLD RESOURCES INC,CA8910546032,BD2NKY1,583760.0,23626943.1,1.13,USD,Materials,Canada,Equity,equity,web_csv
2026-07-30,RING,GMIN,G MINING VENTURES CORP,CA36270K1021,BSWW128,690122.0,21107644.66,1.01,USD,Materials,Canada,Equity,equity,web_csv
2026-07-30,RING,WDO,WESDOME GOLD MINES LTD,CA95083R1001,B0Y90N5,1064780.0,20389323.44,0.97,USD,Other,Canada,Equity,equity,web_csv
2026-07-30,RING,HOC,HOCHSCHILD MINING PLC,GB00B1FW5029,B1FW502,2708749.0,15967188.24,0.76,USD,Materials,United Kingdom,Equity,equity,web_csv
2026-07-30,RING,WGX,WESTGOLD RESOURCES LTD,AU000000WGX6,BYVQ673,4295897.0,13751409.02,0.66,USD,Materials,Australia,Equity,equity,web_csv
2026-07-30,RING,RRL,REGIS RESOURCES LTD,AU000000RRL8,6476542,3289778.0,13618560.75,0.65,USD,Materials,Australia,Equity,equity,web_csv
2026-07-30,RING,EMR,EMERALD RESOURCES,AU000000EMR4,6107381,3685702.0,13450396.32,0.64,USD,Materials,Australia,Equity,equity,web_csv
2026-07-30,RING,ARIS,ARIS MINING CORP,CA04040Y1097,BQKRCQ2,884647.0,12597691.38,0.6,USD,Materials,Canada,Equity,equity,web_csv
2026-07-30,RING,DRD,DRDGOLD LTD,ZAE000058723,6267780,5717688.0,11832383.61,0.56,USD,Materials,South Africa,Equity,equity,web_csv
2026-07-30,RING,601899,ZIJIN MINING GROUP LTD A,CNE100000B24,BP3R400,2309635.0,11189064.24,0.53,USD,Materials,China,Equity,equity,web_csv
2026-07-30,RING,TRALT.E,KOZA ALTIN ISLETMELERI A,TREKOAL00014,B3LP189,9958943.0,9699566.76,0.46,USD,Materials,Turkey,Equity,equity,web_csv
2026-07-30,RING,2259,ZIJIN GOLD INTERNATIONAL LTD,HK0001200002,BSD3B20,642100.0,9676012.11,0.46,USD,Materials,China,Equity,equity,web_csv
2026-07-30,RING,RSG,RESOLUTE MINING LTD,AU000000RSG6,6410636,11737575.0,7399425.97,0.35,USD,Materials,Australia,Equity,equity,web_csv
2026-07-30,RING,PAF,PAN AFRICAN RESOURCES PLC,GB0004300496,0430049,5591617.0,7162769.12,0.34,USD,Materials,United Kingdom,Equity,equity,web_csv
2026-07-30,RING,OBM,ORA BANDA MINING LTD,AU0000050130,BKDX544,7794567.0,5732689.68,0.27,USD,Materials,Australia,Equity,equity,web_csv
2026-07-30,RING,MUX,MCEWEN INC,US58039P3055,BQGD8H7,316530.0,5599415.7,0.27,USD,Materials,United States,Equity,equity,web_csv
2026-07-30,RING,CYL,CATALYST METALS LTD,AU000000CYL6,B17P5V0,1431309.0,5514082.14,0.26,USD,Materials,Australia,Equity,equity,web_csv
2026-07-30,RING,WAF,WEST AFRICAN RESOURCES LTD,AU000000WAF6,B4KBBN0,2315627.0,4379348.52,0.21,USD,Materials,Australia,Equity,equity,web_csv
2026-07-30,RING,HKD,HKD CASH,CASH,,15287626.0,1949020.1,0.09,USD,Cash and/or Derivatives,Hong Kong,Cash,cash,web_csv
2026-07-30,RING,XTSLA,BLK CSH FND TREASURY SL AGENCY,US0669224778,6922477,754850.0,754850.17,0.04,USD,Cash and/or Derivatives,United States,Money Market,cash,web_csv
2026-07-30,RING,ZAR,ZAR CASH,CASH,,4267821.0,258244.98,0.01,USD,Cash and/or Derivatives,South Africa,Cash,cash,web_csv
2026-07-30,RING,WFFUT,CASH COLLATERAL USD WFFUT,CASH,,170000.0,170000.0,0.01,USD,Cash and/or Derivatives,United States,Cash Collateral and Margins,cash,web_csv
2026-07-30,RING,CAD,CAD CASH,CASH,,217473.0,155154.77,0.01,USD,Cash and/or Derivatives,Canada,Cash,cash,web_csv
2026-07-30,RING,CNH,CNH CASH,CASH,,580609.0,86017.4,0.0,USD,Cash and/or Derivatives,China,Cash,cash,web_csv
2026-07-30,RING,GBP,GBP CASH,CASH,,43537.0,58459.17,0.0,USD,Cash and/or Derivatives,United Kingdom,Cash,cash,web_csv
2026-07-30,RING,TRY,TRY CASH,CASH,,2733239.0,57645.15,0.0,USD,Cash and/or Derivatives,Turkey,Cash,cash,web_csv
2026-07-30,RING,AUD,AUD CASH,CASH,,64468.0,45156.58,0.0,USD,Cash and/or Derivatives,Australia,Cash,cash,web_csv
2026-07-30,RING,IDR,IDR CASH,CASH,,3.0,0.0,0.0,USD,Cash and/or Derivatives,Indonesia,Cash,cash,web_csv
2026-07-30,RING,PLZL,POLYUS,RU000A0JNAA8,B57R0L9,625470.0,7.84,0.0,USD,Materials,Russian Federation,Equity,equity,web_csv
2026-07-30,RING,HKD,HKD/USD,,,-451997.0,12.94,0.0,USD,Cash and/or Derivatives,United States,FX,fx,web_csv
2026-07-30,RING,PTU6,S&P/TSE 60 INDEX SEP 26,,,11.0,0.0,0.0,USD,Cash and/or Derivatives,,Futures,derivative,web_csv
2026-07-30,RING,USD,USD CASH,CASH,,-887950.0,-887949.98,-0.04,USD,Cash and/or Derivatives,United States,Cash,cash,web_csv
2026-07-31,RING,NEM,NEWMONT,US6516391066,2636607,3731736.0,349700980.56,17.41,USD,Materials,United States,Equity,equity,web_csv
2026-07-31,RING,AEM,AGNICO EAGLE MINES LTD,CA0084741085,2009823,1727251.0,250582830.32,12.47,USD,Materials,Canada,Equity,equity,web_csv
2026-07-31,RING,ABX,BARRICK MINING CORP,CA06849F1080,BNM23Q1,5349070.0,196178958.19,9.77,USD,Materials,Canada,Equity,equity,web_csv
2026-07-31,RING,WPM,WHEATON PRECIOUS METALS CORP,CA9628791027,BF13KN5,1391649.0,151262529.51,7.53,USD,Materials,Canada,Equity,equity,web_csv
2026-07-31,RING,ANG,ANGLOGOLD ASHANTI PLC,GB00BRXH2664,BRF6FX9,1218219.0,92117633.98,4.59,USD,Materials,South Africa,Equity,equity,web_csv
2026-07-31,RING,K,KINROSS GOLD CORP,CA4969024047,B03Z841,3903587.0,89934014.21,4.48,USD,Materials,Canada,Equity,equity,web_csv
2026-07-31,RING,GFI,GOLD FIELDS LTD,ZAE000018123,6280215,2758175.0,89621419.23,4.46,USD,Materials,South Africa,Equity,equity,web_csv
2026-07-31,RING,HKD,HKD CASH,CASH,,644664192.0,82210797.8,4.09,USD,Cash and/or Derivatives,Hong Kong,Cash,cash,web_csv
2026-07-31,RING,PAAS,PAN AMERICAN SILVER CORP,CA6979001089,2669272,1609910.0,69269107.6,3.45,USD,Materials,Canada,Equity,equity,web_csv
2026-07-31,RING,CDE,COEUR MINING INC,US1921085049,2208136,4526156.0,67484985.96,3.36,USD,Materials,United States,Equity,equity,web_csv
2026-07-31,RING,AGI,ALAMOS GOLD INC CLASS A,CA0115321089,BZ3DNP6,1859436.0,51640322.6,2.57,USD,Materials,Canada,Equity,equity,web_csv
2026-07-31,RING,EQX,EQUINOX GOLD CORP,CA29446Y5020,BKLNP13,5279759.0,47270751.0,2.35,USD,Materials,Canada,Equity,equity,web_csv
2026-07-31,RING,HAR,HARMONY GOLD MINING COMPANY LIMITE,ZAE000015228,6410562,2658570.0,41852850.94,2.08,USD,Materials,South Africa,Equity,equity,web_csv
2026-07-31,RING,IMG,IAMGOLD CORP,CA4509131088,2446646,2844545.0,40229370.78,2.0,USD,Materials,Canada,Equity,equity,web_csv
2026-07-31,RING,EDV,ENDEAVOUR MINING,GB00BL6K5J42,BL6K5J4,795465.0,37702905.18,1.88,USD,Materials,United Kingdom,Equity,equity,web_csv
2026-07-31,RING,ELD,ELDORADO GOLD CORP,CA2849025093,BHZJ5Y9,1169095.0,35259941.87,1.76,USD,Materials,Canada,Equity,equity,web_csv
2026-07-31,RING,LUG,LUNDIN GOLD INC,CA5503711080,BTKSSY6,555316.0,31070144.95,1.55,USD,Materials,Canada,Equity,equity,web_csv
2026-07-31,RING,SSRM,SSR MINING INC,CA7847301032,BF7MPL9,1215651.0,31057441.52,1.55,USD,Materials,Canada,Equity,equity,web_csv
2026-07-31,RING,GMD,GENESIS MINERALS LTD,AU000000GMD9,B23G0X1,6743846.0,27045644.76,1.35,USD,Materials,Australia,Equity,equity,web_csv
2026-07-31,RING,CG,CENTERRA GOLD INC,CA1520061021,B01NXQ4,1502292.0,25808345.3,1.28,USD,Materials,Canada,Equity,equity,web_csv
2026-07-31,RING,2099,CHINA GOLD INTERNATIONAL RESOURCES,CA16890P1036,B60FNV8,1133700.0,25430757.75,1.27,USD,Materials,China,Equity,equity,web_csv
2026-07-31,RING,BTO,B2GOLD CORP,CA11777Q2099,B29VFC4,6617908.0,24766737.0,1.23,USD,Materials,Canada,Equity,equity,web_csv
2026-07-31,RING,OGC,OCEANAGOLD CORPORATION CORP,CA6752224007,BQXQY26,1023948.0,24670807.57,1.23,USD,Materials,Canada,Equity,equity,web_csv
2026-07-31,RING,TXG,TOREX GOLD RESOURCES INC,CA8910546032,BD2NKY1,598417.0,23013577.47,1.15,USD,Materials,Canada,Equity,equity,web_csv
2026-07-31,RING,GMIN,G MINING VENTURES CORP,CA36270K1021,BSWW128,707441.0,21548243.88,1.07,USD,Materials,Canada,Equity,equity,web_csv
2026-07-31,RING,WDO,WESDOME GOLD MINES LTD,CA95083R1001,B0Y90N5,1091482.0,20236979.59,1.01,USD,Other,Canada,Equity,equity,web_csv
2026-07-31,RING,HOC,HOCHSCHILD MINING PLC,GB00B1FW5029,B1FW502,2776733.0,16120505.31,0.8,USD,Materials,United Kingdom,Equity,equity,web_csv
2026-07-31,RING,WGX,WESTGOLD RESOURCES LTD,AU000000WGX6,BYVQ673,4387598.0,14576107.32,0.73,USD,Materials,Australia,Equity,equity,web_csv
2026-07-31,RING,RRL,REGIS RESOURCES LTD,AU000000RRL8,6476542,3363993.0,14388845.94,0.72,USD,Materials,Australia,Equity,equity,web_csv
2026-07-31,RING,EMR,EMERALD RESOURCES,AU000000EMR4,6107381,3783064.0,14321418.65,0.71,USD,Materials,Australia,Equity,equity,web_csv
2026-07-31,RING,ARIS,ARIS MINING CORP,CA04040Y1097,BQKRCQ2,903156.0,12058389.62,0.6,USD,Materials,Canada,Equity,equity,web_csv
2026-07-31,RING,DRD,DRDGOLD LTD,ZAE000058723,6267780,5776238.0,11827306.45,0.59,USD,Materials,South Africa,Equity,equity,web_csv
2026-07-31,RING,CNH,CNH CASH,CASH,,76608190.0,11343647.6,0.56,USD,Cash and/or Derivatives,China,Cash,cash,web_csv
2026-07-31,RING,2259,ZIJIN GOLD INTERNATIONAL LTD,HK0001200002,BSD3B20,652400.0,9833921.65,0.49,USD,Materials,China,Equity,equity,web_csv
2026-07-31,RING,TRALT.E,KOZA ALTIN ISLETMELERI A,TREKOAL00014,B3LP189,10208909.0,9486118.74,0.47,USD,Materials,Turkey,Equity,equity,web_csv
2026-07-31,RING,RSG,RESOLUTE MINING LTD,AU000000RSG6,6410636,12032185.0,7859248.78,0.39,USD,Materials,Australia,Equity,equity,web_csv
2026-07-31,RING,PAF,PAN AFRICAN RESOURCES PLC,GB0004300496,0430049,5727908.0,7103228.11,0.35,USD,Materials,United Kingdom,Equity,equity,web_csv
2026-07-31,RING,OBM,ORA BANDA MINING LTD,AU0000050130,BKDX544,8014855.0,6389179.92,0.32,USD,Materials,Australia,Equity,equity,web_csv
2026-07-31,RING,MUX,MCEWEN INC,US58039P3055,BQGD8H7,323320.0,5590202.8,0.28,USD,Materials,United States,Equity,equity,web_csv
2026-07-31,RING,CYL,CATALYST METALS LTD,AU000000CYL6,B17P5V0,1454997.0,5518352.57,0.27,USD,Materials,Australia,Equity,equity,web_csv
2026-07-31,RING,WAF,WEST AFRICAN RESOURCES LTD,AU000000WAF6,B4KBBN0,2356292.0,4700034.39,0.23,USD,Materials,Australia,Equity,equity,web_csv
2026-07-31,RING,XTSLA,BLK CSH FND TREASURY SL AGENCY,US0669224778,6922477,1071190.0,1071190.19,0.05,USD,Cash and/or Derivatives,United States,Money Market,cash,web_csv
2026-07-31,RING,WFFUT,CASH COLLATERAL USD WFFUT,CASH,,170000.0,170000.0,0.01,USD,Cash and/or Derivatives,United States,Cash Collateral and Margins,cash,web_csv
2026-07-31,RING,IDR,IDR CASH,CASH,,3.0,0.0,0.0,USD,Cash and/or Derivatives,Indonesia,Cash,cash,web_csv
2026-07-31,RING,PLZL,POLYUS,RU000A0JNAA8,B57R0L9,625470.0,7.87,0.0,USD,Materials,Russian Federation,Equity,equity,web_csv
2026-07-31,RING,GBP,GBP/USD,,,1759241.0,-19.35,0.0,USD,Cash and/or Derivatives,United States,FX,fx,web_csv
2026-07-31,RING,TRY,TRY/USD,,,17872085.0,-7.95,0.0,USD,Cash and/or Derivatives,United States,FX,fx,web_csv
2026-07-31,RING,AUD,AUD/USD,,,5444312.0,17.42,0.0,USD,Cash and/or Derivatives,United States,FX,fx,web_csv
2026-07-31,RING,PTU6,S&P/TSE 60 INDEX SEP 26,,,11.0,0.0,0.0,USD,Cash and/or Derivatives,,Futures,derivative,web_csv
2026-07-31,RING,ZAR,ZAR/USD,,,148237375.0,-191.55,0.0,USD,Cash and/or Derivatives,United States,FX,fx,web_csv
2026-07-31,RING,CNH,CNH/USD,,,-74492114.0,-104.52,0.0,USD,Cash and/or Derivatives,United States,FX,fx,web_csv
2026-07-31,RING,CAD,CAD/USD,,,83851773.0,-477.21,0.0,USD,Cash and/or Derivatives,United States,FX,fx,web_csv
2026-07-31,RING,HKD,HKD/USD,,,-626700869.0,-639.02,0.0,USD,Cash and/or Derivatives,United States,FX,fx,web_csv
2026-07-31,RING,ETD_CAD,ETD CAD BALANCE WITH R97871,CASH,,-35200.0,-25091.78,0.0,USD,Cash and/or Derivatives,Canada,Cash,cash,web_csv
2026-07-31,RING,TRY,TRY CASH,CASH,,-15471862.0,-325553.79,-0.02,USD,Cash and/or Derivatives,Turkey,Cash,cash,web_csv
2026-07-31,RING,GBP,GBP CASH,CASH,,-1579091.0,-2125061.36,-0.11,USD,Cash and/or Derivatives,United Kingdom,Cash,cash,web_csv
2026-07-31,RING,AUD,AUD CASH,CASH,,-5085652.0,-3571907.58,-0.18,USD,Cash and/or Derivatives,Australia,Cash,cash,web_csv
2026-07-31,RING,ZAR,ZAR CASH,CASH,,-143555812.0,-8673412.12,-0.43,USD,Cash and/or Derivatives,South Africa,Cash,cash,web_csv
2026-07-31,RING,USD,USD CASH,CASH,,-17544436.0,-17544436.18,-0.87,USD,Cash and/or Derivatives,United States,Cash,cash,web_csv
2026-07-31,RING,CAD,CAD CASH,CASH,,-81489676.0,-58088659.74,-2.89,USD,Cash and/or Derivatives,Canada,Cash,cash,web_csv
2026-08-03,RING,NEM,NEWMONT,US6516391066,2636607,3708044.0,353636156.28,17.51,USD,Materials,United States,Equity,equity,web_csv
2026-08-03,RING,AEM,AGNICO EAGLE MINES LTD,CA0084741085,2009823,1716287.0,248850304.73,12.32,USD,Materials,Canada,Equity,equity,web_csv
2026-08-03,RING,ABX,BARRICK MINING CORP,CA06849F1080,BNM23Q1,5315110.0,194822362.77,9.64,USD,Materials,Canada,Equity,equity,web_csv
2026-08-03,RING,WPM,WHEATON PRECIOUS METALS CORP,CA9628791027,BF13KN5,1382817.0,150216888.94,7.44,USD,Materials,Canada,Equity,equity,web_csv
2026-08-03,RING,ANG,ANGLOGOLD ASHANTI PLC,GB00BRXH2664,BRF6FX9,1210487.0,99646747.2,4.93,USD,Materials,South Africa,Equity,equity,web_csv
2026-08-03,RING,GFI,GOLD FIELDS LTD,ZAE000018123,6280215,2740663.0,92572398.94,4.58,USD,Materials,South Africa,Equity,equity,web_csv
2026-08-03,RING,K,KINROSS GOLD CORP,CA4969024047,B03Z841,3878803.0,89312088.46,4.42,USD,Materials,Canada,Equity,equity,web_csv
2026-08-03,RING,HKD,HKD CASH,CASH,,644664192.0,82204507.92,4.07,USD,Cash and/or Derivatives,Hong Kong,Cash,cash,web_csv
2026-08-03,RING,CDE,COEUR MINING INC,US1921085049,2208136,4497420.0,69979855.2,3.46,USD,Materials,United States,Equity,equity,web_csv
2026-08-03,RING,PAAS,PAN AMERICAN SILVER CORP,CA6979001089,2669272,1599690.0,68790145.98,3.41,USD,Materials,Canada,Equity,equity,web_csv
2026-08-03,RING,AGI,ALAMOS GOLD INC CLASS A,CA0115321089,BZ3DNP6,1847632.0,51283256.31,2.54,USD,Materials,Canada,Equity,equity,web_csv
2026-08-03,RING,EQX,EQUINOX GOLD CORP,CA29446Y5020,BKLNP13,5246239.0,46943869.08,2.32,USD,Materials,Canada,Equity,equity,web_csv
2026-08-03,RING,HAR,HARMONY GOLD MINING COMPANY LIMITE,ZAE000015228,6410562,2641694.0,43212880.86,2.14,USD,Materials,South Africa,Equity,equity,web_csv
2026-08-03,RING,IMG,IAMGOLD CORP,CA4509131088,2446646,2826485.0,39951171.87,1.98,USD,Materials,Canada,Equity,equity,web_csv
2026-08-03,RING,EDV,ENDEAVOUR MINING,GB00BL6K5J42,BL6K5J4,794778.0,37560959.91,1.86,USD,Materials,United Kingdom,Equity,equity,web_csv
2026-08-03,RING,ELD,ELDORADO GOLD CORP,CA2849025093,BHZJ5Y9,1161675.0,35016185.84,1.73,USD,Materials,Canada,Equity,equity,web_csv
2026-08-03,RING,LUG,LUNDIN GOLD INC,CA5503711080,BTKSSY6,551792.0,30855379.96,1.53,USD,Materials,Canada,Equity,equity,web_csv
2026-08-03,RING,SSRM,SSR MINING INC,CA7847301032,BF7MPL9,1207935.0,30842724.61,1.53,USD,Materials,Canada,Equity,equity,web_csv
2026-08-03,RING,GMD,GENESIS MINERALS LTD,AU000000GMD9,B23G0X1,6701030.0,27342996.73,1.35,USD,Materials,Australia,Equity,equity,web_csv
2026-08-03,RING,CG,CENTERRA GOLD INC,CA1520061021,B01NXQ4,1492756.0,25629907.46,1.27,USD,Materials,Canada,Equity,equity,web_csv
2026-08-03,RING,2099,CHINA GOLD INTERNATIONAL RESOURCES,CA16890P1036,B60FNV8,1126900.0,25578052.08,1.27,USD,Materials,China,Equity,equity,web_csv
2026-08-03,RING,BTO,B2GOLD CORP,CA11777Q2099,B29VFC4,6575892.0,24595471.09,1.22,USD,Materials,Canada,Equity,equity,web_csv
2026-08-03,RING,OGC,OCEANAGOLD CORPORATION CORP,CA6752224007,BQXQY26,1017448.0,24500226.12,1.21,USD,Materials,Canada,Equity,equity,web_csv
2026-08-03,RING,TXG,TOREX GOLD RESOURCES INC,CA8910546032,BD2NKY1,594621.0,22854559.86,1.13,USD,Materials,Canada,Equity,equity,web_csv
2026-08-03,RING,GMIN,G MINING VENTURES CORP,CA36270K1021,BSWW128,702953.0,21399338.65,1.06,USD,Materials,Canada,Equity,equity,web_csv
2026-08-03,RING,WDO,WESDOME GOLD MINES LTD,CA95083R1001,B0Y90N5,1084554.0,20097068.03,0.99,USD,Other,Canada,Equity,equity,web_csv
2026-08-03,RING,HOC,HOCHSCHILD MINING PLC,GB00B1FW5029,B1FW502,2759105.0,16320623.41,0.81,USD,Materials,United Kingdom,Equity,equity,web_csv
2026-08-03,RING,WGX,WESTGOLD RESOURCES LTD,AU000000WGX6,BYVQ673,4359742.0,14494071.27,0.72,USD,Materials,Australia,Equity,equity,web_csv
2026-08-03,RING,RRL,REGIS RESOURCES LTD,AU000000RRL8,6476542,3342637.0,14387996.56,0.71,USD,Materials,Australia,Equity,equity,web_csv
2026-08-03,RING,EMR,EMERALD RESOURCES,AU000000EMR4,6107381,3759048.0,14207171.55,0.7,USD,Materials,Australia,Equity,equity,web_csv
2026-08-03,RING,DRD,DRDGOLD LTD,ZAE000058723,6267780,5823971.0,12207142.0,0.6,USD,Materials,South Africa,Equity,equity,web_csv
2026-08-03,RING,ARIS,ARIS MINING CORP,CA04040Y1097,BQKRCQ2,897424.0,11975030.47,0.59,USD,Materials,Canada,Equity,equity,web_csv
2026-08-03,RING,2259,ZIJIN GOLD INTERNATIONAL LTD,HK0001200002,BSD3B20,648400.0,9673663.0,0.48,USD,Materials,China,Equity,equity,web_csv
2026-08-03,RING,TRALT.E,KOZA ALTIN ISLETMELERI A,TREKOAL00014,B3LP189,10144093.0,9616224.99,0.48,USD,Materials,Turkey,Equity,equity,web_csv
2026-08-03,RING,RSG,RESOLUTE MINING LTD,AU000000RSG6,6410636,11955793.0,7823948.65,0.39,USD,Materials,Australia,Equity,equity,web_csv
2026-08-03,RING,PAF,PAN AFRICAN RESOURCES PLC,GB0004300496,0430049,5691544.0,7261787.63,0.36,USD,Materials,United Kingdom,Equity,equity,web_csv
2026-08-03,RING,OBM,ORA BANDA MINING LTD,AU0000050130,BKDX544,7963971.0,6493690.55,0.32,USD,Materials,Australia,Equity,equity,web_csv
2026-08-03,RING,CYL,CATALYST METALS LTD,AU000000CYL6,B17P5V0,1445761.0,5828475.59,0.29,USD,Materials,Australia,Equity,equity,web_csv
2026-08-03,RING,MUX,MCEWEN INC,US58039P3055,BQGD8H7,321268.0,5728208.44,0.28,USD,Materials,United States,Equity,equity,web_csv
2026-08-03,RING,WAF,WEST AFRICAN RESOURCES LTD,AU000000WAF6,B4KBBN0,2341332.0,4719451.01,0.23,USD,Materials,Australia,Equity,equity,web_csv
2026-08-03,RING,XTSLA,BLK CSH FND TREASURY SL AGENCY,US0669224778,6922477,1129822.0,1129821.82,0.06,USD,Cash and/or Derivatives,United States,Money Market,cash,web_csv
2026-08-03,RING,CNH,CNH CASH,CASH,,2116076.0,313154.02,0.02,USD,Cash and/or Derivatives,China,Cash,cash,web_csv
2026-08-03,RING,WFFUT,CASH COLLATERAL USD WFFUT,CASH,,170000.0,170000.0,0.01,USD,Cash and/or Derivatives,United States,Cash Collateral and Margins,cash,web_csv
2026-08-03,RING,ZAR,ZAR/USD,,,148237375.0,24182.91,0.0,USD,Cash and/or Derivatives,United States,FX,fx,web_csv
2026-08-03,RING,HKD,HKD/USD,,,-626700869.0,8481.6,0.0,USD,Cash and/or Derivatives,United States,FX,fx,web_csv
2026-08-03,RING,TRY,TRY/USD,,,17872085.0,224.75,0.0,USD,Cash and/or Derivatives,United States,FX,fx,web_csv
2026-08-03,RING,IDR,IDR CASH,CASH,,3.0,0.0,0.0,USD,Cash and/or Derivatives,Indonesia,Cash,cash,web_csv
2026-08-03,RING,PLZL,POLYUS,RU000A0JNAA8,B57R0L9,625470.0,7.8,0.0,USD,Materials,Russian Federation,Equity,equity,web_csv
2026-08-03,RING,ZAR,ZAR/USD,,,11444395.0,-16.41,0.0,USD,Cash and/or Derivatives,United States,FX,fx,web_csv
2026-08-03,RING,CAD,CAD/USD,,,-2381522.0,-9.67,0.0,USD,Cash and/or Derivatives,United States,FX,fx,web_csv
2026-08-03,RING,CAD,CAD/USD,,,2291223.0,-9.3,0.0,USD,Cash and/or Derivatives,United States,FX,fx,web_csv
2026-08-03,RING,HKD,HKD/USD,,,-8862763.0,-9.04,0.0,USD,Cash and/or Derivatives,United States,FX,fx,web_csv
2026-08-03,RING,AUD,AUD/USD,,,-402714.0,-2.42,0.0,USD,Cash and/or Derivatives,United States,FX,fx,web_csv
2026-08-03,RING,CAD,CAD/USD,,,-424168.0,-1.83,0.0,USD,Cash and/or Derivatives,United States,FX,fx,web_csv
2026-08-03,RING,CNH,CNH/USD,,,-1768143.0,-1.61,0.0,USD,Cash and/or Derivatives,United States,FX,fx,web_csv
2026-08-03,RING,ZAR,ZAR/USD,,,-5276392.0,-1.35,0.0,USD,Cash and/or Derivatives,United States,FX,fx,web_csv
2026-08-03,RING,AUD,AUD/USD,,,117645.0,-0.71,0.0,USD,Cash and/or Derivatives,United States,FX,fx,web_csv
2026-08-03,RING,HKD,HKD/USD,,,648609.0,-0.66,0.0,USD,Cash and/or Derivatives,United States,FX,fx,web_csv
2026-08-03,RING,PTU6,S&P/TSE 60 INDEX SEP 26,,,11.0,0.0,0.0,USD,Cash and/or Derivatives,,Futures,derivative,web_csv
2026-08-03,RING,GBP,GBP/USD,,,1759241.0,-3534.32,0.0,USD,Cash and/or Derivatives,United States,FX,fx,web_csv
2026-08-03,RING,AUD,AUD/USD,,,5444312.0,-13364.7,0.0,USD,Cash and/or Derivatives,United States,FX,fx,web_csv
2026-08-03,RING,CAD,CAD/USD,,,83851773.0,-34544.08,0.0,USD,Cash and/or Derivatives,United States,FX,fx,web_csv
2026-08-03,RING,TRY,TRY CASH,CASH,,-15471862.0,-325493.86,-0.02,USD,Cash and/or Derivatives,Turkey,Cash,cash,web_csv
2026-08-03,RING,GBP,GBP CASH,CASH,,-1735733.0,-2332391.39,-0.12,USD,Cash and/or Derivatives,United Kingdom,Cash,cash,web_csv
2026-08-03,RING,AUD,AUD CASH,CASH,,-5085652.0,-3559447.73,-0.18,USD,Cash and/or Derivatives,Australia,Cash,cash,web_csv
2026-08-03,RING,USD,USD CASH,CASH,,-6701912.0,-6701912.48,-0.33,USD,Cash and/or Derivatives,United States,Cash,cash,web_csv
2026-08-03,RING,ZAR,ZAR CASH,CASH,,-146475551.0,-8873272.82,-0.44,USD,Cash and/or Derivatives,South Africa,Cash,cash,web_csv
2026-08-03,RING,CAD,CAD CASH,CASH,,-81524876.0,-58080630.01,-2.88,USD,Cash and/or Derivatives,Canada,Cash,cash,web_csv
2026-08-04,RING,NEM,NEWMONT,US6516391066,2636607,3698966.0,361499947.18,17.26,USD,Materials,United States,Equity,equity,web_csv
2026-08-04,RING,AEM,AGNICO EAGLE MINES LTD,CA0084741085,2009823,1712078.0,257990028.63,12.32,USD,Materials,Canada,Equity,equity,web_csv
2026-08-04,RING,ABX,BARRICK MINING CORP,CA06849F1080,BNM23Q1,5302098.0,202692332.58,9.68,USD,Materials,Canada,Equity,equity,web_csv
2026-08-04,RING,WPM,WHEATON PRECIOUS METALS,CA9628791027,BF13KN5,1379421.0,159377953.99,7.61,USD,Materials,Canada,Equity,equity,web_csv
2026-08-04,RING,ANG,ANGLOGOLD ASHANTI PLC,GB00BRXH2664,BRF6FX9,1207516.0,98532126.91,4.71,USD,Materials,South Africa,Equity,equity,web_csv
2026-08-04,RING,GFI,GOLD FIELDS,ZAE000018123,6280215,2733957.0,94238432.4,4.5,USD,Materials,South Africa,Equity,equity,web_csv
2026-08-04,RING,K,KINROSS GOLD CORP,CA4969024047,B03Z841,3869311.0,91327575.3,4.36,USD,Materials,Canada,Equity,equity,web_csv
2026-08-04,RING,CDE,COEUR MINING,US1921085049,2208136,4497420.0,72903178.2,3.48,USD,Materials,United States,Equity,equity,web_csv
2026-08-04,RING,PAAS,PAN AMERICAN SILVER,CA6979001089,2669272,1595771.0,71811113.97,3.43,USD,Materials,Canada,Equity,equity,web_csv
2026-08-04,RING,AGI,ALAMOS GOLD INC CLASS A,CA0115321089,BZ3DNP6,1843105.0,52995414.62,2.53,USD,Materials,Canada,Equity,equity,web_csv
2026-08-04,RING,EQX,EQUINOX GOLD,CA29446Y5020,BKLNP13,5233396.0,50258471.28,2.4,USD,Materials,Canada,Equity,equity,web_csv
2026-08-04,RING,HAR,HARMONY GOLD MINING COMPANY LIMITE,ZAE000015228,6410562,2635218.0,44790466.55,2.14,USD,Materials,South Africa,Equity,equity,web_csv
2026-08-04,RING,IMG,IAMGOLD CORP,CA4509131088,2446646,2819568.0,41819664.09,2.0,USD,Materials,Canada,Equity,equity,web_csv
2026-08-04,RING,EDV,ENDEAVOUR MINING,GB00BL6K5J42,BL6K5J4,792825.0,38762382.87,1.85,USD,Materials,United Kingdom,Equity,equity,web_csv
2026-08-04,RING,ELD,ELDORADO GOLD,CA2849025093,BHZJ5Y9,1158823.0,36872952.37,1.76,USD,Materials,Canada,Equity,equity,web_csv
2026-08-04,RING,SSRM,SSR MINING,CA7847301032,BF7MPL9,1204815.0,32096974.39,1.53,USD,Materials,Canada,Equity,equity,web_csv
2026-08-04,RING,LUG,LUNDIN GOLD,CA5503711080,BTKSSY6,550367.0,31947321.5,1.53,USD,Materials,Canada,Equity,equity,web_csv
2026-08-04,RING,GMIN,G MINING VENTURES CORP,CA36270K1021,BSWW128,862740.0,28169849.55,1.35,USD,Materials,Canada,Equity,equity,web_csv
2026-08-04,RING,GMD,GENESIS MINERALS,AU000000GMD9,B23G0X1,6681159.0,27980075.88,1.34,USD,Materials,Australia,Equity,equity,web_csv
2026-08-04,RING,CG,CENTERRA GOLD,CA1520061021,B01NXQ4,1488117.0,27036463.23,1.29,USD,Materials,Canada,Equity,equity,web_csv
2026-08-04,RING,2099,CHINA GOLD INTERNATIONAL RESOURCES,CA16890P1036,B60FNV8,1122800.0,25996274.6,1.24,USD,Materials,China,Equity,equity,web_csv
2026-08-04,RING,BTO,B2GOLD,CA11777Q2099,B29VFC4,6554598.0,25551625.14,1.22,USD,Materials,Canada,Equity,equity,web_csv
2026-08-04,RING,OGC,OCEANAGOLD CORPORATION CORP,CA6752224007,BQXQY26,1014140.0,25444579.62,1.22,USD,Materials,Canada,Equity,equity,web_csv
2026-08-04,RING,TXG,TOREX GOLD RESOURCES,CA8910546032,BD2NKY1,592548.0,23807299.33,1.14,USD,Materials,Canada,Equity,equity,web_csv
2026-08-04,RING,WDO,WESDOME GOLD MINES LTD,CA95083R1001,B0Y90N5,1080256.0,21731915.12,1.04,USD,Other,Canada,Equity,equity,web_csv
2026-08-04,RING,HOC,HOCHSCHILD MINING PLC,GB00B1FW5029,B1FW502,2745378.0,16663758.39,0.8,USD,Materials,United Kingdom,Equity,equity,web_csv
2026-08-04,RING,WGX,WESTGOLD RESOURCES,AU000000WGX6,BYVQ673,4335754.0,14800844.2,0.71,USD,Materials,Australia,Equity,equity,web_csv
2026-08-04,RING,RRL,REGIS RESOURCES,AU000000RRL8,6476542,3324006.0,14599114.13,0.7,USD,Materials,Australia,Equity,equity,web_csv
2026-08-04,RING,EMR,EMERALD RESOURCES,AU000000EMR4,6107381,3759048.0,14446100.4,0.69,USD,Materials,Australia,Equity,equity,web_csv
2026-08-04,RING,ARIS,ARIS MINING CORP,CA04040Y1097,BQKRCQ2,897424.0,13246699.63,0.63,USD,Materials,Canada,Equity,equity,web_csv
2026-08-04,RING,DRD,DRDGOLD LTD,ZAE000058723,6267780,5823971.0,12577965.28,0.6,USD,Materials,South Africa,Equity,equity,web_csv
2026-08-04,RING,XTSLA,BLK CSH FND TREASURY SL AGENCY,US0669224778,6922477,11690244.0,11690244.34,0.56,USD,Cash and/or Derivatives,United States,Money Market,cash,web_csv
2026-08-04,RING,TRALT.E,KOZA ALTIN ISLETMELERI A,TREKOAL00014,B3LP189,10144093.0,9886633.04,0.47,USD,Materials,Turkey,Equity,equity,web_csv
2026-08-04,RING,2259,ZIJIN GOLD INTERNATIONAL LTD,HK0001200002,BSD3B20,643100.0,9601260.92,0.46,USD,Materials,China,Equity,equity,web_csv
2026-08-04,RING,RSG,RESOLUTE MINING,AU000000RSG6,6410636,11955793.0,8036406.08,0.38,USD,Materials,Australia,Equity,equity,web_csv
2026-08-04,RING,PAF,PAN AFRICAN RESOURCES PLC,GB0004300496,0430049,5691544.0,7442673.44,0.36,USD,Materials,United Kingdom,Equity,equity,web_csv
2026-08-04,RING,OBM,ORA BANDA MINING LTD,AU0000050130,BKDX544,7963971.0,6474284.34,0.31,USD,Materials,Australia,Equity,equity,web_csv
2026-08-04,RING,MUX,MCEWEN INC,US58039P3055,BQGD8H7,321268.0,5998073.56,0.29,USD,Materials,United States,Equity,equity,web_csv
2026-08-04,RING,CYL,CATALYST METALS LTD,AU000000CYL6,B17P5V0,1445761.0,5922425.48,0.28,USD,Materials,Australia,Equity,equity,web_csv
2026-08-04,RING,WAF,WEST AFRICAN RESOURCES LTD,AU000000WAF6,B4KBBN0,2341332.0,4960319.05,0.24,USD,Materials,Australia,Equity,equity,web_csv
2026-08-04,RING,HKD,HKD CASH,CASH,,19326758.0,2464063.38,0.12,USD,Cash and/or Derivatives,Hong Kong,Cash,cash,web_csv
2026-08-04,RING,AUD,AUD CASH,CASH,,709422.0,499326.44,0.02,USD,Cash and/or Derivatives,Australia,Cash,cash,web_csv
2026-08-04,RING,GBP,GBP CASH,CASH,,156453.0,210374.58,0.01,USD,Cash and/or Derivatives,United Kingdom,Cash,cash,web_csv
2026-08-04,RING,WFFUT,CASH COLLATERAL USD WFFUT,CASH,,170000.0,170000.0,0.01,USD,Cash and/or Derivatives,United States,Cash Collateral and Margins,cash,web_csv
2026-08-04,RING,ZAR,ZAR/USD,,,148237375.0,88314.48,0.0,USD,Cash and/or Derivatives,United States,FX,fx,web_csv
2026-08-04,RING,CNH,CNH CASH,CASH,,347933.0,51565.83,0.0,USD,Cash and/or Derivatives,China,Cash,cash,web_csv
2026-08-04,RING,TRY,TRY CASH,CASH,,2400223.0,50481.32,0.0,USD,Cash and/or Derivatives,Turkey,Cash,cash,web_csv
2026-08-04,RING,CAD,CAD/USD,,,-424168.0,462.3,0.0,USD,Cash and/or Derivatives,United States,FX,fx,web_csv
2026-08-04,RING,AUD,AUD/USD,,,117645.0,464.7,0.0,USD,Cash and/or Derivatives,United States,FX,fx,web_csv
2026-08-04,RING,HKD,HKD/USD,,,-8862763.0,213.57,0.0,USD,Cash and/or Derivatives,United States,FX,fx,web_csv
2026-08-04,RING,IDR,IDR CASH,CASH,,3.0,0.0,0.0,USD,Cash and/or Derivatives,Indonesia,Cash,cash,web_csv
2026-08-04,RING,PLZL,POLYUS,RU000A0JNAA8,B57R0L9,625470.0,7.72,0.0,USD,Materials,Russian Federation,Equity,equity,web_csv
2026-08-04,RING,HKD,HKD/USD,,,648609.0,-16.95,0.0,USD,Cash and/or Derivatives,United States,FX,fx,web_csv
2026-08-04,RING,CAD,CAD/USD,,,1599666.0,-11.33,0.0,USD,Cash and/or Derivatives,United States,FX,fx,web_csv
2026-08-04,RING,PTU6,S&P/TSE 60 INDEX SEP 26,,,13.0,0.0,0.0,USD,Cash and/or Derivatives,,Futures,derivative,web_csv
2026-08-04,RING,AUD,AUD/USD,,,-402714.0,-1595.55,0.0,USD,Cash and/or Derivatives,United States,FX,fx,web_csv
2026-08-04,RING,ZAR,ZAR/USD,,,-5276392.0,-2286.64,0.0,USD,Cash and/or Derivatives,United States,FX,fx,web_csv
2026-08-04,RING,CAD,CAD CASH,CASH,,-880442.0,-626314.57,-0.03,USD,Cash and/or Derivatives,Canada,Cash,cash,web_csv
2026-08-04,RING,USD,USD CASH,CASH,,-3202346.0,-3202346.42,-0.15,USD,Cash and/or Derivatives,United States,Cash,cash,web_csv
2026-08-04,RING,ZAR,ZAR CASH,CASH,,-125468170.0,-7654582.17,-0.37,USD,Cash and/or Derivatives,South Africa,Cash,cash,web_csv
2026-08-05,RING,NEM,NEWMONT,US6516391066,2636607,3698966.0,385765164.14,17.08,USD,Materials,United States,Equity,equity,web_csv
2026-08-05,RING,AEM,AGNICO EAGLE MINES LTD,CA0084741085,2009823,1712078.0,283626459.93,12.56,USD,Materials,Canada,Equity,equity,web_csv
2026-08-05,RING,ABX,BARRICK MINING CORP,CA06849F1080,BNM23Q1,5302098.0,217953498.87,9.65,USD,Materials,Canada,Equity,equity,web_csv
2026-08-05,RING,WPM,WHEATON PRECIOUS METALS,CA9628791027,BF13KN5,1379421.0,169708287.8,7.51,USD,Materials,Canada,Equity,equity,web_csv
2026-08-05,RING,ANG,ANGLOGOLD ASHANTI PLC,GB00BRXH2664,BRF6FX9,1207516.0,107161212.93,4.74,USD,Materials,South Africa,Equity,equity,web_csv
2026-08-05,RING,GFI,GOLD FIELDS,ZAE000018123,6280215,2733957.0,103025157.9,4.56,USD,Materials,South Africa,Equity,equity,web_csv
2026-08-05,RING,K,KINROSS GOLD CORP,CA4969024047,B03Z841,3869311.0,99440975.31,4.4,USD,Materials,Canada,Equity,equity,web_csv
2026-08-05,RING,CDE,COEUR MINING,US1921085049,2208136,4497420.0,78390030.6,3.47,USD,Materials,United States,Equity,equity,web_csv
2026-08-05,RING,PAAS,PAN AMERICAN SILVER,CA6979001089,2669272,1595771.0,77162035.8,3.42,USD,Materials,Canada,Equity,equity,web_csv
2026-08-05,RING,AGI,ALAMOS GOLD INC CLASS A,CA0115321089,BZ3DNP6,1843105.0,57608945.47,2.55,USD,Materials,Canada,Equity,equity,web_csv
2026-08-05,RING,EQX,EQUINOX GOLD,CA29446Y5020,BKLNP13,5233396.0,54127637.93,2.4,USD,Materials,Canada,Equity,equity,web_csv
2026-08-05,RING,HAR,HARMONY GOLD MINING COMPANY LIMITE,ZAE000015228,6410562,2635218.0,48314754.3,2.14,USD,Materials,South Africa,Equity,equity,web_csv
2026-08-05,RING,IMG,IAMGOLD CORP,CA4509131088,2446646,2819568.0,44929668.76,1.99,USD,Materials,Canada,Equity,equity,web_csv
2026-08-05,RING,ELD,ELDORADO GOLD,CA2849025093,BHZJ5Y9,1158823.0,41717462.68,1.85,USD,Materials,Canada,Equity,equity,web_csv
2026-08-05,RING,EDV,ENDEAVOUR MINING,GB00BL6K5J42,BL6K5J4,792825.0,41055964.55,1.82,USD,Materials,United Kingdom,Equity,equity,web_csv
2026-08-05,RING,SSRM,SSR MINING,CA7847301032,BF7MPL9,1204815.0,34891036.77,1.54,USD,Materials,Canada,Equity,equity,web_csv
2026-08-05,RING,LUG,LUNDIN GOLD,CA5503711080,BTKSSY6,550367.0,33957520.24,1.5,USD,Materials,Canada,Equity,equity,web_csv
2026-08-05,RING,GMD,GENESIS MINERALS,AU000000GMD9,B23G0X1,6681159.0,30366068.09,1.34,USD,Materials,Australia,Equity,equity,web_csv
2026-08-05,RING,GMIN,G MINING VENTURES CORP,CA36270K1021,BSWW128,862740.0,29692360.64,1.31,USD,Materials,Canada,Equity,equity,web_csv
2026-08-05,RING,2099,CHINA GOLD INTERNATIONAL RESOURCES,CA16890P1036,B60FNV8,1122800.0,29401401.08,1.3,USD,Materials,China,Equity,equity,web_csv
2026-08-05,RING,CG,CENTERRA GOLD,CA1520061021,B01NXQ4,1488117.0,29052221.76,1.29,USD,Materials,Canada,Equity,equity,web_csv
2026-08-05,RING,OGC,OCEANAGOLD CORPORATION CORP,CA6752224007,BQXQY26,1014140.0,27249654.98,1.21,USD,Materials,Canada,Equity,equity,web_csv
2026-08-05,RING,BTO,B2GOLD,CA11777Q2099,B29VFC4,6554598.0,26883225.86,1.19,USD,Materials,Canada,Equity,equity,web_csv
2026-08-05,RING,TXG,TOREX GOLD RESOURCES,CA8910546032,BD2NKY1,592548.0,25630094.31,1.13,USD,Materials,Canada,Equity,equity,web_csv
2026-08-05,RING,WDO,WESDOME GOLD MINES LTD,CA95083R1001,B0Y90N5,1080256.0,23732575.91,1.05,USD,Other,Canada,Equity,equity,web_csv
2026-08-05,RING,HOC,HOCHSCHILD MINING PLC,GB00B1FW5029,B1FW502,2745378.0,17746915.71,0.79,USD,Materials,United Kingdom,Equity,equity,web_csv
2026-08-05,RING,WGX,WESTGOLD RESOURCES,AU000000WGX6,BYVQ673,4335754.0,15789385.27,0.7,USD,Materials,Australia,Equity,equity,web_csv
2026-08-05,RING,RRL,REGIS RESOURCES,AU000000RRL8,6476542,3324006.0,15717645.47,0.7,USD,Materials,Australia,Equity,equity,web_csv
2026-08-05,RING,EMR,EMERALD RESOURCES,AU000000EMR4,6107381,3759048.0,15387099.13,0.68,USD,Materials,Australia,Equity,equity,web_csv
2026-08-05,RING,ARIS,ARIS MINING CORP,CA04040Y1097,BQKRCQ2,897424.0,14063558.1,0.62,USD,Materials,Canada,Equity,equity,web_csv
2026-08-05,RING,DRD,DRDGOLD LTD,ZAE000058723,6267780,5823971.0,13416028.87,0.59,USD,Materials,South Africa,Equity,equity,web_csv
2026-08-05,RING,2259,ZIJIN GOLD INTERNATIONAL LTD,HK0001200002,BSD3B20,643100.0,10576291.28,0.47,USD,Materials,China,Equity,equity,web_csv
2026-08-05,RING,TRALT.E,KOZA ALTIN ISLETMELERI A,TREKOAL00014,B3LP189,10144093.0,10413929.78,0.46,USD,Materials,Turkey,Equity,equity,web_csv
2026-08-05,RING,XTSLA,BLK CSH FND TREASURY SL AGENCY,US0669224778,6922477,8467846.0,8467845.97,0.37,USD,Cash and/or Derivatives,United States,Money Market,cash,web_csv
2026-08-05,RING,RSG,RESOLUTE MINING,AU000000RSG6,6410636,11955793.0,8353422.9,0.37,USD,Materials,Australia,Equity,equity,web_csv
2026-08-05,RING,PAF,PAN AFRICAN RESOURCES PLC,GB0004300496,0430049,5691544.0,7993544.18,0.35,USD,Materials,United Kingdom,Equity,equity,web_csv
2026-08-05,RING,OBM,ORA BANDA MINING LTD,AU0000050130,BKDX544,7963971.0,7053818.53,0.31,USD,Materials,Australia,Equity,equity,web_csv
2026-08-05,RING,MUX,MCEWEN INC,US58039P3055,BQGD8H7,321268.0,6332192.28,0.28,USD,Materials,United States,Equity,equity,web_csv
2026-08-05,RING,CYL,CATALYST METALS LTD,AU000000CYL6,B17P5V0,1445761.0,6213906.08,0.28,USD,Materials,Australia,Equity,equity,web_csv
2026-08-05,RING,WAF,WEST AFRICAN RESOURCES LTD,AU000000WAF6,B4KBBN0,2341332.0,5254616.29,0.23,USD,Materials,Australia,Equity,equity,web_csv
2026-08-05,RING,HKD,HKD CASH,CASH,,11112604.0,1416710.19,0.06,USD,Cash and/or Derivatives,Hong Kong,Cash,cash,web_csv
2026-08-05,RING,ZAR,ZAR CASH,CASH,,22769205.0,1396455.38,0.06,USD,Cash and/or Derivatives,South Africa,Cash,cash,web_csv
2026-08-05,RING,AUD,AUD CASH,CASH,,424353.0,299486.9,0.01,USD,Cash and/or Derivatives,Australia,Cash,cash,web_csv
2026-08-05,RING,CAD,CAD CASH,CASH,,347588.0,247931.64,0.01,USD,Cash and/or Derivatives,Canada,Cash,cash,web_csv
2026-08-05,RING,GBP,GBP CASH,CASH,,156453.0,210875.23,0.01,USD,Cash and/or Derivatives,United Kingdom,Cash,cash,web_csv
2026-08-05,RING,WFFUT,CASH COLLATERAL USD WFFUT,CASH,,204000.0,204000.0,0.01,USD,Cash and/or Derivatives,United States,Cash Collateral and Margins,cash,web_csv
2026-08-05,RING,CNH,CNH CASH,CASH,,347933.0,51562.01,0.0,USD,Cash and/or Derivatives,China,Cash,cash,web_csv
2026-08-05,RING,TRY,TRY CASH,CASH,,2400223.0,50451.87,0.0,USD,Cash and/or Derivatives,Turkey,Cash,cash,web_csv
2026-08-05,RING,IDR,IDR CASH,CASH,,3.0,0.0,0.0,USD,Cash and/or Derivatives,Indonesia,Cash,cash,web_csv
2026-08-05,RING,PLZL,POLYUS,RU000A0JNAA8,B57R0L9,625470.0,7.75,0.0,USD,Materials,Russian Federation,Equity,equity,web_csv
2026-08-05,RING,PTU6,S&P/TSE 60 INDEX SEP 26,,,13.0,0.0,0.0,USD,Cash and/or Derivatives,,Futures,derivative,web_csv
2026-08-05,RING,ZAR,ZAR/USD,,,-5276392.0,-4015.88,0.0,USD,Cash and/or Derivatives,United States,FX,fx,web_csv
2026-08-05,RING,USD,USD CASH,CASH,,-8579638.0,-8579637.73,-0.38,USD,Cash and/or Derivatives,United States,Cash,cash,web_csv
2026-08-06,RING,NEM,NEWMONT,US6516391066,2636607,3669426.0,386867583.18,17.21,USD,Materials,United States,Equity,equity,web_csv
2026-08-06,RING,AEM,AGNICO EAGLE MINES LTD,CA0084741085,2009823,1698408.0,285125171.43,12.68,USD,Materials,Canada,Equity,equity,web_csv
2026-08-06,RING,ABX,BARRICK MINING CORP,CA06849F1080,BNM23Q1,5259753.0,217870024.06,9.69,USD,Materials,Canada,Equity,equity,web_csv
2026-08-06,RING,WPM,WHEATON PRECIOUS METALS,CA9628791027,BF13KN5,1368406.0,171559455.65,7.63,USD,Materials,Canada,Equity,equity,web_csv
2026-08-06,RING,ANG,ANGLOGOLD ASHANTI PLC,GB00BRXH2664,BRF6FX9,1197876.0,104991203.8,4.67,USD,Materials,South Africa,Equity,equity,web_csv
2026-08-06,RING,GFI,GOLD FIELDS,ZAE000018123,6280215,2712122.0,101293531.01,4.51,USD,Materials,South Africa,Equity,equity,web_csv
2026-08-06,RING,K,KINROSS GOLD CORP,CA4969024047,B03Z841,3838406.0,98358897.11,4.37,USD,Materials,Canada,Equity,equity,web_csv
2026-08-06,RING,PAAS,PAN AMERICAN SILVER,CA6979001089,2669272,1583026.0,76094535.11,3.38,USD,Materials,Canada,Equity,equity,web_csv
2026-08-06,RING,CDE,COEUR MINING,US1921085049,2208136,4461500.0,69822475.0,3.11,USD,Materials,United States,Equity,equity,web_csv
2026-08-06,RING,AGI,ALAMOS GOLD INC CLASS A,CA0115321089,BZ3DNP6,1828385.0,56905981.1,2.53,USD,Materials,Canada,Equity,equity,web_csv
2026-08-06,RING,EQX,EQUINOX GOLD,CA29446Y5020,BKLNP13,5191596.0,55835158.63,2.48,USD,Materials,Canada,Equity,equity,web_csv
2026-08-06,RING,HAR,HARMONY GOLD MINING COMPANY LIMITE,ZAE000015228,6410562,2614173.0,47618339.08,2.12,USD,Materials,South Africa,Equity,equity,web_csv
2026-08-06,RING,IMG,IAMGOLD CORP,CA4509131088,2446646,2797048.0,44843732.15,1.99,USD,Materials,Canada,Equity,equity,web_csv
2026-08-06,RING,ELD,ELDORADO GOLD,CA2849025093,BHZJ5Y9,1149568.0,41263600.5,1.84,USD,Materials,Canada,Equity,equity,web_csv
2026-08-06,RING,EDV,ENDEAVOUR MINING,GB00BL6K5J42,BL6K5J4,786495.0,41176052.27,1.83,USD,Materials,United Kingdom,Equity,equity,web_csv
2026-08-06,RING,SSRM,SSR MINING,CA7847301032,BF7MPL9,1195195.0,34377359.31,1.53,USD,Materials,Canada,Equity,equity,web_csv
2026-08-06,RING,LUG,LUNDIN GOLD,CA5503711080,BTKSSY6,545972.0,33759421.17,1.5,USD,Materials,Canada,Equity,equity,web_csv
2026-08-06,RING,GMD,GENESIS MINERALS,AU000000GMD9,B23G0X1,6627799.0,31362002.55,1.39,USD,Materials,Australia,Equity,equity,web_csv
2026-08-06,RING,CG,CENTERRA GOLD,CA1520061021,B01NXQ4,1476232.0,29268801.2,1.3,USD,Materials,Canada,Equity,equity,web_csv
2026-08-06,RING,2099,CHINA GOLD INTERNATIONAL RESOURCES,CA16890P1036,B60FNV8,1114300.0,29203510.54,1.3,USD,Materials,China,Equity,equity,web_csv
2026-08-06,RING,GMIN,G MINING VENTURES CORP,CA36270K1021,BSWW128,855850.0,28919996.43,1.29,USD,Materials,Canada,Equity,equity,web_csv
2026-08-06,RING,BTO,B2GOLD,CA11777Q2099,B29VFC4,6502248.0,26618338.64,1.18,USD,Materials,Canada,Equity,equity,web_csv
2026-08-06,RING,OGC,OCEANAGOLD CORPORATION CORP,CA6752224007,BQXQY26,1006040.0,26382406.16,1.17,USD,Materials,Canada,Equity,equity,web_csv
2026-08-06,RING,TXG,TOREX GOLD RESOURCES,CA8910546032,BD2NKY1,587818.0,25073918.33,1.12,USD,Materials,Canada,Equity,equity,web_csv
2026-08-06,RING,WDO,WESDOME GOLD MINES LTD,CA95083R1001,B0Y90N5,1071631.0,24456864.1,1.09,USD,Other,Canada,Equity,equity,web_csv
2026-08-06,RING,HOC,HOCHSCHILD MINING PLC,GB00B1FW5029,B1FW502,2723453.0,17602875.06,0.78,USD,Materials,United Kingdom,Equity,equity,web_csv
2026-08-06,RING,WGX,WESTGOLD RESOURCES,AU000000WGX6,BYVQ673,4301124.0,16475782.37,0.73,USD,Materials,Australia,Equity,equity,web_csv
2026-08-06,RING,RRL,REGIS RESOURCES,AU000000RRL8,6476542,3297461.0,16369445.5,0.73,USD,Materials,Australia,Equity,equity,web_csv
2026-08-06,RING,EMR,EMERALD RESOURCES,AU000000EMR4,6107381,3729028.0,15728512.45,0.7,USD,Materials,Australia,Equity,equity,web_csv
2026-08-06,RING,ARIS,ARIS MINING CORP,CA04040Y1097,BQKRCQ2,890259.0,14038174.58,0.62,USD,Materials,Canada,Equity,equity,web_csv
2026-08-06,RING,DRD,DRDGOLD LTD,ZAE000058723,6267780,5777456.0,13128772.23,0.58,USD,Materials,South Africa,Equity,equity,web_csv
2026-08-06,RING,2259,ZIJIN GOLD INTERNATIONAL LTD,HK0001200002,BSD3B20,638100.0,10687938.1,0.48,USD,Materials,China,Equity,equity,web_csv
2026-08-06,RING,TRALT.E,KOZA ALTIN ISLETMELERI A,TREKOAL00014,B3LP189,10063073.0,10453163.76,0.46,USD,Materials,Turkey,Equity,equity,web_csv
2026-08-06,RING,RSG,RESOLUTE MINING,AU000000RSG6,6410636,11860303.0,8518461.0,0.38,USD,Materials,Australia,Equity,equity,web_csv
2026-08-06,RING,PAF,PAN AFRICAN RESOURCES PLC,GB0004300496,0430049,5646089.0,7762398.71,0.35,USD,Materials,United Kingdom,Equity,equity,web_csv
2026-08-06,RING,OBM,ORA BANDA MINING LTD,AU0000050130,BKDX544,7900366.0,7315401.18,0.33,USD,Materials,Australia,Equity,equity,web_csv
2026-08-06,RING,CYL,CATALYST METALS LTD,AU000000CYL6,B17P5V0,1434216.0,6362390.14,0.28,USD,Materials,Australia,Equity,equity,web_csv
2026-08-06,RING,MUX,MCEWEN INC,US58039P3055,BQGD8H7,318703.0,5819516.78,0.26,USD,Materials,United States,Equity,equity,web_csv
2026-08-06,RING,WAF,WEST AFRICAN RESOURCES LTD,AU000000WAF6,B4KBBN0,2322632.0,5429797.99,0.24,USD,Materials,Australia,Equity,equity,web_csv
2026-08-06,RING,HKD,HKD CASH,CASH,,11112604.0,1416529.6,0.06,USD,Cash and/or Derivatives,Hong Kong,Cash,cash,web_csv
2026-08-06,RING,ZAR,ZAR CASH,CASH,,17492813.0,1071453.21,0.05,USD,Cash and/or Derivatives,South Africa,Cash,cash,web_csv
2026-08-06,RING,XTSLA,BLK CSH FND TREASURY SL AGENCY,US0669224778,6922477,776843.0,776843.36,0.03,USD,Cash and/or Derivatives,United States,Money Market,cash,web_csv
2026-08-06,RING,AUD,AUD CASH,CASH,,424353.0,298807.93,0.01,USD,Cash and/or Derivatives,Australia,Cash,cash,web_csv
2026-08-06,RING,CAD,CAD CASH,CASH,,347588.0,247896.27,0.01,USD,Cash and/or Derivatives,Canada,Cash,cash,web_csv
2026-08-06,RING,GBP,GBP CASH,CASH,,156453.0,210671.84,0.01,USD,Cash and/or Derivatives,United Kingdom,Cash,cash,web_csv
2026-08-06,RING,WFFUT,CASH COLLATERAL USD WFFUT,CASH,,205000.0,205000.0,0.01,USD,Cash and/or Derivatives,United States,Cash Collateral and Margins,cash,web_csv
2026-08-06,RING,CNH,CNH CASH,CASH,,347933.0,51559.33,0.0,USD,Cash and/or Derivatives,China,Cash,cash,web_csv
2026-08-06,RING,TRY,TRY CASH,CASH,,2400223.0,50430.14,0.0,USD,Cash and/or Derivatives,Turkey,Cash,cash,web_csv
2026-08-06,RING,IDR,IDR CASH,CASH,,3.0,0.0,0.0,USD,Cash and/or Derivatives,Indonesia,Cash,cash,web_csv
2026-08-06,RING,PLZL,POLYUS,RU000A0JNAA8,B57R0L9,625470.0,7.67,0.0,USD,Materials,Russian Federation,Equity,equity,web_csv
2026-08-06,RING,PTU6,S&P/TSE 60 INDEX SEP 26,,,13.0,0.0,0.0,USD,Cash and/or Derivatives,,Futures,derivative,web_csv
2026-08-06,RING,USD,USD CASH,CASH,,-640668.0,-640668.02,-0.03,USD,Cash and/or Derivatives,United States,Cash,cash,web_csv
2026-08-07,RING,NEM,NEWMONT,US6516391066,2636607,3586714.0,405226947.72,17.16,USD,Materials,United States,Equity,equity,web_csv
2026-08-07,RING,AEM,AGNICO EAGLE MINES LTD,CA0084741085,2009823,1660132.0,296924595.19,12.57,USD,Materials,Canada,Equity,equity,web_csv
2026-08-07,RING,ABX,BARRICK MINING CORP,CA06849F1080,BNM23Q1,5141187.0,224785196.0,9.52,USD,Materials,Canada,Equity,equity,web_csv
2026-08-07,RING,WPM,WHEATON PRECIOUS METALS,CA9628791027,BF13KN5,1337564.0,179704133.75,7.61,USD,Materials,Canada,Equity,equity,web_csv
2026-08-07,RING,ANG,ANGLOGOLD ASHANTI PLC,GB00BRXH2664,BRF6FX9,1170884.0,113658102.65,4.81,USD,Materials,South Africa,Equity,equity,web_csv
2026-08-07,RING,GFI,GOLD FIELDS,ZAE000018123,6280215,2650984.0,108766976.25,4.61,USD,Materials,South Africa,Equity,equity,web_csv
2026-08-07,RING,K,KINROSS GOLD CORP,CA4969024047,B03Z841,3751872.0,103655807.38,4.39,USD,Materials,Canada,Equity,equity,web_csv
2026-08-07,RING,PAAS,PAN AMERICAN SILVER,CA6979001089,2669272,1547340.0,79295279.18,3.36,USD,Materials,Canada,Equity,equity,web_csv
2026-08-07,RING,CDE,COEUR MINING,US1921085049,2208136,4360924.0,75836468.36,3.21,USD,Materials,United States,Equity,equity,web_csv
2026-08-07,RING,AGI,ALAMOS GOLD INC CLASS A,CA0115321089,BZ3DNP6,1787169.0,59296710.02,2.51,USD,Materials,Canada,Equity,equity,web_csv
2026-08-07,RING,EQX,EQUINOX GOLD,CA29446Y5020,BKLNP13,5074556.0,58816442.5,2.49,USD,Materials,Canada,Equity,equity,web_csv
2026-08-07,RING,HAR,HARMONY GOLD MINING COMPANY LIMITE,ZAE000015228,6410562,2555247.0,50405002.19,2.13,USD,Materials,South Africa,Equity,equity,web_csv
2026-08-07,RING,IMG,IAMGOLD CORP,CA4509131088,2446646,2733992.0,50120735.54,2.12,USD,Materials,Canada,Equity,equity,web_csv
2026-08-07,RING,ELD,ELDORADO GOLD,CA2849025093,BHZJ5Y9,1123654.0,42576755.12,1.8,USD,Materials,Canada,Equity,equity,web_csv
2026-08-07,RING,EDV,ENDEAVOUR MINING,GB00BL6K5J42,BL6K5J4,768771.0,41955270.65,1.78,USD,Materials,United Kingdom,Equity,equity,web_csv
2026-08-07,RING,SSRM,SSR MINING,CA7847301032,BF7MPL9,1168259.0,37085991.28,1.57,USD,Materials,Canada,Equity,equity,web_csv
2026-08-07,RING,LUG,LUNDIN GOLD,CA5503711080,BTKSSY6,533666.0,35225592.24,1.49,USD,Materials,Canada,Equity,equity,web_csv
2026-08-07,RING,GMD,GENESIS MINERALS,AU000000GMD9,B23G0X1,6478391.0,32613104.59,1.38,USD,Materials,Australia,Equity,equity,web_csv
2026-08-07,RING,BTO,B2GOLD,CA11777Q2099,B29VFC4,6355668.0,32046151.01,1.36,USD,Materials,Canada,Equity,equity,web_csv
2026-08-07,RING,CG,CENTERRA GOLD,CA1520061021,B01NXQ4,1442954.0,30665036.41,1.3,USD,Materials,Canada,Equity,equity,web_csv
2026-08-07,RING,GMIN,G MINING VENTURES CORP,CA36270K1021,BSWW128,836558.0,30150288.33,1.28,USD,Materials,Canada,Equity,equity,web_csv
2026-08-07,RING,2099,CHINA GOLD INTERNATIONAL RESOURCES,CA16890P1036,B60FNV8,1090500.0,29716585.41,1.26,USD,Materials,China,Equity,equity,web_csv
2026-08-07,RING,OGC,OCEANAGOLD CORPORATION CORP,CA6752224007,BQXQY26,983360.0,27605314.97,1.17,USD,Materials,Canada,Equity,equity,web_csv
2026-08-07,RING,TXG,TOREX GOLD RESOURCES,CA8910546032,BD2NKY1,574574.0,25859435.9,1.1,USD,Materials,Canada,Equity,equity,web_csv
2026-08-07,RING,WDO,WESDOME GOLD MINES LTD,CA95083R1001,B0Y90N5,1047481.0,25693993.33,1.09,USD,Materials,Canada,Equity,equity,web_csv
2026-08-07,RING,HOC,HOCHSCHILD MINING PLC,GB00B1FW5029,B1FW502,2662063.0,18294737.14,0.77,USD,Materials,United Kingdom,Equity,equity,web_csv
2026-08-07,RING,WGX,WESTGOLD RESOURCES,AU000000WGX6,BYVQ673,4204160.0,16830528.44,0.71,USD,Materials,Australia,Equity,equity,web_csv
2026-08-07,RING,RRL,REGIS RESOURCES,AU000000RRL8,6476542,3223135.0,16589812.66,0.7,USD,Materials,Australia,Equity,equity,web_csv
2026-08-07,RING,EMR,EMERALD RESOURCES,AU000000EMR4,6107381,3644972.0,16084578.0,0.68,USD,Materials,Australia,Equity,equity,web_csv
2026-08-07,RING,ARIS,ARIS MINING CORP,CA04040Y1097,BQKRCQ2,870197.0,15122735.03,0.64,USD,Materials,Canada,Equity,equity,web_csv
2026-08-07,RING,DRD,DRDGOLD LTD,ZAE000058723,6267780,5647214.0,13485571.48,0.57,USD,Materials,South Africa,Equity,equity,web_csv
2026-08-07,RING,2259,ZIJIN GOLD INTERNATIONAL LTD,HK0001200002,BSD3B20,624100.0,10905791.03,0.46,USD,Materials,China,Equity,equity,web_csv
2026-08-07,RING,TRALT.E,KOZA ALTIN ISLETMELERI A,TREKOAL00014,B3LP189,9836217.0,10752893.43,0.46,USD,Materials,Turkey,Equity,equity,web_csv
2026-08-07,RING,RSG,RESOLUTE MINING,AU000000RSG6,6410636,11592931.0,8676300.27,0.37,USD,Materials,Australia,Equity,equity,web_csv
2026-08-07,RING,PAF,PAN AFRICAN RESOURCES PLC,GB0004300496,0430049,5518815.0,8173570.87,0.35,USD,Materials,United Kingdom,Equity,equity,web_csv
2026-08-07,RING,OBM,ORA BANDA MINING LTD,AU0000050130,BKDX544,7722258.0,7306082.35,0.31,USD,Materials,Australia,Equity,equity,web_csv
2026-08-07,RING,CYL,CATALYST METALS LTD,AU000000CYL6,B17P5V0,1401890.0,6394136.65,0.27,USD,Materials,Australia,Equity,equity,web_csv
2026-08-07,RING,MUX,MCEWEN INC,US58039P3055,BQGD8H7,311521.0,5978087.99,0.25,USD,Materials,United States,Equity,equity,web_csv
2026-08-07,RING,WAF,WEST AFRICAN RESOURCES LTD,AU000000WAF6,B4KBBN0,2270272.0,5578180.9,0.24,USD,Materials,Australia,Equity,equity,web_csv
2026-08-07,RING,HKD,HKD CASH,CASH,,11112604.0,1416385.17,0.06,USD,Cash and/or Derivatives,Hong Kong,Cash,cash,web_csv
2026-08-07,RING,ZAR,ZAR CASH,CASH,,17492813.0,1081639.39,0.05,USD,Cash and/or Derivatives,South Africa,Cash,cash,web_csv
2026-08-07,RING,XTSLA,BLK CSH FND TREASURY SL AGENCY,US0669224778,6922477,1054812.0,1054811.67,0.04,USD,Cash and/or Derivatives,United States,Money Market,cash,web_csv
2026-08-07,RING,AUD,AUD CASH,CASH,,424353.0,299614.2,0.01,USD,Cash and/or Derivatives,Australia,Cash,cash,web_csv
2026-08-07,RING,CAD,CAD CASH,CASH,,365528.0,262168.02,0.01,USD,Cash and/or Derivatives,Canada,Cash,cash,web_csv
2026-08-07,RING,GBP,GBP CASH,CASH,,156453.0,211031.68,0.01,USD,Cash and/or Derivatives,United Kingdom,Cash,cash,web_csv
2026-08-07,RING,WFFUT,CASH COLLATERAL USD WFFUT,CASH,,207000.0,207000.0,0.01,USD,Cash and/or Derivatives,United States,Cash Collateral and Margins,cash,web_csv
2026-08-07,RING,CNH,CNH CASH,CASH,,347933.0,51592.59,0.0,USD,Cash and/or Derivatives,China,Cash,cash,web_csv
2026-08-07,RING,TRY,TRY CASH,CASH,,2400223.0,50314.65,0.0,USD,Cash and/or Derivatives,Turkey,Cash,cash,web_csv
2026-08-07,RING,IDR,IDR CASH,CASH,,3.0,0.0,0.0,USD,Cash and/or Derivatives,Indonesia,Cash,cash,web_csv
2026-08-07,RING,PLZL,POLYUS,RU000A0JNAA8,B57R0L9,625470.0,7.6,0.0,USD,Materials,Russian Federation,Equity,equity,web_csv
2026-08-07,RING,PTU6,S&P/TSE 60 INDEX SEP 26,,,13.0,0.0,0.0,USD,Cash and/or Derivatives,,Futures,derivative,web_csv
2026-08-07,RING,USD,USD CASH,CASH,,-1079611.0,-1079611.0,-0.05,USD,Cash and/or Derivatives,United States,Cash,cash,web_csv
2026-08-10,RING,NEM,NEWMONT,US6516391066,2636607,3586714.0,420578083.64,17.73,USD,Materials,United States,Equity,equity,web_csv
2026-08-10,RING,AEM,AGNICO EAGLE MINES LTD,CA0084741085,2009823,1660132.0,299451213.34,12.62,USD,Materials,Canada,Equity,equity,web_csv
2026-08-10,RING,ABX,BARRICK MINING CORP,CA06849F1080,BNM23Q1,5141187.0,210278548.87,8.87,USD,Materials,Canada,Equity,equity,web_csv
2026-08-10,RING,WPM,WHEATON PRECIOUS METALS,CA9628791027,BF13KN5,1337564.0,178185185.21,7.51,USD,Materials,Canada,Equity,equity,web_csv
2026-08-10,RING,ANG,ANGLOGOLD ASHANTI PLC,GB00BRXH2664,BRF6FX9,1170884.0,113675675.02,4.79,USD,Materials,South Africa,Equity,equity,web_csv
2026-08-10,RING,GFI,GOLD FIELDS,ZAE000018123,6280215,2650984.0,108783792.42,4.59,USD,Materials,South Africa,Equity,equity,web_csv
2026-08-10,RING,K,KINROSS GOLD CORP,CA4969024047,B03Z841,3751872.0,102733512.36,4.33,USD,Materials,Canada,Equity,equity,web_csv
2026-08-10,RING,PAAS,PAN AMERICAN SILVER,CA6979001089,2669272,1547340.0,80199563.81,3.38,USD,Materials,Canada,Equity,equity,web_csv
2026-08-10,RING,CDE,COEUR MINING,US1921085049,2208136,4360924.0,79150770.6,3.34,USD,Materials,United States,Equity,equity,web_csv
2026-08-10,RING,AGI,ALAMOS GOLD INC CLASS A,CA0115321089,BZ3DNP6,1787169.0,59394995.13,2.5,USD,Materials,Canada,Equity,equity,web_csv
2026-08-10,RING,EQX,EQUINOX GOLD,CA29446Y5020,BKLNP13,5074556.0,58775830.6,2.48,USD,Materials,Canada,Equity,equity,web_csv
2026-08-10,RING,HAR,HARMONY GOLD MINING COMPANY LIMITE,ZAE000015228,6410562,2555247.0,50412795.17,2.13,USD,Materials,South Africa,Equity,equity,web_csv
2026-08-10,RING,IMG,IAMGOLD CORP,CA4509131088,2446646,2733992.0,50254394.49,2.12,USD,Materials,Canada,Equity,equity,web_csv
2026-08-10,RING,ELD,ELDORADO GOLD,CA2849025093,BHZJ5Y9,1123654.0,43951726.01,1.85,USD,Materials,Canada,Equity,equity,web_csv
2026-08-10,RING,EDV,ENDEAVOUR MINING,GB00BL6K5J42,BL6K5J4,768771.0,42344275.69,1.79,USD,Materials,United Kingdom,Equity,equity,web_csv
2026-08-10,RING,SSRM,SSR MINING,CA7847301032,BF7MPL9,1168259.0,36697919.6,1.55,USD,Materials,Canada,Equity,equity,web_csv
2026-08-10,RING,LUG,LUNDIN GOLD,CA5503711080,BTKSSY6,533666.0,35058490.05,1.48,USD,Materials,Canada,Equity,equity,web_csv
2026-08-10,RING,GMD,GENESIS MINERALS,AU000000GMD9,B23G0X1,6478391.0,33539789.84,1.41,USD,Materials,Australia,Equity,equity,web_csv
2026-08-10,RING,BTO,B2GOLD,CA11777Q2099,B29VFC4,6355668.0,32089434.3,1.35,USD,Materials,Canada,Equity,equity,web_csv
2026-08-10,RING,CG,CENTERRA GOLD,CA1520061021,B01NXQ4,1442954.0,30807717.27,1.3,USD,Materials,Canada,Equity,equity,web_csv
2026-08-10,RING,GMIN,G MINING VENTURES CORP,CA36270K1021,BSWW128,836558.0,30610097.29,1.29,USD,Materials,Canada,Equity,equity,web_csv
2026-08-10,RING,2099,CHINA GOLD INTERNATIONAL RESOURCES,CA16890P1036,B60FNV8,1090500.0,29466774.58,1.24,USD,Materials,China,Equity,equity,web_csv
2026-08-10,RING,OGC,OCEANAGOLD CORPORATION CORP,CA6752224007,BQXQY26,983360.0,27991220.57,1.18,USD,Materials,Canada,Equity,equity,web_csv
2026-08-10,RING,WDO,WESDOME GOLD MINES LTD,CA95083R1001,B0Y90N5,1047481.0,25444243.89,1.07,USD,Materials,Canada,Equity,equity,web_csv
2026-08-10,RING,TXG,TOREX GOLD RESOURCES,CA8910546032,BD2NKY1,574574.0,25387818.08,1.07,USD,Materials,Canada,Equity,equity,web_csv
2026-08-10,RING,HOC,HOCHSCHILD MINING PLC,GB00B1FW5029,B1FW502,2662063.0,18499421.16,0.78,USD,Materials,United Kingdom,Equity,equity,web_csv
2026-08-10,RING,WGX,WESTGOLD RESOURCES,AU000000WGX6,BYVQ673,4204160.0,17252203.59,0.73,USD,Materials,Australia,Equity,equity,web_csv
2026-08-10,RING,RRL,REGIS RESOURCES,AU000000RRL8,6476542,3223135.0,16937161.86,0.71,USD,Materials,Australia,Equity,equity,web_csv
2026-08-10,RING,EMR,EMERALD RESOURCES,AU000000EMR4,6107381,3644972.0,16733884.2,0.71,USD,Materials,Australia,Equity,equity,web_csv
2026-08-10,RING,ARIS,ARIS MINING CORP,CA04040Y1097,BQKRCQ2,870197.0,14847051.77,0.63,USD,Materials,Canada,Equity,equity,web_csv
2026-08-10,RING,DRD,DRDGOLD LTD,ZAE000058723,6267780,5647214.0,13487656.44,0.57,USD,Materials,South Africa,Equity,equity,web_csv
2026-08-10,RING,2259,ZIJIN GOLD INTERNATIONAL LTD,HK0001200002,BSD3B20,624100.0,11454806.17,0.48,USD,Materials,China,Equity,equity,web_csv
2026-08-10,RING,TRALT.E,KOZA ALTIN ISLETMELERI A,TREKOAL00014,B3LP189,9836217.0,11081232.08,0.47,USD,Materials,Turkey,Equity,equity,web_csv
2026-08-10,RING,RSG,RESOLUTE MINING,AU000000RSG6,6410636,11592931.0,9211598.06,0.39,USD,Materials,Australia,Equity,equity,web_csv
2026-08-10,RING,PAF,PAN AFRICAN RESOURCES PLC,GB0004300496,0430049,5518815.0,8200120.23,0.35,USD,Materials,United Kingdom,Equity,equity,web_csv
2026-08-10,RING,OBM,ORA BANDA MINING LTD,AU0000050130,BKDX544,7722258.0,7445025.08,0.31,USD,Materials,Australia,Equity,equity,web_csv
2026-08-10,RING,CYL,CATALYST METALS LTD,AU000000CYL6,B17P5V0,1401890.0,6475613.09,0.27,USD,Materials,Australia,Equity,equity,web_csv
2026-08-10,RING,MUX,MCEWEN INC,US58039P3055,BQGD8H7,311521.0,5978087.99,0.25,USD,Materials,United States,Equity,equity,web_csv
2026-08-10,RING,WAF,WEST AFRICAN RESOURCES LTD,AU000000WAF6,B4KBBN0,2270272.0,5628260.83,0.24,USD,Materials,Australia,Equity,equity,web_csv
2026-08-10,RING,HKD,HKD CASH,CASH,,11112604.0,1416403.22,0.06,USD,Cash and/or Derivatives,Hong Kong,Cash,cash,web_csv
2026-08-10,RING,ZAR,ZAR CASH,CASH,,17492813.0,1081806.62,0.05,USD,Cash and/or Derivatives,South Africa,Cash,cash,web_csv
2026-08-10,RING,XTSLA,BLK CSH FND TREASURY SL AGENCY,US0669224778,6922477,1054812.0,1054811.67,0.04,USD,Cash and/or Derivatives,United States,Money Market,cash,web_csv
2026-08-10,RING,AUD,AUD CASH,CASH,,424353.0,299720.29,0.01,USD,Cash and/or Derivatives,Australia,Cash,cash,web_csv
2026-08-10,RING,CAD,CAD CASH,CASH,,379308.0,272031.96,0.01,USD,Cash and/or Derivatives,Canada,Cash,cash,web_csv
2026-08-10,RING,GBP,GBP CASH,CASH,,156453.0,211524.51,0.01,USD,Cash and/or Derivatives,United Kingdom,Cash,cash,web_csv
2026-08-10,RING,WFFUT,CASH COLLATERAL USD WFFUT,CASH,,209000.0,209000.0,0.01,USD,Cash and/or Derivatives,United States,Cash Collateral and Margins,cash,web_csv
2026-08-10,RING,CNH,CNH CASH,CASH,,347933.0,51575.38,0.0,USD,Cash and/or Derivatives,China,Cash,cash,web_csv
2026-08-10,RING,TRY,TRY CASH,CASH,,2400223.0,50307.53,0.0,USD,Cash and/or Derivatives,Turkey,Cash,cash,web_csv
2026-08-10,RING,IDR,IDR CASH,CASH,,3.0,0.0,0.0,USD,Cash and/or Derivatives,Indonesia,Cash,cash,web_csv
2026-08-10,RING,PLZL,POLYUS,RU000A0JNAA8,B57R0L9,625470.0,7.57,0.0,USD,Materials,Russian Federation,Equity,equity,web_csv
2026-08-10,RING,PTU6,S&P/TSE 60 INDEX SEP 26,,,13.0,0.0,0.0,USD,Cash and/or Derivatives,,Futures,derivative,web_csv
2026-08-10,RING,USD,USD CASH,CASH,,-1157934.0,-1157933.81,-0.05,USD,Cash and/or Derivatives,United States,Cash,cash,web_csv
2026-08-11,RING,NEM,NEWMONT,US6516391066,2636607,3592622.0,421091224.62,17.73,USD,Materials,United States,Equity,equity,web_csv
2026-08-11,RING,AEM,AGNICO EAGLE MINES LTD,CA0084741085,2009823,1662866.0,302306710.61,12.73,USD,Materials,Canada,Equity,equity,web_csv
2026-08-11,RING,ABX,BARRICK MINING CORP,CA06849F1080,BNM23Q1,5149656.0,206355987.33,8.69,USD,Materials,Canada,Equity,equity,web_csv
2026-08-11,RING,WPM,WHEATON PRECIOUS METALS,CA9628791027,BF13KN5,1339767.0,179866906.24,7.57,USD,Materials,Canada,Equity,equity,web_csv
2026-08-11,RING,ANG,ANGLOGOLD ASHANTI PLC,GB00BRXH2664,BRF6FX9,1172812.0,113733787.79,4.79,USD,Materials,South Africa,Equity,equity,web_csv
2026-08-11,RING,GFI,GOLD FIELDS,ZAE000018123,6280215,2655351.0,107114464.77,4.51,USD,Materials,South Africa,Equity,equity,web_csv
2026-08-11,RING,K,KINROSS GOLD CORP,CA4969024047,B03Z841,3758053.0,102346401.21,4.31,USD,Materials,Canada,Equity,equity,web_csv
2026-08-11,RING,CDE,COEUR MINING,US1921085049,2208136,4368108.0,81159446.64,3.42,USD,Materials,United States,Equity,equity,web_csv
2026-08-11,RING,PAAS,PAN AMERICAN SILVER,CA6979001089,2669272,1549889.0,80334939.44,3.38,USD,Materials,Canada,Equity,equity,web_csv
2026-08-11,RING,AGI,ALAMOS GOLD INC CLASS A,CA0115321089,BZ3DNP6,1790113.0,59908215.35,2.52,USD,Materials,Canada,Equity,equity,web_csv
2026-08-11,RING,EQX,EQUINOX GOLD,CA29446Y5020,BKLNP13,5082916.0,59195762.0,2.49,USD,Materials,Canada,Equity,equity,web_csv
2026-08-11,RING,HAR,HARMONY GOLD MINING COMPANY LIMITE,ZAE000015228,6410562,2559456.0,50145734.6,2.11,USD,Materials,South Africa,Equity,equity,web_csv
2026-08-11,RING,IMG,IAMGOLD CORP,CA4509131088,2446646,2738496.0,49687161.31,2.09,USD,Materials,Canada,Equity,equity,web_csv
2026-08-11,RING,ELD,ELDORADO GOLD,CA2849025093,BHZJ5Y9,1125505.0,43993891.37,1.85,USD,Materials,Canada,Equity,equity,web_csv
2026-08-11,RING,EDV,ENDEAVOUR MINING,GB00BL6K5J42,BL6K5J4,770037.0,43511753.46,1.83,USD,Materials,United Kingdom,Equity,equity,web_csv
2026-08-11,RING,SSRM,SSR MINING,CA7847301032,BF7MPL9,1170183.0,37405526.59,1.58,USD,Materials,Canada,Equity,equity,web_csv
2026-08-11,RING,LUG,LUNDIN GOLD,CA5503711080,BTKSSY6,534545.0,35498163.38,1.49,USD,Materials,Canada,Equity,equity,web_csv
2026-08-11,RING,GMD,GENESIS MINERALS,AU000000GMD9,B23G0X1,6489063.0,33831385.35,1.42,USD,Materials,Australia,Equity,equity,web_csv
2026-08-11,RING,BTO,B2GOLD,CA11777Q2099,B29VFC4,6366138.0,32224931.18,1.36,USD,Materials,Canada,Equity,equity,web_csv
2026-08-11,RING,CG,CENTERRA GOLD,CA1520061021,B01NXQ4,1445331.0,31371284.24,1.32,USD,Materials,Canada,Equity,equity,web_csv
2026-08-11,RING,GMIN,G MINING VENTURES CORP,CA36270K1021,BSWW128,837936.0,30154264.81,1.27,USD,Materials,Canada,Equity,equity,web_csv
2026-08-11,RING,OGC,OCEANAGOLD CORPORATION CORP,CA6752224007,BQXQY26,984980.0,28295853.38,1.19,USD,Materials,Canada,Equity,equity,web_csv
2026-08-11,RING,2099,CHINA GOLD INTERNATIONAL RESOURCES,CA16890P1036,B60FNV8,1092200.0,27867003.12,1.17,USD,Materials,China,Equity,equity,web_csv
2026-08-11,RING,TXG,TOREX GOLD RESOURCES,CA8910546032,BD2NKY1,575520.0,25752221.43,1.08,USD,Materials,Canada,Equity,equity,web_csv
2026-08-11,RING,WDO,WESDOME GOLD MINES LTD,CA95083R1001,B0Y90N5,1049206.0,25462690.94,1.07,USD,Materials,Canada,Equity,equity,web_csv
2026-08-11,RING,HOC,HOCHSCHILD MINING PLC,GB00B1FW5029,B1FW502,2666448.0,18784280.23,0.79,USD,Materials,United Kingdom,Equity,equity,web_csv
2026-08-11,RING,WGX,WESTGOLD RESOURCES,AU000000WGX6,BYVQ673,4211086.0,17373542.76,0.73,USD,Materials,Australia,Equity,equity,web_csv
2026-08-11,RING,EMR,EMERALD RESOURCES,AU000000EMR4,6107381,3650976.0,16997138.85,0.72,USD,Materials,Australia,Equity,equity,web_csv
2026-08-11,RING,RRL,REGIS RESOURCES,AU000000RRL8,6476542,3228444.0,16968662.92,0.71,USD,Materials,Australia,Equity,equity,web_csv
2026-08-11,RING,ARIS,ARIS MINING CORP,CA04040Y1097,BQKRCQ2,871630.0,15088852.49,0.64,USD,Materials,Canada,Equity,equity,web_csv
2026-08-11,RING,DRD,DRDGOLD LTD,ZAE000058723,6267780,5656517.0,13591013.67,0.57,USD,Materials,South Africa,Equity,equity,web_csv
2026-08-11,RING,2259,ZIJIN GOLD INTERNATIONAL LTD,HK0001200002,BSD3B20,625100.0,10659323.27,0.45,USD,Materials,China,Equity,equity,web_csv
2026-08-11,RING,TRALT.E,KOZA ALTIN ISLETMELERI A,TREKOAL00014,B3LP189,9852421.0,10087743.2,0.42,USD,Materials,Turkey,Equity,equity,web_csv
2026-08-11,RING,RSG,RESOLUTE MINING,AU000000RSG6,6410636,11612029.0,9392798.98,0.4,USD,Materials,Australia,Equity,equity,web_csv
2026-08-11,RING,PAF,PAN AFRICAN RESOURCES PLC,GB0004300496,0430049,5527906.0,8296250.09,0.35,USD,Materials,United Kingdom,Equity,equity,web_csv
2026-08-11,RING,OBM,ORA BANDA MINING LTD,AU0000050130,BKDX544,7734980.0,7431552.2,0.31,USD,Materials,Australia,Equity,equity,web_csv
2026-08-11,RING,CYL,CATALYST METALS LTD,AU000000CYL6,B17P5V0,1404199.0,6457896.46,0.27,USD,Materials,Australia,Equity,equity,web_csv
2026-08-11,RING,MUX,MCEWEN INC,US58039P3055,BQGD8H7,312034.0,5972330.76,0.25,USD,Materials,United States,Equity,equity,web_csv
2026-08-11,RING,WAF,WEST AFRICAN RESOURCES LTD,AU000000WAF6,B4KBBN0,2274012.0,5702989.01,0.24,USD,Materials,Australia,Equity,equity,web_csv
2026-08-11,RING,HKD,HKD CASH,CASH,,11112604.0,1416249.78,0.06,USD,Cash and/or Derivatives,Hong Kong,Cash,cash,web_csv
2026-08-11,RING,ZAR,ZAR CASH,CASH,,17492813.0,1080470.23,0.05,USD,Cash and/or Derivatives,South Africa,Cash,cash,web_csv
2026-08-11,RING,XTSLA,BLK CSH FND TREASURY SL AGENCY,US0669224778,6922477,916964.0,916963.67,0.04,USD,Cash and/or Derivatives,United States,Money Market,cash,web_csv
2026-08-11,RING,AUD,AUD CASH,CASH,,424353.0,299783.94,0.01,USD,Cash and/or Derivatives,Australia,Cash,cash,web_csv
2026-08-11,RING,CAD,CAD CASH,CASH,,378528.0,271784.43,0.01,USD,Cash and/or Derivatives,Canada,Cash,cash,web_csv
2026-08-11,RING,GBP,GBP CASH,CASH,,156453.0,211344.59,0.01,USD,Cash and/or Derivatives,United Kingdom,Cash,cash,web_csv
2026-08-11,RING,WFFUT,CASH COLLATERAL USD WFFUT,CASH,,209000.0,209000.0,0.01,USD,Cash and/or Derivatives,United States,Cash Collateral and Margins,cash,web_csv
2026-08-11,RING,CNH,CNH CASH,CASH,,347933.0,51576.91,0.0,USD,Cash and/or Derivatives,China,Cash,cash,web_csv
2026-08-11,RING,TRY,TRY CASH,CASH,,2400223.0,50277.24,0.0,USD,Cash and/or Derivatives,Turkey,Cash,cash,web_csv
2026-08-11,RING,IDR,IDR CASH,CASH,,3.0,0.0,0.0,USD,Cash and/or Derivatives,Indonesia,Cash,cash,web_csv
2026-08-11,RING,PLZL,POLYUS,RU000A0JNAA8,B57R0L9,625470.0,7.59,0.0,USD,Materials,Russian Federation,Equity,equity,web_csv
2026-08-11,RING,PTU6,S&P/TSE 60 INDEX SEP 26,,,13.0,0.0,0.0,USD,Cash and/or Derivatives,,Futures,derivative,web_csv
2026-08-11,RING,USD,USD CASH,CASH,,-1033030.0,-1033030.16,-0.04,USD,Cash and/or Derivatives,United States,Cash,cash,web_csv
2026-08-12,RING,NEM,NEWMONT,US6516391066,2636607,3592622.0,423354576.48,17.62,USD,Materials,United States,Equity,equity,web_csv
2026-08-12,RING,AEM,AGNICO EAGLE MINES LTD,CA0084741085,2009823,1662866.0,307911166.1,12.82,USD,Materials,Canada,Equity,equity,web_csv
2026-08-12,RING,ABX,BARRICK MINING CORP,CA06849F1080,BNM23Q1,5149656.0,212554839.17,8.85,USD,Materials,Canada,Equity,equity,web_csv
2026-08-12,RING,WPM,WHEATON PRECIOUS METALS,CA9628791027,BF13KN5,1339767.0,180746100.68,7.52,USD,Materials,Canada,Equity,equity,web_csv
2026-08-12,RING,ANG,ANGLOGOLD ASHANTI PLC,GB00BRXH2664,BRF6FX9,1172812.0,115557192.6,4.81,USD,Materials,South Africa,Equity,equity,web_csv
2026-08-12,RING,GFI,GOLD FIELDS,ZAE000018123,6280215,2655351.0,108928911.49,4.53,USD,Materials,South Africa,Equity,equity,web_csv
2026-08-12,RING,K,KINROSS GOLD CORP,CA4969024047,B03Z841,3758053.0,103347469.65,4.3,USD,Materials,Canada,Equity,equity,web_csv
2026-08-12,RING,CDE,COEUR MINING,US1921085049,2208136,4368108.0,82120430.4,3.42,USD,Materials,United States,Equity,equity,web_csv
2026-08-12,RING,PAAS,PAN AMERICAN SILVER,CA6979001089,2669272,1549889.0,81370981.36,3.39,USD,Materials,Canada,Equity,equity,web_csv
2026-08-12,RING,AGI,ALAMOS GOLD INC CLASS A,CA0115321089,BZ3DNP6,1790113.0,60105420.87,2.5,USD,Materials,Canada,Equity,equity,web_csv
2026-08-12,RING,EQX,EQUINOX GOLD,CA29446Y5020,BKLNP13,5082916.0,58774695.73,2.45,USD,Materials,Canada,Equity,equity,web_csv
2026-08-12,RING,HAR,HARMONY GOLD MINING COMPANY LIMITE,ZAE000015228,6410562,2559456.0,50994658.25,2.12,USD,Materials,South Africa,Equity,equity,web_csv
2026-08-12,RING,IMG,IAMGOLD CORP,CA4509131088,2446646,2738496.0,49583426.7,2.06,USD,Materials,Canada,Equity,equity,web_csv
2026-08-12,RING,ELD,ELDORADO GOLD,CA2849025093,BHZJ5Y9,1125505.0,44693626.93,1.86,USD,Materials,Canada,Equity,equity,web_csv
2026-08-12,RING,EDV,ENDEAVOUR MINING,GB00BL6K5J42,BL6K5J4,770037.0,44603968.16,1.86,USD,Materials,United Kingdom,Equity,equity,web_csv
2026-08-12,RING,SSRM,SSR MINING,CA7847301032,BF7MPL9,1170183.0,38088622.52,1.59,USD,Materials,Canada,Equity,equity,web_csv
2026-08-12,RING,LUG,LUNDIN GOLD,CA5503711080,BTKSSY6,534545.0,35339438.54,1.47,USD,Materials,Canada,Equity,equity,web_csv
2026-08-12,RING,GMD,GENESIS MINERALS,AU000000GMD9,B23G0X1,6489063.0,34413123.35,1.43,USD,Materials,Australia,Equity,equity,web_csv
2026-08-12,RING,BTO,B2GOLD,CA11777Q2099,B29VFC4,6366138.0,33148633.96,1.38,USD,Materials,Canada,Equity,equity,web_csv
2026-08-12,RING,CG,CENTERRA GOLD,CA1520061021,B01NXQ4,1445331.0,31421818.77,1.31,USD,Materials,Canada,Equity,equity,web_csv
2026-08-12,RING,GMIN,G MINING VENTURES CORP,CA36270K1021,BSWW128,837936.0,29982383.39,1.25,USD,Materials,Canada,Equity,equity,web_csv
2026-08-12,RING,OGC,OCEANAGOLD CORPORATION CORP,CA6752224007,BQXQY26,984980.0,28502060.69,1.19,USD,Materials,Canada,Equity,equity,web_csv
2026-08-12,RING,2099,CHINA GOLD INTERNATIONAL RESOURCES,CA16890P1036,B60FNV8,1092200.0,28226394.13,1.17,USD,Materials,China,Equity,equity,web_csv
2026-08-12,RING,TXG,TOREX GOLD RESOURCES,CA8910546032,BD2NKY1,575520.0,25751352.75,1.07,USD,Materials,Canada,Equity,equity,web_csv
2026-08-12,RING,WDO,WESDOME GOLD MINES LTD,CA95083R1001,B0Y90N5,1049206.0,25387115.41,1.06,USD,Materials,Canada,Equity,equity,web_csv
2026-08-12,RING,HOC,HOCHSCHILD MINING PLC,GB00B1FW5029,B1FW502,2666448.0,19198506.93,0.8,USD,Materials,United Kingdom,Equity,equity,web_csv
2026-08-12,RING,WGX,WESTGOLD RESOURCES,AU000000WGX6,BYVQ673,4211086.0,17419304.63,0.73,USD,Materials,Australia,Equity,equity,web_csv
2026-08-12,RING,RRL,REGIS RESOURCES,AU000000RRL8,6476542,3228444.0,17098417.32,0.71,USD,Materials,Australia,Equity,equity,web_csv
2026-08-12,RING,EMR,EMERALD RESOURCES,AU000000EMR4,6107381,3650976.0,16935329.65,0.7,USD,Materials,Australia,Equity,equity,web_csv
2026-08-12,RING,ARIS,ARIS MINING CORP,CA04040Y1097,BQKRCQ2,871630.0,15481315.69,0.64,USD,Materials,Canada,Equity,equity,web_csv
2026-08-12,RING,DRD,DRDGOLD LTD,ZAE000058723,6267780,5656517.0,13779967.11,0.57,USD,Materials,South Africa,Equity,equity,web_csv
2026-08-12,RING,2259,ZIJIN GOLD INTERNATIONAL LTD,HK0001200002,BSD3B20,625100.0,10801758.59,0.45,USD,Materials,China,Equity,equity,web_csv
2026-08-12,RING,TRALT.E,KOZA ALTIN ISLETMELERI A,TREKOAL00014,B3LP189,9852421.0,9840558.69,0.41,USD,Materials,Turkey,Equity,equity,web_csv
2026-08-12,RING,RSG,RESOLUTE MINING,AU000000RSG6,6410636,11612029.0,9483549.89,0.39,USD,Materials,Australia,Equity,equity,web_csv
2026-08-12,RING,PAF,PAN AFRICAN RESOURCES PLC,GB0004300496,0430049,5527906.0,8467999.64,0.35,USD,Materials,United Kingdom,Equity,equity,web_csv
2026-08-12,RING,OBM,ORA BANDA MINING LTD,AU0000050130,BKDX544,7734980.0,7411042.91,0.31,USD,Materials,Australia,Equity,equity,web_csv
2026-08-12,RING,CYL,CATALYST METALS LTD,AU000000CYL6,B17P5V0,1404199.0,6453909.23,0.27,USD,Materials,Australia,Equity,equity,web_csv
2026-08-12,RING,MUX,MCEWEN INC,US58039P3055,BQGD8H7,312034.0,5975451.1,0.25,USD,Materials,United States,Equity,equity,web_csv
2026-08-12,RING,WAF,WEST AFRICAN RESOURCES LTD,AU000000WAF6,B4KBBN0,2274012.0,5676077.21,0.24,USD,Materials,Australia,Equity,equity,web_csv
2026-08-12,RING,HKD,HKD CASH,CASH,,11112604.0,1416123.45,0.06,USD,Cash and/or Derivatives,Hong Kong,Cash,cash,web_csv
2026-08-12,RING,ZAR,ZAR CASH,CASH,,17492813.0,1084065.92,0.05,USD,Cash and/or Derivatives,South Africa,Cash,cash,web_csv
2026-08-12,RING,XTSLA,BLK CSH FND TREASURY SL AGENCY,US0669224778,6922477,869446.0,869445.77,0.04,USD,Cash and/or Derivatives,United States,Money Market,cash,web_csv
2026-08-12,RING,AUD,AUD CASH,CASH,,424353.0,300059.77,0.01,USD,Cash and/or Derivatives,Australia,Cash,cash,web_csv
2026-08-12,RING,CAD,CAD CASH,CASH,,409728.0,294270.66,0.01,USD,Cash and/or Derivatives,Canada,Cash,cash,web_csv
2026-08-12,RING,GBP,GBP CASH,CASH,,156453.0,211344.59,0.01,USD,Cash and/or Derivatives,United Kingdom,Cash,cash,web_csv
2026-08-12,RING,WFFUT,CASH COLLATERAL USD WFFUT,CASH,,209000.0,209000.0,0.01,USD,Cash and/or Derivatives,United States,Cash Collateral and Margins,cash,web_csv
2026-08-12,RING,CNH,CNH CASH,CASH,,347933.0,51589.91,0.0,USD,Cash and/or Derivatives,China,Cash,cash,web_csv
2026-08-12,RING,TRY,TRY CASH,CASH,,2400223.0,50258.55,0.0,USD,Cash and/or Derivatives,Turkey,Cash,cash,web_csv
2026-08-12,RING,IDR,IDR CASH,CASH,,3.0,0.0,0.0,USD,Cash and/or Derivatives,Indonesia,Cash,cash,web_csv
2026-08-12,RING,PLZL,POLYUS,RU000A0JNAA8,B57R0L9,625470.0,7.54,0.0,USD,Materials,Russian Federation,Equity,equity,web_csv
2026-08-12,RING,PTU6,S&P/TSE 60 INDEX SEP 26,,,13.0,0.0,0.0,USD,Cash and/or Derivatives,,Futures,derivative,web_csv
2026-08-12,RING,USD,USD CASH,CASH,,-1010136.0,-1010136.5,-0.04,USD,Cash and/or Derivatives,United States,Cash,cash,web_csv
2026-08-13,RING,NEM,NEWMONT,US6516391066,2636607,3592622.0,410241506.18,17.56,USD,Materials,United States,Equity,equity,web_csv
2026-08-13,RING,AEM,AGNICO EAGLE MINES LTD,CA0084741085,2009823,1662866.0,299967048.93,12.84,USD,Materials,Canada,Equity,equity,web_csv
2026-08-13,RING,ABX,BARRICK MINING CORP,CA06849F1080,BNM23Q1,5149656.0,210817158.78,9.02,USD,Materials,Canada,Equity,equity,web_csv
2026-08-13,RING,WPM,WHEATON PRECIOUS METALS,CA9628791027,BF13KN5,1339767.0,176630545.75,7.56,USD,Materials,Canada,Equity,equity,web_csv
2026-08-13,RING,ANG,ANGLOGOLD ASHANTI PLC,GB00BRXH2664,BRF6FX9,1172812.0,111675648.45,4.78,USD,Materials,South Africa,Equity,equity,web_csv
2026-08-13,RING,GFI,GOLD FIELDS,ZAE000018123,6280215,2655351.0,105474731.14,4.52,USD,Materials,South Africa,Equity,equity,web_csv
2026-08-13,RING,K,KINROSS GOLD CORP,CA4969024047,B03Z841,3758053.0,100831071.31,4.32,USD,Materials,Canada,Equity,equity,web_csv
2026-08-13,RING,CDE,COEUR MINING,US1921085049,2208136,4368108.0,80591592.6,3.45,USD,Materials,United States,Equity,equity,web_csv
2026-08-13,RING,PAAS,PAN AMERICAN SILVER,CA6979001089,2669272,1549889.0,73309316.18,3.14,USD,Materials,Canada,Equity,equity,web_csv
2026-08-13,RING,AGI,ALAMOS GOLD INC CLASS A,CA0115321089,BZ3DNP6,1790113.0,58801674.96,2.52,USD,Materials,Canada,Equity,equity,web_csv
2026-08-13,RING,EQX,EQUINOX GOLD,CA29446Y5020,BKLNP13,5082916.0,57015567.84,2.44,USD,Materials,Canada,Equity,equity,web_csv
2026-08-13,RING,HAR,HARMONY GOLD MINING COMPANY LIMITE,ZAE000015228,6410562,2559456.0,49806657.46,2.13,USD,Materials,South Africa,Equity,equity,web_csv
2026-08-13,RING,IMG,IAMGOLD CORP,CA4509131088,2446646,2738496.0,48630252.43,2.08,USD,Materials,Canada,Equity,equity,web_csv
2026-08-13,RING,ELD,ELDORADO GOLD,CA2849025093,BHZJ5Y9,1125505.0,43234632.29,1.85,USD,Materials,Canada,Equity,equity,web_csv
2026-08-13,RING,EDV,ENDEAVOUR MINING,GB00BL6K5J42,BL6K5J4,770037.0,42742002.14,1.83,USD,Materials,United Kingdom,Equity,equity,web_csv
2026-08-13,RING,SSRM,SSR MINING,CA7847301032,BF7MPL9,1170183.0,37221269.49,1.59,USD,Materials,Canada,Equity,equity,web_csv
2026-08-13,RING,LUG,LUNDIN GOLD,CA5503711080,BTKSSY6,534545.0,34622935.49,1.48,USD,Materials,Canada,Equity,equity,web_csv
2026-08-13,RING,GMD,GENESIS MINERALS,AU000000GMD9,B23G0X1,6489063.0,33790325.8,1.45,USD,Materials,Australia,Equity,equity,web_csv
2026-08-13,RING,BTO,B2GOLD,CA11777Q2099,B29VFC4,6366138.0,32280424.34,1.38,USD,Materials,Canada,Equity,equity,web_csv
2026-08-13,RING,CG,CENTERRA GOLD,CA1520061021,B01NXQ4,1445331.0,30662619.94,1.31,USD,Materials,Canada,Equity,equity,web_csv
2026-08-13,RING,GMIN,G MINING VENTURES CORP,CA36270K1021,BSWW128,837936.0,29375537.32,1.26,USD,Materials,Canada,Equity,equity,web_csv
2026-08-13,RING,OGC,OCEANAGOLD CORPORATION CORP,CA6752224007,BQXQY26,984980.0,27960631.43,1.2,USD,Materials,Canada,Equity,equity,web_csv
2026-08-13,RING,2099,CHINA GOLD INTERNATIONAL RESOURCES,CA16890P1036,B60FNV8,1092200.0,26055133.04,1.12,USD,Materials,China,Equity,equity,web_csv
2026-08-13,RING,TXG,TOREX GOLD RESOURCES,CA8910546032,BD2NKY1,575520.0,25083805.78,1.07,USD,Materials,Canada,Equity,equity,web_csv
2026-08-13,RING,WDO,WESDOME GOLD MINES LTD,CA95083R1001,B0Y90N5,1049206.0,24591588.67,1.05,USD,Materials,Canada,Equity,equity,web_csv
2026-08-13,RING,HOC,HOCHSCHILD MINING PLC,GB00B1FW5029,B1FW502,2666448.0,18334033.82,0.78,USD,Materials,United Kingdom,Equity,equity,web_csv
2026-08-13,RING,WGX,WESTGOLD RESOURCES,AU000000WGX6,BYVQ673,4211086.0,17316495.17,0.74,USD,Materials,Australia,Equity,equity,web_csv
2026-08-13,RING,RRL,REGIS RESOURCES,AU000000RRL8,6476542,3228444.0,17062307.17,0.73,USD,Materials,Australia,Equity,equity,web_csv
2026-08-13,RING,EMR,EMERALD RESOURCES,AU000000EMR4,6107381,3650976.0,16844769.02,0.72,USD,Materials,Australia,Equity,equity,web_csv
2026-08-13,RING,ARIS,ARIS MINING CORP,CA04040Y1097,BQKRCQ2,871630.0,15159598.01,0.65,USD,Materials,Canada,Equity,equity,web_csv
2026-08-13,RING,DRD,DRDGOLD LTD,ZAE000058723,6267780,5656517.0,13663135.26,0.58,USD,Materials,South Africa,Equity,equity,web_csv
2026-08-13,RING,2259,ZIJIN GOLD INTERNATIONAL LTD,HK0001200002,BSD3B20,625100.0,10212282.09,0.44,USD,Materials,China,Equity,equity,web_csv
2026-08-13,RING,TRALT.E,KOZA ALTIN ISLETMELERI A,TREKOAL00014,B3LP189,9852421.0,9919444.27,0.42,USD,Materials,Turkey,Equity,equity,web_csv
2026-08-13,RING,RSG,RESOLUTE MINING,AU000000RSG6,6410636,11612029.0,9394128.56,0.4,USD,Materials,Australia,Equity,equity,web_csv
2026-08-13,RING,PAF,PAN AFRICAN RESOURCES PLC,GB0004300496,0430049,5527906.0,7990087.85,0.34,USD,Materials,United Kingdom,Equity,equity,web_csv
2026-08-13,RING,OBM,ORA BANDA MINING LTD,AU0000050130,BKDX544,7734980.0,7377952.66,0.32,USD,Materials,Australia,Equity,equity,web_csv
2026-08-13,RING,CYL,CATALYST METALS LTD,AU000000CYL6,B17P5V0,1404199.0,6409203.75,0.27,USD,Materials,Australia,Equity,equity,web_csv
2026-08-13,RING,MUX,MCEWEN INC,US58039P3055,BQGD8H7,312034.0,5797591.72,0.25,USD,Materials,United States,Equity,equity,web_csv
2026-08-13,RING,WAF,WEST AFRICAN RESOURCES LTD,AU000000WAF6,B4KBBN0,2274012.0,5591327.06,0.24,USD,Materials,Australia,Equity,equity,web_csv
2026-08-13,RING,HKD,HKD CASH,CASH,,11112604.0,1416123.45,0.06,USD,Cash and/or Derivatives,Hong Kong,Cash,cash,web_csv
2026-08-13,RING,ZAR,ZAR CASH,CASH,,17492813.0,1082308.61,0.05,USD,Cash and/or Derivatives,South Africa,Cash,cash,web_csv
2026-08-13,RING,CAD,CAD CASH,CASH,,441968.0,316981.83,0.01,USD,Cash and/or Derivatives,Canada,Cash,cash,web_csv
2026-08-13,RING,AUD,AUD CASH,CASH,,424353.0,299826.38,0.01,USD,Cash and/or Derivatives,Australia,Cash,cash,web_csv
2026-08-13,RING,GBP,GBP CASH,CASH,,156453.0,211344.59,0.01,USD,Cash and/or Derivatives,United Kingdom,Cash,cash,web_csv
2026-08-13,RING,WFFUT,CASH COLLATERAL USD WFFUT,CASH,,209000.0,209000.0,0.01,USD,Cash and/or Derivatives,United States,Cash Collateral and Margins,cash,web_csv
2026-08-13,RING,XTSLA,BLK CSH FND TREASURY SL AGENCY,US0669224778,6922477,138421.0,138421.31,0.01,USD,Cash and/or Derivatives,United States,Money Market,cash,web_csv
2026-08-13,RING,CNH,CNH CASH,CASH,,347933.0,51591.44,0.0,USD,Cash and/or Derivatives,China,Cash,cash,web_csv
2026-08-13,RING,TRY,TRY CASH,CASH,,2400223.0,50240.14,0.0,USD,Cash and/or Derivatives,Turkey,Cash,cash,web_csv
2026-08-13,RING,IDR,IDR CASH,CASH,,3.0,0.0,0.0,USD,Cash and/or Derivatives,Indonesia,Cash,cash,web_csv
2026-08-13,RING,PLZL,POLYUS,RU000A0JNAA8,B57R0L9,625470.0,7.45,0.0,USD,Materials,Russian Federation,Equity,equity,web_csv
2026-08-13,RING,PTU6,S&P/TSE 60 INDEX SEP 26,,,13.0,0.0,0.0,USD,Cash and/or Derivatives,,Futures,derivative,web_csv
2026-08-13,RING,USD,USD CASH,CASH,,-303746.0,-303746.43,-0.01,USD,Cash and/or Derivatives,United States,Cash,cash,web_csv
2026-08-14,RING,NEM,NEWMONT,US6516391066,2636607,3368118.0,396629575.68,17.75,USD,Materials,United States,Equity,equity,web_csv
2026-08-14,RING,AEM,AGNICO EAGLE MINES LTD,CA0084741085,2009823,1558974.0,290745646.38,13.01,USD,Materials,Canada,Equity,equity,web_csv
2026-08-14,RING,ABX,BARRICK MINING CORP,CA06849F1080,BNM23Q1,4827834.0,201051050.25,9.0,USD,Materials,Canada,Equity,equity,web_csv
2026-08-14,RING,WPM,WHEATON PRECIOUS METALS,CA9628791027,BF13KN5,1256053.0,168550647.54,7.54,USD,Materials,Canada,Equity,equity,web_csv
2026-08-14,RING,ANG,ANGLOGOLD ASHANTI PLC,GB00BRXH2664,BRF6FX9,1099548.0,105898380.06,4.74,USD,Materials,South Africa,Equity,equity,web_csv
2026-08-14,RING,GFI,GOLD FIELDS,ZAE000018123,6280215,2489405.0,99873097.99,4.47,USD,Materials,South Africa,Equity,equity,web_csv
2026-08-14,RING,K,KINROSS GOLD CORP,CA4969024047,B03Z841,3523175.0,96180050.25,4.3,USD,Materials,Canada,Equity,equity,web_csv
2026-08-14,RING,CDE,COEUR MINING,US1921085049,2208136,4095116.0,77029131.96,3.45,USD,Materials,United States,Equity,equity,web_csv
2026-08-14,RING,PAAS,PAN AMERICAN SILVER,CA6979001089,2669272,1453027.0,68906111.27,3.08,USD,Materials,Canada,Equity,equity,web_csv
2026-08-14,RING,AGI,ALAMOS GOLD INC CLASS A,CA0115321089,BZ3DNP6,1678241.0,56044144.49,2.51,USD,Materials,Canada,Equity,equity,web_csv
2026-08-14,RING,EQX,EQUINOX GOLD,CA29446Y5020,BKLNP13,4765236.0,55275982.28,2.47,USD,Materials,Canada,Equity,equity,web_csv
2026-08-14,RING,IMG,IAMGOLD CORP,CA4509131088,2446646,2567344.0,47038839.96,2.11,USD,Materials,Canada,Equity,equity,web_csv
2026-08-14,RING,HAR,HARMONY GOLD MINING COMPANY LIMITE,ZAE000015228,6410562,2399514.0,46781811.65,2.09,USD,Materials,South Africa,Equity,equity,web_csv
2026-08-14,RING,ELD,ELDORADO GOLD,CA2849025093,BHZJ5Y9,1055167.0,41881299.78,1.87,USD,Materials,Canada,Equity,equity,web_csv
2026-08-14,RING,EDV,ENDEAVOUR MINING,GB00BL6K5J42,BL6K5J4,721929.0,40209917.34,1.8,USD,Materials,United Kingdom,Equity,equity,web_csv
2026-08-14,RING,SSRM,SSR MINING,CA7847301032,BF7MPL9,1097071.0,35324113.25,1.58,USD,Materials,Canada,Equity,equity,web_csv
2026-08-14,RING,LUG,LUNDIN GOLD,CA5503711080,BTKSSY6,501143.0,32640460.54,1.46,USD,Materials,Canada,Equity,equity,web_csv
2026-08-14,RING,GMD,GENESIS MINERALS,AU000000GMD9,B23G0X1,6083527.0,30977660.16,1.39,USD,Materials,Australia,Equity,equity,web_csv
2026-08-14,RING,BTO,B2GOLD,CA11777Q2099,B29VFC4,5968278.0,30573476.41,1.37,USD,Materials,Canada,Equity,equity,web_csv
2026-08-14,RING,CG,CENTERRA GOLD,CA1520061021,B01NXQ4,1355005.0,29170755.0,1.31,USD,Materials,Canada,Equity,equity,web_csv
2026-08-14,RING,GMIN,G MINING VENTURES CORP,CA36270K1021,BSWW128,785572.0,28288402.72,1.27,USD,Materials,Canada,Equity,equity,web_csv
2026-08-14,RING,2099,CHINA GOLD INTERNATIONAL RESOURCES,CA16890P1036,B60FNV8,1027600.0,28101225.24,1.26,USD,Materials,China,Equity,equity,web_csv
2026-08-14,RING,OGC,OCEANAGOLD CORPORATION CORP,CA6752224007,BQXQY26,923420.0,26439504.88,1.18,USD,Materials,Canada,Equity,equity,web_csv
2026-08-14,RING,TXG,TOREX GOLD RESOURCES,CA8910546032,BD2NKY1,539572.0,24577068.22,1.1,USD,Materials,Canada,Equity,equity,web_csv
2026-08-14,RING,WDO,WESDOME GOLD MINES LTD,CA95083R1001,B0Y90N5,983656.0,23061469.25,1.03,USD,Materials,Canada,Equity,equity,web_csv
2026-08-14,RING,HOC,HOCHSCHILD MINING PLC,GB00B1FW5029,B1FW502,2499818.0,17256145.54,0.77,USD,Materials,United Kingdom,Equity,equity,web_csv
2026-08-14,RING,WGX,WESTGOLD RESOURCES,AU000000WGX6,BYVQ673,3947898.0,15819148.33,0.71,USD,Materials,Australia,Equity,equity,web_csv
2026-08-14,RING,RRL,REGIS RESOURCES,AU000000RRL8,6476542,3026702.0,15777047.38,0.71,USD,Materials,Australia,Equity,equity,web_csv
2026-08-14,RING,EMR,EMERALD RESOURCES,AU000000EMR4,6107381,3422824.0,15390139.39,0.69,USD,Materials,Australia,Equity,equity,web_csv
2026-08-14,RING,ARIS,ARIS MINING CORP,CA04040Y1097,BQKRCQ2,817176.0,14613140.47,0.65,USD,Materials,Canada,Equity,equity,web_csv
2026-08-14,RING,DRD,DRDGOLD LTD,ZAE000058723,6267780,5303003.0,12983468.49,0.58,USD,Materials,South Africa,Equity,equity,web_csv
2026-08-14,RING,2259,ZIJIN GOLD INTERNATIONAL LTD,HK0001200002,BSD3B20,587100.0,9538799.23,0.43,USD,Materials,China,Equity,equity,web_csv
2026-08-14,RING,TRALT.E,KOZA ALTIN ISLETMELERI A,TREKOAL00014,B3LP189,9236669.0,9108395.33,0.41,USD,Materials,Turkey,Equity,equity,web_csv
2026-08-14,RING,RSG,RESOLUTE MINING,AU000000RSG6,6410636,10886305.0,8685638.44,0.39,USD,Materials,Australia,Equity,equity,web_csv
2026-08-14,RING,PAF,PAN AFRICAN RESOURCES PLC,GB0004300496,0430049,5182448.0,7625283.48,0.34,USD,Materials,United Kingdom,Equity,equity,web_csv
2026-08-14,RING,OBM,ORA BANDA MINING LTD,AU0000050130,BKDX544,7251544.0,6737061.46,0.3,USD,Materials,Australia,Equity,equity,web_csv
2026-08-14,RING,CYL,CATALYST METALS LTD,AU000000CYL6,B17P5V0,1316457.0,5769841.46,0.26,USD,Materials,Australia,Equity,equity,web_csv
2026-08-14,RING,MUX,MCEWEN INC,US58039P3055,BQGD8H7,292540.0,5499752.0,0.25,USD,Materials,United States,Equity,equity,web_csv
2026-08-14,RING,WAF,WEST AFRICAN RESOURCES LTD,AU000000WAF6,B4KBBN0,2131892.0,5125469.16,0.23,USD,Materials,Australia,Equity,equity,web_csv
2026-08-14,RING,HKD,HKD CASH,CASH,,11112604.0,1416078.33,0.06,USD,Cash and/or Derivatives,Hong Kong,Cash,cash,web_csv
2026-08-14,RING,ZAR,ZAR CASH,CASH,,17492813.0,1080970.99,0.05,USD,Cash and/or Derivatives,South Africa,Cash,cash,web_csv
2026-08-14,RING,CAD,CAD CASH,CASH,,430717.0,310326.27,0.01,USD,Cash and/or Derivatives,Canada,Cash,cash,web_csv
2026-08-14,RING,AUD,AUD CASH,CASH,,424353.0,300950.91,0.01,USD,Cash and/or Derivatives,Australia,Cash,cash,web_csv
2026-08-14,RING,GBP,GBP CASH,CASH,,156453.0,211970.4,0.01,USD,Cash and/or Derivatives,United Kingdom,Cash,cash,web_csv
2026-08-14,RING,WFFUT,CASH COLLATERAL USD WFFUT,CASH,,209000.0,209000.0,0.01,USD,Cash and/or Derivatives,United States,Cash Collateral and Margins,cash,web_csv
2026-08-14,RING,XTSLA,BLK CSH FND TREASURY SL AGENCY,US0669224778,6922477,138421.0,138421.31,0.01,USD,Cash and/or Derivatives,United States,Money Market,cash,web_csv
2026-08-14,RING,CNH,CNH CASH,CASH,,347933.0,51601.39,0.0,USD,Cash and/or Derivatives,China,Cash,cash,web_csv
2026-08-14,RING,TRY,TRY CASH,CASH,,2400223.0,50124.73,0.0,USD,Cash and/or Derivatives,Turkey,Cash,cash,web_csv
2026-08-14,RING,IDR,IDR CASH,CASH,,3.0,0.0,0.0,USD,Cash and/or Derivatives,Indonesia,Cash,cash,web_csv
2026-08-14,RING,PLZL,POLYUS,RU000A0JNAA8,B57R0L9,625470.0,7.42,0.0,USD,Materials,Russian Federation,Equity,equity,web_csv
2026-08-14,RING,PTU6,S&P/TSE 60 INDEX SEP 26,,,10.0,0.0,0.0,USD,Cash and/or Derivatives,,Futures,derivative,web_csv
2026-08-14,RING,ZAR,ZAR/USD,,,-14450871.0,-901.16,0.0,USD,Cash and/or Derivatives,United States,FX,fx,web_csv
2026-08-14,RING,USD,USD CASH,CASH,,-659949.0,-659948.63,-0.03,USD,Cash and/or Derivatives,United States,Cash,cash,web_csv
2026-08-17,RING,NEM,NEWMONT,US6516391066,2636607,3368118.0,405285638.94,17.76,USD,Materials,United States,Equity,equity,web_csv
2026-08-17,RING,AEM,AGNICO EAGLE MINES LTD,CA0084741085,2009823,1558974.0,294188675.28,12.89,USD,Materials,Canada,Equity,equity,web_csv
2026-08-17,RING,ABX,BARRICK MINING CORP,CA06849F1080,BNM23Q1,4827834.0,205313071.78,8.99,USD,Materials,Canada,Equity,equity,web_csv
2026-08-17,RING,WPM,WHEATON PRECIOUS METALS,CA9628791027,BF13KN5,1256053.0,171634458.9,7.52,USD,Materials,Canada,Equity,equity,web_csv
2026-08-17,RING,ANG,ANGLOGOLD ASHANTI PLC,GB00BRXH2664,BRF6FX9,1099548.0,109103106.39,4.78,USD,Materials,South Africa,Equity,equity,web_csv
2026-08-17,RING,GFI,GOLD FIELDS,ZAE000018123,6280215,2489405.0,103719565.66,4.54,USD,Materials,South Africa,Equity,equity,web_csv
2026-08-17,RING,K,KINROSS GOLD CORP,CA4969024047,B03Z841,3523175.0,97718465.73,4.28,USD,Materials,Canada,Equity,equity,web_csv
2026-08-17,RING,CDE,COEUR MINING,US1921085049,2208136,4095116.0,79076689.96,3.46,USD,Materials,United States,Equity,equity,web_csv
2026-08-17,RING,PAAS,PAN AMERICAN SILVER,CA6979001089,2669272,1453027.0,69976665.39,3.07,USD,Materials,Canada,Equity,equity,web_csv
2026-08-17,RING,AGI,ALAMOS GOLD INC CLASS A,CA0115321089,BZ3DNP6,1678241.0,57101222.64,2.5,USD,Materials,Canada,Equity,equity,web_csv
2026-08-17,RING,EQX,EQUINOX GOLD,CA29446Y5020,BKLNP13,4765236.0,56118201.33,2.46,USD,Materials,Canada,Equity,equity,web_csv
2026-08-17,RING,IMG,IAMGOLD CORP,CA4509131088,2446646,2567344.0,48989955.82,2.15,USD,Materials,Canada,Equity,equity,web_csv
2026-08-17,RING,HAR,HARMONY GOLD MINING COMPANY LIMITE,ZAE000015228,6410562,2399514.0,48294661.86,2.12,USD,Materials,South Africa,Equity,equity,web_csv
2026-08-17,RING,ELD,ELDORADO GOLD,CA2849025093,BHZJ5Y9,1055167.0,42536930.95,1.86,USD,Materials,Canada,Equity,equity,web_csv
2026-08-17,RING,EDV,ENDEAVOUR MINING,GB00BL6K5J42,BL6K5J4,721929.0,41043639.93,1.8,USD,Materials,United Kingdom,Equity,equity,web_csv
2026-08-17,RING,SSRM,SSR MINING,CA7847301032,BF7MPL9,1097071.0,35942693.2,1.57,USD,Materials,Canada,Equity,equity,web_csv
2026-08-17,RING,LUG,LUNDIN GOLD,CA5503711080,BTKSSY6,501143.0,32815623.55,1.44,USD,Materials,Canada,Equity,equity,web_csv
2026-08-17,RING,GMD,GENESIS MINERALS,AU000000GMD9,B23G0X1,6083527.0,32449533.02,1.42,USD,Materials,Australia,Equity,equity,web_csv
2026-08-17,RING,BTO,B2GOLD,CA11777Q2099,B29VFC4,5968278.0,31032549.22,1.36,USD,Materials,Canada,Equity,equity,web_csv
2026-08-17,RING,CG,CENTERRA GOLD,CA1520061021,B01NXQ4,1355005.0,29706235.89,1.3,USD,Materials,Canada,Equity,equity,web_csv
2026-08-17,RING,2099,CHINA GOLD INTERNATIONAL RESOURCES,CA16890P1036,B60FNV8,1027600.0,28947585.78,1.27,USD,Materials,China,Equity,equity,web_csv
2026-08-17,RING,GMIN,G MINING VENTURES CORP,CA36270K1021,BSWW128,785572.0,27725737.34,1.21,USD,Materials,Canada,Equity,equity,web_csv
2026-08-17,RING,OGC,OCEANAGOLD CORPORATION CORP,CA6752224007,BQXQY26,923420.0,27210140.41,1.19,USD,Materials,Canada,Equity,equity,web_csv
2026-08-17,RING,TXG,TOREX GOLD RESOURCES,CA8910546032,BD2NKY1,539572.0,24946425.5,1.09,USD,Materials,Canada,Equity,equity,web_csv
2026-08-17,RING,WDO,WESDOME GOLD MINES LTD,CA95083R1001,B0Y90N5,983656.0,23608027.75,1.03,USD,Materials,Canada,Equity,equity,web_csv
2026-08-17,RING,HOC,HOCHSCHILD MINING PLC,GB00B1FW5029,B1FW502,2499818.0,17820240.09,0.78,USD,Materials,United Kingdom,Equity,equity,web_csv
2026-08-17,RING,WGX,WESTGOLD RESOURCES,AU000000WGX6,BYVQ673,3947898.0,16369153.69,0.72,USD,Materials,Australia,Equity,equity,web_csv
2026-08-17,RING,RRL,REGIS RESOURCES,AU000000RRL8,6476542,3026702.0,16295109.8,0.71,USD,Materials,Australia,Equity,equity,web_csv
2026-08-17,RING,EMR,EMERALD RESOURCES,AU000000EMR4,6107381,3422824.0,16017775.78,0.7,USD,Materials,Australia,Equity,equity,web_csv
2026-08-17,RING,ARIS,ARIS MINING CORP,CA04040Y1097,BQKRCQ2,817176.0,14815421.8,0.65,USD,Materials,Canada,Equity,equity,web_csv
2026-08-17,RING,DRD,DRDGOLD LTD,ZAE000058723,6267780,5303003.0,13185058.52,0.58,USD,Materials,South Africa,Equity,equity,web_csv
2026-08-17,RING,2259,ZIJIN GOLD INTERNATIONAL LTD,HK0001200002,BSD3B20,587100.0,10110285.27,0.44,USD,Materials,China,Equity,equity,web_csv
2026-08-17,RING,TRALT.E,KOZA ALTIN ISLETMELERI A,TREKOAL00014,B3LP189,9236669.0,9467623.08,0.41,USD,Materials,Turkey,Equity,equity,web_csv
2026-08-17,RING,RSG,RESOLUTE MINING,AU000000RSG6,6410636,10886305.0,8981114.53,0.39,USD,Materials,Australia,Equity,equity,web_csv
2026-08-17,RING,PAF,PAN AFRICAN RESOURCES PLC,GB0004300496,0430049,5182448.0,7887404.71,0.35,USD,Materials,United Kingdom,Equity,equity,web_csv
2026-08-17,RING,OBM,ORA BANDA MINING LTD,AU0000050130,BKDX544,7251544.0,7091284.88,0.31,USD,Materials,Australia,Equity,equity,web_csv
2026-08-17,RING,CYL,CATALYST METALS LTD,AU000000CYL6,B17P5V0,1316457.0,6132530.63,0.27,USD,Materials,Australia,Equity,equity,web_csv
2026-08-17,RING,MUX,MCEWEN INC,US58039P3055,BQGD8H7,292540.0,5514379.0,0.24,USD,Materials,United States,Equity,equity,web_csv
2026-08-17,RING,WAF,WEST AFRICAN RESOURCES LTD,AU000000WAF6,B4KBBN0,2131892.0,5306705.57,0.23,USD,Materials,Australia,Equity,equity,web_csv
2026-08-17,RING,HKD,HKD CASH,CASH,,11112604.0,1416484.46,0.06,USD,Cash and/or Derivatives,Hong Kong,Cash,cash,web_csv
2026-08-17,RING,ZAR,ZAR CASH,CASH,,17492813.0,1081378.61,0.05,USD,Cash and/or Derivatives,South Africa,Cash,cash,web_csv
2026-08-17,RING,CAD,CAD CASH,CASH,,421117.0,303694.05,0.01,USD,Cash and/or Derivatives,Canada,Cash,cash,web_csv
2026-08-17,RING,AUD,AUD CASH,CASH,,424353.0,301799.62,0.01,USD,Cash and/or Derivatives,Australia,Cash,cash,web_csv
2026-08-17,RING,GBP,GBP CASH,CASH,,156453.0,212032.98,0.01,USD,Cash and/or Derivatives,United Kingdom,Cash,cash,web_csv
2026-08-17,RING,WFFUT,CASH COLLATERAL USD WFFUT,CASH,,163000.0,163000.0,0.01,USD,Cash and/or Derivatives,United States,Cash Collateral and Margins,cash,web_csv
2026-08-17,RING,XTSLA,BLK CSH FND TREASURY SL AGENCY,US0669224778,6922477,138421.0,138421.31,0.01,USD,Cash and/or Derivatives,United States,Money Market,cash,web_csv
2026-08-17,RING,CNH,CNH CASH,CASH,,347933.0,51612.87,0.0,USD,Cash and/or Derivatives,China,Cash,cash,web_csv
2026-08-17,RING,TRY,TRY CASH,CASH,,2400223.0,50106.68,0.0,USD,Cash and/or Derivatives,Turkey,Cash,cash,web_csv
2026-08-17,RING,IDR,IDR CASH,CASH,,3.0,0.0,0.0,USD,Cash and/or Derivatives,Indonesia,Cash,cash,web_csv
2026-08-17,RING,PLZL,POLYUS,RU000A0JNAA8,B57R0L9,625470.0,7.36,0.0,USD,Materials,Russian Federation,Equity,equity,web_csv
2026-08-17,RING,PTU6,S&P/TSE 60 INDEX SEP 26,,,10.0,0.0,0.0,USD,Cash and/or Derivatives,,Futures,derivative,web_csv
2026-08-17,RING,ZAR,ZAR/USD,,,-14450871.0,-1260.82,0.0,USD,Cash and/or Derivatives,United States,FX,fx,web_csv
2026-08-17,RING,USD,USD CASH,CASH,,-667211.0,-667211.0,-0.03,USD,Cash and/or Derivatives,United States,Cash,cash,web_csv
2026-08-18,RING,NEM,NEWMONT,US6516391066,2636607,3368118.0,390634325.64,17.56,USD,Materials,United States,Equity,equity,web_csv
2026-08-18,RING,AEM,AGNICO EAGLE MINES,CA0084741085,2009823,1558974.0,291362490.35,13.1,USD,Materials,Canada,Equity,equity,web_csv
2026-08-18,RING,ABX,BARRICK MINING,CA06849F1080,BNM23Q1,4827834.0,203209518.09,9.14,USD,Materials,Canada,Equity,equity,web_csv
2026-08-18,RING,WPM,WHEATON PRECIOUS METALS,CA9628791027,BF13KN5,1256053.0,166638565.65,7.49,USD,Materials,Canada,Equity,equity,web_csv
2026-08-18,RING,ANG,ANGLOGOLD ASHANTI PLC,GB00BRXH2664,BRF6FX9,1099548.0,106450964.2,4.79,USD,Materials,South Africa,Equity,equity,web_csv
2026-08-18,RING,GFI,GOLD FIELDS,ZAE000018123,6280215,2489405.0,102432764.91,4.61,USD,Materials,South Africa,Equity,equity,web_csv
2026-08-18,RING,K,KINROSS GOLD CORP,CA4969024047,B03Z841,3523175.0,95624142.69,4.3,USD,Materials,Canada,Equity,equity,web_csv
2026-08-18,RING,CDE,COEUR MINING,US1921085049,2208136,4095116.0,75800597.16,3.41,USD,Materials,United States,Equity,equity,web_csv
2026-08-18,RING,PAAS,PAN AMERICAN SILVER,CA6979001089,2669272,1453027.0,67783162.83,3.05,USD,Materials,Canada,Equity,equity,web_csv
2026-08-18,RING,AGI,ALAMOS GOLD INC CLASS A,CA0115321089,BZ3DNP6,1678241.0,55302853.97,2.49,USD,Materials,Canada,Equity,equity,web_csv
2026-08-18,RING,EQX,EQUINOX GOLD,CA29446Y5020,BKLNP13,4765236.0,54630437.56,2.46,USD,Materials,Canada,Equity,equity,web_csv
2026-08-18,RING,IMG,IAMGOLD CORP,CA4509131088,2446646,2567344.0,46756295.51,2.1,USD,Materials,Canada,Equity,equity,web_csv
2026-08-18,RING,HAR,HARMONY GOLD MINING COMPANY LIMITE,ZAE000015228,6410562,2399514.0,46558781.34,2.09,USD,Materials,South Africa,Equity,equity,web_csv
2026-08-18,RING,ELD,ELDORADO GOLD,CA2849025093,BHZJ5Y9,1055167.0,40849586.23,1.84,USD,Materials,Canada,Equity,equity,web_csv
2026-08-18,RING,EDV,ENDEAVOUR MINING,GB00BL6K5J42,BL6K5J4,721929.0,40066492.06,1.8,USD,Materials,United Kingdom,Equity,equity,web_csv
2026-08-18,RING,SSRM,SSR MINING,CA7847301032,BF7MPL9,1097071.0,34784889.01,1.56,USD,Materials,Canada,Equity,equity,web_csv
2026-08-18,RING,GMD,GENESIS MINERALS,AU000000GMD9,B23G0X1,6083527.0,31658269.95,1.42,USD,Materials,Australia,Equity,equity,web_csv
2026-08-18,RING,LUG,LUNDIN GOLD,CA5503711080,BTKSSY6,501143.0,31393388.95,1.41,USD,Materials,Canada,Equity,equity,web_csv
2026-08-18,RING,2099,CHINA GOLD INTERNATIONAL RESOURCES,CA16890P1036,B60FNV8,1027600.0,30210043.47,1.36,USD,Materials,China,Equity,equity,web_csv
2026-08-18,RING,BTO,B2GOLD,CA11777Q2099,B29VFC4,5968278.0,29827421.83,1.34,USD,Materials,Canada,Equity,equity,web_csv
2026-08-18,RING,CG,CENTERRA GOLD,CA1520061021,B01NXQ4,1355005.0,28863318.98,1.3,USD,Materials,Canada,Equity,equity,web_csv
2026-08-18,RING,GMIN,G MINING VENTURES CORP,CA36270K1021,BSWW128,785572.0,26028277.62,1.17,USD,Materials,Canada,Equity,equity,web_csv
2026-08-18,RING,OGC,OCEANAGOLD CORPORATION CORP,CA6752224007,BQXQY26,923420.0,25435361.68,1.14,USD,Materials,Canada,Equity,equity,web_csv
2026-08-18,RING,TXG,TOREX GOLD RESOURCES,CA8910546032,BD2NKY1,539572.0,24160578.23,1.09,USD,Materials,Canada,Equity,equity,web_csv
2026-08-18,RING,WDO,WESDOME GOLD MINES LTD,CA95083R1001,B0Y90N5,983656.0,21895226.99,0.98,USD,Materials,Canada,Equity,equity,web_csv
2026-08-18,RING,HOC,HOCHSCHILD MINING PLC,GB00B1FW5029,B1FW502,2499818.0,17367633.04,0.78,USD,Materials,United Kingdom,Equity,equity,web_csv
2026-08-18,RING,WGX,WESTGOLD RESOURCES,AU000000WGX6,BYVQ673,3947898.0,16340383.38,0.73,USD,Materials,Australia,Equity,equity,web_csv
2026-08-18,RING,RRL,REGIS RESOURCES,AU000000RRL8,6476542,3026702.0,16051588.92,0.72,USD,Materials,Australia,Equity,equity,web_csv
2026-08-18,RING,EMR,EMERALD RESOURCES,AU000000EMR4,6107381,3422824.0,15819520.68,0.71,USD,Materials,Australia,Equity,equity,web_csv
2026-08-18,RING,ARIS,ARIS MINING CORP,CA04040Y1097,BQKRCQ2,817176.0,14358617.65,0.65,USD,Materials,Canada,Equity,equity,web_csv
2026-08-18,RING,DRD,DRDGOLD LTD,ZAE000058723,6267780,5303003.0,12983628.98,0.58,USD,Materials,South Africa,Equity,equity,web_csv
2026-08-18,RING,2259,ZIJIN GOLD INTERNATIONAL LTD,HK0001200002,BSD3B20,587100.0,10314050.41,0.46,USD,Materials,China,Equity,equity,web_csv
2026-08-18,RING,TRALT.E,KOZA ALTIN ISLETMELERI A,TREKOAL00014,B3LP189,9236669.0,9171133.37,0.41,USD,Materials,Turkey,Equity,equity,web_csv
2026-08-18,RING,RSG,RESOLUTE MINING,AU000000RSG6,6410636,10886305.0,8888042.07,0.4,USD,Materials,Australia,Equity,equity,web_csv
2026-08-18,RING,PAF,PAN AFRICAN RESOURCES PLC,GB0004300496,0430049,5182448.0,7720448.26,0.35,USD,Materials,United Kingdom,Equity,equity,web_csv
2026-08-18,RING,OBM,ORA BANDA MINING LTD,AU0000050130,BKDX544,7251544.0,7053080.12,0.32,USD,Materials,Australia,Equity,equity,web_csv
2026-08-18,RING,CYL,CATALYST METALS LTD,AU000000CYL6,B17P5V0,1316457.0,5981559.34,0.27,USD,Materials,Australia,Equity,equity,web_csv
2026-08-18,RING,MUX,MCEWEN INC,US58039P3055,BQGD8H7,292540.0,5371034.4,0.24,USD,Materials,United States,Equity,equity,web_csv
2026-08-18,RING,WAF,WEST AFRICAN RESOURCES LTD,AU000000WAF6,B4KBBN0,2131892.0,5236837.07,0.24,USD,Materials,Australia,Equity,equity,web_csv
2026-08-18,RING,HKD,HKD CASH,CASH,,11112604.0,1416719.22,0.06,USD,Cash and/or Derivatives,Hong Kong,Cash,cash,web_csv
2026-08-18,RING,AUD,AUD CASH,CASH,,424353.0,301269.18,0.01,USD,Cash and/or Derivatives,Australia,Cash,cash,web_csv
2026-08-18,RING,CAD,CAD CASH,CASH,,388117.0,279492.56,0.01,USD,Cash and/or Derivatives,Canada,Cash,cash,web_csv
2026-08-18,RING,GBP,GBP CASH,CASH,,156453.0,211884.35,0.01,USD,Cash and/or Derivatives,United Kingdom,Cash,cash,web_csv
2026-08-18,RING,ZAR,ZAR CASH,CASH,,3041942.0,187223.5,0.01,USD,Cash and/or Derivatives,South Africa,Cash,cash,web_csv
2026-08-18,RING,USD,USD CASH,CASH,,181351.0,181350.98,0.01,USD,Cash and/or Derivatives,United States,Cash,cash,web_csv
2026-08-18,RING,WFFUT,CASH COLLATERAL USD WFFUT,CASH,,163000.0,163000.0,0.01,USD,Cash and/or Derivatives,United States,Cash Collateral and Margins,cash,web_csv
2026-08-18,RING,XTSLA,BLK CSH FND TREASURY SL AGENCY,US0669224778,6922477,160480.0,160480.49,0.01,USD,Cash and/or Derivatives,United States,Money Market,cash,web_csv
2026-08-18,RING,CNH,CNH CASH,CASH,,347933.0,51570.03,0.0,USD,Cash and/or Derivatives,China,Cash,cash,web_csv
2026-08-18,RING,TRY,TRY CASH,CASH,,2400223.0,50088.12,0.0,USD,Cash and/or Derivatives,Turkey,Cash,cash,web_csv
2026-08-18,RING,IDR,IDR CASH,CASH,,3.0,0.0,0.0,USD,Cash and/or Derivatives,Indonesia,Cash,cash,web_csv
2026-08-18,RING,PLZL,POLYUS,RU000A0JNAA8,B57R0L9,625470.0,7.35,0.0,USD,Materials,Russian Federation,Equity,equity,web_csv
2026-08-18,RING,PTU6,S&P/TSE 60 INDEX SEP 26,,,10.0,0.0,0.0,USD,Cash and/or Derivatives,,Futures,derivative,web_csv
2026-08-19,RING,NEM,NEWMONT,US6516391066,2636607,3368118.0,421284199.44,17.45,USD,Materials,United States,Equity,equity,web_csv
2026-08-19,RING,AEM,AGNICO EAGLE MINES,CA0084741085,2009823,1558974.0,323700533.61,13.41,USD,Materials,Canada,Equity,equity,web_csv
2026-08-19,RING,ABX,BARRICK MINING,CA06849F1080,BNM23Q1,4827834.0,217933134.2,9.03,USD,Materials,Canada,Equity,equity,web_csv
2026-08-19,RING,WPM,WHEATON PRECIOUS METALS,CA9628791027,BF13KN5,1256053.0,184964249.01,7.66,USD,Materials,Canada,Equity,equity,web_csv
2026-08-19,RING,ANG,ANGLOGOLD ASHANTI PLC,GB00BRXH2664,BRF6FX9,1099548.0,116406529.44,4.82,USD,Materials,South Africa,Equity,equity,web_csv
2026-08-19,RING,GFI,GOLD FIELDS,ZAE000018123,6280215,2489405.0,109764349.11,4.55,USD,Materials,South Africa,Equity,equity,web_csv
2026-08-19,RING,K,KINROSS GOLD CORP,CA4969024047,B03Z841,3523175.0,105329275.4,4.36,USD,Materials,Canada,Equity,equity,web_csv
2026-08-19,RING,CDE,COEUR MINING,US1921085049,2208136,4095116.0,85710777.88,3.55,USD,Materials,United States,Equity,equity,web_csv
2026-08-19,RING,PAAS,PAN AMERICAN SILVER,CA6979001089,2669272,1453027.0,73132554.42,3.03,USD,Materials,Canada,Equity,equity,web_csv
2026-08-19,RING,EQX,EQUINOX GOLD,CA29446Y5020,BKLNP13,4765236.0,60434279.0,2.5,USD,Materials,Canada,Equity,equity,web_csv
2026-08-19,RING,AGI,ALAMOS GOLD INC CLASS A,CA0115321089,BZ3DNP6,1678241.0,60049551.29,2.49,USD,Materials,Canada,Equity,equity,web_csv
2026-08-19,RING,IMG,IAMGOLD CORP,CA4509131088,2446646,2567344.0,50642530.67,2.1,USD,Materials,Canada,Equity,equity,web_csv
2026-08-19,RING,HAR,HARMONY GOLD MINING COMPANY LIMITE,ZAE000015228,6410562,2399514.0,50537433.46,2.09,USD,Materials,South Africa,Equity,equity,web_csv
2026-08-19,RING,ELD,ELDORADO GOLD,CA2849025093,BHZJ5Y9,1055167.0,44003163.97,1.82,USD,Materials,Canada,Equity,equity,web_csv
2026-08-19,RING,EDV,ENDEAVOUR MINING,GB00BL6K5J42,BL6K5J4,721929.0,43276353.36,1.79,USD,Materials,United Kingdom,Equity,equity,web_csv
2026-08-19,RING,SSRM,SSR MINING,CA7847301032,BF7MPL9,1097071.0,38793961.67,1.61,USD,Materials,Canada,Equity,equity,web_csv
2026-08-19,RING,LUG,LUNDIN GOLD,CA5503711080,BTKSSY6,501143.0,35260848.82,1.46,USD,Materials,Canada,Equity,equity,web_csv
2026-08-19,RING,BTO,B2GOLD,CA11777Q2099,B29VFC4,5968278.0,31451781.71,1.3,USD,Materials,Canada,Equity,equity,web_csv
2026-08-19,RING,GMD,GENESIS MINERALS,AU000000GMD9,B23G0X1,6083527.0,31448689.41,1.3,USD,Materials,Australia,Equity,equity,web_csv
2026-08-19,RING,CG,CENTERRA GOLD,CA1520061021,B01NXQ4,1355005.0,30632166.31,1.27,USD,Materials,Canada,Equity,equity,web_csv
2026-08-19,RING,2099,CHINA GOLD INTERNATIONAL RESOURCES,CA16890P1036,B60FNV8,1027600.0,30169949.11,1.25,USD,Materials,China,Equity,equity,web_csv
2026-08-19,RING,OGC,OCEANAGOLD CORPORATION CORP,CA6752224007,BQXQY26,923420.0,27914162.08,1.16,USD,Materials,Canada,Equity,equity,web_csv
2026-08-19,RING,GMIN,G MINING VENTURES CORP,CA36270K1021,BSWW128,785572.0,27767549.14,1.15,USD,Materials,Canada,Equity,equity,web_csv
2026-08-19,RING,TXG,TOREX GOLD RESOURCES,CA8910546032,BD2NKY1,539572.0,26383936.15,1.09,USD,Materials,Canada,Equity,equity,web_csv
2026-08-19,RING,WDO,WESDOME GOLD MINES LTD,CA95083R1001,B0Y90N5,983656.0,23825060.45,0.99,USD,Materials,Canada,Equity,equity,web_csv
2026-08-19,RING,HOC,HOCHSCHILD MINING PLC,GB00B1FW5029,B1FW502,2499818.0,18846400.38,0.78,USD,Materials,United Kingdom,Equity,equity,web_csv
2026-08-19,RING,WGX,WESTGOLD RESOURCES,AU000000WGX6,BYVQ673,3947898.0,16079496.41,0.67,USD,Materials,Australia,Equity,equity,web_csv
2026-08-19,RING,ARIS,ARIS MINING CORP,CA04040Y1097,BQKRCQ2,817176.0,16024682.65,0.66,USD,Materials,Canada,Equity,equity,web_csv
2026-08-19,RING,RRL,REGIS RESOURCES,AU000000RRL8,6476542,3026702.0,15991310.64,0.66,USD,Materials,Australia,Equity,equity,web_csv
2026-08-19,RING,EMR,EMERALD RESOURCES,AU000000EMR4,6107381,3422824.0,15793197.45,0.65,USD,Materials,Australia,Equity,equity,web_csv
2026-08-19,RING,DRD,DRDGOLD LTD,ZAE000058723,6267780,5303003.0,14715915.72,0.61,USD,Materials,South Africa,Equity,equity,web_csv
2026-08-19,RING,2259,ZIJIN GOLD INTERNATIONAL LTD,HK0001200002,BSD3B20,587100.0,9981306.52,0.41,USD,Materials,China,Equity,equity,web_csv
2026-08-19,RING,TRALT.E,KOZA ALTIN ISLETMELERI A,TREKOAL00014,B3LP189,9236669.0,9730466.07,0.4,USD,Materials,Turkey,Equity,equity,web_csv
2026-08-19,RING,RSG,RESOLUTE MINING,AU000000RSG6,6410636,10886305.0,9069364.37,0.38,USD,Materials,Australia,Equity,equity,web_csv
2026-08-19,RING,PAF,PAN AFRICAN RESOURCES PLC,GB0004300496,0430049,5182448.0,8350200.68,0.35,USD,Materials,United Kingdom,Equity,equity,web_csv
2026-08-19,RING,OBM,ORA BANDA MINING LTD,AU0000050130,BKDX544,7251544.0,7177212.05,0.3,USD,Materials,Australia,Equity,equity,web_csv
2026-08-19,RING,CYL,CATALYST METALS LTD,AU000000CYL6,B17P5V0,1316457.0,6102364.68,0.25,USD,Materials,Australia,Equity,equity,web_csv
2026-08-19,RING,MUX,MCEWEN INC,US58039P3055,BQGD8H7,292540.0,5915158.8,0.25,USD,Materials,United States,Equity,equity,web_csv
2026-08-19,RING,WAF,WEST AFRICAN RESOURCES LTD,AU000000WAF6,B4KBBN0,2131892.0,5282687.67,0.22,USD,Materials,Australia,Equity,equity,web_csv
2026-08-19,RING,HKD,HKD CASH,CASH,,11112604.0,1417297.42,0.06,USD,Cash and/or Derivatives,Hong Kong,Cash,cash,web_csv
2026-08-19,RING,XTSLA,BLK CSH FND TREASURY SL AGENCY,US0669224778,6922477,1098573.0,1098573.06,0.05,USD,Cash and/or Derivatives,United States,Money Market,cash,web_csv
2026-08-19,RING,ZAR,ZAR CASH,CASH,,15822657.0,983384.52,0.04,USD,Cash and/or Derivatives,South Africa,Cash,cash,web_csv
2026-08-19,RING,CAD,CAD CASH,CASH,,456368.0,330354.37,0.01,USD,Cash and/or Derivatives,Canada,Cash,cash,web_csv
2026-08-19,RING,AUD,AUD CASH,CASH,,424353.0,302160.32,0.01,USD,Cash and/or Derivatives,Australia,Cash,cash,web_csv
2026-08-19,RING,GBP,GBP CASH,CASH,,156453.0,212909.12,0.01,USD,Cash and/or Derivatives,United Kingdom,Cash,cash,web_csv
2026-08-19,RING,WFFUT,CASH COLLATERAL USD WFFUT,CASH,,161000.0,161000.0,0.01,USD,Cash and/or Derivatives,United States,Cash Collateral and Margins,cash,web_csv
2026-08-19,RING,CNH,CNH CASH,CASH,,347933.0,51694.16,0.0,USD,Cash and/or Derivatives,China,Cash,cash,web_csv
2026-08-19,RING,TRY,TRY CASH,CASH,,2400223.0,50070.09,0.0,USD,Cash and/or Derivatives,Turkey,Cash,cash,web_csv
2026-08-19,RING,IDR,IDR CASH,CASH,,3.0,0.0,0.0,USD,Cash and/or Derivatives,Indonesia,Cash,cash,web_csv
2026-08-19,RING,PLZL,POLYUS,RU000A0JNAA8,B57R0L9,625470.0,7.4,0.0,USD,Materials,Russian Federation,Equity,equity,web_csv
2026-08-19,RING,PTU6,S&P/TSE 60 INDEX SEP 26,,,13.0,0.0,0.0,USD,Cash and/or Derivatives,,Futures,derivative,web_csv
2026-08-19,RING,USD,USD CASH,CASH,,-615800.0,-615800.48,-0.03,USD,Cash and/or Derivatives,United States,Cash,cash,web_csv
2026-08-20,RING,NEM,NEWMONT,US6516391066,2636607,3356302.0,428398387.28,17.27,USD,Materials,United States,Equity,equity,web_csv
2026-08-20,RING,AEM,AGNICO EAGLE MINES,CA0084741085,2009823,1553504.0,329289640.4,13.28,USD,Materials,Canada,Equity,equity,web_csv
2026-08-20,RING,ABX,BARRICK MINING,CA06849F1080,BNM23Q1,4810896.0,222863072.81,8.99,USD,Materials,Canada,Equity,equity,web_csv
2026-08-20,RING,WPM,WHEATON PRECIOUS METALS,CA9628791027,BF13KN5,1251647.0,188151217.27,7.59,USD,Materials,Canada,Equity,equity,web_csv
2026-08-20,RING,ANG,ANGLOGOLD ASHANTI PLC,GB00BRXH2664,BRF6FX9,1095690.0,122552191.39,4.94,USD,Materials,South Africa,Equity,equity,web_csv
2026-08-20,RING,GFI,GOLD FIELDS,ZAE000018123,6280215,2480671.0,111577026.44,4.5,USD,Materials,South Africa,Equity,equity,web_csv
2026-08-20,RING,K,KINROSS GOLD CORP,CA4969024047,B03Z841,3510813.0,110513800.12,4.46,USD,Materials,Canada,Equity,equity,web_csv
2026-08-20,RING,CDE,COEUR MINING,US1921085049,2208136,4080748.0,86144590.28,3.47,USD,Materials,United States,Equity,equity,web_csv
2026-08-20,RING,PAAS,PAN AMERICAN SILVER,CA6979001089,2669272,1447929.0,75249020.38,3.03,USD,Materials,Canada,Equity,equity,web_csv
2026-08-20,RING,AGI,ALAMOS GOLD INC CLASS A,CA0115321089,BZ3DNP6,1672353.0,61476963.2,2.48,USD,Materials,Canada,Equity,equity,web_csv
2026-08-20,RING,EQX,EQUINOX GOLD,CA29446Y5020,BKLNP13,4748516.0,61264505.1,2.47,USD,Materials,Canada,Equity,equity,web_csv
2026-08-20,RING,IMG,IAMGOLD CORP,CA4509131088,2446646,2558336.0,52499631.43,2.12,USD,Materials,Canada,Equity,equity,web_csv
2026-08-20,RING,HAR,HARMONY GOLD MINING COMPANY LIMITE,ZAE000015228,6410562,2391096.0,51957711.08,2.09,USD,Materials,South Africa,Equity,equity,web_csv
2026-08-20,RING,ELD,ELDORADO GOLD,CA2849025093,BHZJ5Y9,1051465.0,44931988.86,1.81,USD,Materials,Canada,Equity,equity,web_csv
2026-08-20,RING,EDV,ENDEAVOUR MINING,GB00BL6K5J42,BL6K5J4,719397.0,44093079.49,1.78,USD,Materials,United Kingdom,Equity,equity,web_csv
2026-08-20,RING,SSRM,SSR MINING,CA7847301032,BF7MPL9,1093223.0,40330496.57,1.63,USD,Materials,Canada,Equity,equity,web_csv
2026-08-20,RING,LUG,LUNDIN GOLD,CA5503711080,BTKSSY6,499385.0,35892957.15,1.45,USD,Materials,Canada,Equity,equity,web_csv
2026-08-20,RING,GMD,GENESIS MINERALS,AU000000GMD9,B23G0X1,6062183.0,34590352.44,1.39,USD,Materials,Australia,Equity,equity,web_csv
2026-08-20,RING,2099,CHINA GOLD INTERNATIONAL RESOURCES,CA16890P1036,B60FNV8,1024000.0,32248473.18,1.3,USD,Materials,China,Equity,equity,web_csv
2026-08-20,RING,BTO,B2GOLD,CA11777Q2099,B29VFC4,5947338.0,32064959.97,1.29,USD,Materials,Canada,Equity,equity,web_csv
2026-08-20,RING,CG,CENTERRA GOLD,CA1520061021,B01NXQ4,1350251.0,31784444.12,1.28,USD,Materials,Canada,Equity,equity,web_csv
2026-08-20,RING,OGC,OCEANAGOLD CORPORATION CORP,CA6752224007,BQXQY26,920180.0,28297821.93,1.14,USD,Materials,Canada,Equity,equity,web_csv
2026-08-20,RING,GMIN,G MINING VENTURES CORP,CA36270K1021,BSWW128,782816.0,28010055.12,1.13,USD,Materials,Canada,Equity,equity,web_csv
2026-08-20,RING,TXG,TOREX GOLD RESOURCES,CA8910546032,BD2NKY1,537680.0,27147358.25,1.09,USD,Materials,Canada,Equity,equity,web_csv
2026-08-20,RING,WDO,WESDOME GOLD MINES LTD,CA95083R1001,B0Y90N5,980206.0,24318440.71,0.98,USD,Materials,Canada,Equity,equity,web_csv
2026-08-20,RING,HOC,HOCHSCHILD MINING PLC,GB00B1FW5029,B1FW502,2491048.0,20307608.69,0.82,USD,Materials,United Kingdom,Equity,equity,web_csv
2026-08-20,RING,RRL,REGIS RESOURCES,AU000000RRL8,6476542,3016082.0,17682204.48,0.71,USD,Materials,Australia,Equity,equity,web_csv
2026-08-20,RING,WGX,WESTGOLD RESOURCES,AU000000WGX6,BYVQ673,3934046.0,17459062.07,0.7,USD,Materials,Australia,Equity,equity,web_csv
2026-08-20,RING,EMR,EMERALD RESOURCES,AU000000EMR4,6107381,3410816.0,16983566.5,0.68,USD,Materials,Australia,Equity,equity,web_csv
2026-08-20,RING,ARIS,ARIS MINING CORP,CA04040Y1097,BQKRCQ2,814310.0,16468195.12,0.66,USD,Materials,Canada,Equity,equity,web_csv
2026-08-20,RING,DRD,DRDGOLD LTD,ZAE000058723,6267780,5284397.0,15577922.04,0.63,USD,Materials,South Africa,Equity,equity,web_csv
2026-08-20,RING,2259,ZIJIN GOLD INTERNATIONAL LTD,HK0001200002,BSD3B20,585100.0,11063269.63,0.45,USD,Materials,China,Equity,equity,web_csv
2026-08-20,RING,TRALT.E,KOZA ALTIN ISLETMELERI A,TREKOAL00014,B3LP189,9204261.0,9875075.14,0.4,USD,Materials,Turkey,Equity,equity,web_csv
2026-08-20,RING,RSG,RESOLUTE MINING,AU000000RSG6,6410636,10848109.0,9775477.81,0.39,USD,Materials,Australia,Equity,equity,web_csv
2026-08-20,RING,PAF,PAN AFRICAN RESOURCES PLC,GB0004300496,0430049,5164264.0,9074795.76,0.37,USD,Materials,United Kingdom,Equity,equity,web_csv
2026-08-20,RING,OBM,ORA BANDA MINING LTD,AU0000050130,BKDX544,7226100.0,8158807.05,0.33,USD,Materials,Australia,Equity,equity,web_csv
2026-08-20,RING,CYL,CATALYST METALS LTD,AU000000CYL6,B17P5V0,1311839.0,6186313.95,0.25,USD,Materials,Australia,Equity,equity,web_csv
2026-08-20,RING,MUX,MCEWEN INC,US58039P3055,BQGD8H7,291514.0,5908988.78,0.24,USD,Materials,United States,Equity,equity,web_csv
2026-08-20,RING,WAF,WEST AFRICAN RESOURCES LTD,AU000000WAF6,B4KBBN0,2124412.0,5674968.33,0.23,USD,Materials,Australia,Equity,equity,web_csv
2026-08-20,RING,HKD,HKD CASH,CASH,,11112604.0,1416863.73,0.06,USD,Cash and/or Derivatives,Hong Kong,Cash,cash,web_csv
2026-08-20,RING,ZAR,ZAR CASH,CASH,,15822657.0,981560.49,0.04,USD,Cash and/or Derivatives,South Africa,Cash,cash,web_csv
2026-08-20,RING,XTSLA,BLK CSH FND TREASURY SL AGENCY,US0669224778,6922477,738468.0,738468.46,0.03,USD,Cash and/or Derivatives,United States,Money Market,cash,web_csv
2026-08-20,RING,CAD,CAD CASH,CASH,,648194.0,470353.26,0.02,USD,Cash and/or Derivatives,Canada,Cash,cash,web_csv
2026-08-20,RING,AUD,AUD CASH,CASH,,424353.0,302287.62,0.01,USD,Cash and/or Derivatives,Australia,Cash,cash,web_csv
2026-08-20,RING,GBP,GBP CASH,CASH,,156453.0,213284.61,0.01,USD,Cash and/or Derivatives,United Kingdom,Cash,cash,web_csv
2026-08-20,RING,WFFUT,CASH COLLATERAL USD WFFUT,CASH,,160000.0,160000.0,0.01,USD,Cash and/or Derivatives,United States,Cash Collateral and Margins,cash,web_csv
2026-08-20,RING,CNH,CNH CASH,CASH,,347933.0,51749.13,0.0,USD,Cash and/or Derivatives,China,Cash,cash,web_csv
2026-08-20,RING,TRY,TRY CASH,CASH,,2400223.0,50051.56,0.0,USD,Cash and/or Derivatives,Turkey,Cash,cash,web_csv
2026-08-20,RING,IDR,IDR CASH,CASH,,3.0,0.0,0.0,USD,Cash and/or Derivatives,Indonesia,Cash,cash,web_csv
2026-08-20,RING,PLZL,POLYUS,RU000A0JNAA8,B57R0L9,625470.0,7.51,0.0,USD,Materials,Russian Federation,Equity,equity,web_csv
2026-08-20,RING,PTU6,S&P/TSE 60 INDEX SEP 26,,,13.0,0.0,0.0,USD,Cash and/or Derivatives,,Futures,derivative,web_csv
2026-08-20,RING,USD,USD CASH,CASH,,-119424.0,-119424.43,0.0,USD,Cash and/or Derivatives,United States,Cash,cash,web_csv
2026-08-21,RING,NEM,NEWMONT,US6516391066,2636607,3374026.0,443954341.08,17.21,USD,Materials,United States,Equity,equity,web_csv
2026-08-21,RING,AEM,AGNICO EAGLE MINES,CA0084741085,2009823,1561709.0,337683358.9,13.09,USD,Materials,Canada,Equity,equity,web_csv
2026-08-21,RING,ABX,BARRICK MINING,CA06849F1080,BNM23Q1,4836303.0,230201491.76,8.93,USD,Materials,Canada,Equity,equity,web_csv
2026-08-21,RING,WPM,WHEATON PRECIOUS METALS,CA9628791027,BF13KN5,1258256.0,198300816.73,7.69,USD,Materials,Canada,Equity,equity,web_csv
2026-08-21,RING,ANG,ANGLOGOLD ASHANTI PLC,GB00BRXH2664,BRF6FX9,1101477.0,130720514.34,5.07,USD,Materials,South Africa,Equity,equity,web_csv
2026-08-21,RING,GFI,GOLD FIELDS,ZAE000018123,6280215,2493772.0,118131364.2,4.58,USD,Materials,South Africa,Equity,equity,web_csv
2026-08-21,RING,K,KINROSS GOLD CORP,CA4969024047,B03Z841,3529356.0,115411619.59,4.48,USD,Materials,Canada,Equity,equity,web_csv
2026-08-21,RING,CDE,COEUR MINING,US1921085049,2208136,4102300.0,86025231.0,3.34,USD,Materials,United States,Equity,equity,web_csv
2026-08-21,RING,PAAS,PAN AMERICAN SILVER,CA6979001089,2669272,1455576.0,77219979.18,2.99,USD,Materials,Canada,Equity,equity,web_csv
2026-08-21,RING,EQX,EQUINOX GOLD,CA29446Y5020,BKLNP13,4773596.0,64532876.55,2.5,USD,Materials,Canada,Equity,equity,web_csv
2026-08-21,RING,AGI,ALAMOS GOLD INC CLASS A,CA0115321089,BZ3DNP6,1681185.0,63666177.51,2.47,USD,Materials,Canada,Equity,equity,web_csv
2026-08-21,RING,HAR,HARMONY GOLD MINING COMPANY LIMITE,ZAE000015228,6410562,2403723.0,56368279.03,2.19,USD,Materials,South Africa,Equity,equity,web_csv
2026-08-21,RING,IMG,IAMGOLD CORP,CA4509131088,2446646,2571848.0,54280772.03,2.1,USD,Materials,Canada,Equity,equity,web_csv
2026-08-21,RING,ELD,ELDORADO GOLD,CA2849025093,BHZJ5Y9,1057018.0,48324988.9,1.87,USD,Materials,Canada,Equity,equity,web_csv
2026-08-21,RING,EDV,ENDEAVOUR MINING,GB00BL6K5J42,BL6K5J4,723195.0,46112836.9,1.79,USD,Materials,United Kingdom,Equity,equity,web_csv
2026-08-21,RING,SSRM,SSR MINING,CA7847301032,BF7MPL9,1098995.0,41507038.81,1.61,USD,Materials,Canada,Equity,equity,web_csv
2026-08-21,RING,LUG,LUNDIN GOLD,CA5503711080,BTKSSY6,502022.0,36739984.46,1.42,USD,Materials,Canada,Equity,equity,web_csv
2026-08-21,RING,GMD,GENESIS MINERALS,AU000000GMD9,B23G0X1,6094199.0,36324156.24,1.41,USD,Materials,Australia,Equity,equity,web_csv
2026-08-21,RING,2099,CHINA GOLD INTERNATIONAL RESOURCES,CA16890P1036,B60FNV8,1029400.0,34241995.84,1.33,USD,Materials,China,Equity,equity,web_csv
2026-08-21,RING,BTO,B2GOLD,CA11777Q2099,B29VFC4,5978748.0,33033195.83,1.28,USD,Materials,Canada,Equity,equity,web_csv
2026-08-21,RING,CG,CENTERRA GOLD,CA1520061021,B01NXQ4,1357382.0,32216079.85,1.25,USD,Materials,Canada,Equity,equity,web_csv
2026-08-21,RING,GMIN,G MINING VENTURES CORP,CA36270K1021,BSWW128,786950.0,30590120.88,1.19,USD,Materials,Canada,Equity,equity,web_csv
2026-08-21,RING,OGC,OCEANAGOLD CORPORATION CORP,CA6752224007,BQXQY26,925040.0,28711264.38,1.11,USD,Materials,Canada,Equity,equity,web_csv
2026-08-21,RING,TXG,TOREX GOLD RESOURCES,CA8910546032,BD2NKY1,540518.0,27407541.38,1.06,USD,Materials,Canada,Equity,equity,web_csv
2026-08-21,RING,WDO,WESDOME GOLD MINES LTD,CA95083R1001,B0Y90N5,985381.0,25018167.91,0.97,USD,Materials,Canada,Equity,equity,web_csv
2026-08-21,RING,HOC,HOCHSCHILD MINING PLC,GB00B1FW5029,B1FW502,2504203.0,21835848.82,0.85,USD,Materials,United Kingdom,Equity,equity,web_csv
2026-08-21,RING,RRL,REGIS RESOURCES,AU000000RRL8,6476542,3032012.0,18463133.87,0.72,USD,Materials,Australia,Equity,equity,web_csv
2026-08-21,RING,WGX,WESTGOLD RESOURCES,AU000000WGX6,BYVQ673,3954824.0,17821053.9,0.69,USD,Materials,Australia,Equity,equity,web_csv
2026-08-21,RING,EMR,EMERALD RESOURCES,AU000000EMR4,6107381,3428828.0,17293143.15,0.67,USD,Materials,Australia,Equity,equity,web_csv
2026-08-21,RING,ARIS,ARIS MINING CORP,CA04040Y1097,BQKRCQ2,818609.0,17087166.48,0.66,USD,Materials,Canada,Equity,equity,web_csv
2026-08-21,RING,DRD,DRDGOLD LTD,ZAE000058723,6267780,5312306.0,16109244.83,0.62,USD,Materials,South Africa,Equity,equity,web_csv
2026-08-21,RING,2259,ZIJIN GOLD INTERNATIONAL LTD,HK0001200002,BSD3B20,588100.0,12024084.54,0.47,USD,Materials,China,Equity,equity,web_csv
2026-08-21,RING,TRALT.E,KOZA ALTIN ISLETMELERI A,TREKOAL00014,B3LP189,9252873.0,10501284.14,0.41,USD,Materials,Turkey,Equity,equity,web_csv
2026-08-21,RING,RSG,RESOLUTE MINING,AU000000RSG6,6410636,10905403.0,10468925.15,0.41,USD,Materials,Australia,Equity,equity,web_csv
2026-08-21,RING,PAF,PAN AFRICAN RESOURCES PLC,GB0004300496,0430049,5191540.0,9626643.81,0.37,USD,Materials,United Kingdom,Equity,equity,web_csv
2026-08-21,RING,OBM,ORA BANDA MINING LTD,AU0000050130,BKDX544,7264266.0,8404654.06,0.33,USD,Materials,Australia,Equity,equity,web_csv
2026-08-21,RING,CYL,CATALYST METALS LTD,AU000000CYL6,B17P5V0,1318766.0,6424394.94,0.25,USD,Materials,Australia,Equity,equity,web_csv
2026-08-21,RING,MUX,MCEWEN INC,US58039P3055,BQGD8H7,293053.0,6089641.34,0.24,USD,Materials,United States,Equity,equity,web_csv
2026-08-21,RING,WAF,WEST AFRICAN RESOURCES LTD,AU000000WAF6,B4KBBN0,2135632.0,5783274.37,0.22,USD,Materials,Australia,Equity,equity,web_csv
2026-08-21,RING,HKD,HKD CASH,CASH,,11112604.0,1417369.73,0.05,USD,Cash and/or Derivatives,Hong Kong,Cash,cash,web_csv
2026-08-21,RING,ZAR,ZAR CASH,CASH,,15822657.0,987065.31,0.04,USD,Cash and/or Derivatives,South Africa,Cash,cash,web_csv
2026-08-21,RING,XTSLA,BLK CSH FND TREASURY SL AGENCY,US0669224778,6922477,722147.0,722147.09,0.03,USD,Cash and/or Derivatives,United States,Money Market,cash,web_csv
2026-08-21,RING,CAD,CAD CASH,CASH,,757978.0,550316.45,0.02,USD,Cash and/or Derivatives,Canada,Cash,cash,web_csv
2026-08-21,RING,AUD,AUD CASH,CASH,,424353.0,304006.25,0.01,USD,Cash and/or Derivatives,Australia,Cash,cash,web_csv
2026-08-21,RING,GBP,GBP CASH,CASH,,156453.0,213159.44,0.01,USD,Cash and/or Derivatives,United Kingdom,Cash,cash,web_csv
2026-08-21,RING,WFFUT,CASH COLLATERAL USD WFFUT,CASH,,160000.0,160000.0,0.01,USD,Cash and/or Derivatives,United States,Cash Collateral and Margins,cash,web_csv
2026-08-21,RING,CNH,CNH CASH,CASH,,347933.0,51759.91,0.0,USD,Cash and/or Derivatives,China,Cash,cash,web_csv
2026-08-21,RING,TRY,TRY CASH,CASH,,2400223.0,49937.02,0.0,USD,Cash and/or Derivatives,Turkey,Cash,cash,web_csv
2026-08-21,RING,IDR,IDR CASH,CASH,,3.0,0.0,0.0,USD,Cash and/or Derivatives,Indonesia,Cash,cash,web_csv
2026-08-21,RING,PLZL,POLYUS,RU000A0JNAA8,B57R0L9,625470.0,7.56,0.0,USD,Materials,Russian Federation,Equity,equity,web_csv
2026-08-21,RING,PTU6,S&P/TSE 60 INDEX SEP 26,,,13.0,0.0,0.0,USD,Cash and/or Derivatives,,Futures,derivative,web_csv
2026-08-21,RING,USD,USD CASH,CASH,,-101462.0,-101461.82,0.0,USD,Cash and/or Derivatives,United States,Cash,cash,web_csv
