as_of_date,etf_ticker,constituent_ticker,constituent_name,isin,sedol,shares_held,market_value,weight_pct,currency,sector,country,asset_class,instrument_type,source
2026-06-15,SIL,010130 KS,KOREA ZINC CO LTD,,6495428,138776.0,115034617.62,2.43,USD,,,,equity,web_csv
2026-06-15,SIL,AAG CN,AFTERMATH SILVER LTD,,BDFS6H8,7575571.0,4336796.88,0.09,USD,,,,equity,web_csv
2026-06-15,SIL,ABRA CN,ABRASILVER RESOURCE CORP,CA00379L3048,BR4XSQ5,4236982.0,47904623.13,1.01,USD,,,,equity,web_csv
2026-06-15,SIL,AG CN,FIRST MAJESTIC SILVER CORP,CA32076V1031,2833583,11973548.0,226284591.71,4.78,USD,,,,equity,web_csv
2026-06-15,SIL,APM CN,ANDEAN PRECIOUS METALS CORP,CA03349X1015,BNDS6V4,1682813.0,7441972.41,0.16,USD,,,,equity,web_csv
2026-06-15,SIL,ASL AU,ANDEAN SILVER LTD,AU0000343253,BSFS736,5392332.0,8406830.27,0.18,USD,,,,equity,web_csv
2026-06-15,SIL,ASM CN,AVINO SILVER & GOLD MINES,CA0539061030,2474261,4743807.0,32384642.58,0.68,USD,,,,equity,web_csv
2026-06-15,SIL,AYA CN,AYA GOLD & SILVER INC,CA05466C1095,BK94091,4120553.0,85126741.64,1.8,USD,,,,equity,web_csv
2026-06-15,SIL,BRC CN,BLACKROCK SILVER CORP,,BNGHFP5,8991720.0,7077814.59,0.15,USD,,,,equity,web_csv
2026-06-15,SIL,BVN,CIA DE MINAS BUENAVENTUR-ADR,US2044481040,2210476,5547289.0,193378494.54,4.08,USD,,,,equity,web_csv
2026-06-15,SIL,CDE,COEUR MINING INC,US1921085049,2208136,28535976.0,532481312.16,11.24,USD,,,,equity,web_csv
2026-06-15,SIL,DSV CN,DISCOVERY SILVER CORP,CA2546771072,BND9899,19344348.0,120015383.13,2.53,USD,,,,equity,web_csv
2026-06-15,SIL,EXK,ENDEAVOUR SILVER CORP,CA29258Y1034,B018TM7,8886154.0,80952862.94,1.71,USD,,,,equity,web_csv
2026-06-15,SIL,FRES LN,FRESNILLO PLC,GB00B2QPKJ12,B2QPKJ1,5187965.0,223123284.73,4.71,USD,,,,equity,web_csv
2026-06-15,SIL,FVI CN,FORTUNA MINING CORP,CA3499421020,BPLQGB4,9158766.0,86577193.36,1.83,USD,,,,equity,web_csv
2026-06-15,SIL,GGD CN,GOGOLD RESOURCES INC,CA38045Y1025,B60BNP0,12255115.0,29378249.85,0.62,USD,,,,equity,web_csv
2026-06-15,SIL,GORO,GOLD RESOURCE CORP,,B1DZ912,4814831.0,6018538.75,0.13,USD,,,,equity,web_csv
2026-06-15,SIL,GSVR CN,GUANAJUATO SILVER CO LTD,,BMDM727,21471681.0,8143397.57,0.17,USD,,,,equity,web_csv
2026-06-15,SIL,HL,HECLA MINING CO,US4227041062,2418601,13184908.0,219660567.28,4.64,USD,,,,equity,web_csv
2026-06-15,SIL,HOC LN,HOCHSCHILD MINING PLC,GB00B1FW5029,B1FW502,9256907.0,73900984.58,1.56,USD,,,,equity,web_csv
2026-06-15,SIL,HSLV CN,HIGHLANDER SILVER CORP,CA43087N2041,BRBR2F7,4145338.0,20883165.42,0.44,USD,,,,equity,web_csv
2026-06-15,SIL,HYMC,HYCROFT MINING HOLDING CO-A,US44862P2083,BS70KX1,1355803.0,37745555.52,0.8,USD,,,,equity,web_csv
2026-06-15,SIL,ITR CN,INTEGRA RESOURCES CORP,CA45826T5098,BRK42Y8,5606208.0,15364969.51,0.32,USD,,,,equity,web_csv
2026-06-15,SIL,KCN AU,KINGSGATE CONSOLIDATED LTD,AU000000KCN1,6492731,7231823.0,28340394.71,0.6,USD,,,,equity,web_csv
2026-06-15,SIL,MUX,MCEWEN INC,US58039P3055,BQGD8H7,1531906.0,30791310.6,0.65,USD,,,,equity,web_csv
2026-06-15,SIL,NUAG CN,NEW PACIFIC METALS CORP,CA64782A1075,BMW5909,2960619.0,14342832.04,0.3,USD,,,,equity,web_csv
2026-06-15,SIL,OR CN,OR ROYALTIES INC,CA68390D1069,BPJJWP1,5609491.0,202992564.94,4.28,USD,,,,equity,web_csv
2026-06-15,SIL,PAAS,PAN AMERICAN SILVER CORP,CA6979001089,2703396,11691656.0,595923706.32,12.58,USD,,,,equity,web_csv
2026-06-15,SIL,PE&OLES* MM,INDUSTRIAS PENOLES SAB DE CV,MXP554091415,2448200,4555059.0,225123411.95,4.75,USD,,,,equity,web_csv
2026-06-15,SIL,SCZ CN,SANTACRUZ SILVER MINING LTD,,BVV5T70,2575361.0,19553172.0,0.41,USD,,,,equity,web_csv
2026-06-15,SIL,SLVR CN,SILVER TIGER METALS INC,,BLFLCL9,16341344.0,9822697.74,0.21,USD,,,,equity,web_csv
2026-06-15,SIL,SOSI SS,SOTKAMO SILVER AB,,7788354,8223502.0,4562567.79,0.1,USD,,,,equity,web_csv
2026-06-15,SIL,SSRM,SSR MINING INC,CA7847301032,BF7MQ72,6041431.0,174839013.14,3.69,USD,,,,equity,web_csv
2026-06-15,SIL,SVL AU,SILVER MINES LTD,,B1HMJH5,62106559.0,6601789.95,0.14,USD,,,,equity,web_csv
2026-06-15,SIL,SVM CN,SILVERCORP METALS INC,CA82835P1036,2784261,6363422.0,77729874.8,1.64,USD,,,,equity,web_csv
2026-06-15,SIL,TFPM CN,TRIPLE FLAG PRECIOUS MET,CA89679M1041,BJ171P4,2088944.0,64172861.94,1.35,USD,,,,equity,web_csv
2026-06-15,SIL,USA CN,AMERICAS GOLD AND SILVER CORP,CA03062D8035,BVMJP62,6543993.0,37696621.45,0.8,USD,,,,equity,web_csv
2026-06-15,SIL,USL AU,UNICO SILVER LTD,,BQXR4J6,14446968.0,6961752.81,0.15,USD,,,,equity,web_csv
2026-06-15,SIL,VZLA CN,VIZSLA SILVER CORP,CA92859G6085,BS84LB7,9956852.0,36266325.58,0.77,USD,,,,equity,web_csv
2026-06-15,SIL,WPM,WHEATON PRECIOUS METALS CORP,CA9628791027,BDG1S92,8239961.0,1021260766.34,21.55,USD,,,,equity,web_csv
2026-06-15,SIL,,OTHER PAYABLE & RECEIVABLES,,,-412263.25,-412263.25,-0.01,USD,,,,cash,web_csv
2026-06-15,SIL,,CASH,CASH,,403884.28,403884.28,0.01,USD,,,,cash,web_csv
2026-06-17,SIL,010130 KS,KOREA ZINC CO LTD,,6495428,138776.0,115661953.73,2.45,USD,,,,equity,web_csv
2026-06-17,SIL,AAG CN,AFTERMATH SILVER LTD,,BDFS6H8,7575571.0,4052263.21,0.09,USD,,,,equity,web_csv
2026-06-17,SIL,ABRA CN,ABRASILVER RESOURCE CORP,CA00379L3048,BR4XSQ5,4236982.0,44542553.8,0.94,USD,,,,equity,web_csv
2026-06-17,SIL,AG CN,FIRST MAJESTIC SILVER CORP,CA32076V1031,2833583,11973548.0,223569992.61,4.74,USD,,,,equity,web_csv
2026-06-17,SIL,APM CN,ANDEAN PRECIOUS METALS CORP,CA03349X1015,BNDS6V4,1682813.0,7537312.35,0.16,USD,,,,equity,web_csv
2026-06-17,SIL,ASL AU,ANDEAN SILVER LTD,AU0000343253,BSFS736,5392332.0,8688520.36,0.18,USD,,,,equity,web_csv
2026-06-17,SIL,ASM CN,AVINO SILVER & GOLD MINES,CA0539061030,2474261,4743807.0,32547909.09,0.69,USD,,,,equity,web_csv
2026-06-17,SIL,AYA CN,AYA GOLD & SILVER INC,CA05466C1095,BK94091,4120553.0,83610108.3,1.77,USD,,,,equity,web_csv
2026-06-17,SIL,BRC CN,BLACKROCK SILVER CORP,,BNGHFP5,8991720.0,6861950.22,0.15,USD,,,,equity,web_csv
2026-06-17,SIL,BVN,CIA DE MINAS BUENAVENTUR-ADR,US2044481040,2210476,5547289.0,189939175.36,4.03,USD,,,,equity,web_csv
2026-06-17,SIL,CDE,COEUR MINING INC,US1921085049,2208136,28535976.0,500235659.28,10.61,USD,,,,equity,web_csv
2026-06-17,SIL,DSV CN,DISCOVERY SILVER CORP,CA2546771072,BND9899,19344348.0,122100763.0,2.59,USD,,,,equity,web_csv
2026-06-17,SIL,EXK,ENDEAVOUR SILVER CORP,CA29258Y1034,B018TM7,8886154.0,78731324.44,1.67,USD,,,,equity,web_csv
2026-06-17,SIL,FRES LN,FRESNILLO PLC,GB00B2QPKJ12,B2QPKJ1,5187965.0,229995635.72,4.88,USD,,,,equity,web_csv
2026-06-17,SIL,FVI CN,FORTUNA MINING CORP,CA3499421020,BPLQGB4,9158766.0,87073925.38,1.85,USD,,,,equity,web_csv
2026-06-17,SIL,GGD CN,GOGOLD RESOURCES INC,CA38045Y1025,B60BNP0,12255115.0,29106007.38,0.62,USD,,,,equity,web_csv
2026-06-17,SIL,GORO,GOLD RESOURCE CORP,,B1DZ912,4814831.0,6307428.61,0.13,USD,,,,equity,web_csv
2026-06-17,SIL,GSVR CN,GUANAJUATO SILVER CO LTD,,BMDM727,21471681.0,8116390.36,0.17,USD,,,,equity,web_csv
2026-06-17,SIL,HL,HECLA MINING CO,US4227041062,2418601,13184908.0,211749622.48,4.49,USD,,,,equity,web_csv
2026-06-17,SIL,HOC LN,HOCHSCHILD MINING PLC,GB00B1FW5029,B1FW502,9256907.0,76559207.0,1.62,USD,,,,equity,web_csv
2026-06-17,SIL,HSLV CN,HIGHLANDER SILVER CORP,CA43087N2041,BRBR2F7,4145338.0,20340864.02,0.43,USD,,,,equity,web_csv
2026-06-17,SIL,HYMC,HYCROFT MINING HOLDING CO-A,US44862P2083,BS70KX1,1355803.0,34667882.71,0.73,USD,,,,equity,web_csv
2026-06-17,SIL,ITR CN,INTEGRA RESOURCES CORP,CA45826T5098,BRK42Y8,5606208.0,15433965.39,0.33,USD,,,,equity,web_csv
2026-06-17,SIL,KCN AU,KINGSGATE CONSOLIDATED LTD,AU000000KCN1,6492731,7231823.0,30306573.28,0.64,USD,,,,equity,web_csv
2026-06-17,SIL,MUX,MCEWEN INC,US58039P3055,BQGD8H7,1531906.0,29933443.24,0.64,USD,,,,equity,web_csv
2026-06-17,SIL,NUAG CN,NEW PACIFIC METALS CORP,CA64782A1075,BMW5909,2960619.0,13704027.75,0.29,USD,,,,equity,web_csv
2026-06-17,SIL,OR CN,OR ROYALTIES INC,CA68390D1069,BPJJWP1,5609491.0,203639606.23,4.32,USD,,,,equity,web_csv
2026-06-17,SIL,PAAS,PAN AMERICAN SILVER CORP,CA6979001089,2703396,11691656.0,589960961.76,12.52,USD,,,,equity,web_csv
2026-06-17,SIL,PE&OLES* MM,INDUSTRIAS PENOLES SAB DE CV,MXP554091415,2448200,4555059.0,218581463.53,4.64,USD,,,,equity,web_csv
2026-06-17,SIL,SCZ CN,SANTACRUZ SILVER MINING LTD,,BVV5T70,2575361.0,19433221.15,0.41,USD,,,,equity,web_csv
2026-06-17,SIL,SLVR CN,SILVER TIGER METALS INC,,BLFLCL9,16341344.0,10023219.34,0.21,USD,,,,equity,web_csv
2026-06-17,SIL,SOSI SS,SOTKAMO SILVER AB,,7788354,8223502.0,4469247.03,0.1,USD,,,,equity,web_csv
2026-06-17,SIL,SSRM,SSR MINING INC,CA7847301032,BF7MQ72,6041431.0,191936262.87,4.07,USD,,,,equity,web_csv
2026-06-17,SIL,SVL AU,SILVER MINES LTD,,B1HMJH5,62106559.0,6364141.44,0.14,USD,,,,equity,web_csv
2026-06-17,SIL,SVM CN,SILVERCORP METALS INC,CA82835P1036,2784261,6363422.0,76110539.15,1.61,USD,,,,equity,web_csv
2026-06-17,SIL,TFPM CN,TRIPLE FLAG PRECIOUS MET,CA89679M1041,BJ171P4,2088944.0,64272907.9,1.36,USD,,,,equity,web_csv
2026-06-17,SIL,USA CN,AMERICAS GOLD AND SILVER CORP,CA03062D8035,BVMJP62,6543993.0,37898311.93,0.8,USD,,,,equity,web_csv
2026-06-17,SIL,USL AU,UNICO SILVER LTD,,BQXR4J6,14446968.0,7401999.82,0.16,USD,,,,equity,web_csv
2026-06-17,SIL,VZLA CN,VIZSLA SILVER CORP,CA92859G6085,BS84LB7,9956852.0,35790980.73,0.76,USD,,,,equity,web_csv
2026-06-17,SIL,WPM,WHEATON PRECIOUS METALS CORP,CA9628791027,BDG1S92,8239961.0,1036999091.85,22.0,USD,,,,equity,web_csv
2026-06-17,SIL,,CASH,CASH,,898315.14,898315.14,0.02,USD,,,,cash,web_csv
2026-06-17,SIL,,OTHER PAYABLE & RECEIVABLES,,,-1071764.39,-1071764.39,-0.02,USD,,,,cash,web_csv
2026-06-18,SIL,,CASH,CASH,,898315.14,898315.14,0.02,USD,,,,cash,web_csv
2026-06-18,SIL,,OTHER PAYABLE & RECEIVABLES,,,-1154636.75,-1154636.75,-0.03,USD,,,,cash,web_csv
2026-06-18,SIL,WPM,WHEATON PRECIOUS METALS CORP,CA9628791027,BDG1S92,8239961.0,1009972019.77,22.08,USD,,,,equity,web_csv
2026-06-18,SIL,PAAS,PAN AMERICAN SILVER CORP,CA6979001089,2703396,11691656.0,572891144.0,12.53,USD,,,,equity,web_csv
2026-06-18,SIL,CDE,COEUR MINING INC,US1921085049,2208136,28535976.0,499664939.76,10.93,USD,,,,equity,web_csv
2026-06-18,SIL,AG CN,FIRST MAJESTIC SILVER CORP,CA32076V1031,2833583,11973548.0,216074225.74,4.72,USD,,,,equity,web_csv
2026-06-18,SIL,FRES LN,FRESNILLO PLC,GB00B2QPKJ12,B2QPKJ1,5187965.0,214288948.29,4.68,USD,,,,equity,web_csv
2026-06-18,SIL,PE&OLES* MM,INDUSTRIAS PENOLES SAB DE CV,MXP554091415,2448200,4555059.0,211716801.58,4.63,USD,,,,equity,web_csv
2026-06-18,SIL,HL,HECLA MINING CO,US4227041062,2418601,13184908.0,210431131.68,4.6,USD,,,,equity,web_csv
2026-06-18,SIL,OR CN,OR ROYALTIES INC,CA68390D1069,BPJJWP1,5609491.0,195663749.96,4.28,USD,,,,equity,web_csv
2026-06-18,SIL,SSRM,SSR MINING INC,CA7847301032,BF7MQ72,6041431.0,186982289.45,4.09,USD,,,,equity,web_csv
2026-06-18,SIL,BVN,CIA DE MINAS BUENAVENTUR-ADR,US2044481040,2210476,5547289.0,180730675.62,3.95,USD,,,,equity,web_csv
2026-06-18,SIL,DSV CN,DISCOVERY SILVER CORP,CA2546771072,BND9899,19344348.0,119604913.8,2.62,USD,,,,equity,web_csv
2026-06-18,SIL,010130 KS,KOREA ZINC CO LTD,,6495428,138776.0,109864901.29,2.4,USD,,,,equity,web_csv
2026-06-18,SIL,FVI CN,FORTUNA MINING CORP,CA3499421020,BPLQGB4,9158766.0,84974563.26,1.86,USD,,,,equity,web_csv
2026-06-18,SIL,AYA CN,AYA GOLD & SILVER INC,CA05466C1095,BK94091,4120553.0,82063777.3,1.79,USD,,,,equity,web_csv
2026-06-18,SIL,EXK,ENDEAVOUR SILVER CORP,CA29258Y1034,B018TM7,8886154.0,76509785.94,1.67,USD,,,,equity,web_csv
2026-06-18,SIL,SVM CN,SILVERCORP METALS INC,CA82835P1036,2784261,6363422.0,72019181.67,1.57,USD,,,,equity,web_csv
2026-06-18,SIL,HOC LN,HOCHSCHILD MINING PLC,GB00B1FW5029,B1FW502,9256907.0,70227518.88,1.53,USD,,,,equity,web_csv
2026-06-18,SIL,TFPM CN,TRIPLE FLAG PRECIOUS MET,CA89679M1041,BJ171P4,2088944.0,62774102.43,1.37,USD,,,,equity,web_csv
2026-06-18,SIL,ABRA CN,ABRASILVER RESOURCE CORP,CA00379L3048,BR4XSQ5,4236982.0,40570839.36,0.89,USD,,,,equity,web_csv
2026-06-18,SIL,VZLA CN,VIZSLA SILVER CORP,CA92859G6085,BS84LB7,9956852.0,35329741.51,0.77,USD,,,,equity,web_csv
2026-06-18,SIL,HYMC,HYCROFT MINING HOLDING CO-A,US44862P2083,BS70KX1,1355803.0,35264436.03,0.77,USD,,,,equity,web_csv
2026-06-18,SIL,USA CN,AMERICAS GOLD AND SILVER CORP,CA03062D8035,BVMJP62,6543993.0,35177525.32,0.77,USD,,,,equity,web_csv
2026-06-18,SIL,ASM CN,AVINO SILVER & GOLD MINES,CA0539061030,2474261,4743807.0,31044142.27,0.68,USD,,,,equity,web_csv
2026-06-18,SIL,GGD CN,GOGOLD RESOURCES INC,CA38045Y1025,B60BNP0,12255115.0,29770915.72,0.65,USD,,,,equity,web_csv
2026-06-18,SIL,MUX,MCEWEN INC,US58039P3055,BQGD8H7,1531906.0,29688338.28,0.65,USD,,,,equity,web_csv
2026-06-18,SIL,KCN AU,KINGSGATE CONSOLIDATED LTD,AU000000KCN1,6492731,7231823.0,28443698.25,0.62,USD,,,,equity,web_csv
2026-06-18,SIL,HSLV CN,HIGHLANDER SILVER CORP,CA43087N2041,BRBR2F7,4145338.0,20110885.87,0.44,USD,,,,equity,web_csv
2026-06-18,SIL,SCZ CN,SANTACRUZ SILVER MINING LTD,,BVV5T70,2575361.0,18385664.42,0.4,USD,,,,equity,web_csv
2026-06-18,SIL,ITR CN,INTEGRA RESOURCES CORP,CA45826T5098,BRK42Y8,5606208.0,14849830.32,0.33,USD,,,,equity,web_csv
2026-06-18,SIL,NUAG CN,NEW PACIFIC METALS CORP,CA64782A1075,BMW5909,2960619.0,12497106.3,0.27,USD,,,,equity,web_csv
2026-06-18,SIL,SLVR CN,SILVER TIGER METALS INC,,BLFLCL9,16341344.0,10531975.66,0.23,USD,,,,equity,web_csv
2026-06-18,SIL,ASL AU,ANDEAN SILVER LTD,AU0000343253,BSFS736,5392332.0,9143661.34,0.2,USD,,,,equity,web_csv
2026-06-18,SIL,GSVR CN,GUANAJUATO SILVER CO LTD,,BMDM727,21471681.0,7147342.38,0.16,USD,,,,equity,web_csv
2026-06-18,SIL,APM CN,ANDEAN PRECIOUS METALS CORP,CA03349X1015,BNDS6V4,1682813.0,7115261.6,0.16,USD,,,,equity,web_csv
2026-06-18,SIL,USL AU,UNICO SILVER LTD,,BQXR4J6,14446968.0,6607186.02,0.14,USD,,,,equity,web_csv
2026-06-18,SIL,GORO,GOLD RESOURCE CORP,,B1DZ912,4814831.0,6403725.23,0.14,USD,,,,equity,web_csv
2026-06-18,SIL,BRC CN,BLACKROCK SILVER CORP,,BNGHFP5,8991720.0,6113567.19,0.13,USD,,,,equity,web_csv
2026-06-18,SIL,SVL AU,SILVER MINES LTD,,B1HMJH5,62106559.0,5462279.86,0.12,USD,,,,equity,web_csv
2026-06-18,SIL,SOSI SS,SOTKAMO SILVER AB,,7788354,8223502.0,4136917.25,0.09,USD,,,,equity,web_csv
2026-06-18,SIL,AAG CN,AFTERMATH SILVER LTD,,BDFS6H8,7575571.0,3648421.18,0.08,USD,,,,equity,web_csv
2026-06-22,SIL,GORO,GOLD RESOURCE CORP,,B1DZ912,4814831.0,6403725.23,0.14,USD,,,,equity,web_csv
2026-06-22,SIL,USL AU,UNICO SILVER LTD,,BQXR4J6,14446968.0,6228756.63,0.14,USD,,,,equity,web_csv
2026-06-22,SIL,BRC CN,BLACKROCK SILVER CORP,,BNGHFP5,8991720.0,6226600.9,0.14,USD,,,,equity,web_csv
2026-06-22,SIL,SVL AU,SILVER MINES LTD,,B1HMJH5,62106559.0,5660181.48,0.12,USD,,,,equity,web_csv
2026-06-22,SIL,SOSI SS,SOTKAMO SILVER AB,,7788354,8223502.0,3964557.18,0.09,USD,,,,equity,web_csv
2026-06-22,SIL,AAG CN,AFTERMATH SILVER LTD,,BDFS6H8,7575571.0,3532982.52,0.08,USD,,,,equity,web_csv
2026-06-22,SIL,,CASH,CASH,,898315.14,898315.14,0.02,USD,,,,cash,web_csv
2026-06-22,SIL,,OTHER PAYABLE & RECEIVABLES,CASH,,-1477675.69,-1477675.69,-0.03,USD,,,,cash,web_csv
2026-06-22,SIL,WPM,WHEATON PRECIOUS METALS CORP,CA9628791027,BDG1S92,8239961.0,1002968052.92,22.17,USD,,,,equity,web_csv
2026-06-22,SIL,PAAS,PAN AMERICAN SILVER CORP,CA6979001089,2703396,11691656.0,571838894.96,12.64,USD,,,,equity,web_csv
2026-06-22,SIL,CDE,COEUR MINING INC,US1921085049,2208136,28535976.0,498523500.72,11.02,USD,,,,equity,web_csv
2026-06-22,SIL,AG CN,FIRST MAJESTIC SILVER CORP,CA32076V1031,2833583,11973548.0,212362955.62,4.69,USD,,,,equity,web_csv
2026-06-22,SIL,HL,HECLA MINING CO,US4227041062,2418601,13184908.0,210694829.84,4.66,USD,,,,equity,web_csv
2026-06-22,SIL,PE&OLES* MM,INDUSTRIAS PENOLES SAB DE CV,MXP554091415,2448200,4555059.0,208662716.01,4.61,USD,,,,equity,web_csv
2026-06-22,SIL,FRES LN,FRESNILLO PLC,GB00B2QPKJ12,B2QPKJ1,5187965.0,206965407.89,4.58,USD,,,,equity,web_csv
2026-06-22,SIL,OR CN,OR ROYALTIES INC,CA68390D1069,BPJJWP1,5609491.0,190101178.89,4.2,USD,,,,equity,web_csv
2026-06-22,SIL,SSRM,SSR MINING INC,CA7847301032,BF7MQ72,6041431.0,185592760.32,4.1,USD,,,,equity,web_csv
2026-06-22,SIL,BVN,CIA DE MINAS BUENAVENTUR-ADR,US2044481040,2210476,5547289.0,179787636.49,3.97,USD,,,,equity,web_csv
2026-06-22,SIL,DSV CN,DISCOVERY SILVER CORP,CA2546771072,BND9899,19344348.0,117963343.16,2.61,USD,,,,equity,web_csv
2026-06-22,SIL,010130 KS,KOREA ZINC CO LTD,,6495428,138776.0,103549357.27,2.29,USD,,,,equity,web_csv
2026-06-22,SIL,FVI CN,FORTUNA MINING CORP,CA3499421020,BPLQGB4,9158766.0,83096774.62,1.84,USD,,,,equity,web_csv
2026-06-22,SIL,AYA CN,AYA GOLD & SILVER INC,CA05466C1095,BK94091,4120553.0,81322106.62,1.8,USD,,,,equity,web_csv
2026-06-22,SIL,EXK,ENDEAVOUR SILVER CORP,CA29258Y1034,B018TM7,8886154.0,75976616.7,1.68,USD,,,,equity,web_csv
2026-06-22,SIL,SVM CN,SILVERCORP METALS INC,CA82835P1036,2784261,6363422.0,71179317.59,1.57,USD,,,,equity,web_csv
2026-06-22,SIL,HOC LN,HOCHSCHILD MINING PLC,GB00B1FW5029,B1FW502,9256907.0,67461577.39,1.49,USD,,,,equity,web_csv
2026-06-22,SIL,TFPM CN,TRIPLE FLAG PRECIOUS MET,CA89679M1041,BJ171P4,2088944.0,62334726.63,1.38,USD,,,,equity,web_csv
2026-06-22,SIL,ABRA CN,ABRASILVER RESOURCE CORP,CA00379L3048,BR4XSQ5,4236982.0,41615354.58,0.92,USD,,,,equity,web_csv
2026-06-22,SIL,VZLA CN,VIZSLA SILVER CORP,CA92859G6085,BS84LB7,9956852.0,35107893.92,0.78,USD,,,,equity,web_csv
2026-06-22,SIL,USA CN,AMERICAS GOLD AND SILVER CORP,CA03062D8035,BVMJP62,6543993.0,35004258.77,0.77,USD,,,,equity,web_csv
2026-06-22,SIL,HYMC,HYCROFT MINING HOLDING CO-A,US44862P2083,BS70KX1,1355803.0,33962865.15,0.75,USD,,,,equity,web_csv
2026-06-22,SIL,ASM CN,AVINO SILVER & GOLD MINES,CA0539061030,2474261,4743807.0,30403002.75,0.67,USD,,,,equity,web_csv
2026-06-22,SIL,GGD CN,GOGOLD RESOURCES INC,CA38045Y1025,B60BNP0,12255115.0,29875739.65,0.66,USD,,,,equity,web_csv
2026-06-22,SIL,KCN AU,KINGSGATE CONSOLIDATED LTD,AU000000KCN1,6492731,7231823.0,29709472.45,0.66,USD,,,,equity,web_csv
2026-06-22,SIL,MUX,MCEWEN INC,US58039P3055,BQGD8H7,1531906.0,29213447.42,0.65,USD,,,,equity,web_csv
2026-06-22,SIL,HSLV CN,HIGHLANDER SILVER CORP,CA43087N2041,BRBR2F7,4145338.0,20006118.24,0.44,USD,,,,equity,web_csv
2026-06-22,SIL,SCZ CN,SANTACRUZ SILVER MINING LTD,,BVV5T70,2575361.0,18125067.52,0.4,USD,,,,equity,web_csv
2026-06-22,SIL,ITR CN,INTEGRA RESOURCES CORP,CA45826T5098,BRK42Y8,5606208.0,14340356.81,0.32,USD,,,,equity,web_csv
2026-06-22,SIL,NUAG CN,NEW PACIFIC METALS CORP,CA64782A1075,BMW5909,2960619.0,12614847.77,0.28,USD,,,,equity,web_csv
2026-06-22,SIL,SLVR CN,SILVER TIGER METALS INC,,BLFLCL9,16341344.0,9237616.73,0.2,USD,,,,equity,web_csv
2026-06-22,SIL,ASL AU,ANDEAN SILVER LTD,AU0000343253,BSFS736,5392332.0,9110520.75,0.2,USD,,,,equity,web_csv
2026-06-22,SIL,GSVR CN,GUANAJUATO SILVER CO LTD,,BMDM727,21471681.0,7130928.54,0.16,USD,,,,equity,web_csv
2026-06-22,SIL,APM CN,ANDEAN PRECIOUS METALS CORP,CA03349X1015,BNDS6V4,1682813.0,7051357.47,0.16,USD,,,,equity,web_csv
2026-06-23,SIL,,CASH,CASH,,898315.14,898315.14,0.02,USD,,,,cash,web_csv
2026-06-23,SIL,,OTHER PAYABLE & RECEIVABLES,CASH,,-1553993.75,-1553993.75,-0.04,USD,,,,cash,web_csv
2026-06-23,SIL,HYMC,HYCROFT MINING HOLDING CO-A,US44862P2083,BS70KX1,1355803.0,31373281.42,0.73,USD,,,,equity,web_csv
2026-06-23,SIL,KCN AU,KINGSGATE CONSOLIDATED LTD,AU000000KCN1,6492731,7231823.0,29071849.26,0.68,USD,,,,equity,web_csv
2026-06-23,SIL,ASM CN,AVINO SILVER & GOLD MINES,CA0539061030,2474261,4743807.0,28000072.31,0.65,USD,,,,equity,web_csv
2026-06-23,SIL,MUX,MCEWEN INC,US58039P3055,BQGD8H7,1531906.0,27758136.72,0.65,USD,,,,equity,web_csv
2026-06-23,SIL,GGD CN,GOGOLD RESOURCES INC,CA38045Y1025,B60BNP0,12255115.0,27535704.77,0.64,USD,,,,equity,web_csv
2026-06-23,SIL,HSLV CN,HIGHLANDER SILVER CORP,CA43087N2041,BRBR2F7,4145338.0,18482119.77,0.43,USD,,,,equity,web_csv
2026-06-23,SIL,SCZ CN,SANTACRUZ SILVER MINING LTD,,BVV5T70,2575361.0,17014887.25,0.4,USD,,,,equity,web_csv
2026-06-23,SIL,ITR CN,INTEGRA RESOURCES CORP,CA45826T5098,BRK42Y8,5606208.0,14057475.25,0.33,USD,,,,equity,web_csv
2026-06-23,SIL,NUAG CN,NEW PACIFIC METALS CORP,CA64782A1075,BMW5909,2960619.0,11823708.21,0.28,USD,,,,equity,web_csv
2026-06-23,SIL,SLVR CN,SILVER TIGER METALS INC,,BLFLCL9,16341344.0,8632511.36,0.2,USD,,,,equity,web_csv
2026-06-23,SIL,ASL AU,ANDEAN SILVER LTD,AU0000343253,BSFS736,5392332.0,7811236.48,0.18,USD,,,,equity,web_csv
2026-06-23,SIL,WPM,WHEATON PRECIOUS METALS CORP,CA9628791027,BDG1S92,8239961.0,959625858.06,22.4,USD,,,,equity,web_csv
2026-06-23,SIL,PAAS,PAN AMERICAN SILVER CORP,CA6979001089,2703396,11691656.0,540388340.32,12.61,USD,,,,equity,web_csv
2026-06-23,SIL,CDE,COEUR MINING INC,US1921085049,2208136,28535976.0,465707128.32,10.87,USD,,,,equity,web_csv
2026-06-23,SIL,PE&OLES* MM,INDUSTRIAS PENOLES SAB DE CV,MXP554091415,2448200,4555059.0,204490312.32,4.77,USD,,,,equity,web_csv
2026-06-23,SIL,HL,HECLA MINING CO,US4227041062,2418601,13184908.0,198696563.56,4.64,USD,,,,equity,web_csv
2026-06-23,SIL,AG CN,FIRST MAJESTIC SILVER CORP,CA32076V1031,2833583,11973548.0,197851337.26,4.62,USD,,,,equity,web_csv
2026-06-23,SIL,FRES LN,FRESNILLO PLC,GB00B2QPKJ12,B2QPKJ1,5187965.0,195398805.86,4.56,USD,,,,equity,web_csv
2026-06-23,SIL,OR CN,OR ROYALTIES INC,CA68390D1069,BPJJWP1,5609491.0,180760143.16,4.22,USD,,,,equity,web_csv
2026-06-23,SIL,SSRM,SSR MINING INC,CA7847301032,BF7MQ72,6041431.0,176772271.06,4.13,USD,,,,equity,web_csv
2026-06-23,SIL,BVN,CIA DE MINAS BUENAVENTUR-ADR,US2044481040,2210476,5547289.0,171965959.0,4.01,USD,,,,equity,web_csv
2026-06-23,SIL,DSV CN,DISCOVERY SILVER CORP,CA2546771072,BND9899,19344348.0,108456425.48,2.53,USD,,,,equity,web_csv
2026-06-23,SIL,010130 KS,KOREA ZINC CO LTD,,6495428,138776.0,97664860.09,2.28,USD,,,,equity,web_csv
2026-06-23,SIL,FVI CN,FORTUNA MINING CORP,CA3499421020,BPLQGB4,9158766.0,78766355.25,1.84,USD,,,,equity,web_csv
2026-06-23,SIL,AYA CN,AYA GOLD & SILVER INC,CA05466C1095,BK94091,4120553.0,75169799.4,1.75,USD,,,,equity,web_csv
2026-06-23,SIL,EXK,ENDEAVOUR SILVER CORP,CA29258Y1034,B018TM7,8886154.0,71178093.54,1.66,USD,,,,equity,web_csv
2026-06-23,SIL,SVM CN,SILVERCORP METALS INC,CA82835P1036,2784261,6363422.0,67410365.82,1.57,USD,,,,equity,web_csv
2026-06-23,SIL,HOC LN,HOCHSCHILD MINING PLC,GB00B1FW5029,B1FW502,9256907.0,63057783.1,1.47,USD,,,,equity,web_csv
2026-06-23,SIL,TFPM CN,TRIPLE FLAG PRECIOUS MET,CA89679M1041,BJ171P4,2088944.0,60236920.13,1.41,USD,,,,equity,web_csv
2026-06-23,SIL,ABRA CN,ABRASILVER RESOURCE CORP,CA00379L3048,BR4XSQ5,4236982.0,40049514.66,0.94,USD,,,,equity,web_csv
2026-06-23,SIL,VZLA CN,VIZSLA SILVER CORP,CA92859G6085,BS84LB7,9956852.0,33452498.0,0.78,USD,,,,equity,web_csv
2026-06-23,SIL,USA CN,AMERICAS GOLD AND SILVER CORP,CA03062D8035,BVMJP62,6543993.0,32172615.7,0.75,USD,,,,equity,web_csv
2026-06-23,SIL,GSVR CN,GUANAJUATO SILVER CO LTD,,BMDM727,21471681.0,6729986.3,0.16,USD,,,,equity,web_csv
2026-06-23,SIL,APM CN,ANDEAN PRECIOUS METALS CORP,CA03349X1015,BNDS6V4,1682813.0,6495379.64,0.15,USD,,,,equity,web_csv
2026-06-23,SIL,GORO,GOLD RESOURCE CORP,,B1DZ912,4814831.0,6403725.23,0.15,USD,,,,equity,web_csv
2026-06-23,SIL,BRC CN,BLACKROCK SILVER CORP,,BNGHFP5,8991720.0,6016646.59,0.14,USD,,,,equity,web_csv
2026-06-23,SIL,USL AU,UNICO SILVER LTD,,BQXR4J6,14446968.0,5757599.23,0.13,USD,,,,equity,web_csv
2026-06-23,SIL,SVL AU,SILVER MINES LTD,,B1HMJH5,62106559.0,5380769.12,0.13,USD,,,,equity,web_csv
2026-06-23,SIL,SOSI SS,SOTKAMO SILVER AB,,7788354,8223502.0,3588572.65,0.08,USD,,,,equity,web_csv
2026-06-23,SIL,AAG CN,AFTERMATH SILVER LTD,,BDFS6H8,7575571.0,3361584.6,0.08,USD,,,,equity,web_csv
2026-06-24,SIL,APM CN,ANDEAN PRECIOUS METALS CORP,CA03349X1015,BNDS6V4,1682813.0,6262619.04,0.15,USD,,,,equity,web_csv
2026-06-24,SIL,USL AU,UNICO SILVER LTD,,BQXR4J6,14446968.0,5725613.67,0.14,USD,,,,equity,web_csv
2026-06-24,SIL,BRC CN,BLACKROCK SILVER CORP,,BNGHFP5,8991720.0,5556095.64,0.14,USD,,,,equity,web_csv
2026-06-24,SIL,SVL AU,SILVER MINES LTD,,B1HMJH5,62106559.0,5350876.99,0.13,USD,,,,equity,web_csv
2026-06-24,SIL,SOSI SS,SOTKAMO SILVER AB,,7788354,8223502.0,3404000.76,0.08,USD,,,,equity,web_csv
2026-06-24,SIL,AAG CN,AFTERMATH SILVER LTD,,BDFS6H8,7575571.0,3298005.14,0.08,USD,,,,equity,web_csv
2026-06-24,SIL,,CASH,CASH,,898315.14,898315.14,0.02,USD,,,,cash,web_csv
2026-06-24,SIL,,OTHER PAYABLE & RECEIVABLES,CASH,,-1628340.11,-1628340.11,-0.04,USD,,,,cash,web_csv
2026-06-24,SIL,WPM,WHEATON PRECIOUS METALS CORP,CA9628791027,BDG1S92,8239961.0,929385201.19,22.57,USD,,,,equity,web_csv
2026-06-24,SIL,PAAS,PAN AMERICAN SILVER CORP,CA6979001089,2703396,11691656.0,518992609.84,12.6,USD,,,,equity,web_csv
2026-06-24,SIL,CDE,COEUR MINING INC,US1921085049,2208136,28535976.0,441451548.72,10.72,USD,,,,equity,web_csv
2026-06-24,SIL,PE&OLES* MM,INDUSTRIAS PENOLES SAB DE CV,MXP554091415,2448200,4555059.0,194274362.87,4.72,USD,,,,equity,web_csv
2026-06-24,SIL,AG CN,FIRST MAJESTIC SILVER CORP,CA32076V1031,2833583,11973548.0,191859260.16,4.66,USD,,,,equity,web_csv
2026-06-24,SIL,HL,HECLA MINING CO,US4227041062,2418601,13184908.0,191444864.16,4.65,USD,,,,equity,web_csv
2026-06-24,SIL,FRES LN,FRESNILLO PLC,GB00B2QPKJ12,B2QPKJ1,5187965.0,189128216.88,4.59,USD,,,,equity,web_csv
2026-06-24,SIL,OR CN,OR ROYALTIES INC,CA68390D1069,BPJJWP1,5609491.0,175868955.62,4.27,USD,,,,equity,web_csv
2026-06-24,SIL,SSRM,SSR MINING INC,CA7847301032,BF7MQ72,6041431.0,171274568.85,4.16,USD,,,,equity,web_csv
2026-06-24,SIL,BVN,CIA DE MINAS BUENAVENTUR-ADR,US2044481040,2210476,5547289.0,165031847.75,4.01,USD,,,,equity,web_csv
2026-06-24,SIL,DSV CN,DISCOVERY SILVER CORP,CA2546771072,BND9899,19344348.0,102823940.15,2.5,USD,,,,equity,web_csv
2026-06-24,SIL,010130 KS,KOREA ZINC CO LTD,,6495428,138776.0,98801133.41,2.4,USD,,,,equity,web_csv
2026-06-24,SIL,FVI CN,FORTUNA MINING CORP,CA3499421020,BPLQGB4,9158766.0,75950585.58,1.84,USD,,,,equity,web_csv
2026-06-24,SIL,AYA CN,AYA GOLD & SILVER INC,CA05466C1095,BK94091,4120553.0,70366077.28,1.71,USD,,,,equity,web_csv
2026-06-24,SIL,EXK,ENDEAVOUR SILVER CORP,CA29258Y1034,B018TM7,8886154.0,68512247.34,1.66,USD,,,,equity,web_csv
2026-06-24,SIL,SVM CN,SILVERCORP METALS INC,CA82835P1036,2784261,6363422.0,66040358.92,1.6,USD,,,,equity,web_csv
2026-06-24,SIL,TFPM CN,TRIPLE FLAG PRECIOUS MET,CA89679M1041,BJ171P4,2088944.0,58481337.84,1.42,USD,,,,equity,web_csv
2026-06-24,SIL,HOC LN,HOCHSCHILD MINING PLC,GB00B1FW5029,B1FW502,9256907.0,57123973.2,1.39,USD,,,,equity,web_csv
2026-06-24,SIL,ABRA CN,ABRASILVER RESOURCE CORP,CA00379L3048,BR4XSQ5,4236982.0,38705990.11,0.94,USD,,,,equity,web_csv
2026-06-24,SIL,VZLA CN,VIZSLA SILVER CORP,CA92859G6085,BS84LB7,9956852.0,30832227.87,0.75,USD,,,,equity,web_csv
2026-06-24,SIL,USA CN,AMERICAS GOLD AND SILVER CORP,CA03062D8035,BVMJP62,6543993.0,29821658.23,0.72,USD,,,,equity,web_csv
2026-06-24,SIL,HYMC,HYCROFT MINING HOLDING CO-A,US44862P2083,BS70KX1,1355803.0,29420925.1,0.71,USD,,,,equity,web_csv
2026-06-24,SIL,KCN AU,KINGSGATE CONSOLIDATED LTD,AU000000KCN1,6492731,7231823.0,27564518.17,0.67,USD,,,,equity,web_csv
2026-06-24,SIL,ASM CN,AVINO SILVER & GOLD MINES,CA0539061030,2474261,4743807.0,26681103.87,0.65,USD,,,,equity,web_csv
2026-06-24,SIL,MUX,MCEWEN INC,US58039P3055,BQGD8H7,1531906.0,26103678.24,0.63,USD,,,,equity,web_csv
2026-06-24,SIL,GGD CN,GOGOLD RESOURCES INC,CA38045Y1025,B60BNP0,12255115.0,25987745.18,0.63,USD,,,,equity,web_csv
2026-06-24,SIL,HSLV CN,HIGHLANDER SILVER CORP,CA43087N2041,BRBR2F7,4145338.0,17493579.59,0.42,USD,,,,equity,web_csv
2026-06-24,SIL,SCZ CN,SANTACRUZ SILVER MINING LTD,,BVV5T70,2575361.0,16311312.87,0.4,USD,,,,equity,web_csv
2026-06-24,SIL,ITR CN,INTEGRA RESOURCES CORP,CA45826T5098,BRK42Y8,5606208.0,13305468.55,0.32,USD,,,,equity,web_csv
2026-06-24,SIL,NUAG CN,NEW PACIFIC METALS CORP,CA64782A1075,BMW5909,2960619.0,11101151.89,0.27,USD,,,,equity,web_csv
2026-06-24,SIL,SLVR CN,SILVER TIGER METALS INC,,BLFLCL9,16341344.0,8376351.59,0.2,USD,,,,equity,web_csv
2026-06-24,SIL,ASL AU,ANDEAN SILVER LTD,AU0000343253,BSFS736,5392332.0,7396175.12,0.18,USD,,,,equity,web_csv
2026-06-24,SIL,GSVR CN,GUANAJUATO SILVER CO LTD,,BMDM727,21471681.0,6709193.59,0.16,USD,,,,equity,web_csv
2026-06-24,SIL,GORO,GOLD RESOURCE CORP,,B1DZ912,4814831.0,6451873.54,0.16,USD,,,,equity,web_csv
2026-06-25,SIL,USA CN,AMERICAS GOLD AND SILVER CORP,CA03062D8035,BVMJP62,6543993.0,31285838.74,0.74,USD,,,,equity,web_csv
2026-06-25,SIL,VZLA CN,VIZSLA SILVER CORP,CA92859G6085,BS84LB7,9956852.0,31127212.03,0.74,USD,,,,equity,web_csv
2026-06-25,SIL,HYMC,HYCROFT MINING HOLDING CO-A,US44862P2083,BS70KX1,1355803.0,29678527.67,0.71,USD,,,,equity,web_csv
2026-06-25,SIL,ASM CN,AVINO SILVER & GOLD MINES,CA0539061030,2474261,4743807.0,27756406.39,0.66,USD,,,,equity,web_csv
2026-06-25,SIL,MUX,MCEWEN INC,US58039P3055,BQGD8H7,1531906.0,26532611.92,0.63,USD,,,,equity,web_csv
2026-06-25,SIL,GGD CN,GOGOLD RESOURCES INC,CA38045Y1025,B60BNP0,12255115.0,25972818.98,0.62,USD,,,,equity,web_csv
2026-06-25,SIL,KCN AU,KINGSGATE CONSOLIDATED LTD,AU000000KCN1,6492731,7231823.0,25776201.34,0.61,USD,,,,equity,web_csv
2026-06-25,SIL,HSLV CN,HIGHLANDER SILVER CORP,CA43087N2041,BRBR2F7,4145338.0,18300488.83,0.44,USD,,,,equity,web_csv
2026-06-25,SIL,SCZ CN,SANTACRUZ SILVER MINING LTD,,BVV5T70,2575361.0,16664367.25,0.4,USD,,,,equity,web_csv
2026-06-25,SIL,ITR CN,INTEGRA RESOURCES CORP,CA45826T5098,BRK42Y8,5606208.0,13223585.14,0.32,USD,,,,equity,web_csv
2026-06-25,SIL,NUAG CN,NEW PACIFIC METALS CORP,CA64782A1075,BMW5909,2960619.0,11360938.95,0.27,USD,,,,equity,web_csv
2026-06-25,SIL,SLVR CN,SILVER TIGER METALS INC,,BLFLCL9,16341344.0,8629472.28,0.21,USD,,,,equity,web_csv
2026-06-25,SIL,ASL AU,ANDEAN SILVER LTD,AU0000343253,BSFS736,5392332.0,7132911.36,0.17,USD,,,,equity,web_csv
2026-06-25,SIL,WPM,WHEATON PRECIOUS METALS CORP,CA9628791027,BDG1S92,8239961.0,931774789.88,22.2,USD,,,,equity,web_csv
2026-06-25,SIL,PAAS,PAN AMERICAN SILVER CORP,CA6979001089,2703396,11691656.0,526007603.44,12.53,USD,,,,equity,web_csv
2026-06-25,SIL,CDE,COEUR MINING INC,US1921085049,2208136,28535976.0,456290256.24,10.87,USD,,,,equity,web_csv
2026-06-25,SIL,PE&OLES* MM,INDUSTRIAS PENOLES SAB DE CV,MXP554091415,2448200,4555059.0,205560506.5,4.9,USD,,,,equity,web_csv
2026-06-25,SIL,HL,HECLA MINING CO,US4227041062,2418601,13184908.0,199751356.2,4.76,USD,,,,equity,web_csv
2026-06-25,SIL,AG CN,FIRST MAJESTIC SILVER CORP,CA32076V1031,2833583,11973548.0,197444459.89,4.7,USD,,,,equity,web_csv
2026-06-25,SIL,FRES LN,FRESNILLO PLC,GB00B2QPKJ12,B2QPKJ1,5187965.0,192991804.73,4.6,USD,,,,equity,web_csv
2026-06-25,SIL,OR CN,OR ROYALTIES INC,CA68390D1069,BPJJWP1,5609491.0,176272897.96,4.2,USD,,,,equity,web_csv
2026-06-25,SIL,SSRM,SSR MINING INC,CA7847301032,BF7MQ72,6041431.0,171939126.26,4.1,USD,,,,equity,web_csv
2026-06-25,SIL,BVN,CIA DE MINAS BUENAVENTUR-ADR,US2044481040,2210476,5547289.0,170190826.52,4.05,USD,,,,equity,web_csv
2026-06-25,SIL,DSV CN,DISCOVERY SILVER CORP,CA2546771072,BND9899,19344348.0,105149351.56,2.5,USD,,,,equity,web_csv
2026-06-25,SIL,010130 KS,KOREA ZINC CO LTD,,6495428,138776.0,99838848.92,2.38,USD,,,,equity,web_csv
2026-06-25,SIL,FVI CN,FORTUNA MINING CORP,CA3499421020,BPLQGB4,9158766.0,76868502.53,1.83,USD,,,,equity,web_csv
2026-06-25,SIL,AYA CN,AYA GOLD & SILVER INC,CA05466C1095,BK94091,4120553.0,75143335.82,1.79,USD,,,,equity,web_csv
2026-06-25,SIL,EXK,ENDEAVOUR SILVER CORP,CA29258Y1034,B018TM7,8886154.0,71444678.16,1.7,USD,,,,equity,web_csv
2026-06-25,SIL,SVM CN,SILVERCORP METALS INC,CA82835P1036,2784261,6363422.0,67476243.84,1.61,USD,,,,equity,web_csv
2026-06-25,SIL,TFPM CN,TRIPLE FLAG PRECIOUS MET,CA89679M1041,BJ171P4,2088944.0,58921384.71,1.4,USD,,,,equity,web_csv
2026-06-25,SIL,HOC LN,HOCHSCHILD MINING PLC,GB00B1FW5029,B1FW502,9256907.0,57942766.26,1.38,USD,,,,equity,web_csv
2026-06-25,SIL,ABRA CN,ABRASILVER RESOURCE CORP,CA00379L3048,BR4XSQ5,4236982.0,40095080.5,0.95,USD,,,,equity,web_csv
2026-06-25,SIL,GSVR CN,GUANAJUATO SILVER CO LTD,,BMDM727,21471681.0,6652025.8,0.16,USD,,,,equity,web_csv
2026-06-25,SIL,APM CN,ANDEAN PRECIOUS METALS CORP,CA03349X1015,BNDS6V4,1682813.0,6564185.19,0.16,USD,,,,equity,web_csv
2026-06-25,SIL,GORO,GOLD RESOURCE CORP,,B1DZ912,4814831.0,6548170.16,0.16,USD,,,,equity,web_csv
2026-06-25,SIL,BRC CN,BLACKROCK SILVER CORP,,BNGHFP5,8991720.0,5697974.3,0.14,USD,,,,equity,web_csv
2026-06-25,SIL,USL AU,UNICO SILVER LTD,,BQXR4J6,14446968.0,5638279.28,0.13,USD,,,,equity,web_csv
2026-06-25,SIL,SVL AU,SILVER MINES LTD,,B1HMJH5,62106559.0,5148018.98,0.12,USD,,,,equity,web_csv
2026-06-25,SIL,SOSI SS,SOTKAMO SILVER AB,,7788354,8223502.0,3576926.42,0.09,USD,,,,equity,web_csv
2026-06-25,SIL,AAG CN,AFTERMATH SILVER LTD,,BDFS6H8,7575571.0,3413740.85,0.08,USD,,,,equity,web_csv
2026-06-25,SIL,,CASH,CASH,,898315.14,898315.14,0.02,USD,,,,cash,web_csv
2026-06-25,SIL,,CANADIAN DOLLAR,,,84835.75,59732.97,0.0,USD,,,,fx,web_csv
2026-06-25,SIL,,OTHER PAYABLE & RECEIVABLES,CASH,,-1759677.62,-1759677.62,-0.04,USD,,,,cash,web_csv
2026-06-26,SIL,BRC CN,BLACKROCK SILVER CORP,,BNGHFP5,8991720.0,5825826.54,0.14,USD,,,,equity,web_csv
2026-06-26,SIL,USL AU,UNICO SILVER LTD,,BQXR4J6,14446968.0,5682405.63,0.13,USD,,,,equity,web_csv
2026-06-26,SIL,SVL AU,SILVER MINES LTD,,B1HMJH5,62106559.0,5142796.97,0.12,USD,,,,equity,web_csv
2026-06-26,SIL,SOSI SS,SOTKAMO SILVER AB,,7788354,8223502.0,3555162.97,0.08,USD,,,,equity,web_csv
2026-06-26,SIL,AAG CN,AFTERMATH SILVER LTD,,BDFS6H8,7575571.0,3467813.06,0.08,USD,,,,equity,web_csv
2026-06-26,SIL,,CASH,CASH,,967665.39,967665.39,0.02,USD,,,,cash,web_csv
2026-06-26,SIL,,OTHER PAYABLE & RECEIVABLES,CASH,,-7717564.41,-7717564.41,-0.18,USD,,,,cash,web_csv
2026-06-26,SIL,ASM CN,AVINO SILVER & GOLD MINES,CA0539061030,2474261,4743807.0,29299050.95,0.69,USD,,,,equity,web_csv
2026-06-26,SIL,MUX,MCEWEN INC,US58039P3055,BQGD8H7,1531906.0,27574308.0,0.65,USD,,,,equity,web_csv
2026-06-26,SIL,GGD CN,GOGOLD RESOURCES INC,CA38045Y1025,B60BNP0,12255115.0,27359213.04,0.64,USD,,,,equity,web_csv
2026-06-26,SIL,KCN AU,KINGSGATE CONSOLIDATED LTD,AU000000KCN1,6492731,7231823.0,26897828.39,0.63,USD,,,,equity,web_csv
2026-06-26,SIL,HSLV CN,HIGHLANDER SILVER CORP,CA43087N2041,BRBR2F7,4145338.0,19472097.23,0.46,USD,,,,equity,web_csv
2026-06-26,SIL,SCZ CN,SANTACRUZ SILVER MINING LTD,,BVV5T70,2575361.0,16849257.85,0.4,USD,,,,equity,web_csv
2026-06-26,SIL,ITR CN,INTEGRA RESOURCES CORP,CA45826T5098,BRK42Y8,5606208.0,13028970.32,0.31,USD,,,,equity,web_csv
2026-06-26,SIL,NUAG CN,NEW PACIFIC METALS CORP,CA64782A1075,BMW5909,2960619.0,11801192.68,0.28,USD,,,,equity,web_csv
2026-06-26,SIL,SLVR CN,SILVER TIGER METALS INC,,BLFLCL9,16341344.0,8746379.41,0.21,USD,,,,equity,web_csv
2026-06-26,SIL,ASL AU,ANDEAN SILVER LTD,AU0000343253,BSFS736,5392332.0,6921022.05,0.16,USD,,,,equity,web_csv
2026-06-26,SIL,GSVR CN,GUANAJUATO SILVER CO LTD,,BMDM727,21471681.0,6880252.72,0.16,USD,,,,equity,web_csv
2026-06-26,SIL,GORO,GOLD RESOURCE CORP,,B1DZ912,4814831.0,6740763.4,0.16,USD,,,,equity,web_csv
2026-06-26,SIL,APM CN,ANDEAN PRECIOUS METALS CORP,CA03349X1015,BNDS6V4,1682813.0,6684084.17,0.16,USD,,,,equity,web_csv
2026-06-26,SIL,WPM,WHEATON PRECIOUS METALS CORP,CA9628791027,BDG1S92,8239961.0,933752380.52,21.95,USD,,,,equity,web_csv
2026-06-26,SIL,PAAS,PAN AMERICAN SILVER CORP,CA6979001089,2703396,11691656.0,531385765.2,12.49,USD,,,,equity,web_csv
2026-06-26,SIL,CDE,COEUR MINING INC,US1921085049,2208136,28535976.0,457146335.52,10.74,USD,,,,equity,web_csv
2026-06-26,SIL,HL,HECLA MINING CO,US4227041062,2418601,13184908.0,204893470.32,4.82,USD,,,,equity,web_csv
2026-06-26,SIL,PE&OLES* MM,INDUSTRIAS PENOLES SAB DE CV,MXP554091415,2448200,4555059.0,202704109.37,4.76,USD,,,,equity,web_csv
2026-06-26,SIL,AG CN,FIRST MAJESTIC SILVER CORP,CA32076V1031,2833583,11973548.0,202376951.3,4.76,USD,,,,equity,web_csv
2026-06-26,SIL,FRES LN,FRESNILLO PLC,GB00B2QPKJ12,B2QPKJ1,5187965.0,196397619.06,4.62,USD,,,,equity,web_csv
2026-06-26,SIL,OR CN,OR ROYALTIES INC,CA68390D1069,BPJJWP1,5609491.0,180458149.15,4.24,USD,,,,equity,web_csv
2026-06-26,SIL,SSRM,SSR MINING INC,CA7847301032,BF7MQ72,6041431.0,177497242.78,4.17,USD,,,,equity,web_csv
2026-06-26,SIL,BVN,CIA DE MINAS BUENAVENTUR-ADR,US2044481040,2210476,5547289.0,168748531.38,3.97,USD,,,,equity,web_csv
2026-06-26,SIL,DSV CN,DISCOVERY SILVER CORP,CA2546771072,BND9899,19344348.0,114435383.78,2.69,USD,,,,equity,web_csv
2026-06-26,SIL,010130 KS,KOREA ZINC CO LTD,,6495428,138776.0,95495540.21,2.24,USD,,,,equity,web_csv
2026-06-26,SIL,AYA CN,AYA GOLD & SILVER INC,CA05466C1095,BK94091,4120553.0,81630448.88,1.92,USD,,,,equity,web_csv
2026-06-26,SIL,FVI CN,FORTUNA MINING CORP,CA3499421020,BPLQGB4,9158766.0,77916752.9,1.83,USD,,,,equity,web_csv
2026-06-26,SIL,EXK,ENDEAVOUR SILVER CORP,CA29258Y1034,B018TM7,8886154.0,74021662.82,1.74,USD,,,,equity,web_csv
2026-06-26,SIL,SVM CN,SILVERCORP METALS INC,CA82835P1036,2784261,6363422.0,69327890.66,1.63,USD,,,,equity,web_csv
2026-06-26,SIL,TFPM CN,TRIPLE FLAG PRECIOUS MET,CA89679M1041,BJ171P4,2088944.0,62288030.54,1.46,USD,,,,equity,web_csv
2026-06-26,SIL,HOC LN,HOCHSCHILD MINING PLC,GB00B1FW5029,B1FW502,9256907.0,59871758.58,1.41,USD,,,,equity,web_csv
2026-06-26,SIL,ABRA CN,ABRASILVER RESOURCE CORP,CA00379L3048,BR4XSQ5,4236982.0,43147124.7,1.01,USD,,,,equity,web_csv
2026-06-26,SIL,VZLA CN,VIZSLA SILVER CORP,CA92859G6085,BS84LB7,9956852.0,32536211.33,0.77,USD,,,,equity,web_csv
2026-06-26,SIL,HYMC,HYCROFT MINING HOLDING CO-A,US44862P2083,BS70KX1,1355803.0,32186763.22,0.76,USD,,,,equity,web_csv
2026-06-26,SIL,USA CN,AMERICAS GOLD AND SILVER CORP,CA03062D8035,BVMJP62,6543993.0,31568965.14,0.74,USD,,,,equity,web_csv
2026-06-29,SIL,GORO,GOLD RESOURCE CORP,,B1DZ912,4814831.0,6355576.92,0.15,USD,,,,equity,web_csv
2026-06-29,SIL,USL AU,UNICO SILVER LTD,,BQXR4J6,14446968.0,5815049.25,0.14,USD,,,,equity,web_csv
2026-06-29,SIL,BRC CN,BLACKROCK SILVER CORP,,BNGHFP5,8973401.0,5620018.22,0.13,USD,,,,equity,web_csv
2026-06-29,SIL,SVL AU,SILVER MINES LTD,,B1HMJH5,62106559.0,5127899.85,0.12,USD,,,,equity,web_csv
2026-06-29,SIL,,CASH,CASH,,4309685.99,4309685.99,0.1,USD,,,,cash,web_csv
2026-06-29,SIL,SOSI SS,SOTKAMO SILVER AB,,7788354,8223502.0,3525644.33,0.08,USD,,,,equity,web_csv
2026-06-29,SIL,AAG CN,AFTERMATH SILVER LTD,,BDFS6H8,7560178.0,3404886.47,0.08,USD,,,,equity,web_csv
2026-06-29,SIL,,CANADIAN DOLLAR,,,1394076.84,981018.85,0.02,USD,,,,fx,web_csv
2026-06-29,SIL,,MEXICAN PESO,,,8613780.84,491443.78,0.01,USD,,,,fx,web_csv
2026-06-29,SIL,,OTHER PAYABLE & RECEIVABLES,CASH,,-7526774.17,-7526774.17,-0.18,USD,,,,cash,web_csv
2026-06-29,SIL,WPM,WHEATON PRECIOUS METALS CORP,CA9628791027,BDG1S92,8230302.0,912987400.86,21.7,USD,,,,equity,web_csv
2026-06-29,SIL,PAAS,PAN AMERICAN SILVER CORP,CA6979001089,2703396,11667984.0,521208845.28,12.39,USD,,,,equity,web_csv
2026-06-29,SIL,CDE,COEUR MINING INC,US1921085049,2208136,28478037.0,465046344.21,11.05,USD,,,,equity,web_csv
2026-06-29,SIL,HL,HECLA MINING CO,US4227041062,2418601,13184908.0,203047583.2,4.83,USD,,,,equity,web_csv
2026-06-29,SIL,PE&OLES* MM,INDUSTRIAS PENOLES SAB DE CV,MXP554091415,2448200,4544014.0,202275055.95,4.81,USD,,,,equity,web_csv
2026-06-29,SIL,AG CN,FIRST MAJESTIC SILVER CORP,CA32076V1031,2833583,11973548.0,201546228.61,4.79,USD,,,,equity,web_csv
2026-06-29,SIL,FRES LN,FRESNILLO PLC,GB00B2QPKJ12,B2QPKJ1,5187965.0,191116021.1,4.54,USD,,,,equity,web_csv
2026-06-29,SIL,OR CN,OR ROYALTIES INC,CA68390D1069,BPJJWP1,5609491.0,178704613.81,4.25,USD,,,,equity,web_csv
2026-06-29,SIL,SSRM,SSR MINING INC,CA7847301032,BF7MQ72,6041431.0,171425604.63,4.07,USD,,,,equity,web_csv
2026-06-29,SIL,BVN,CIA DE MINAS BUENAVENTUR-ADR,US2044481040,2210476,5547289.0,158541519.62,3.77,USD,,,,equity,web_csv
2026-06-29,SIL,DSV CN,DISCOVERY SILVER CORP,CA2546771072,BND9899,19344348.0,118294489.37,2.81,USD,,,,equity,web_csv
2026-06-29,SIL,010130 KS,KOREA ZINC CO LTD,,6495428,138776.0,101060297.12,2.4,USD,,,,equity,web_csv
2026-06-29,SIL,AYA CN,AYA GOLD & SILVER INC,CA05466C1095,BK94091,4112156.0,77031485.68,1.83,USD,,,,equity,web_csv
2026-06-29,SIL,FVI CN,FORTUNA MINING CORP,CA3499421020,BPLQGB4,9140162.0,76476215.6,1.82,USD,,,,equity,web_csv
2026-06-29,SIL,EXK,ENDEAVOUR SILVER CORP,CA29258Y1034,B018TM7,8868104.0,72984495.92,1.74,USD,,,,equity,web_csv
2026-06-29,SIL,SVM CN,SILVERCORP METALS INC,CA82835P1036,2784261,6350454.0,69177740.35,1.64,USD,,,,equity,web_csv
2026-06-29,SIL,TFPM CN,TRIPLE FLAG PRECIOUS MET,CA89679M1041,BJ171P4,2088944.0,62827815.04,1.49,USD,,,,equity,web_csv
2026-06-29,SIL,HOC LN,HOCHSCHILD MINING PLC,GB00B1FW5029,B1FW502,9238098.0,58249015.1,1.38,USD,,,,equity,web_csv
2026-06-29,SIL,ABRA CN,ABRASILVER RESOURCE CORP,CA00379L3048,BR4XSQ5,4228428.0,42312547.88,1.01,USD,,,,equity,web_csv
2026-06-29,SIL,VZLA CN,VIZSLA SILVER CORP,CA92859G6085,BS84LB7,9935609.0,32441663.39,0.77,USD,,,,equity,web_csv
2026-06-29,SIL,HYMC,HYCROFT MINING HOLDING CO-A,US44862P2083,BS70KX1,1353030.0,31633841.4,0.75,USD,,,,equity,web_csv
2026-06-29,SIL,USA CN,AMERICAS GOLD AND SILVER CORP,CA03062D8035,BVMJP62,6530767.0,30377798.02,0.72,USD,,,,equity,web_csv
2026-06-29,SIL,ASM CN,AVINO SILVER & GOLD MINES,CA0539061030,2474261,4734216.0,29550329.63,0.7,USD,,,,equity,web_csv
2026-06-29,SIL,GGD CN,GOGOLD RESOURCES INC,CA38045Y1025,B60BNP0,12230219.0,27626756.97,0.66,USD,,,,equity,web_csv
2026-06-29,SIL,MUX,MCEWEN INC,US58039P3055,BQGD8H7,1528859.0,27427730.46,0.65,USD,,,,equity,web_csv
2026-06-29,SIL,KCN AU,KINGSGATE CONSOLIDATED LTD,AU000000KCN1,6492731,7231823.0,25974016.47,0.62,USD,,,,equity,web_csv
2026-06-29,SIL,HSLV CN,HIGHLANDER SILVER CORP,CA43087N2041,BRBR2F7,4136950.0,19650548.89,0.47,USD,,,,equity,web_csv
2026-06-29,SIL,SCZ CN,SANTACRUZ SILVER MINING LTD,,BVV5T70,2570098.0,16783722.91,0.4,USD,,,,equity,web_csv
2026-06-29,SIL,ITR CN,INTEGRA RESOURCES CORP,CA45826T5098,BRK42Y8,5594791.0,12283697.21,0.29,USD,,,,equity,web_csv
2026-06-29,SIL,NUAG CN,NEW PACIFIC METALS CORP,CA64782A1075,BMW5909,2954596.0,11996776.27,0.28,USD,,,,equity,web_csv
2026-06-29,SIL,SLVR CN,SILVER TIGER METALS INC,,BLFLCL9,16308163.0,8836624.69,0.21,USD,,,,equity,web_csv
2026-06-29,SIL,ASL AU,ANDEAN SILVER LTD,AU0000343253,BSFS736,5392332.0,7086484.0,0.17,USD,,,,equity,web_csv
2026-06-29,SIL,APM CN,ANDEAN PRECIOUS METALS CORP,CA03349X1015,BNDS6V4,1677720.0,6847595.79,0.16,USD,,,,equity,web_csv
2026-06-29,SIL,GSVR CN,GUANAJUATO SILVER CO LTD,,BMDM727,21428115.0,6785582.32,0.16,USD,,,,equity,web_csv
2026-06-30,SIL,,CANADIAN DOLLAR,,,1394076.84,982609.23,0.02,USD,,,,fx,web_csv
2026-06-30,SIL,,MEXICAN PESO,,,8613780.84,492955.48,0.01,USD,,,,fx,web_csv
2026-06-30,SIL,,OTHER PAYABLE & RECEIVABLES,CASH,,-7476996.49,-7476996.49,-0.18,USD,,,,cash,web_csv
2026-06-30,SIL,WPM,WHEATON PRECIOUS METALS CORP,CA9628791027,BDG1S92,8230302.0,924427520.64,21.97,USD,,,,equity,web_csv
2026-06-30,SIL,PAAS,PAN AMERICAN SILVER CORP,CA6979001089,2703396,11667984.0,522609003.36,12.42,USD,,,,equity,web_csv
2026-06-30,SIL,CDE,COEUR MINING INC,US1921085049,2208136,28478037.0,464761563.84,11.05,USD,,,,equity,web_csv
2026-06-30,SIL,HL,HECLA MINING CO,US4227041062,2418601,13184908.0,203443130.44,4.83,USD,,,,equity,web_csv
2026-06-30,SIL,AG CN,FIRST MAJESTIC SILVER CORP,CA32076V1031,2833583,11973548.0,203223285.17,4.83,USD,,,,equity,web_csv
2026-06-30,SIL,PE&OLES* MM,INDUSTRIAS PENOLES SAB DE CV,MXP554091415,2448200,4544014.0,198749496.81,4.72,USD,,,,equity,web_csv
2026-06-30,SIL,FRES LN,FRESNILLO PLC,GB00B2QPKJ12,B2QPKJ1,5187965.0,188737153.12,4.49,USD,,,,equity,web_csv
2026-06-30,SIL,OR CN,OR ROYALTIES INC,CA68390D1069,BPJJWP1,5609491.0,177566337.13,4.22,USD,,,,equity,web_csv
2026-06-30,SIL,SSRM,SSR MINING INC,CA7847301032,BF7MQ72,6041431.0,170851668.68,4.06,USD,,,,equity,web_csv
2026-06-30,SIL,BVN,CIA DE MINAS BUENAVENTUR-ADR,US2044481040,2210476,5547289.0,162480094.81,3.86,USD,,,,equity,web_csv
2026-06-30,SIL,DSV CN,DISCOVERY SILVER CORP,CA2546771072,BND9899,19344348.0,115622957.56,2.75,USD,,,,equity,web_csv
2026-06-30,SIL,010130 KS,KOREA ZINC CO LTD,,6495428,138776.0,96739224.17,2.3,USD,,,,equity,web_csv
2026-06-30,SIL,AYA CN,AYA GOLD & SILVER INC,CA05466C1095,BK94091,4112156.0,77851989.54,1.85,USD,,,,equity,web_csv
2026-06-30,SIL,FVI CN,FORTUNA MINING CORP,CA3499421020,BPLQGB4,9140162.0,77244435.16,1.84,USD,,,,equity,web_csv
2026-06-30,SIL,EXK,ENDEAVOUR SILVER CORP,CA29258Y1034,B018TM7,8868104.0,73427901.12,1.75,USD,,,,equity,web_csv
2026-06-30,SIL,SVM CN,SILVERCORP METALS INC,CA82835P1036,2784261,6350454.0,64276665.68,1.53,USD,,,,equity,web_csv
2026-06-30,SIL,TFPM CN,TRIPLE FLAG PRECIOUS MET,CA89679M1041,BJ171P4,2088944.0,62561572.2,1.49,USD,,,,equity,web_csv
2026-06-30,SIL,HOC LN,HOCHSCHILD MINING PLC,GB00B1FW5029,B1FW502,9238098.0,56720430.75,1.35,USD,,,,equity,web_csv
2026-06-30,SIL,ABRA CN,ABRASILVER RESOURCE CORP,CA00379L3048,BR4XSQ5,4228428.0,42649377.75,1.01,USD,,,,equity,web_csv
2026-06-30,SIL,VZLA CN,VIZSLA SILVER CORP,CA92859G6085,BS84LB7,9935609.0,32634317.49,0.78,USD,,,,equity,web_csv
2026-06-30,SIL,HYMC,HYCROFT MINING HOLDING CO-A,US44862P2083,BS70KX1,1353030.0,31660902.0,0.75,USD,,,,equity,web_csv
2026-06-30,SIL,USA CN,AMERICAS GOLD AND SILVER CORP,CA03062D8035,BVMJP62,6530767.0,30887363.22,0.73,USD,,,,equity,web_csv
2026-06-30,SIL,ASM CN,AVINO SILVER & GOLD MINES,CA0539061030,2474261,4734216.0,29998662.09,0.71,USD,,,,equity,web_csv
2026-06-30,SIL,MUX,MCEWEN INC,US58039P3055,BQGD8H7,1528859.0,27718213.67,0.66,USD,,,,equity,web_csv
2026-06-30,SIL,GGD CN,GOGOLD RESOURCES INC,CA38045Y1025,B60BNP0,12230219.0,27412931.4,0.65,USD,,,,equity,web_csv
2026-06-30,SIL,KCN AU,KINGSGATE CONSOLIDATED LTD,AU000000KCN1,6492731,7231823.0,24800490.4,0.59,USD,,,,equity,web_csv
2026-06-30,SIL,HSLV CN,HIGHLANDER SILVER CORP,CA43087N2041,BRBR2F7,4136950.0,19419973.22,0.46,USD,,,,equity,web_csv
2026-06-30,SIL,SCZ CN,SANTACRUZ SILVER MINING LTD,,BVV5T70,2570098.0,16666009.94,0.4,USD,,,,equity,web_csv
2026-06-30,SIL,ITR CN,INTEGRA RESOURCES CORP,CA45826T5098,BRK42Y8,5594791.0,12421914.82,0.29,USD,,,,equity,web_csv
2026-06-30,SIL,NUAG CN,NEW PACIFIC METALS CORP,CA64782A1075,BMW5909,2954596.0,11932923.4,0.28,USD,,,,equity,web_csv
2026-06-30,SIL,SLVR CN,SILVER TIGER METALS INC,,BLFLCL9,16308163.0,9080844.95,0.22,USD,,,,equity,web_csv
2026-06-30,SIL,ASL AU,ANDEAN SILVER LTD,AU0000343253,BSFS736,5392332.0,7079345.68,0.17,USD,,,,equity,web_csv
2026-06-30,SIL,GSVR CN,GUANAJUATO SILVER CO LTD,,BMDM727,21428115.0,6947617.9,0.17,USD,,,,equity,web_csv
2026-06-30,SIL,APM CN,ANDEAN PRECIOUS METALS CORP,CA03349X1015,BNDS6V4,1677720.0,6882347.42,0.16,USD,,,,equity,web_csv
2026-06-30,SIL,GORO,GOLD RESOURCE CORP,,B1DZ912,4814831.0,6066687.06,0.14,USD,,,,equity,web_csv
2026-06-30,SIL,USL AU,UNICO SILVER LTD,,BQXR4J6,14446968.0,5705042.03,0.14,USD,,,,equity,web_csv
2026-06-30,SIL,BRC CN,BLACKROCK SILVER CORP,,BNGHFP5,8973401.0,5629129.09,0.13,USD,,,,equity,web_csv
2026-06-30,SIL,SVL AU,SILVER MINES LTD,,B1HMJH5,62106559.0,5163283.78,0.12,USD,,,,equity,web_csv
2026-06-30,SIL,,CASH,CASH,,4191095.0,4191095.0,0.1,USD,,,,cash,web_csv
2026-06-30,SIL,SOSI SS,SOTKAMO SILVER AB,,7788354,8223502.0,3653700.2,0.09,USD,,,,equity,web_csv
2026-06-30,SIL,AAG CN,AFTERMATH SILVER LTD,,BDFS6H8,7560178.0,3410406.29,0.08,USD,,,,equity,web_csv
2026-07-01,SIL,WPM,WHEATON PRECIOUS METALS CORP,CA9628791027,BDG1S92,8230302.0,917184854.88,21.78,USD,,,,equity,web_csv
2026-07-01,SIL,PAAS,PAN AMERICAN SILVER CORP,CA6979001089,2703396,11667984.0,517241730.72,12.28,USD,,,,equity,web_csv
2026-07-01,SIL,CDE,COEUR MINING INC,US1921085049,2208136,28478037.0,471026731.98,11.18,USD,,,,equity,web_csv
2026-07-01,SIL,HL,HECLA MINING CO,US4227041062,2418601,13184908.0,205552715.72,4.88,USD,,,,equity,web_csv
2026-07-01,SIL,AG CN,FIRST MAJESTIC SILVER CORP,CA32076V1031,2833583,11973548.0,202965777.93,4.82,USD,,,,equity,web_csv
2026-07-01,SIL,PE&OLES* MM,INDUSTRIAS PENOLES SAB DE CV,MXP554091415,2448200,4544014.0,199815300.59,4.75,USD,,,,equity,web_csv
2026-07-01,SIL,FRES LN,FRESNILLO PLC,GB00B2QPKJ12,B2QPKJ1,5187965.0,192445323.48,4.57,USD,,,,equity,web_csv
2026-07-01,SIL,OR CN,OR ROYALTIES INC,CA68390D1069,BPJJWP1,5609491.0,177341340.19,4.21,USD,,,,equity,web_csv
2026-07-01,SIL,SSRM,SSR MINING INC,CA7847301032,BF7MQ72,6041431.0,174174455.73,4.14,USD,,,,equity,web_csv
2026-07-01,SIL,BVN,CIA DE MINAS BUENAVENTUR-ADR,US2044481040,2210476,5547289.0,161980838.8,3.85,USD,,,,equity,web_csv
2026-07-01,SIL,DSV CN,DISCOVERY SILVER CORP,CA2546771072,BND9899,19344348.0,115476449.99,2.74,USD,,,,equity,web_csv
2026-07-01,SIL,010130 KS,KOREA ZINC CO LTD,,6495428,138776.0,97691880.42,2.32,USD,,,,equity,web_csv
2026-07-01,SIL,AYA CN,AYA GOLD & SILVER INC,CA05466C1095,BK94091,4112156.0,77753342.13,1.85,USD,,,,equity,web_csv
2026-07-01,SIL,FVI CN,FORTUNA MINING CORP,CA3499421020,BPLQGB4,9140162.0,77146557.59,1.83,USD,,,,equity,web_csv
2026-07-01,SIL,EXK,ENDEAVOUR SILVER CORP,CA29258Y1034,B018TM7,8868104.0,73959987.36,1.76,USD,,,,equity,web_csv
2026-07-01,SIL,SVM CN,SILVERCORP METALS INC,CA82835P1036,2784261,6350454.0,64195219.77,1.52,USD,,,,equity,web_csv
2026-07-01,SIL,TFPM CN,TRIPLE FLAG PRECIOUS MET,CA89679M1041,BJ171P4,2088944.0,62482299.5,1.48,USD,,,,equity,web_csv
2026-07-01,SIL,HOC LN,HOCHSCHILD MINING PLC,GB00B1FW5029,B1FW502,9238098.0,58920915.54,1.4,USD,,,,equity,web_csv
2026-07-01,SIL,ABRA CN,ABRASILVER RESOURCE CORP,CA00379L3048,BR4XSQ5,4228428.0,42595336.09,1.01,USD,,,,equity,web_csv
2026-07-01,SIL,VZLA CN,VIZSLA SILVER CORP,CA92859G6085,BS84LB7,9935609.0,32592966.06,0.77,USD,,,,equity,web_csv
2026-07-01,SIL,HYMC,HYCROFT MINING HOLDING CO-A,US44862P2083,BS70KX1,1353030.0,31214402.1,0.74,USD,,,,equity,web_csv
2026-07-01,SIL,,BRITISH STERLING POUND,,,18.87,25.05,0.0,USD,,,,fx,web_csv
2026-07-01,SIL,,OTHER PAYABLE & RECEIVABLES,CASH,,-7787542.65,-7787542.65,-0.18,USD,,,,cash,web_csv
2026-07-01,SIL,APM CN,ANDEAN PRECIOUS METALS CORP,CA03349X1015,BNDS6V4,1677720.0,6873626.69,0.16,USD,,,,equity,web_csv
2026-07-01,SIL,GORO,GOLD RESOURCE CORP,,B1DZ912,4814831.0,5922242.13,0.14,USD,,,,equity,web_csv
2026-07-01,SIL,,CASH,CASH,,5899000.66,5899000.66,0.14,USD,,,,cash,web_csv
2026-07-01,SIL,USL AU,UNICO SILVER LTD,,BQXR4J6,14446968.0,5784172.46,0.14,USD,,,,equity,web_csv
2026-07-01,SIL,BRC CN,BLACKROCK SILVER CORP,,BNGHFP5,8973401.0,5621996.33,0.13,USD,,,,equity,web_csv
2026-07-01,SIL,SVL AU,SILVER MINES LTD,,B1HMJH5,62106559.0,5359003.12,0.13,USD,,,,equity,web_csv
2026-07-01,SIL,SOSI SS,SOTKAMO SILVER AB,,7788354,8223502.0,3637463.79,0.09,USD,,,,equity,web_csv
2026-07-01,SIL,AAG CN,AFTERMATH SILVER LTD,,BDFS6H8,7560178.0,3406084.91,0.08,USD,,,,equity,web_csv
2026-07-01,SIL,USA CN,AMERICAS GOLD AND SILVER CORP,CA03062D8035,BVMJP62,6530767.0,30848225.38,0.73,USD,,,,equity,web_csv
2026-07-01,SIL,ASM CN,AVINO SILVER & GOLD MINES,CA0539061030,2474261,4734216.0,29960650.34,0.71,USD,,,,equity,web_csv
2026-07-01,SIL,MUX,MCEWEN INC,US58039P3055,BQGD8H7,1528859.0,27504173.41,0.65,USD,,,,equity,web_csv
2026-07-01,SIL,GGD CN,GOGOLD RESOURCES INC,CA38045Y1025,B60BNP0,12230219.0,27378196.06,0.65,USD,,,,equity,web_csv
2026-07-01,SIL,KCN AU,KINGSGATE CONSOLIDATED LTD,AU000000KCN1,6492731,7231823.0,23612689.6,0.56,USD,,,,equity,web_csv
2026-07-01,SIL,HSLV CN,HIGHLANDER SILVER CORP,CA43087N2041,BRBR2F7,4136950.0,19395365.88,0.46,USD,,,,equity,web_csv
2026-07-01,SIL,SCZ CN,SANTACRUZ SILVER MINING LTD,,BVV5T70,2570098.0,16644892.19,0.4,USD,,,,equity,web_csv
2026-07-01,SIL,ITR CN,INTEGRA RESOURCES CORP,CA45826T5098,BRK42Y8,5594791.0,12406174.83,0.29,USD,,,,equity,web_csv
2026-07-01,SIL,NUAG CN,NEW PACIFIC METALS CORP,CA64782A1075,BMW5909,2954596.0,11917803.02,0.28,USD,,,,equity,web_csv
2026-07-01,SIL,SLVR CN,SILVER TIGER METALS INC,,BLFLCL9,16308163.0,9069338.47,0.21,USD,,,,equity,web_csv
2026-07-01,SIL,ASL AU,ANDEAN SILVER LTD,AU0000343253,BSFS736,5392332.0,7277126.33,0.17,USD,,,,equity,web_csv
2026-07-01,SIL,GSVR CN,GUANAJUATO SILVER CO LTD,,BMDM727,21428115.0,6938814.47,0.17,USD,,,,equity,web_csv
2026-07-02,SIL,,OTHER PAYABLE & RECEIVABLES,CASH,,-7860310.66,-7860310.66,-0.18,USD,,,,cash,web_csv
2026-07-02,SIL,GORO,GOLD RESOURCE CORP,,B1DZ912,4814831.0,6114835.37,0.14,USD,,,,equity,web_csv
2026-07-02,SIL,BRC CN,BLACKROCK SILVER CORP,,BNGHFP5,8973401.0,6074438.5,0.14,USD,,,,equity,web_csv
2026-07-02,SIL,,CASH,CASH,,5899025.73,5899025.73,0.14,USD,,,,cash,web_csv
2026-07-02,SIL,USL AU,UNICO SILVER LTD,,BQXR4J6,14446968.0,5860249.68,0.13,USD,,,,equity,web_csv
2026-07-02,SIL,SVL AU,SILVER MINES LTD,,B1HMJH5,62106559.0,5813728.94,0.13,USD,,,,equity,web_csv
2026-07-02,SIL,SOSI SS,SOTKAMO SILVER AB,,7788354,8223502.0,3811080.19,0.09,USD,,,,equity,web_csv
2026-07-02,SIL,AAG CN,AFTERMATH SILVER LTD,,BDFS6H8,7560178.0,3571779.61,0.08,USD,,,,equity,web_csv
2026-07-02,SIL,GGD CN,GOGOLD RESOURCES INC,CA38045Y1025,B60BNP0,12230219.0,29235583.27,0.67,USD,,,,equity,web_csv
2026-07-02,SIL,MUX,MCEWEN INC,US58039P3055,BQGD8H7,1528859.0,28895435.1,0.66,USD,,,,equity,web_csv
2026-07-02,SIL,KCN AU,KINGSGATE CONSOLIDATED LTD,AU000000KCN1,6492731,7231823.0,24621404.5,0.56,USD,,,,equity,web_csv
2026-07-02,SIL,HSLV CN,HIGHLANDER SILVER CORP,CA43087N2041,BRBR2F7,4136950.0,20624219.23,0.47,USD,,,,equity,web_csv
2026-07-02,SIL,SCZ CN,SANTACRUZ SILVER MINING LTD,,BVV5T70,2570098.0,17307362.34,0.4,USD,,,,equity,web_csv
2026-07-02,SIL,ITR CN,INTEGRA RESOURCES CORP,CA45826T5098,BRK42Y8,5594791.0,13413453.72,0.31,USD,,,,equity,web_csv
2026-07-02,SIL,NUAG CN,NEW PACIFIC METALS CORP,CA64782A1075,BMW5909,2954596.0,12646333.41,0.29,USD,,,,equity,web_csv
2026-07-02,SIL,SLVR CN,SILVER TIGER METALS INC,,BLFLCL9,16308163.0,9544671.08,0.22,USD,,,,equity,web_csv
2026-07-02,SIL,GSVR CN,GUANAJUATO SILVER CO LTD,,BMDM727,21428115.0,7857151.78,0.18,USD,,,,equity,web_csv
2026-07-02,SIL,ASL AU,ANDEAN SILVER LTD,AU0000343253,BSFS736,5392332.0,7777204.19,0.18,USD,,,,equity,web_csv
2026-07-02,SIL,APM CN,ANDEAN PRECIOUS METALS CORP,CA03349X1015,BNDS6V4,1677720.0,7275660.54,0.17,USD,,,,equity,web_csv
2026-07-02,SIL,WPM,WHEATON PRECIOUS METALS CORP,CA9628791027,BDG1S92,8230302.0,952492850.46,21.8,USD,,,,equity,web_csv
2026-07-02,SIL,PAAS,PAN AMERICAN SILVER CORP,CA6979001089,2703396,11667984.0,540110979.36,12.36,USD,,,,equity,web_csv
2026-07-02,SIL,CDE,COEUR MINING INC,US1921085049,2208136,28478037.0,492670040.1,11.27,USD,,,,equity,web_csv
2026-07-02,SIL,HL,HECLA MINING CO,US4227041062,2418601,13184908.0,215309547.64,4.93,USD,,,,equity,web_csv
2026-07-02,SIL,AG CN,FIRST MAJESTIC SILVER CORP,CA32076V1031,2833583,11973548.0,213272095.67,4.88,USD,,,,equity,web_csv
2026-07-02,SIL,PE&OLES* MM,INDUSTRIAS PENOLES SAB DE CV,MXP554091415,2448200,4544014.0,201067286.15,4.6,USD,,,,equity,web_csv
2026-07-02,SIL,FRES LN,FRESNILLO PLC,GB00B2QPKJ12,B2QPKJ1,5187965.0,199747926.91,4.57,USD,,,,equity,web_csv
2026-07-02,SIL,SSRM,SSR MINING INC,CA7847301032,BF7MQ72,6041431.0,184988617.22,4.23,USD,,,,equity,web_csv
2026-07-02,SIL,OR CN,OR ROYALTIES INC,CA68390D1069,BPJJWP1,5609491.0,175861488.46,4.02,USD,,,,equity,web_csv
2026-07-02,SIL,BVN,CIA DE MINAS BUENAVENTUR-ADR,US2044481040,2210476,5547289.0,164865429.08,3.77,USD,,,,equity,web_csv
2026-07-02,SIL,DSV CN,DISCOVERY SILVER CORP,CA2546771072,BND9899,19344348.0,124538234.49,2.85,USD,,,,equity,web_csv
2026-07-02,SIL,010130 KS,KOREA ZINC CO LTD,,6495428,138776.0,96698067.75,2.21,USD,,,,equity,web_csv
2026-07-02,SIL,AYA CN,AYA GOLD & SILVER INC,CA05466C1095,BK94091,4112156.0,80494623.67,1.84,USD,,,,equity,web_csv
2026-07-02,SIL,FVI CN,FORTUNA MINING CORP,CA3499421020,BPLQGB4,9140162.0,79790717.17,1.83,USD,,,,equity,web_csv
2026-07-02,SIL,EXK,ENDEAVOUR SILVER CORP,CA29258Y1034,B018TM7,8868104.0,75910970.24,1.74,USD,,,,equity,web_csv
2026-07-02,SIL,TFPM CN,TRIPLE FLAG PRECIOUS MET,CA89679M1041,BJ171P4,2088944.0,65607704.23,1.5,USD,,,,equity,web_csv
2026-07-02,SIL,SVM CN,SILVERCORP METALS INC,CA82835P1036,2784261,6350454.0,65154677.36,1.49,USD,,,,equity,web_csv
2026-07-02,SIL,HOC LN,HOCHSCHILD MINING PLC,GB00B1FW5029,B1FW502,9238098.0,61130202.48,1.4,USD,,,,equity,web_csv
2026-07-02,SIL,ABRA CN,ABRASILVER RESOURCE CORP,CA00379L3048,BR4XSQ5,4228428.0,43621550.36,1.0,USD,,,,equity,web_csv
2026-07-02,SIL,VZLA CN,VIZSLA SILVER CORP,CA92859G6085,BS84LB7,9935609.0,33138547.1,0.76,USD,,,,equity,web_csv
2026-07-02,SIL,HYMC,HYCROFT MINING HOLDING CO-A,US44862P2083,BS70KX1,1353030.0,31958568.6,0.73,USD,,,,equity,web_csv
2026-07-02,SIL,USA CN,AMERICAS GOLD AND SILVER CORP,CA03062D8035,BVMJP62,6530767.0,31913560.14,0.73,USD,,,,equity,web_csv
2026-07-02,SIL,ASM CN,AVINO SILVER & GOLD MINES,CA0539061030,2474261,4734216.0,31079611.44,0.71,USD,,,,equity,web_csv
2026-07-06,SIL,BRC CN,BLACKROCK SILVER CORP,,BNGHFP5,8973401.0,6497893.02,0.15,USD,,,,equity,web_csv
2026-07-06,SIL,USL AU,UNICO SILVER LTD,,BQXR4J6,14446968.0,6414460.21,0.15,USD,,,,equity,web_csv
2026-07-06,SIL,GORO,GOLD RESOURCE CORP,,B1DZ912,4814831.0,6018538.75,0.14,USD,,,,equity,web_csv
2026-07-06,SIL,SVL AU,SILVER MINES LTD,,B1HMJH5,62106559.0,5816673.23,0.13,USD,,,,equity,web_csv
2026-07-06,SIL,AAG CN,AFTERMATH SILVER LTD,,BDFS6H8,7560178.0,3826861.75,0.09,USD,,,,equity,web_csv
2026-07-06,SIL,SOSI SS,SOTKAMO SILVER AB,,7788354,8223502.0,3728494.92,0.09,USD,,,,equity,web_csv
2026-07-06,SIL,,CASH,CASH,,25233.11,25233.11,0.0,USD,,,,cash,web_csv
2026-07-06,SIL,,OTHER PAYABLE & RECEIVABLES,CASH,,-2292589.76,-2292589.76,-0.05,USD,,,,cash,web_csv
2026-07-06,SIL,WPM,WHEATON PRECIOUS METALS CORP,CA9628791027,BDG1S92,8230302.0,948460002.48,21.86,USD,,,,equity,web_csv
2026-07-06,SIL,PAAS,PAN AMERICAN SILVER CORP,CA6979001089,2703396,11667984.0,525292639.68,12.11,USD,,,,equity,web_csv
2026-07-06,SIL,CDE,COEUR MINING INC,US1921085049,2208136,28478037.0,483841848.63,11.15,USD,,,,equity,web_csv
2026-07-06,SIL,HL,HECLA MINING CO,US4227041062,2418601,13184908.0,217023585.68,5.0,USD,,,,equity,web_csv
2026-07-06,SIL,AG CN,FIRST MAJESTIC SILVER CORP,CA32076V1031,2833583,11973548.0,207079078.18,4.77,USD,,,,equity,web_csv
2026-07-06,SIL,PE&OLES* MM,INDUSTRIAS PENOLES SAB DE CV,MXP554091415,2448200,4544014.0,203444858.66,4.69,USD,,,,equity,web_csv
2026-07-06,SIL,FRES LN,FRESNILLO PLC,GB00B2QPKJ12,B2QPKJ1,5187965.0,197623563.24,4.55,USD,,,,equity,web_csv
2026-07-06,SIL,SSRM,SSR MINING INC,CA7847301032,BF7MQ72,6041431.0,185109445.84,4.27,USD,,,,equity,web_csv
2026-07-06,SIL,OR CN,OR ROYALTIES INC,CA68390D1069,BPJJWP1,5609491.0,173009259.12,3.99,USD,,,,equity,web_csv
2026-07-06,SIL,BVN,CIA DE MINAS BUENAVENTUR-ADR,US2044481040,2210476,5547289.0,166196778.44,3.83,USD,,,,equity,web_csv
2026-07-06,SIL,DSV CN,DISCOVERY MINING LTD,CA2546771072,BSBFLD9,19344348.0,127702072.36,2.94,USD,,,,equity,web_csv
2026-07-06,SIL,010130 KS,KOREA ZINC CO LTD,,6495428,138776.0,100830817.64,2.32,USD,,,,equity,web_csv
2026-07-06,SIL,AYA CN,AYA GOLD & SILVER INC,CA05466C1095,BK94091,4112156.0,81641792.35,1.88,USD,,,,equity,web_csv
2026-07-06,SIL,FVI CN,FORTUNA MINING CORP,CA3499421020,BPLQGB4,9140162.0,79423792.41,1.83,USD,,,,equity,web_csv
2026-07-06,SIL,EXK,ENDEAVOUR SILVER CORP,CA29258Y1034,B018TM7,8868104.0,75467565.04,1.74,USD,,,,equity,web_csv
2026-07-06,SIL,SVM CN,SILVERCORP METALS INC,CA82835P1036,2784261,6350454.0,63263451.34,1.46,USD,,,,equity,web_csv
2026-07-06,SIL,TFPM CN,TRIPLE FLAG PRECIOUS MET,CA89679M1041,BJ171P4,2088944.0,62812243.31,1.45,USD,,,,equity,web_csv
2026-07-06,SIL,HOC LN,HOCHSCHILD MINING PLC,GB00B1FW5029,B1FW502,9238098.0,60855214.82,1.4,USD,,,,equity,web_csv
2026-07-06,SIL,ABRA CN,ABRASILVER RESOURCE CORP,CA00379L3048,BR4XSQ5,4228428.0,41915660.01,0.97,USD,,,,equity,web_csv
2026-07-06,SIL,VZLA CN,VIZSLA SILVER CORP,CA92859G6085,BS84LB7,9935609.0,32480724.02,0.75,USD,,,,equity,web_csv
2026-07-06,SIL,USA CN,AMERICAS GOLD AND SILVER CORP,CA03062D8035,BVMJP62,6530767.0,31818205.36,0.73,USD,,,,equity,web_csv
2026-07-06,SIL,HYMC,HYCROFT MINING HOLDING CO-A,US44862P2083,BS70KX1,1353030.0,31782674.7,0.73,USD,,,,equity,web_csv
2026-07-06,SIL,ASM CN,AVINO SILVER & GOLD MINES,CA0539061030,2474261,4734216.0,31186448.2,0.72,USD,,,,equity,web_csv
2026-07-06,SIL,GGD CN,GOGOLD RESOURCES INC,CA38045Y1025,B60BNP0,12230219.0,29148230.04,0.67,USD,,,,equity,web_csv
2026-07-06,SIL,MUX,MCEWEN INC,US58039P3055,BQGD8H7,1528859.0,28803703.56,0.66,USD,,,,equity,web_csv
2026-07-06,SIL,KCN AU,KINGSGATE CONSOLIDATED LTD,AU000000KCN1,6492731,7231823.0,25687460.98,0.59,USD,,,,equity,web_csv
2026-07-06,SIL,HSLV CN,HIGHLANDER SILVER CORP,CA43087N2041,BRBR2F7,4136950.0,21144281.85,0.49,USD,,,,equity,web_csv
2026-07-06,SIL,SCZ CN,SANTACRUZ SILVER MINING LTD,,BVV5T70,2570098.0,17508611.94,0.4,USD,,,,equity,web_csv
2026-07-06,SIL,ITR CN,INTEGRA RESOURCES CORP,CA45826T5098,BRK42Y8,5594791.0,13098041.36,0.3,USD,,,,equity,web_csv
2026-07-06,SIL,NUAG CN,NEW PACIFIC METALS CORP,CA64782A1075,BMW5909,2954596.0,12670863.05,0.29,USD,,,,equity,web_csv
2026-07-06,SIL,SLVR CN,SILVER TIGER METALS INC,,BLFLCL9,16308163.0,9745457.36,0.23,USD,,,,equity,web_csv
2026-07-06,SIL,ASL AU,ANDEAN SILVER LTD,AU0000343253,BSFS736,5392332.0,8005598.9,0.18,USD,,,,equity,web_csv
2026-07-06,SIL,GSVR CN,GUANAJUATO SILVER CO LTD,,BMDM727,21428115.0,7984322.94,0.18,USD,,,,equity,web_csv
2026-07-06,SIL,APM CN,ANDEAN PRECIOUS METALS CORP,CA03349X1015,BNDS6V4,1677720.0,7065201.63,0.16,USD,,,,equity,web_csv
2026-07-07,SIL,USL AU,UNICO SILVER LTD,,BQXR4J6,14446968.0,6468297.71,0.15,USD,,,,equity,web_csv
2026-07-07,SIL,GORO,GOLD RESOURCE CORP,,B1DZ912,4814831.0,6307428.61,0.15,USD,,,,equity,web_csv
2026-07-07,SIL,BRC CN,BLACKROCK SILVER CORP,,BNGHFP5,8973401.0,5942021.73,0.14,USD,,,,equity,web_csv
2026-07-07,SIL,SVL AU,SILVER MINES LTD,,B1HMJH5,62106559.0,5604468.02,0.13,USD,,,,equity,web_csv
2026-07-07,SIL,SOSI SS,SOTKAMO SILVER AB,,7788354,8223502.0,3508719.14,0.08,USD,,,,equity,web_csv
2026-07-07,SIL,AAG CN,AFTERMATH SILVER LTD,,BDFS6H8,7560178.0,3461741.89,0.08,USD,,,,equity,web_csv
2026-07-07,SIL,HYMC,HYCROFT MINING HOLDING CO-A,US44862P2083,BS70KX1,1353030.0,29374281.3,0.7,USD,,,,equity,web_csv
2026-07-07,SIL,ASM CN,AVINO SILVER & GOLD MINES,CA0539061030,2474261,4734216.0,28781151.83,0.69,USD,,,,equity,web_csv
2026-07-07,SIL,USA CN,AMERICAS GOLD AND SILVER CORP,CA03062D8035,BVMJP62,6530767.0,28615667.46,0.69,USD,,,,equity,web_csv
2026-07-07,SIL,MUX,MCEWEN INC,US58039P3055,BQGD8H7,1528859.0,27748790.85,0.66,USD,,,,equity,web_csv
2026-07-07,SIL,GGD CN,GOGOLD RESOURCES INC,CA38045Y1025,B60BNP0,12230219.0,27483638.2,0.66,USD,,,,equity,web_csv
2026-07-07,SIL,KCN AU,KINGSGATE CONSOLIDATED LTD,AU000000KCN1,6492731,7231823.0,25451262.04,0.61,USD,,,,equity,web_csv
2026-07-07,SIL,HSLV CN,HIGHLANDER SILVER CORP,CA43087N2041,BRBR2F7,4136950.0,19554742.35,0.47,USD,,,,equity,web_csv
2026-07-07,SIL,SCZ CN,SANTACRUZ SILVER MINING LTD,,BVV5T70,2570098.0,16258307.24,0.39,USD,,,,equity,web_csv
2026-07-07,SIL,ITR CN,INTEGRA RESOURCES CORP,CA45826T5098,BRK42Y8,5594791.0,12336089.49,0.29,USD,,,,equity,web_csv
2026-07-07,SIL,NUAG CN,NEW PACIFIC METALS CORP,CA64782A1075,BMW5909,2954596.0,11530739.91,0.28,USD,,,,equity,web_csv
2026-07-07,SIL,SLVR CN,SILVER TIGER METALS INC,,BLFLCL9,16308163.0,9075727.36,0.22,USD,,,,equity,web_csv
2026-07-07,SIL,ASL AU,ANDEAN SILVER LTD,AU0000343253,BSFS736,5392332.0,7785625.92,0.19,USD,,,,equity,web_csv
2026-07-07,SIL,GSVR CN,GUANAJUATO SILVER CO LTD,,BMDM727,21428115.0,7170127.59,0.17,USD,,,,equity,web_csv
2026-07-07,SIL,APM CN,ANDEAN PRECIOUS METALS CORP,CA03349X1015,BNDS6V4,1677720.0,6807556.76,0.16,USD,,,,equity,web_csv
2026-07-07,SIL,,OTHER PAYABLE & RECEIVABLES,CASH,,52642.08,52642.08,0.0,USD,,,,cash,web_csv
2026-07-07,SIL,,CASH,CASH,,-2392101.03,-2392101.03,-0.06,USD,,,,cash,web_csv
2026-07-07,SIL,WPM,WHEATON PRECIOUS METALS CORP,CA9628791027,BDG1S92,8230302.0,920888490.78,22.03,USD,,,,equity,web_csv
2026-07-07,SIL,PAAS,PAN AMERICAN SILVER CORP,CA6979001089,2703396,11667984.0,515258173.44,12.33,USD,,,,equity,web_csv
2026-07-07,SIL,CDE,COEUR MINING INC,US1921085049,2208136,28478037.0,456787713.48,10.93,USD,,,,equity,web_csv
2026-07-07,SIL,HL,HECLA MINING CO,US4227041062,2418601,13184908.0,205157168.48,4.91,USD,,,,equity,web_csv
2026-07-07,SIL,PE&OLES* MM,INDUSTRIAS PENOLES SAB DE CV,MXP554091415,2448200,4544014.0,200499914.39,4.8,USD,,,,equity,web_csv
2026-07-07,SIL,AG CN,FIRST MAJESTIC SILVER CORP,CA32076V1031,2833583,11973548.0,196782695.11,4.71,USD,,,,equity,web_csv
2026-07-07,SIL,FRES LN,FRESNILLO PLC,GB00B2QPKJ12,B2QPKJ1,5187965.0,189010431.96,4.52,USD,,,,equity,web_csv
2026-07-07,SIL,SSRM,SSR MINING INC,CA7847301032,BF7MQ72,6041431.0,180699201.21,4.32,USD,,,,equity,web_csv
2026-07-07,SIL,OR CN,OR ROYALTIES INC,CA68390D1069,BPJJWP1,5609491.0,168772752.36,4.04,USD,,,,equity,web_csv
2026-07-07,SIL,BVN,CIA DE MINAS BUENAVENTUR-ADR,US2044481040,2210476,5547289.0,160372124.99,3.84,USD,,,,equity,web_csv
2026-07-07,SIL,DSV CN,DISCOVERY MINING LTD,CA25466C1077,BSBFLD9,19344348.0,123325243.49,2.95,USD,,,,equity,web_csv
2026-07-07,SIL,010130 KS,KOREA ZINC CO LTD,,6495428,138776.0,99339752.67,2.38,USD,,,,equity,web_csv
2026-07-07,SIL,AYA CN,AYA GOLD & SILVER INC,CA05466C1095,BK94091,4112156.0,77257722.88,1.85,USD,,,,equity,web_csv
2026-07-07,SIL,FVI CN,FORTUNA MINING CORP,CA3499421020,BPLQGB4,9140162.0,76878964.66,1.84,USD,,,,equity,web_csv
2026-07-07,SIL,EXK,ENDEAVOUR SILVER CORP,CA29258Y1034,B018TM7,8868104.0,71122194.08,1.7,USD,,,,equity,web_csv
2026-07-07,SIL,TFPM CN,TRIPLE FLAG PRECIOUS MET,CA89679M1041,BJ171P4,2088944.0,60981183.73,1.46,USD,,,,equity,web_csv
2026-07-07,SIL,SVM CN,SILVERCORP METALS INC,CA82835P1036,2784261,6350454.0,59498459.51,1.42,USD,,,,equity,web_csv
2026-07-07,SIL,HOC LN,HOCHSCHILD MINING PLC,GB00B1FW5029,B1FW502,9238098.0,59229827.83,1.42,USD,,,,equity,web_csv
2026-07-07,SIL,ABRA CN,ABRASILVER RESOURCE CORP,CA00379L3048,BR4XSQ5,4228428.0,40153012.88,0.96,USD,,,,equity,web_csv
2026-07-07,SIL,VZLA CN,VIZSLA SILVER CORP,CA92859G6085,BS84LB7,9935609.0,30726162.17,0.73,USD,,,,equity,web_csv
2026-07-08,SIL,,OTHER PAYABLE & RECEIVABLES,CASH,,-6388.18,-6388.18,0.0,USD,,,,cash,web_csv
2026-07-08,SIL,,CASH,CASH,,-2392101.03,-2392101.03,-0.06,USD,,,,cash,web_csv
2026-07-08,SIL,HYMC,HYCROFT MINING HOLDING CO-A,US44862P2083,BS70KX1,1348050.0,28025959.5,0.7,USD,,,,equity,web_csv
2026-07-08,SIL,USA CN,AMERICAS GOLD AND SILVER CORP,CA03062D8035,BVMJP62,6506767.0,27402228.41,0.68,USD,,,,equity,web_csv
2026-07-08,SIL,ASM CN,AVINO SILVER & GOLD MINES,CA0539061030,2474261,4716816.0,27184245.71,0.68,USD,,,,equity,web_csv
2026-07-08,SIL,MUX,MCEWEN INC,US58039P3055,BQGD8H7,1523239.0,26671914.89,0.67,USD,,,,equity,web_csv
2026-07-08,SIL,GGD CN,GOGOLD RESOURCES INC,CA38045Y1025,B60BNP0,12185279.0,26302873.69,0.66,USD,,,,equity,web_csv
2026-07-08,SIL,KCN AU,KINGSGATE CONSOLIDATED LTD,AU000000KCN1,6492731,7205243.0,24474398.57,0.61,USD,,,,equity,web_csv
2026-07-08,SIL,HSLV CN,HIGHLANDER SILVER CORP,CA43087N2041,BRBR2F7,4121750.0,18870032.1,0.47,USD,,,,equity,web_csv
2026-07-08,SIL,SCZ CN,SANTACRUZ SILVER MINING LTD,,BVV5T70,2560658.0,15823479.18,0.4,USD,,,,equity,web_csv
2026-07-08,SIL,ITR CN,INTEGRA RESOURCES CORP,CA45826T5098,BRK42Y8,5574231.0,12229019.76,0.3,USD,,,,equity,web_csv
2026-07-08,SIL,NUAG CN,NEW PACIFIC METALS CORP,CA64782A1075,BMW5909,2943736.0,11088847.52,0.28,USD,,,,equity,web_csv
2026-07-08,SIL,SLVR CN,SILVER TIGER METALS INC,,BLFLCL9,16248223.0,9169426.07,0.23,USD,,,,equity,web_csv
2026-07-08,SIL,ASL AU,ANDEAN SILVER LTD,AU0000343253,BSFS736,5372332.0,7247352.06,0.18,USD,,,,equity,web_csv
2026-07-08,SIL,GSVR CN,GUANAJUATO SILVER CO LTD,,BMDM727,21349355.0,6852395.97,0.17,USD,,,,equity,web_csv
2026-07-08,SIL,APM CN,ANDEAN PRECIOUS METALS CORP,CA03349X1015,BNDS6V4,1671560.0,6485313.21,0.16,USD,,,,equity,web_csv
2026-07-08,SIL,USL AU,UNICO SILVER LTD,,BQXR4J6,14393848.0,6123982.37,0.15,USD,,,,equity,web_csv
2026-07-08,SIL,GORO,GOLD RESOURCE CORP,,B1DZ912,4797131.0,6044385.06,0.15,USD,,,,equity,web_csv
2026-07-08,SIL,BRC CN,BLACKROCK SILVER CORP,,BNGHFP5,8940421.0,5802191.96,0.14,USD,,,,equity,web_csv
2026-07-08,SIL,SVL AU,SILVER MINES LTD,,B1HMJH5,61878239.0,5350937.31,0.13,USD,,,,equity,web_csv
2026-07-08,SIL,SOSI SS,SOTKAMO SILVER AB,,7788354,8190202.0,3451300.68,0.09,USD,,,,equity,web_csv
2026-07-08,SIL,AAG CN,AFTERMATH SILVER LTD,,BDFS6H8,7532398.0,3400631.15,0.09,USD,,,,equity,web_csv
2026-07-08,SIL,WPM,WHEATON PRECIOUS METALS CORP,CA9628791027,BDG1S92,8200062.0,882326671.2,22.02,USD,,,,equity,web_csv
2026-07-08,SIL,PAAS,PAN AMERICAN SILVER CORP,CA6979001089,2703396,11625104.0,495229430.4,12.36,USD,,,,equity,web_csv
2026-07-08,SIL,CDE,COEUR MINING INC,US1921085049,2208136,28373377.0,432410265.48,10.79,USD,,,,equity,web_csv
2026-07-08,SIL,HL,HECLA MINING CO,US4227041062,2418601,13136548.0,198230509.32,4.95,USD,,,,equity,web_csv
2026-07-08,SIL,PE&OLES* MM,INDUSTRIAS PENOLES SAB DE CV,MXP554091415,2448200,4527314.0,196899645.1,4.91,USD,,,,equity,web_csv
2026-07-08,SIL,AG CN,FIRST MAJESTIC SILVER CORP,CA32076V1031,2833583,11929628.0,188251818.82,4.7,USD,,,,equity,web_csv
2026-07-08,SIL,FRES LN,FRESNILLO PLC,GB00B2QPKJ12,B2QPKJ1,5168945.0,177629351.08,4.43,USD,,,,equity,web_csv
2026-07-08,SIL,SSRM,SSR MINING INC,CA7847301032,BF7MQ72,6019271.0,169743442.2,4.24,USD,,,,equity,web_csv
2026-07-08,SIL,OR CN,OR ROYALTIES INC,CA68390D1069,BPJJWP1,5588871.0,163140153.77,4.07,USD,,,,equity,web_csv
2026-07-08,SIL,BVN,CIA DE MINAS BUENAVENTUR-ADR,US2044481040,2210476,5526949.0,156744273.64,3.91,USD,,,,equity,web_csv
2026-07-08,SIL,DSV CN,DISCOVERY MINING LTD,CA25466C1077,BSBFLD9,19273388.0,118555264.79,2.96,USD,,,,equity,web_csv
2026-07-08,SIL,010130 KS,KOREA ZINC CO LTD,,6495428,138256.0,95256840.91,2.38,USD,,,,equity,web_csv
2026-07-08,SIL,AYA CN,AYA GOLD & SILVER INC,CA05466C1095,BK94091,4097036.0,78177782.03,1.95,USD,,,,equity,web_csv
2026-07-08,SIL,FVI CN,FORTUNA MINING CORP,CA3499421020,BPLQGB4,9106562.0,74067903.4,1.85,USD,,,,equity,web_csv
2026-07-08,SIL,EXK,ENDEAVOUR SILVER CORP,CA29258Y1034,B018TM7,8835504.0,68210090.88,1.7,USD,,,,equity,web_csv
2026-07-08,SIL,TFPM CN,TRIPLE FLAG PRECIOUS MET,CA89679M1041,BJ171P4,2081264.0,57610609.03,1.44,USD,,,,equity,web_csv
2026-07-08,SIL,SVM CN,SILVERCORP METALS INC,CA82835P1036,2784261,6327114.0,57576023.28,1.44,USD,,,,equity,web_csv
2026-07-08,SIL,HOC LN,HOCHSCHILD MINING PLC,GB00B1FW5029,B1FW502,9204138.0,53832133.84,1.34,USD,,,,equity,web_csv
2026-07-08,SIL,ABRA CN,ABRASILVER RESOURCE CORP,CA00379L3048,BR4XSQ5,4212888.0,38723145.2,0.97,USD,,,,equity,web_csv
2026-07-08,SIL,VZLA CN,VIZSLA SILVER CORP,CA92859G6085,BS84LB7,9899089.0,29328565.04,0.73,USD,,,,equity,web_csv
2026-07-09,SIL,WPM,WHEATON PRECIOUS METALS CORP,CA9628791027,BDG1S92,8200062.0,907336860.3,21.84,USD,,,,equity,web_csv
2026-07-09,SIL,PAAS,PAN AMERICAN SILVER CORP,CA6979001089,2703396,11625104.0,512899588.48,12.35,USD,,,,equity,web_csv
2026-07-09,SIL,CDE,COEUR MINING INC,US1921085049,2208136,28373377.0,454541499.54,10.94,USD,,,,equity,web_csv
2026-07-09,SIL,HL,HECLA MINING CO,US4227041062,2418601,13136548.0,207426092.92,4.99,USD,,,,equity,web_csv
2026-07-09,SIL,AG CN,FIRST MAJESTIC SILVER CORP,CA32076V1031,2833583,11929628.0,204964855.74,4.93,USD,,,,equity,web_csv
2026-07-09,SIL,PE&OLES* MM,INDUSTRIAS PENOLES SAB DE CV,MXP554091415,2448200,4527314.0,199872376.23,4.81,USD,,,,equity,web_csv
2026-07-09,SIL,FRES LN,FRESNILLO PLC,GB00B2QPKJ12,B2QPKJ1,5168945.0,182879619.28,4.4,USD,,,,equity,web_csv
2026-07-09,SIL,SSRM,SSR MINING INC,CA7847301032,BF7MQ72,6019271.0,175461749.65,4.22,USD,,,,equity,web_csv
2026-07-09,SIL,OR CN,OR ROYALTIES INC,CA68390D1069,BPJJWP1,5588871.0,166138038.62,4.0,USD,,,,equity,web_csv
2026-07-09,SIL,BVN,CIA DE MINAS BUENAVENTUR-ADR,US2044481040,2210476,5526949.0,163321342.95,3.93,USD,,,,equity,web_csv
2026-07-09,SIL,DSV CN,DISCOVERY MINING LTD,CA25466C1077,BSBFLD9,19273388.0,120216440.23,2.89,USD,,,,equity,web_csv
2026-07-09,SIL,010130 KS,KOREA ZINC CO LTD,,6495428,138256.0,92075806.25,2.22,USD,,,,equity,web_csv
2026-07-09,SIL,AYA CN,AYA GOLD & SILVER INC,CA05466C1095,BK94091,4097036.0,81348098.81,1.96,USD,,,,equity,web_csv
2026-07-09,SIL,FVI CN,FORTUNA MINING CORP,CA3499421020,BPLQGB4,9106562.0,77877249.21,1.87,USD,,,,equity,web_csv
2026-07-09,SIL,EXK,ENDEAVOUR SILVER CORP,CA29258Y1034,B018TM7,8835504.0,72804552.96,1.75,USD,,,,equity,web_csv
2026-07-09,SIL,SVM CN,SILVERCORP METALS INC,CA82835P1036,2784261,6327114.0,60849224.78,1.47,USD,,,,equity,web_csv
2026-07-09,SIL,TFPM CN,TRIPLE FLAG PRECIOUS MET,CA89679M1041,BJ171P4,2081264.0,59284267.19,1.43,USD,,,,equity,web_csv
2026-07-09,SIL,HOC LN,HOCHSCHILD MINING PLC,GB00B1FW5029,B1FW502,9204138.0,57018965.62,1.37,USD,,,,equity,web_csv
2026-07-09,SIL,ABRA CN,ABRASILVER RESOURCE CORP,CA00379L3048,BR4XSQ5,4212888.0,40991868.42,0.99,USD,,,,equity,web_csv
2026-07-09,SIL,VZLA CN,VIZSLA SILVER CORP,CA92859G6085,BS84LB7,9899089.0,31081986.98,0.75,USD,,,,equity,web_csv
2026-07-09,SIL,,KOREAN WON,,,545549531.0,362238.66,0.01,USD,,,,fx,web_csv
2026-07-09,SIL,,OTHER PAYABLE & RECEIVABLES,CASH,,-90866.3,-90866.3,-0.0,USD,,,,cash,web_csv
2026-07-09,SIL,,CASH,CASH,,-2741692.81,-2741692.81,-0.07,USD,,,,cash,web_csv
2026-07-09,SIL,HYMC,HYCROFT MINING HOLDING CO-A,US44862P2083,BS70KX1,1348050.0,29387490.0,0.71,USD,,,,equity,web_csv
2026-07-09,SIL,ASM CN,AVINO SILVER & GOLD MINES,CA0539061030,2474261,4716816.0,28954876.84,0.7,USD,,,,equity,web_csv
2026-07-09,SIL,USA CN,AMERICAS GOLD AND SILVER CORP,CA03062D8035,BVMJP62,6506767.0,28924065.69,0.7,USD,,,,equity,web_csv
2026-07-09,SIL,MUX,MCEWEN INC,US58039P3055,BQGD8H7,1523239.0,27494463.95,0.66,USD,,,,equity,web_csv
2026-07-09,SIL,GGD CN,GOGOLD RESOURCES INC,CA38045Y1025,B60BNP0,12185279.0,26739261.03,0.64,USD,,,,equity,web_csv
2026-07-09,SIL,KCN AU,KINGSGATE CONSOLIDATED LTD,AU000000KCN1,6492731,7205243.0,23896991.83,0.57,USD,,,,equity,web_csv
2026-07-09,SIL,HSLV CN,HIGHLANDER SILVER CORP,CA43087N2041,BRBR2F7,4121750.0,19892587.76,0.48,USD,,,,equity,web_csv
2026-07-09,SIL,SCZ CN,SANTACRUZ SILVER MINING LTD,,BVV5T70,2560658.0,16947590.08,0.41,USD,,,,equity,web_csv
2026-07-09,SIL,ITR CN,INTEGRA RESOURCES CORP,CA45826T5098,BRK42Y8,5574231.0,12625352.98,0.3,USD,,,,equity,web_csv
2026-07-09,SIL,NUAG CN,NEW PACIFIC METALS CORP,CA64782A1075,BMW5909,2943736.0,11984728.68,0.29,USD,,,,equity,web_csv
2026-07-09,SIL,SLVR CN,SILVER TIGER METALS INC,,BLFLCL9,16248223.0,9171690.53,0.22,USD,,,,equity,web_csv
2026-07-09,SIL,ASL AU,ANDEAN SILVER LTD,AU0000343253,BSFS736,5372332.0,7268824.13,0.17,USD,,,,equity,web_csv
2026-07-09,SIL,GSVR CN,GUANAJUATO SILVER CO LTD,,BMDM727,21349355.0,7155366.82,0.17,USD,,,,equity,web_csv
2026-07-09,SIL,APM CN,ANDEAN PRECIOUS METALS CORP,CA03349X1015,BNDS6V4,1671560.0,6840746.52,0.17,USD,,,,equity,web_csv
2026-07-09,SIL,USL AU,UNICO SILVER LTD,,BQXR4J6,14393848.0,6541614.07,0.16,USD,,,,equity,web_csv
2026-07-09,SIL,GORO,GOLD RESOURCE CORP,,B1DZ912,4797131.0,6284241.61,0.15,USD,,,,equity,web_csv
2026-07-09,SIL,BRC CN,BLACKROCK SILVER CORP,,BNGHFP5,8940421.0,6182122.12,0.15,USD,,,,equity,web_csv
2026-07-09,SIL,SVL AU,SILVER MINES LTD,,B1HMJH5,61878239.0,5366790.78,0.13,USD,,,,equity,web_csv
2026-07-09,SIL,SOSI SS,SOTKAMO SILVER AB,,7788354,8190202.0,3597397.46,0.09,USD,,,,equity,web_csv
2026-07-09,SIL,AAG CN,AFTERMATH SILVER LTD,,BDFS6H8,7532398.0,3560914.91,0.09,USD,,,,equity,web_csv
2026-07-10,SIL,GORO,GOLD RESOURCE CORP,,B1DZ912,4797131.0,6140327.68,0.15,USD,,,,equity,web_csv
2026-07-10,SIL,BRC CN,BLACKROCK SILVER CORP,,BNGHFP5,8940421.0,6065371.65,0.15,USD,,,,equity,web_csv
2026-07-10,SIL,SVL AU,SILVER MINES LTD,,B1HMJH5,61878239.0,5587083.49,0.14,USD,,,,equity,web_csv
2026-07-10,SIL,AAG CN,AFTERMATH SILVER LTD,,BDFS6H8,7532398.0,3513220.51,0.09,USD,,,,equity,web_csv
2026-07-10,SIL,SOSI SS,SOTKAMO SILVER AB,,7788354,8190202.0,3482502.87,0.08,USD,,,,equity,web_csv
2026-07-10,SIL,HYMC,HYCROFT MINING HOLDING CO-A,US44862P2083,BS70KX1,1348050.0,28821309.0,0.7,USD,,,,equity,web_csv
2026-07-10,SIL,ASM CN,AVINO SILVER & GOLD MINES,CA0539061030,2474261,4716816.0,28466562.06,0.69,USD,,,,equity,web_csv
2026-07-10,SIL,USA CN,AMERICAS GOLD AND SILVER CORP,CA03062D8035,BVMJP62,6506767.0,27865452.12,0.67,USD,,,,equity,web_csv
2026-07-10,SIL,GGD CN,GOGOLD RESOURCES INC,CA38045Y1025,B60BNP0,12185279.0,27469728.99,0.66,USD,,,,equity,web_csv
2026-07-10,SIL,MUX,MCEWEN INC,US58039P3055,BQGD8H7,1523239.0,27235513.32,0.66,USD,,,,equity,web_csv
2026-07-10,SIL,KCN AU,KINGSGATE CONSOLIDATED LTD,AU000000KCN1,6492731,7205243.0,24971983.62,0.6,USD,,,,equity,web_csv
2026-07-10,SIL,HSLV CN,HIGHLANDER SILVER CORP,CA43087N2041,BRBR2F7,4121750.0,19632235.61,0.47,USD,,,,equity,web_csv
2026-07-10,SIL,SCZ CN,SANTACRUZ SILVER MINING LTD,,BVV5T70,2560658.0,16684404.62,0.4,USD,,,,equity,web_csv
2026-07-10,SIL,ITR CN,INTEGRA RESOURCES CORP,CA45826T5098,BRK42Y8,5574231.0,12211664.68,0.29,USD,,,,equity,web_csv
2026-07-10,SIL,NUAG CN,NEW PACIFIC METALS CORP,CA64782A1075,BMW5909,2943736.0,11899346.26,0.29,USD,,,,equity,web_csv
2026-07-10,SIL,SLVR CN,SILVER TIGER METALS INC,,BLFLCL9,16248223.0,8956301.15,0.22,USD,,,,equity,web_csv
2026-07-10,SIL,ASL AU,ANDEAN SILVER LTD,AU0000343253,BSFS736,5372332.0,7537339.48,0.18,USD,,,,equity,web_csv
2026-07-10,SIL,GSVR CN,GUANAJUATO SILVER CO LTD,,BMDM727,21349355.0,7091054.63,0.17,USD,,,,equity,web_csv
2026-07-10,SIL,APM CN,ANDEAN PRECIOUS METALS CORP,CA03349X1015,BNDS6V4,1671560.0,6851381.93,0.17,USD,,,,equity,web_csv
2026-07-10,SIL,USL AU,UNICO SILVER LTD,,BQXR4J6,14393848.0,6798133.49,0.16,USD,,,,equity,web_csv
2026-07-10,SIL,WPM,WHEATON PRECIOUS METALS CORP,CA9628791027,BDG1S92,8200062.0,902416823.1,21.79,USD,,,,equity,web_csv
2026-07-10,SIL,PAAS,PAN AMERICAN SILVER CORP,CA6979001089,2703396,11625104.0,507668291.68,12.26,USD,,,,equity,web_csv
2026-07-10,SIL,CDE,COEUR MINING INC,US1921085049,2208136,28373377.0,453406564.46,10.95,USD,,,,equity,web_csv
2026-07-10,SIL,HL,HECLA MINING CO,US4227041062,2418601,13136548.0,207820189.36,5.02,USD,,,,equity,web_csv
2026-07-10,SIL,PE&OLES* MM,INDUSTRIAS PENOLES SAB DE CV,MXP554091415,2448200,4527314.0,204092953.94,4.93,USD,,,,equity,web_csv
2026-07-10,SIL,AG CN,FIRST MAJESTIC SILVER CORP,CA32076V1031,2833583,11929628.0,202585746.68,4.89,USD,,,,equity,web_csv
2026-07-10,SIL,FRES LN,FRESNILLO PLC,GB00B2QPKJ12,B2QPKJ1,5168945.0,182716324.31,4.41,USD,,,,equity,web_csv
2026-07-10,SIL,SSRM,SSR MINING INC,CA7847301032,BF7MQ72,6019271.0,172030765.18,4.16,USD,,,,equity,web_csv
2026-07-10,SIL,BVN,CIA DE MINAS BUENAVENTUR-ADR,US2044481040,2210476,5526949.0,165808470.0,4.0,USD,,,,equity,web_csv
2026-07-10,SIL,OR CN,OR ROYALTIES INC,CA68390D1069,BPJJWP1,5588871.0,163829100.8,3.96,USD,,,,equity,web_csv
2026-07-10,SIL,DSV CN,DISCOVERY MINING LTD,CA25466C1077,BSBFLD9,19273388.0,117815487.93,2.85,USD,,,,equity,web_csv
2026-07-10,SIL,010130 KS,KOREA ZINC CO LTD,,6495428,138256.0,96002801.5,2.32,USD,,,,equity,web_csv
2026-07-10,SIL,AYA CN,AYA GOLD & SILVER INC,CA05466C1095,BK94091,4097036.0,83038049.88,2.0,USD,,,,equity,web_csv
2026-07-10,SIL,FVI CN,FORTUNA MINING CORP,CA3499421020,BPLQGB4,9106562.0,77419130.67,1.87,USD,,,,equity,web_csv
2026-07-10,SIL,EXK,ENDEAVOUR SILVER CORP,CA29258Y1034,B018TM7,8835504.0,71390872.32,1.72,USD,,,,equity,web_csv
2026-07-10,SIL,SVM CN,SILVERCORP METALS INC,CA82835P1036,2784261,6327114.0,60273132.91,1.46,USD,,,,equity,web_csv
2026-07-10,SIL,TFPM CN,TRIPLE FLAG PRECIOUS MET,CA89679M1041,BJ171P4,2081264.0,58523369.89,1.41,USD,,,,equity,web_csv
2026-07-10,SIL,HOC LN,HOCHSCHILD MINING PLC,GB00B1FW5029,B1FW502,9204138.0,56332469.5,1.36,USD,,,,equity,web_csv
2026-07-10,SIL,ABRA CN,ABRASILVER RESOURCE CORP,CA00379L3048,BR4XSQ5,4212888.0,41710583.29,1.01,USD,,,,equity,web_csv
2026-07-10,SIL,VZLA CN,VIZSLA SILVER CORP,CA92859G6085,BS84LB7,9899089.0,30990399.12,0.75,USD,,,,equity,web_csv
2026-07-10,SIL,,OTHER PAYABLE & RECEIVABLES,CASH,,-151557.99,-151557.99,-0.0,USD,,,,cash,web_csv
2026-07-10,SIL,,CASH,CASH,,-2383418.63,-2383418.63,-0.06,USD,,,,cash,web_csv
2026-07-13,SIL,USL AU,UNICO SILVER LTD,,BQXR4J6,14393848.0,6438480.93,0.16,USD,,,,equity,web_csv
2026-07-13,SIL,GORO,GOLD RESOURCE CORP,,B1DZ912,4797131.0,6140327.68,0.15,USD,,,,equity,web_csv
2026-07-13,SIL,SVL AU,SILVER MINES LTD,,B1HMJH5,61878239.0,6007762.67,0.15,USD,,,,equity,web_csv
2026-07-13,SIL,BRC CN,BLACKROCK SILVER CORP,,BNGHFP5,8940421.0,5941739.07,0.15,USD,,,,equity,web_csv
2026-07-13,SIL,AAG CN,AFTERMATH SILVER LTD,,BDFS6H8,7532398.0,3514835.04,0.09,USD,,,,equity,web_csv
2026-07-13,SIL,SOSI SS,SOTKAMO SILVER AB,,7788354,8190202.0,3478475.61,0.09,USD,,,,equity,web_csv
2026-07-13,SIL,,OTHER PAYABLE & RECEIVABLES,CASH,,-372452.76,-372452.76,-0.01,USD,,,,cash,web_csv
2026-07-13,SIL,,CASH,CASH,,-2383418.63,-2383418.63,-0.06,USD,,,,cash,web_csv
2026-07-13,SIL,WPM,WHEATON PRECIOUS METALS CORP,CA9628791027,BDG1S92,8200062.0,884212685.46,21.92,USD,,,,equity,web_csv
2026-07-13,SIL,PAAS,PAN AMERICAN SILVER CORP,CA6979001089,2703396,11625104.0,496391940.8,12.3,USD,,,,equity,web_csv
2026-07-13,SIL,CDE,COEUR MINING INC,US1921085049,2208136,28373377.0,442340947.43,10.96,USD,,,,equity,web_csv
2026-07-13,SIL,HL,HECLA MINING CO,US4227041062,2418601,13136548.0,200332357.0,4.97,USD,,,,equity,web_csv
2026-07-13,SIL,PE&OLES* MM,INDUSTRIAS PENOLES SAB DE CV,MXP554091415,2448200,4527314.0,198983420.19,4.93,USD,,,,equity,web_csv
2026-07-13,SIL,AG CN,FIRST MAJESTIC SILVER CORP,CA32076V1031,2833583,11929628.0,195762631.42,4.85,USD,,,,equity,web_csv
2026-07-13,SIL,FRES LN,FRESNILLO PLC,GB00B2QPKJ12,B2QPKJ1,5168945.0,176935314.68,4.39,USD,,,,equity,web_csv
2026-07-13,SIL,SSRM,SSR MINING INC,CA7847301032,BF7MQ72,6019271.0,167877468.19,4.16,USD,,,,equity,web_csv
2026-07-13,SIL,BVN,CIA DE MINAS BUENAVENTUR-ADR,US2044481040,2210476,5526949.0,164813619.18,4.08,USD,,,,equity,web_csv
2026-07-13,SIL,OR CN,OR ROYALTIES INC,CA68390D1069,BPJJWP1,5588871.0,160624721.54,3.98,USD,,,,equity,web_csv
2026-07-13,SIL,DSV CN,DISCOVERY MINING LTD,CA25466C1077,BSBFLD9,19273388.0,110511295.73,2.74,USD,,,,equity,web_csv
2026-07-13,SIL,010130 KS,KOREA ZINC CO LTD,,6495428,138256.0,94283224.11,2.34,USD,,,,equity,web_csv
2026-07-13,SIL,AYA CN,AYA GOLD & SILVER INC,CA05466C1095,BK94091,4097036.0,78383621.44,1.94,USD,,,,equity,web_csv
2026-07-13,SIL,FVI CN,FORTUNA MINING CORP,CA3499421020,BPLQGB4,9106562.0,76231401.36,1.89,USD,,,,equity,web_csv
2026-07-13,SIL,EXK,ENDEAVOUR SILVER CORP,CA29258Y1034,B018TM7,8835504.0,69270351.36,1.72,USD,,,,equity,web_csv
2026-07-13,SIL,SVM CN,SILVERCORP METALS INC,CA82835P1036,2784261,6327114.0,58690423.98,1.46,USD,,,,equity,web_csv
2026-07-13,SIL,TFPM CN,TRIPLE FLAG PRECIOUS MET,CA89679M1041,BJ171P4,2081264.0,57461368.21,1.42,USD,,,,equity,web_csv
2026-07-13,SIL,HOC LN,HOCHSCHILD MINING PLC,GB00B1FW5029,B1FW502,9204138.0,55009615.81,1.36,USD,,,,equity,web_csv
2026-07-13,SIL,ABRA CN,ABRASILVER RESOURCE CORP,CA00379L3048,BR4XSQ5,4212888.0,43814750.06,1.09,USD,,,,equity,web_csv
2026-07-13,SIL,VZLA CN,VIZSLA SILVER CORP,CA92859G6085,BS84LB7,9899089.0,29884834.58,0.74,USD,,,,equity,web_csv
2026-07-13,SIL,HYMC,HYCROFT MINING HOLDING CO-A,US44862P2083,BS70KX1,1348050.0,27540661.5,0.68,USD,,,,equity,web_csv
2026-07-13,SIL,ASM CN,AVINO SILVER & GOLD MINES,CA0539061030,2474261,4716816.0,27145702.94,0.67,USD,,,,equity,web_csv
2026-07-13,SIL,MUX,MCEWEN INC,US58039P3055,BQGD8H7,1523239.0,26610985.33,0.66,USD,,,,equity,web_csv
2026-07-13,SIL,GGD CN,GOGOLD RESOURCES INC,CA38045Y1025,B60BNP0,12185279.0,26276230.88,0.65,USD,,,,equity,web_csv
2026-07-13,SIL,USA CN,AMERICAS GOLD AND SILVER CORP,CA03062D8035,BVMJP62,6506767.0,26268127.52,0.65,USD,,,,equity,web_csv
2026-07-13,SIL,KCN AU,KINGSGATE CONSOLIDATED LTD,AU000000KCN1,6492731,7205243.0,21736252.77,0.54,USD,,,,equity,web_csv
2026-07-13,SIL,HSLV CN,HIGHLANDER SILVER CORP,CA43087N2041,BRBR2F7,4121750.0,18388180.5,0.46,USD,,,,equity,web_csv
2026-07-13,SIL,SCZ CN,SANTACRUZ SILVER MINING LTD,,BVV5T70,2560658.0,16221362.9,0.4,USD,,,,equity,web_csv
2026-07-13,SIL,ITR CN,INTEGRA RESOURCES CORP,CA45826T5098,BRK42Y8,5574231.0,11823170.96,0.29,USD,,,,equity,web_csv
2026-07-13,SIL,NUAG CN,NEW PACIFIC METALS CORP,CA64782A1075,BMW5909,2943736.0,11634250.74,0.29,USD,,,,equity,web_csv
2026-07-13,SIL,SLVR CN,SILVER TIGER METALS INC,,BLFLCL9,16248223.0,8960417.1,0.22,USD,,,,equity,web_csv
2026-07-13,SIL,ASL AU,ANDEAN SILVER LTD,AU0000343253,BSFS736,5372332.0,7153372.8,0.18,USD,,,,equity,web_csv
2026-07-13,SIL,GSVR CN,GUANAJUATO SILVER CO LTD,,BMDM727,21349355.0,7018841.96,0.17,USD,,,,equity,web_csv
2026-07-13,SIL,APM CN,ANDEAN PRECIOUS METALS CORP,CA03349X1015,BNDS6V4,1671560.0,6984530.26,0.17,USD,,,,equity,web_csv
2026-07-14,SIL,,OTHER PAYABLE & RECEIVABLES,CASH,,-484341.68,-484341.68,-0.01,USD,,,,cash,web_csv
2026-07-14,SIL,,CASH,CASH,,-2337414.77,-2337414.77,-0.06,USD,,,,cash,web_csv
2026-07-14,SIL,BRC CN,BLACKROCK SILVER CORP,,BNGHFP5,8940421.0,6169097.19,0.15,USD,,,,equity,web_csv
2026-07-14,SIL,GORO,GOLD RESOURCE CORP,,B1DZ912,4797131.0,5948442.44,0.14,USD,,,,equity,web_csv
2026-07-14,SIL,SVL AU,SILVER MINES LTD,,B1HMJH5,61878239.0,5837039.45,0.14,USD,,,,equity,web_csv
2026-07-14,SIL,AAG CN,AFTERMATH SILVER LTD,,BDFS6H8,7532398.0,3590045.64,0.09,USD,,,,equity,web_csv
2026-07-14,SIL,SOSI SS,SOTKAMO SILVER AB,,7788354,8190202.0,3495833.49,0.09,USD,,,,equity,web_csv
2026-07-14,SIL,WPM,WHEATON PRECIOUS METALS CORP,CA9628791027,BDG1S92,8200062.0,889624726.38,21.69,USD,,,,equity,web_csv
2026-07-14,SIL,PAAS,PAN AMERICAN SILVER CORP,CA6979001089,2703396,11625104.0,505808275.04,12.33,USD,,,,equity,web_csv
2026-07-14,SIL,CDE,COEUR MINING INC,US1921085049,2208136,28373377.0,453974032.0,11.07,USD,,,,equity,web_csv
2026-07-14,SIL,HL,HECLA MINING CO,US4227041062,2418601,13136548.0,203616494.0,4.96,USD,,,,equity,web_csv
2026-07-14,SIL,PE&OLES* MM,INDUSTRIAS PENOLES SAB DE CV,MXP554091415,2448200,4527314.0,203446608.62,4.96,USD,,,,equity,web_csv
2026-07-14,SIL,AG CN,FIRST MAJESTIC SILVER CORP,CA32076V1031,2833583,11929628.0,201974139.36,4.92,USD,,,,equity,web_csv
2026-07-14,SIL,FRES LN,FRESNILLO PLC,GB00B2QPKJ12,B2QPKJ1,5168945.0,179826148.93,4.38,USD,,,,equity,web_csv
2026-07-14,SIL,BVN,CIA DE MINAS BUENAVENTUR-ADR,US2044481040,2210476,5526949.0,171501227.47,4.18,USD,,,,equity,web_csv
2026-07-14,SIL,SSRM,SSR MINING INC,CA7847301032,BF7MQ72,6019271.0,167395926.51,4.08,USD,,,,equity,web_csv
2026-07-14,SIL,OR CN,OR ROYALTIES INC,CA68390D1069,BPJJWP1,5588871.0,161374550.16,3.93,USD,,,,equity,web_csv
2026-07-14,SIL,DSV CN,DISCOVERY MINING LTD,CA25466C1077,BSBFLD9,19273388.0,111191304.77,2.71,USD,,,,equity,web_csv
2026-07-14,SIL,010130 KS,KOREA ZINC CO LTD,,6495428,138256.0,93976119.2,2.29,USD,,,,equity,web_csv
2026-07-14,SIL,AYA CN,AYA GOLD & SILVER INC,CA05466C1095,BK94091,4097036.0,82013582.1,2.0,USD,,,,equity,web_csv
2026-07-14,SIL,FVI CN,FORTUNA MINING CORP,CA3499421020,BPLQGB4,9106562.0,77542626.46,1.89,USD,,,,equity,web_csv
2026-07-14,SIL,EXK,ENDEAVOUR SILVER CORP,CA29258Y1034,B018TM7,8835504.0,71390872.32,1.74,USD,,,,equity,web_csv
2026-07-14,SIL,SVM CN,SILVERCORP METALS INC,CA82835P1036,2784261,6327114.0,59411634.22,1.45,USD,,,,equity,web_csv
2026-07-14,SIL,TFPM CN,TRIPLE FLAG PRECIOUS MET,CA89679M1041,BJ171P4,2081264.0,58066636.37,1.42,USD,,,,equity,web_csv
2026-07-14,SIL,HOC LN,HOCHSCHILD MINING PLC,GB00B1FW5029,B1FW502,9204138.0,56959017.85,1.39,USD,,,,equity,web_csv
2026-07-14,SIL,ABRA CN,ABRASILVER RESOURCE CORP,CA00379L3048,BR4XSQ5,4212888.0,44324107.07,1.08,USD,,,,equity,web_csv
2026-07-14,SIL,VZLA CN,VIZSLA SILVER CORP,CA92859G6085,BS84LB7,9899089.0,31547514.65,0.77,USD,,,,equity,web_csv
2026-07-14,SIL,HYMC,HYCROFT MINING HOLDING CO-A,US44862P2083,BS70KX1,1348050.0,29468373.0,0.72,USD,,,,equity,web_csv
2026-07-14,SIL,ASM CN,AVINO SILVER & GOLD MINES,CA0539061030,2474261,4716816.0,28185135.62,0.69,USD,,,,equity,web_csv
2026-07-14,SIL,GGD CN,GOGOLD RESOURCES INC,CA38045Y1025,B60BNP0,12185279.0,27304733.31,0.67,USD,,,,equity,web_csv
2026-07-14,SIL,MUX,MCEWEN INC,US58039P3055,BQGD8H7,1523239.0,27189816.15,0.66,USD,,,,equity,web_csv
2026-07-14,SIL,USA CN,AMERICAS GOLD AND SILVER CORP,CA03062D8035,BVMJP62,6506767.0,27170351.98,0.66,USD,,,,equity,web_csv
2026-07-14,SIL,HSLV CN,HIGHLANDER SILVER CORP,CA43087N2041,BRBR2F7,4121750.0,18911817.54,0.46,USD,,,,equity,web_csv
2026-07-14,SIL,KCN AU,KINGSGATE CONSOLIDATED LTD,AU000000KCN1,6492731,7205243.0,18376483.58,0.45,USD,,,,equity,web_csv
2026-07-14,SIL,SCZ CN,SANTACRUZ SILVER MINING LTD,,BVV5T70,2560658.0,16521549.39,0.4,USD,,,,equity,web_csv
2026-07-14,SIL,ITR CN,INTEGRA RESOURCES CORP,CA45826T5098,BRK42Y8,5574231.0,12332106.28,0.3,USD,,,,equity,web_csv
2026-07-14,SIL,NUAG CN,NEW PACIFIC METALS CORP,CA64782A1075,BMW5909,2943736.0,11873365.19,0.29,USD,,,,equity,web_csv
2026-07-14,SIL,SLVR CN,SILVER TIGER METALS INC,,BLFLCL9,16248223.0,9015553.22,0.22,USD,,,,equity,web_csv
2026-07-14,SIL,ASL AU,ANDEAN SILVER LTD,AU0000343253,BSFS736,5372332.0,7301353.29,0.18,USD,,,,equity,web_csv
2026-07-14,SIL,GSVR CN,GUANAJUATO SILVER CO LTD,,BMDM727,21349355.0,7213902.63,0.18,USD,,,,equity,web_csv
2026-07-14,SIL,APM CN,ANDEAN PRECIOUS METALS CORP,CA03349X1015,BNDS6V4,1671560.0,7003726.41,0.17,USD,,,,equity,web_csv
2026-07-14,SIL,USL AU,UNICO SILVER LTD,,BQXR4J6,14393848.0,6889511.0,0.17,USD,,,,equity,web_csv
2026-07-15,SIL,,CANADIAN DOLLAR,,,-51812.06,-36872.97,-0.0,USD,,,,fx,web_csv
2026-07-15,SIL,,OTHER PAYABLE & RECEIVABLES,CASH,,-197714.4,-197714.4,-0.01,USD,,,,cash,web_csv
2026-07-15,SIL,,CASH,CASH,,-2650632.66,-2650632.66,-0.07,USD,,,,cash,web_csv
2026-07-15,SIL,GORO,GOLD RESOURCE CORP,,B1DZ912,4785626.0,6364882.58,0.16,USD,,,,equity,web_csv
2026-07-15,SIL,BRC CN,BLACKROCK SILVER CORP,,BNGHFP5,8918984.0,5966512.44,0.15,USD,,,,equity,web_csv
2026-07-15,SIL,SVL AU,SILVER MINES LTD,,B1HMJH5,61729831.0,5617027.05,0.14,USD,,,,equity,web_csv
2026-07-15,SIL,AAG CN,AFTERMATH SILVER LTD,,BDFS6H8,7514341.0,3636445.85,0.09,USD,,,,equity,web_csv
2026-07-15,SIL,SOSI SS,SOTKAMO SILVER AB,,7788354,8168557.0,3450565.6,0.09,USD,,,,equity,web_csv
2026-07-15,SIL,HYMC,HYCROFT MINING HOLDING CO-A,US44862P2083,BS70KX1,1344813.0,28093143.57,0.69,USD,,,,equity,web_csv
2026-07-15,SIL,ASM CN,AVINO SILVER & GOLD MINES,CA0539061030,2474261,4705506.0,27794683.7,0.68,USD,,,,equity,web_csv
2026-07-15,SIL,MUX,MCEWEN INC,US58039P3055,BQGD8H7,1519586.0,26729517.74,0.66,USD,,,,equity,web_csv
2026-07-15,SIL,GGD CN,GOGOLD RESOURCES INC,CA38045Y1025,B60BNP0,12156068.0,26558822.02,0.65,USD,,,,equity,web_csv
2026-07-15,SIL,USA CN,AMERICAS GOLD AND SILVER CORP,CA03062D8035,BVMJP62,6491167.0,26054287.36,0.64,USD,,,,equity,web_csv
2026-07-15,SIL,KCN AU,KINGSGATE CONSOLIDATED LTD,AU000000KCN1,6492731,7187966.0,21282098.86,0.52,USD,,,,equity,web_csv
2026-07-15,SIL,HSLV CN,HIGHLANDER SILVER CORP,CA43087N2041,BRBR2F7,4111870.0,18318546.92,0.45,USD,,,,equity,web_csv
2026-07-15,SIL,SCZ CN,SANTACRUZ SILVER MINING LTD,,BVV5T70,2554522.0,16270840.76,0.4,USD,,,,equity,web_csv
2026-07-15,SIL,ITR CN,INTEGRA RESOURCES CORP,CA45826T5098,BRK42Y8,5560867.0,11872469.84,0.29,USD,,,,equity,web_csv
2026-07-15,SIL,NUAG CN,NEW PACIFIC METALS CORP,CA64782A1075,BMW5909,2936677.0,11390164.5,0.28,USD,,,,equity,web_csv
2026-07-15,SIL,SLVR CN,SILVER TIGER METALS INC,,BLFLCL9,16209262.0,8882419.49,0.22,USD,,,,equity,web_csv
2026-07-15,SIL,ASL AU,ANDEAN SILVER LTD,AU0000343253,BSFS736,5359332.0,7277470.71,0.18,USD,,,,equity,web_csv
2026-07-15,SIL,APM CN,ANDEAN PRECIOUS METALS CORP,CA03349X1015,BNDS6V4,1667556.0,7084873.02,0.17,USD,,,,equity,web_csv
2026-07-15,SIL,GSVR CN,GUANAJUATO SILVER CO LTD,,BMDM727,21298161.0,6820746.86,0.17,USD,,,,equity,web_csv
2026-07-15,SIL,USL AU,UNICO SILVER LTD,,BQXR4J6,14359320.0,6583293.97,0.16,USD,,,,equity,web_csv
2026-07-15,SIL,WPM,WHEATON PRECIOUS METALS CORP,CA9628791027,BDG1S92,8180406.0,887819463.18,21.83,USD,,,,equity,web_csv
2026-07-15,SIL,PAAS,PAN AMERICAN SILVER CORP,CA6979001089,2703396,11597232.0,505291398.24,12.42,USD,,,,equity,web_csv
2026-07-15,SIL,CDE,COEUR MINING INC,US1921085049,2208136,28305348.0,450338086.68,11.07,USD,,,,equity,web_csv
2026-07-15,SIL,HL,HECLA MINING CO,US4227041062,2418601,13105114.0,202605062.44,4.98,USD,,,,equity,web_csv
2026-07-15,SIL,PE&OLES* MM,INDUSTRIAS PENOLES SAB DE CV,MXP554091415,2448200,4516459.0,201689794.52,4.96,USD,,,,equity,web_csv
2026-07-15,SIL,AG CN,FIRST MAJESTIC SILVER CORP,CA32076V1031,2833583,11901080.0,200391099.03,4.93,USD,,,,equity,web_csv
2026-07-15,SIL,FRES LN,FRESNILLO PLC,GB00B2QPKJ12,B2QPKJ1,5156582.0,174812348.93,4.3,USD,,,,equity,web_csv
2026-07-15,SIL,BVN,CIA DE MINAS BUENAVENTUR-ADR,US2044481040,2210476,5513728.0,169326586.88,4.16,USD,,,,equity,web_csv
2026-07-15,SIL,SSRM,SSR MINING INC,CA7847301032,BF7MQ72,6004867.0,163632625.75,4.02,USD,,,,equity,web_csv
2026-07-15,SIL,OR CN,OR ROYALTIES INC,CA68390D1069,BPJJWP1,5575468.0,160421429.2,3.94,USD,,,,equity,web_csv
2026-07-15,SIL,DSV CN,DISCOVERY MINING LTD,CA25466C1077,BSBFLD9,19227264.0,108372722.4,2.67,USD,,,,equity,web_csv
2026-07-15,SIL,010130 KS,KOREA ZINC CO LTD,,6495428,137918.0,94674177.27,2.33,USD,,,,equity,web_csv
2026-07-15,SIL,AYA CN,AYA GOLD & SILVER INC,CA05466C1095,BK94091,4087208.0,80630114.76,1.98,USD,,,,equity,web_csv
2026-07-15,SIL,FVI CN,FORTUNA MINING CORP,CA3499421020,BPLQGB4,9084722.0,76937118.31,1.89,USD,,,,equity,web_csv
2026-07-15,SIL,EXK,ENDEAVOUR SILVER CORP,CA29258Y1034,B018TM7,8814314.0,70161939.44,1.73,USD,,,,equity,web_csv
2026-07-15,SIL,SVM CN,SILVERCORP METALS INC,CA82835P1036,2784261,6311943.0,58890205.84,1.45,USD,,,,equity,web_csv
2026-07-15,SIL,TFPM CN,TRIPLE FLAG PRECIOUS MET,CA89679M1041,BJ171P4,2076272.0,56917764.96,1.4,USD,,,,equity,web_csv
2026-07-15,SIL,HOC LN,HOCHSCHILD MINING PLC,GB00B1FW5029,B1FW502,9182064.0,55918914.57,1.38,USD,,,,equity,web_csv
2026-07-15,SIL,ABRA CN,ABRASILVER RESOURCE CORP,CA00379L3048,BR4XSQ5,4202787.0,43578697.36,1.07,USD,,,,equity,web_csv
2026-07-15,SIL,VZLA CN,VIZSLA SILVER CORP,CA92859G6085,BS84LB7,9875351.0,31625861.65,0.78,USD,,,,equity,web_csv
2026-07-16,SIL,BRC CN,BLACKROCK SILVER CORP,,BNGHFP5,8927493.0,6043911.17,0.15,USD,,,,equity,web_csv
2026-07-16,SIL,SVL AU,SILVER MINES LTD,,B1HMJH5,61805242.0,5844364.98,0.15,USD,,,,equity,web_csv
2026-07-16,SIL,AAG CN,AFTERMATH SILVER LTD,,BDFS6H8,7521491.0,3484032.89,0.09,USD,,,,equity,web_csv
2026-07-16,SIL,SOSI SS,SOTKAMO SILVER AB,,7788354,8168557.0,3312149.53,0.09,USD,,,,equity,web_csv
2026-07-16,SIL,,CASH,CASH,,551308.92,551308.92,0.01,USD,,,,cash,web_csv
2026-07-16,SIL,,MEXICAN PESO,,,-3360819.04,-192696.46,-0.01,USD,,,,fx,web_csv
2026-07-16,SIL,,CANADIAN DOLLAR,,,-958171.66,-682823.2,-0.02,USD,,,,fx,web_csv
2026-07-16,SIL,,OTHER PAYABLE & RECEIVABLES,CASH,,-1057397.49,-1057397.49,-0.03,USD,,,,cash,web_csv
2026-07-16,SIL,WPM,WHEATON PRECIOUS METALS CORP,CA9628791027,BDG1S92,8188194.0,853619224.5,21.88,USD,,,,equity,web_csv
2026-07-16,SIL,PAAS,PAN AMERICAN SILVER CORP,CA6979001089,2703396,11608282.0,487315678.36,12.49,USD,,,,equity,web_csv
2026-07-16,SIL,CDE,COEUR MINING INC,US1921085049,2208136,28332341.0,419035323.39,10.74,USD,,,,equity,web_csv
2026-07-16,SIL,PE&OLES* MM,INDUSTRIAS PENOLES SAB DE CV,MXP554091415,2448200,4520774.0,201722788.7,5.17,USD,,,,equity,web_csv
2026-07-16,SIL,HL,HECLA MINING CO,US4227041062,2418601,13105114.0,190286255.28,4.88,USD,,,,equity,web_csv
2026-07-16,SIL,AG CN,FIRST MAJESTIC SILVER CORP,CA32076V1031,2833583,11901080.0,189043344.52,4.85,USD,,,,equity,web_csv
2026-07-16,SIL,FRES LN,FRESNILLO PLC,GB00B2QPKJ12,B2QPKJ1,5156582.0,170756960.9,4.38,USD,,,,equity,web_csv
2026-07-16,SIL,BVN,CIA DE MINAS BUENAVENTUR-ADR,US2044481040,2210476,5513728.0,166349173.76,4.26,USD,,,,equity,web_csv
2026-07-16,SIL,OR CN,OR ROYALTIES INC,CA68390D1069,BPJJWP1,5582215.0,156815189.95,4.02,USD,,,,equity,web_csv
2026-07-16,SIL,SSRM,SSR MINING INC,CA7847301032,BF7MQ72,6004867.0,155466006.63,3.98,USD,,,,equity,web_csv
2026-07-16,SIL,DSV CN,DISCOVERY MINING LTD,CA25466C1077,BSBFLD9,19227264.0,102764639.23,2.63,USD,,,,equity,web_csv
2026-07-16,SIL,010130 KS,KOREA ZINC CO LTD,,6495428,138187.0,96054597.22,2.46,USD,,,,equity,web_csv
2026-07-16,SIL,AYA CN,AYA GOLD & SILVER INC,CA05466C1095,BK94091,4091118.0,76764038.44,1.97,USD,,,,equity,web_csv
2026-07-16,SIL,FVI CN,FORTUNA MINING CORP,CA3499421020,BPLQGB4,9093390.0,74846716.19,1.92,USD,,,,equity,web_csv
2026-07-16,SIL,EXK,ENDEAVOUR SILVER CORP,CA29258Y1034,B018TM7,8822742.0,66082337.58,1.69,USD,,,,equity,web_csv
2026-07-16,SIL,TFPM CN,TRIPLE FLAG PRECIOUS MET,CA89679M1041,BJ171P4,2078861.0,56606648.0,1.45,USD,,,,equity,web_csv
2026-07-16,SIL,SVM CN,SILVERCORP METALS INC,CA82835P1036,2784261,6317952.0,55874423.17,1.43,USD,,,,equity,web_csv
2026-07-16,SIL,HOC LN,HOCHSCHILD MINING PLC,GB00B1FW5029,B1FW502,9190818.0,54323973.83,1.39,USD,,,,equity,web_csv
2026-07-16,SIL,ABRA CN,ABRASILVER RESOURCE CORP,CA00379L3048,BR4XSQ5,4206787.0,41190987.62,1.06,USD,,,,equity,web_csv
2026-07-16,SIL,VZLA CN,VIZSLA SILVER CORP,CA92859G6085,BS84LB7,9884782.0,30290085.59,0.78,USD,,,,equity,web_csv
2026-07-16,SIL,ASM CN,AVINO SILVER & GOLD MINES,CA0539061030,2474261,4709988.0,26012761.09,0.67,USD,,,,equity,web_csv
2026-07-16,SIL,GGD CN,GOGOLD RESOURCES INC,CA38045Y1025,B60BNP0,12167637.0,25406147.45,0.65,USD,,,,equity,web_csv
2026-07-16,SIL,MUX,MCEWEN INC,US58039P3055,BQGD8H7,1521038.0,25234020.42,0.65,USD,,,,equity,web_csv
2026-07-16,SIL,HYMC,HYCROFT MINING HOLDING CO-A,US44862P2083,BS70KX1,1346103.0,24815408.81,0.64,USD,,,,equity,web_csv
2026-07-16,SIL,USA CN,AMERICAS GOLD AND SILVER CORP,CA03062D8035,BVMJP62,6497364.0,24308684.13,0.62,USD,,,,equity,web_csv
2026-07-16,SIL,KCN AU,KINGSGATE CONSOLIDATED LTD,AU000000KCN1,6492731,7196720.0,20667917.21,0.53,USD,,,,equity,web_csv
2026-07-16,SIL,HSLV CN,HIGHLANDER SILVER CORP,CA43087N2041,BRBR2F7,4115783.0,16982279.4,0.43,USD,,,,equity,web_csv
2026-07-16,SIL,SCZ CN,SANTACRUZ SILVER MINING LTD,,BVV5T70,2556949.0,15543042.91,0.4,USD,,,,equity,web_csv
2026-07-16,SIL,ITR CN,INTEGRA RESOURCES CORP,CA45826T5098,BRK42Y8,5566171.0,12534545.06,0.32,USD,,,,equity,web_csv
2026-07-16,SIL,NUAG CN,NEW PACIFIC METALS CORP,CA64782A1075,BMW5909,2939488.0,11625981.4,0.3,USD,,,,equity,web_csv
2026-07-16,SIL,SLVR CN,SILVER TIGER METALS INC,,BLFLCL9,16224719.0,8324815.73,0.21,USD,,,,equity,web_csv
2026-07-16,SIL,ASL AU,ANDEAN SILVER LTD,AU0000343253,BSFS736,5413205.0,7242126.26,0.19,USD,,,,equity,web_csv
2026-07-16,SIL,APM CN,ANDEAN PRECIOUS METALS CORP,CA03349X1015,BNDS6V4,1669144.0,6839535.36,0.17,USD,,,,equity,web_csv
2026-07-16,SIL,GSVR CN,GUANAJUATO SILVER CO LTD,,BMDM727,21318478.0,6684575.32,0.17,USD,,,,equity,web_csv
2026-07-16,SIL,USL AU,UNICO SILVER LTD,,BQXR4J6,14376846.0,6495335.46,0.17,USD,,,,equity,web_csv
2026-07-17,SIL,WPM,WHEATON PRECIOUS METALS CORP,CA9628791027,BDG1S92,8185456.0,852760806.08,21.95,USD,,,,equity,web_csv
2026-07-17,SIL,PAAS,PAN AMERICAN SILVER CORP,CA6979001089,2703396,11604400.0,484715788.0,12.47,USD,,,,equity,web_csv
2026-07-17,SIL,CDE,COEUR MINING INC,US1921085049,2208136,28322868.0,406433155.8,10.46,USD,,,,equity,web_csv
2026-07-17,SIL,PE&OLES* MM,INDUSTRIAS PENOLES SAB DE CV,MXP554091415,2448200,4519264.0,206852731.1,5.32,USD,,,,equity,web_csv
2026-07-17,SIL,AG CN,FIRST MAJESTIC SILVER CORP,CA32076V1031,2833583,11884093.0,188025221.63,4.84,USD,,,,equity,web_csv
2026-07-17,SIL,HL,HECLA MINING CO,US4227041062,2418601,13086431.0,187528556.23,4.83,USD,,,,equity,web_csv
2026-07-17,SIL,FRES LN,FRESNILLO PLC,GB00B2QPKJ12,B2QPKJ1,5148790.0,169042016.4,4.35,USD,,,,equity,web_csv
2026-07-17,SIL,BVN,CIA DE MINAS BUENAVENTUR-ADR,US2044481040,2210476,5505812.0,166495754.88,4.29,USD,,,,equity,web_csv
2026-07-17,SIL,OR CN,OR ROYALTIES INC,CA68390D1069,BPJJWP1,5580348.0,157902442.96,4.06,USD,,,,equity,web_csv
2026-07-17,SIL,SSRM,SSR MINING INC,CA7847301032,BF7MQ72,5996284.0,153324981.88,3.95,USD,,,,equity,web_csv
2026-07-17,SIL,DSV CN,DISCOVERY MINING LTD,CA25466C1077,BSBFLD9,19199909.0,106053377.81,2.73,USD,,,,equity,web_csv
2026-07-17,SIL,010130 KS,KOREA ZINC CO LTD,,6495428,138187.0,96045017.7,2.47,USD,,,,equity,web_csv
2026-07-17,SIL,AYA CN,AYA GOLD & SILVER INC,CA05466C1095,BK94091,4089750.0,76731152.54,1.98,USD,,,,equity,web_csv
2026-07-17,SIL,FVI CN,FORTUNA MINING CORP,CA3499421020,BPLQGB4,9090350.0,74214882.43,1.91,USD,,,,equity,web_csv
2026-07-17,SIL,EXK,ENDEAVOUR SILVER CORP,CA29258Y1034,B018TM7,8819792.0,65354658.72,1.68,USD,,,,equity,web_csv
2026-07-17,SIL,TFPM CN,TRIPLE FLAG PRECIOUS MET,CA89679M1041,BJ171P4,2078166.0,56846460.5,1.46,USD,,,,equity,web_csv
2026-07-17,SIL,SVM CN,SILVERCORP METALS INC,CA82835P1036,2784261,6315840.0,56431269.79,1.45,USD,,,,equity,web_csv
2026-07-17,SIL,HOC LN,HOCHSCHILD MINING PLC,GB00B1FW5029,B1FW502,9187745.0,52670804.89,1.36,USD,,,,equity,web_csv
2026-07-17,SIL,ABRA CN,ABRASILVER RESOURCE CORP,CA00379L3048,BR4XSQ5,4205380.0,41956262.19,1.08,USD,,,,equity,web_csv
2026-07-17,SIL,VZLA CN,VIZSLA SILVER CORP,CA92859G6085,BS84LB7,9881477.0,30182138.49,0.78,USD,,,,equity,web_csv
2026-07-17,SIL,USL AU,UNICO SILVER LTD,,BQXR4J6,14376846.0,6121821.12,0.16,USD,,,,equity,web_csv
2026-07-17,SIL,BRC CN,BLACKROCK SILVER CORP,,BNGHFP5,8927493.0,5733983.02,0.15,USD,,,,equity,web_csv
2026-07-17,SIL,SVL AU,SILVER MINES LTD,,B1HMJH5,61805242.0,5608617.76,0.14,USD,,,,equity,web_csv
2026-07-17,SIL,AAG CN,AFTERMATH SILVER LTD,,BDFS6H8,7521491.0,3381651.62,0.09,USD,,,,equity,web_csv
2026-07-17,SIL,SOSI SS,SOTKAMO SILVER AB,,7788354,8168557.0,3285101.39,0.09,USD,,,,equity,web_csv
2026-07-17,SIL,,CASH,CASH,,1480600.63,1480600.63,0.04,USD,,,,cash,web_csv
2026-07-17,SIL,,CANADIAN DOLLAR,,,-119120.52,-85010.18,-0.0,USD,,,,fx,web_csv
2026-07-17,SIL,,MEXICAN PESO,,,-2195391.53,-125238.04,-0.0,USD,,,,fx,web_csv
2026-07-17,SIL,,OTHER PAYABLE & RECEIVABLES,CASH,,-448555.32,-448555.32,-0.01,USD,,,,cash,web_csv
2026-07-17,SIL,ASM CN,AVINO SILVER & GOLD MINES,CA0539061030,2474261,4708413.0,25940373.5,0.67,USD,,,,equity,web_csv
2026-07-17,SIL,HYMC,HYCROFT MINING HOLDING CO-A,US44862P2083,BS70KX1,1345653.0,25634689.65,0.66,USD,,,,equity,web_csv
2026-07-17,SIL,GGD CN,GOGOLD RESOURCES INC,CA38045Y1025,B60BNP0,12163568.0,25433901.33,0.66,USD,,,,equity,web_csv
2026-07-17,SIL,MUX,MCEWEN INC,US58039P3055,BQGD8H7,1520529.0,24891059.73,0.64,USD,,,,equity,web_csv
2026-07-17,SIL,USA CN,AMERICAS GOLD AND SILVER CORP,CA03062D8035,BVMJP62,6495191.0,24659708.2,0.64,USD,,,,equity,web_csv
2026-07-17,SIL,KCN AU,KINGSGATE CONSOLIDATED LTD,AU000000KCN1,6492731,7194313.0,19686230.92,0.51,USD,,,,equity,web_csv
2026-07-17,SIL,HSLV CN,HIGHLANDER SILVER CORP,CA43087N2041,BRBR2F7,4114406.0,16971465.96,0.44,USD,,,,equity,web_csv
2026-07-17,SIL,SCZ CN,SANTACRUZ SILVER MINING LTD,,BVV5T70,2556094.0,15249916.75,0.39,USD,,,,equity,web_csv
2026-07-17,SIL,NUAG CN,NEW PACIFIC METALS CORP,CA64782A1075,BMW5909,2939488.0,12041149.77,0.31,USD,,,,equity,web_csv
2026-07-17,SIL,ITR CN,INTEGRA RESOURCES CORP,CA45826T5098,BRK42Y8,5566171.0,11519640.25,0.3,USD,,,,equity,web_csv
2026-07-17,SIL,SLVR CN,SILVER TIGER METALS INC,,BLFLCL9,16224719.0,8452485.19,0.22,USD,,,,equity,web_csv
2026-07-17,SIL,APM CN,ANDEAN PRECIOUS METALS CORP,CA03349X1015,BNDS6V4,1669144.0,6980327.45,0.18,USD,,,,equity,web_csv
2026-07-17,SIL,ASL AU,ANDEAN SILVER LTD,AU0000343253,BSFS736,5413205.0,6952795.83,0.18,USD,,,,equity,web_csv
2026-07-17,SIL,GSVR CN,GUANAJUATO SILVER CO LTD,,BMDM727,21318478.0,6541977.19,0.17,USD,,,,equity,web_csv
2026-07-20,SIL,,CASH,CASH,,794904.21,794904.21,0.02,USD,,,,cash,web_csv
2026-07-20,SIL,,CANADIAN DOLLAR,,,839051.14,596892.04,0.01,USD,,,,fx,web_csv
2026-07-20,SIL,,MEXICAN PESO,,,1165427.51,66736.96,0.0,USD,,,,fx,web_csv
2026-07-20,SIL,,KOREAN WON,,,-276349496.0,-186931.04,-0.01,USD,,,,fx,web_csv
2026-07-20,SIL,,OTHER PAYABLE & RECEIVABLES,CASH,,-627411.31,-627411.31,-0.02,USD,,,,cash,web_csv
2026-07-20,SIL,WPM,WHEATON PRECIOUS METALS CORP,CA9628791027,BDG1S92,8185456.0,846785423.2,21.92,USD,,,,equity,web_csv
2026-07-20,SIL,PAAS,PAN AMERICAN SILVER CORP,CA6979001089,2703396,11604400.0,489589636.0,12.67,USD,,,,equity,web_csv
2026-07-20,SIL,CDE,COEUR MINING INC,US1921085049,2208136,28322868.0,401051810.88,10.38,USD,,,,equity,web_csv
2026-07-20,SIL,PE&OLES* MM,INDUSTRIAS PENOLES SAB DE CV,MXP554091415,2448200,4519264.0,203282772.99,5.26,USD,,,,equity,web_csv
2026-07-20,SIL,AG CN,FIRST MAJESTIC SILVER CORP,CA32076V1031,2833583,11884093.0,188613583.86,4.88,USD,,,,equity,web_csv
2026-07-20,SIL,HL,HECLA MINING CO,US4227041062,2418601,13086431.0,187005098.99,4.84,USD,,,,equity,web_csv
2026-07-20,SIL,FRES LN,FRESNILLO PLC,GB00B2QPKJ12,B2QPKJ1,5148790.0,169929573.52,4.4,USD,,,,equity,web_csv
2026-07-20,SIL,BVN,CIA DE MINAS BUENAVENTUR-ADR,US2044481040,2210476,5505812.0,165504708.72,4.28,USD,,,,equity,web_csv
2026-07-20,SIL,OR CN,OR ROYALTIES INC,CA68390D1069,BPJJWP1,5580348.0,156688009.93,4.06,USD,,,,equity,web_csv
2026-07-20,SIL,SSRM,SSR MINING INC,CA7847301032,BF7MQ72,5996284.0,150206914.2,3.89,USD,,,,equity,web_csv
2026-07-20,SIL,DSV CN,DISCOVERY MINING LTD,CA25466C1077,BSBFLD9,19199909.0,105444474.27,2.73,USD,,,,equity,web_csv
2026-07-20,SIL,010130 KS,KOREA ZINC CO LTD,,6495428,138141.0,89331211.15,2.31,USD,,,,equity,web_csv
2026-07-20,SIL,AYA CN,AYA GOLD & SILVER INC,CA05466C1095,BK94091,4089750.0,75644518.75,1.96,USD,,,,equity,web_csv
2026-07-20,SIL,FVI CN,FORTUNA MINING CORP,CA3499421020,BPLQGB4,9090350.0,73074592.73,1.89,USD,,,,equity,web_csv
2026-07-20,SIL,EXK,ENDEAVOUR SILVER CORP,CA29258Y1034,B018TM7,8819792.0,66148440.0,1.71,USD,,,,equity,web_csv
2026-07-20,SIL,TFPM CN,TRIPLE FLAG PRECIOUS MET,CA89679M1041,BJ171P4,2078166.0,56991747.39,1.48,USD,,,,equity,web_csv
2026-07-20,SIL,SVM CN,SILVERCORP METALS INC,CA82835P1036,2784261,6315840.0,56297556.52,1.46,USD,,,,equity,web_csv
2026-07-20,SIL,HOC LN,HOCHSCHILD MINING PLC,GB00B1FW5029,B1FW502,9187745.0,52179816.05,1.35,USD,,,,equity,web_csv
2026-07-20,SIL,ABRA CN,ABRASILVER RESOURCE CORP,CA00379L3048,BR4XSQ5,4205380.0,42601274.24,1.1,USD,,,,equity,web_csv
2026-07-20,SIL,VZLA CN,VIZSLA SILVER CORP,CA92859G6085,BS84LB7,9881477.0,31070732.26,0.8,USD,,,,equity,web_csv
2026-07-20,SIL,USL AU,UNICO SILVER LTD,,BQXR4J6,14376846.0,6038281.36,0.16,USD,,,,equity,web_csv
2026-07-20,SIL,BRC CN,BLACKROCK SILVER CORP,,BNGHFP5,8927493.0,5779340.28,0.15,USD,,,,equity,web_csv
2026-07-20,SIL,SVL AU,SILVER MINES LTD,,B1HMJH5,61805242.0,5407964.08,0.14,USD,,,,equity,web_csv
2026-07-20,SIL,AAG CN,AFTERMATH SILVER LTD,,BDFS6H8,7521491.0,3370946.38,0.09,USD,,,,equity,web_csv
2026-07-20,SIL,SOSI SS,SOTKAMO SILVER AB,,7788354,8168557.0,3230829.23,0.08,USD,,,,equity,web_csv
2026-07-20,SIL,ASM CN,AVINO SILVER & GOLD MINES,CA0539061030,2474261,4708413.0,26226701.14,0.68,USD,,,,equity,web_csv
2026-07-20,SIL,GGD CN,GOGOLD RESOURCES INC,CA38045Y1025,B60BNP0,12163568.0,25699506.98,0.67,USD,,,,equity,web_csv
2026-07-20,SIL,HYMC,HYCROFT MINING HOLDING CO-A,US44862P2083,BS70KX1,1345653.0,25244450.28,0.65,USD,,,,equity,web_csv
2026-07-20,SIL,MUX,MCEWEN INC,US58039P3055,BQGD8H7,1520529.0,25027907.34,0.65,USD,,,,equity,web_csv
2026-07-20,SIL,USA CN,AMERICAS GOLD AND SILVER CORP,CA03062D8035,BVMJP62,6495191.0,24443025.1,0.63,USD,,,,equity,web_csv
2026-07-20,SIL,KCN AU,KINGSGATE CONSOLIDATED LTD,AU000000KCN1,6492731,7194313.0,19841935.1,0.51,USD,,,,equity,web_csv
2026-07-20,SIL,HSLV CN,HIGHLANDER SILVER CORP,CA43087N2041,BRBR2F7,4114406.0,16683584.12,0.43,USD,,,,equity,web_csv
2026-07-20,SIL,SCZ CN,SANTACRUZ SILVER MINING LTD,,BVV5T70,2556094.0,15528948.4,0.4,USD,,,,equity,web_csv
2026-07-20,SIL,NUAG CN,NEW PACIFIC METALS CORP,CA64782A1075,BMW5909,2939488.0,12253965.77,0.32,USD,,,,equity,web_csv
2026-07-20,SIL,ITR CN,INTEGRA RESOURCES CORP,CA45826T5098,BRK42Y8,5566171.0,11562367.02,0.3,USD,,,,equity,web_csv
2026-07-20,SIL,SLVR CN,SILVER TIGER METALS INC,,BLFLCL9,16224719.0,8310306.38,0.21,USD,,,,equity,web_csv
2026-07-20,SIL,ASL AU,ANDEAN SILVER LTD,AU0000343253,BSFS736,5413205.0,6934322.54,0.18,USD,,,,equity,web_csv
2026-07-20,SIL,APM CN,ANDEAN PRECIOUS METALS CORP,CA03349X1015,BNDS6V4,1669144.0,6922607.61,0.18,USD,,,,equity,web_csv
2026-07-20,SIL,GSVR CN,GUANAJUATO SILVER CO LTD,,BMDM727,21318478.0,6369609.99,0.17,USD,,,,equity,web_csv
2026-07-21,SIL,,KOREAN WON,,,45758317.0,31058.38,0.0,USD,,,,fx,web_csv
2026-07-21,SIL,,OTHER PAYABLE & RECEIVABLES,CASH,,-1273992.48,-1273992.48,-0.03,USD,,,,cash,web_csv
2026-07-21,SIL,WPM,WHEATON PRECIOUS METALS CORP,CA9628791027,BDG1S92,8162746.0,897575550.16,22.0,USD,,,,equity,web_csv
2026-07-21,SIL,PAAS,PAN AMERICAN SILVER CORP,CA6979001089,2703396,11572195.0,514152623.85,12.6,USD,,,,equity,web_csv
2026-07-21,SIL,CDE,COEUR MINING INC,US1921085049,2208136,28244283.0,432137529.9,10.59,USD,,,,equity,web_csv
2026-07-21,SIL,PE&OLES* MM,INDUSTRIAS PENOLES SAB DE CV,MXP554091415,2448200,4506739.0,206459695.21,5.06,USD,,,,equity,web_csv
2026-07-21,SIL,AG CN,FIRST MAJESTIC SILVER CORP,CA32076V1031,2833583,11851123.0,200062597.96,4.9,USD,,,,equity,web_csv
2026-07-21,SIL,HL,HECLA MINING CO,US4227041062,2418601,13050116.0,199536273.64,4.89,USD,,,,equity,web_csv
2026-07-21,SIL,FRES LN,FRESNILLO PLC,GB00B2QPKJ12,B2QPKJ1,5134510.0,176157244.89,4.32,USD,,,,equity,web_csv
2026-07-21,SIL,BVN,CIA DE MINAS BUENAVENTUR-ADR,US2044481040,2210476,5490527.0,171578968.75,4.21,USD,,,,equity,web_csv
2026-07-21,SIL,SSRM,SSR MINING INC,CA7847301032,BF7MQ72,5979649.0,162706249.29,3.99,USD,,,,equity,web_csv
2026-07-21,SIL,OR CN,OR ROYALTIES INC,CA68390D1069,BPJJWP1,5564868.0,162612215.18,3.99,USD,,,,equity,web_csv
2026-07-21,SIL,DSV CN,DISCOVERY MINING LTD,CA25466C1077,BSBFLD9,19146629.0,115891960.53,2.84,USD,,,,equity,web_csv
2026-07-21,SIL,010130 KS,KOREA ZINC CO LTD,,6495428,137751.0,89290847.08,2.19,USD,,,,equity,web_csv
2026-07-21,SIL,AYA CN,AYA GOLD & SILVER INC,CA05466C1095,BK94091,4078395.0,78456830.55,1.92,USD,,,,equity,web_csv
2026-07-21,SIL,FVI CN,FORTUNA MINING CORP,CA3499421020,BPLQGB4,9065120.0,76869387.26,1.88,USD,,,,equity,web_csv
2026-07-21,SIL,EXK,ENDEAVOUR SILVER CORP,CA29258Y1034,B018TM7,8795312.0,72121558.4,1.77,USD,,,,equity,web_csv
2026-07-21,SIL,SVM CN,SILVERCORP METALS INC,CA82835P1036,2784261,6298320.0,60111693.45,1.47,USD,,,,equity,web_csv
2026-07-21,SIL,TFPM CN,TRIPLE FLAG PRECIOUS MET,CA89679M1041,BJ171P4,2072406.0,59117063.12,1.45,USD,,,,equity,web_csv
2026-07-21,SIL,HOC LN,HOCHSCHILD MINING PLC,GB00B1FW5029,B1FW502,9162245.0,54611841.12,1.34,USD,,,,equity,web_csv
2026-07-21,SIL,ABRA CN,ABRASILVER RESOURCE CORP,CA00379L3048,BR4XSQ5,4193710.0,45798259.29,1.12,USD,,,,equity,web_csv
2026-07-21,SIL,VZLA CN,VIZSLA SILVER CORP,CA92859G6085,BS84LB7,9854057.0,32304944.72,0.79,USD,,,,equity,web_csv
2026-07-21,SIL,BRC CN,BLACKROCK SILVER CORP,,BNGHFP5,8902728.0,6064657.71,0.15,USD,,,,equity,web_csv
2026-07-21,SIL,SVL AU,SILVER MINES LTD,,B1HMJH5,61633792.0,5828152.5,0.14,USD,,,,equity,web_csv
2026-07-21,SIL,AAG CN,AFTERMATH SILVER LTD,,BDFS6H8,7500626.0,3459575.59,0.09,USD,,,,equity,web_csv
2026-07-21,SIL,SOSI SS,SOTKAMO SILVER AB,,7788354,8143552.0,3315385.49,0.08,USD,,,,equity,web_csv
2026-07-21,SIL,,CASH,CASH,,1830798.41,1830798.41,0.04,USD,,,,cash,web_csv
2026-07-21,SIL,ASM CN,AVINO SILVER & GOLD MINES,CA0539061030,2474261,4695348.0,28520261.76,0.7,USD,,,,equity,web_csv
2026-07-21,SIL,HYMC,HYCROFT MINING HOLDING CO-A,US44862P2083,BS70KX1,1341918.0,27804540.96,0.68,USD,,,,equity,web_csv
2026-07-21,SIL,MUX,MCEWEN INC,US58039P3055,BQGD8H7,1516314.0,26960062.92,0.66,USD,,,,equity,web_csv
2026-07-21,SIL,GGD CN,GOGOLD RESOURCES INC,CA38045Y1025,B60BNP0,12129818.0,26940805.63,0.66,USD,,,,equity,web_csv
2026-07-21,SIL,USA CN,AMERICAS GOLD AND SILVER CORP,CA03062D8035,BVMJP62,6477161.0,26749744.2,0.66,USD,,,,equity,web_csv
2026-07-21,SIL,KCN AU,KINGSGATE CONSOLIDATED LTD,AU000000KCN1,6492731,7174348.0,19950381.09,0.49,USD,,,,equity,web_csv
2026-07-21,SIL,HSLV CN,HIGHLANDER SILVER CORP,CA43087N2041,BRBR2F7,4102991.0,18138466.51,0.45,USD,,,,equity,web_csv
2026-07-21,SIL,SCZ CN,SANTACRUZ SILVER MINING LTD,,BVV5T70,2548999.0,16658705.55,0.41,USD,,,,equity,web_csv
2026-07-21,SIL,NUAG CN,NEW PACIFIC METALS CORP,CA64782A1075,BMW5909,2931328.0,12709181.54,0.31,USD,,,,equity,web_csv
2026-07-21,SIL,ITR CN,INTEGRA RESOURCES CORP,CA45826T5098,BRK42Y8,5550736.0,12013301.26,0.29,USD,,,,equity,web_csv
2026-07-21,SIL,SLVR CN,SILVER TIGER METALS INC,,BLFLCL9,16179719.0,8840435.43,0.22,USD,,,,equity,web_csv
2026-07-21,SIL,APM CN,ANDEAN PRECIOUS METALS CORP,CA03349X1015,BNDS6V4,1664509.0,7346635.43,0.18,USD,,,,equity,web_csv
2026-07-21,SIL,ASL AU,ANDEAN SILVER LTD,AU0000343253,BSFS736,5398190.0,7203132.39,0.18,USD,,,,equity,web_csv
2026-07-21,SIL,GSVR CN,GUANAJUATO SILVER CO LTD,,BMDM727,21259348.0,6713081.33,0.17,USD,,,,equity,web_csv
2026-07-21,SIL,USL AU,UNICO SILVER LTD,,BQXR4J6,14336961.0,6427104.01,0.16,USD,,,,equity,web_csv
2026-07-22,SIL,BRC CN,BLACKROCK SILVER CORP,,BNGHFP5,8902728.0,6447358.84,0.15,USD,,,,equity,web_csv
2026-07-22,SIL,SVL AU,SILVER MINES LTD,,B1HMJH5,61633792.0,5821465.15,0.14,USD,,,,equity,web_csv
2026-07-22,SIL,AAG CN,AFTERMATH SILVER LTD,,BDFS6H8,7500626.0,3834321.93,0.09,USD,,,,equity,web_csv
2026-07-22,SIL,SOSI SS,SOTKAMO SILVER AB,,7788354,8143552.0,3461640.8,0.08,USD,,,,equity,web_csv
2026-07-22,SIL,WPM,WHEATON PRECIOUS METALS CORP,CA9628791027,BDG1S92,8162746.0,909003394.56,21.71,USD,,,,equity,web_csv
2026-07-22,SIL,PAAS,PAN AMERICAN SILVER CORP,CA6979001089,2703396,11572195.0,524104711.55,12.52,USD,,,,equity,web_csv
2026-07-22,SIL,CDE,COEUR MINING INC,US1921085049,2208136,28244283.0,447389442.72,10.68,USD,,,,equity,web_csv
2026-07-22,SIL,PE&OLES* MM,INDUSTRIAS PENOLES SAB DE CV,MXP554091415,2448200,4506739.0,211808962.76,5.06,USD,,,,equity,web_csv
2026-07-22,SIL,HL,HECLA MINING CO,US4227041062,2418601,13050116.0,204756320.04,4.89,USD,,,,equity,web_csv
2026-07-22,SIL,AG CN,FIRST MAJESTIC SILVER CORP,CA32076V1031,2833583,11851123.0,204719956.4,4.89,USD,,,,equity,web_csv
2026-07-22,SIL,FRES LN,FRESNILLO PLC,GB00B2QPKJ12,B2QPKJ1,5134510.0,182666567.7,4.36,USD,,,,equity,web_csv
2026-07-22,SIL,BVN,CIA DE MINAS BUENAVENTUR-ADR,US2044481040,2210476,5490527.0,176191011.43,4.21,USD,,,,equity,web_csv
2026-07-22,SIL,SSRM,SSR MINING INC,CA7847301032,BF7MQ72,5979649.0,167908543.92,4.01,USD,,,,equity,web_csv
2026-07-22,SIL,OR CN,OR ROYALTIES INC,CA68390D1069,BPJJWP1,5564868.0,164008428.19,3.92,USD,,,,equity,web_csv
2026-07-22,SIL,DSV CN,DISCOVERY MINING LTD,CA25466C1077,BSBFLD9,19146629.0,123570490.69,2.95,USD,,,,equity,web_csv
2026-07-22,SIL,010130 KS,KOREA ZINC CO LTD,,6495428,137751.0,92504049.45,2.21,USD,,,,equity,web_csv
2026-07-22,SIL,AYA CN,AYA GOLD & SILVER INC,CA05466C1095,BK94091,4078395.0,85161416.42,2.03,USD,,,,equity,web_csv
2026-07-22,SIL,FVI CN,FORTUNA MINING CORP,CA3499421020,BPLQGB4,9065120.0,77878484.86,1.86,USD,,,,equity,web_csv
2026-07-22,SIL,EXK,ENDEAVOUR SILVER CORP,CA29258Y1034,B018TM7,8795312.0,73352902.08,1.75,USD,,,,equity,web_csv
2026-07-22,SIL,SVM CN,SILVERCORP METALS INC,CA82835P1036,2784261,6298320.0,62560614.01,1.49,USD,,,,equity,web_csv
2026-07-22,SIL,TFPM CN,TRIPLE FLAG PRECIOUS MET,CA89679M1041,BJ171P4,2072406.0,60474909.72,1.44,USD,,,,equity,web_csv
2026-07-22,SIL,HOC LN,HOCHSCHILD MINING PLC,GB00B1FW5029,B1FW502,9162245.0,56466750.87,1.35,USD,,,,equity,web_csv
2026-07-22,SIL,ABRA CN,ABRASILVER RESOURCE CORP,CA00379L3048,BR4XSQ5,4193710.0,46538881.25,1.11,USD,,,,equity,web_csv
2026-07-22,SIL,VZLA CN,VIZSLA SILVER CORP,CA92859G6085,BS84LB7,9854057.0,33582643.05,0.8,USD,,,,equity,web_csv
2026-07-22,SIL,,CASH,CASH,,1617744.2,1617744.2,0.04,USD,,,,cash,web_csv
2026-07-22,SIL,,KOREAN WON,,,369515030.0,249638.58,0.01,USD,,,,fx,web_csv
2026-07-22,SIL,,OTHER PAYABLE & RECEIVABLES,CASH,,-1352297.29,-1352297.29,-0.03,USD,,,,cash,web_csv
2026-07-22,SIL,ASM CN,AVINO SILVER & GOLD MINES,CA0539061030,2474261,4695348.0,29336548.97,0.7,USD,,,,equity,web_csv
2026-07-22,SIL,HYMC,HYCROFT MINING HOLDING CO-A,US44862P2083,BS70KX1,1341918.0,29119620.6,0.69,USD,,,,equity,web_csv
2026-07-22,SIL,GGD CN,GOGOLD RESOURCES INC,CA38045Y1025,B60BNP0,12129818.0,27472838.52,0.66,USD,,,,equity,web_csv
2026-07-22,SIL,MUX,MCEWEN INC,US58039P3055,BQGD8H7,1516314.0,27278488.86,0.65,USD,,,,equity,web_csv
2026-07-22,SIL,USA CN,AMERICAS GOLD AND SILVER CORP,CA03062D8035,BVMJP62,6477161.0,26994877.4,0.65,USD,,,,equity,web_csv
2026-07-22,SIL,KCN AU,KINGSGATE CONSOLIDATED LTD,AU000000KCN1,6492731,7174348.0,21433345.2,0.51,USD,,,,equity,web_csv
2026-07-22,SIL,HSLV CN,HIGHLANDER SILVER CORP,CA43087N2041,BRBR2F7,4102991.0,19314019.19,0.46,USD,,,,equity,web_csv
2026-07-22,SIL,SCZ CN,SANTACRUZ SILVER MINING LTD,,BVV5T70,2548999.0,17048223.64,0.41,USD,,,,equity,web_csv
2026-07-22,SIL,NUAG CN,NEW PACIFIC METALS CORP,CA64782A1075,BMW5909,2931328.0,13736209.88,0.33,USD,,,,equity,web_csv
2026-07-22,SIL,ITR CN,INTEGRA RESOURCES CORP,CA45826T5098,BRK42Y8,5550736.0,12020124.82,0.29,USD,,,,equity,web_csv
2026-07-22,SIL,SLVR CN,SILVER TIGER METALS INC,,BLFLCL9,16179719.0,9994217.42,0.24,USD,,,,equity,web_csv
2026-07-22,SIL,APM CN,ANDEAN PRECIOUS METALS CORP,CA03349X1015,BNDS6V4,1664509.0,7575350.7,0.18,USD,,,,equity,web_csv
2026-07-22,SIL,ASL AU,ANDEAN SILVER LTD,AU0000343253,BSFS736,5398190.0,7421477.34,0.18,USD,,,,equity,web_csv
2026-07-22,SIL,GSVR CN,GUANAJUATO SILVER CO LTD,,BMDM727,21259348.0,7245189.42,0.17,USD,,,,equity,web_csv
2026-07-22,SIL,USL AU,UNICO SILVER LTD,,BQXR4J6,14336961.0,6921270.76,0.17,USD,,,,equity,web_csv
2026-07-23,SIL,SVL AU,SILVER MINES LTD,,B1HMJH5,61633792.0,6016365.02,0.15,USD,,,,equity,web_csv
2026-07-23,SIL,BRC CN,BLACKROCK SILVER CORP,,BNGHFP5,8902728.0,6003614.27,0.15,USD,,,,equity,web_csv
2026-07-23,SIL,SOSI SS,SOTKAMO SILVER AB,,7788354,8143552.0,3495301.51,0.09,USD,,,,equity,web_csv
2026-07-23,SIL,AAG CN,AFTERMATH SILVER LTD,,BDFS6H8,7500626.0,3460803.48,0.09,USD,,,,equity,web_csv
2026-07-23,SIL,,CASH,CASH,,1870544.26,1870544.26,0.05,USD,,,,cash,web_csv
2026-07-23,SIL,,OTHER PAYABLE & RECEIVABLES,CASH,,-1425325.53,-1425325.53,-0.04,USD,,,,cash,web_csv
2026-07-23,SIL,WPM,WHEATON PRECIOUS METALS CORP,CA9628791027,BDG1S92,8162746.0,898146942.38,22.07,USD,,,,equity,web_csv
2026-07-23,SIL,PAAS,PAN AMERICAN SILVER CORP,CA6979001089,2703396,11572195.0,511375297.05,12.57,USD,,,,equity,web_csv
2026-07-23,SIL,CDE,COEUR MINING INC,US1921085049,2208136,28244283.0,430442872.92,10.58,USD,,,,equity,web_csv
2026-07-23,SIL,PE&OLES* MM,INDUSTRIAS PENOLES SAB DE CV,MXP554091415,2448200,4506739.0,206616700.99,5.08,USD,,,,equity,web_csv
2026-07-23,SIL,HL,HECLA MINING CO,US4227041062,2418601,13050116.0,199927777.12,4.91,USD,,,,equity,web_csv
2026-07-23,SIL,AG CN,FIRST MAJESTIC SILVER CORP,CA32076V1031,2833583,11851123.0,194749598.9,4.79,USD,,,,equity,web_csv
2026-07-23,SIL,BVN,CIA DE MINAS BUENAVENTUR-ADR,US2044481040,2210476,5490527.0,171963305.64,4.23,USD,,,,equity,web_csv
2026-07-23,SIL,FRES LN,FRESNILLO PLC,GB00B2QPKJ12,B2QPKJ1,5134510.0,170728696.58,4.2,USD,,,,equity,web_csv
2026-07-23,SIL,SSRM,SSR MINING INC,CA7847301032,BF7MQ72,5979649.0,162646452.8,4.0,USD,,,,equity,web_csv
2026-07-23,SIL,OR CN,OR ROYALTIES INC,CA68390D1069,BPJJWP1,5564868.0,161563869.53,3.97,USD,,,,equity,web_csv
2026-07-23,SIL,DSV CN,DISCOVERY MINING LTD,CA25466C1077,BSBFLD9,19146629.0,115933093.43,2.85,USD,,,,equity,web_csv
2026-07-23,SIL,010130 KS,KOREA ZINC CO LTD,,6495428,137751.0,97940824.84,2.41,USD,,,,equity,web_csv
2026-07-23,SIL,AYA CN,AYA GOLD & SILVER INC,CA05466C1095,BK94091,4078395.0,81234969.8,2.0,USD,,,,equity,web_csv
2026-07-23,SIL,FVI CN,FORTUNA MINING CORP,CA3499421020,BPLQGB4,9065120.0,76124485.96,1.87,USD,,,,equity,web_csv
2026-07-23,SIL,EXK,ENDEAVOUR SILVER CORP,CA29258Y1034,B018TM7,8795312.0,69570917.92,1.71,USD,,,,equity,web_csv
2026-07-23,SIL,SVM CN,SILVERCORP METALS INC,CA82835P1036,2784261,6298320.0,60580114.29,1.49,USD,,,,equity,web_csv
2026-07-23,SIL,TFPM CN,TRIPLE FLAG PRECIOUS MET,CA89679M1041,BJ171P4,2072406.0,59461686.26,1.46,USD,,,,equity,web_csv
2026-07-23,SIL,HOC LN,HOCHSCHILD MINING PLC,GB00B1FW5029,B1FW502,9162245.0,53439820.36,1.31,USD,,,,equity,web_csv
2026-07-23,SIL,ABRA CN,ABRASILVER RESOURCE CORP,CA00379L3048,BR4XSQ5,4193710.0,44474908.54,1.09,USD,,,,equity,web_csv
2026-07-23,SIL,VZLA CN,VIZSLA SILVER CORP,CA92859G6085,BS84LB7,9854057.0,31896716.89,0.78,USD,,,,equity,web_csv
2026-07-23,SIL,HYMC,HYCROFT MINING HOLDING CO-A,US44862P2083,BS70KX1,1341918.0,27482480.64,0.68,USD,,,,equity,web_csv
2026-07-23,SIL,MUX,MCEWEN INC,US58039P3055,BQGD8H7,1516314.0,26671963.26,0.66,USD,,,,equity,web_csv
2026-07-23,SIL,ASM CN,AVINO SILVER & GOLD MINES,CA0539061030,2474261,4695348.0,26597250.78,0.65,USD,,,,equity,web_csv
2026-07-23,SIL,USA CN,AMERICAS GOLD AND SILVER CORP,CA03062D8035,BVMJP62,6477161.0,26253479.55,0.65,USD,,,,equity,web_csv
2026-07-23,SIL,GGD CN,GOGOLD RESOURCES INC,CA38045Y1025,B60BNP0,12129818.0,26003230.07,0.64,USD,,,,equity,web_csv
2026-07-23,SIL,KCN AU,KINGSGATE CONSOLIDATED LTD,AU000000KCN1,6492731,7174348.0,21910071.91,0.54,USD,,,,equity,web_csv
2026-07-23,SIL,HSLV CN,HIGHLANDER SILVER CORP,CA43087N2041,BRBR2F7,4102991.0,17678903.55,0.43,USD,,,,equity,web_csv
2026-07-23,SIL,SCZ CN,SANTACRUZ SILVER MINING LTD,,BVV5T70,2548999.0,16103702.64,0.4,USD,,,,equity,web_csv
2026-07-23,SIL,NUAG CN,NEW PACIFIC METALS CORP,CA64782A1075,BMW5909,2931328.0,13067428.46,0.32,USD,,,,equity,web_csv
2026-07-23,SIL,ITR CN,INTEGRA RESOURCES CORP,CA45826T5098,BRK42Y8,5550736.0,11820555.81,0.29,USD,,,,equity,web_csv
2026-07-23,SIL,SLVR CN,SILVER TIGER METALS INC,,BLFLCL9,16179719.0,9073276.32,0.22,USD,,,,equity,web_csv
2026-07-23,SIL,ASL AU,ANDEAN SILVER LTD,AU0000343253,BSFS736,5398190.0,7490115.19,0.18,USD,,,,equity,web_csv
2026-07-23,SIL,APM CN,ANDEAN PRECIOUS METALS CORP,CA03349X1015,BNDS6V4,1664509.0,7301980.92,0.18,USD,,,,equity,web_csv
2026-07-23,SIL,USL AU,UNICO SILVER LTD,,BQXR4J6,14336961.0,7047473.87,0.17,USD,,,,equity,web_csv
2026-07-23,SIL,GSVR CN,GUANAJUATO SILVER CO LTD,,BMDM727,21259348.0,6866373.27,0.17,USD,,,,equity,web_csv
2026-07-24,SIL,BRC CN,BLACKROCK SILVER CORP,,BNGHFP5,8886218.0,5868822.74,0.14,USD,,,,equity,web_csv
2026-07-24,SIL,SVL AU,SILVER MINES LTD,,B1HMJH5,61519492.0,5589085.32,0.14,USD,,,,equity,web_csv
2026-07-24,SIL,AAG CN,AFTERMATH SILVER LTD,,BDFS6H8,7486716.0,3402690.22,0.08,USD,,,,equity,web_csv
2026-07-24,SIL,SOSI SS,SOTKAMO SILVER AB,,7788354,8126882.0,3327670.12,0.08,USD,,,,equity,web_csv
2026-07-24,SIL,,CASH,CASH,,1870544.26,1870544.26,0.05,USD,,,,cash,web_csv
2026-07-24,SIL,HYMC,HYCROFT MINING HOLDING CO-A,US44862P2083,BS70KX1,1339428.0,27083234.16,0.67,USD,,,,equity,web_csv
2026-07-24,SIL,ASM CN,AVINO SILVER & GOLD MINES,CA0539061030,2474261,4686638.0,26459377.27,0.65,USD,,,,equity,web_csv
2026-07-24,SIL,MUX,MCEWEN INC,US58039P3055,BQGD8H7,1513504.0,25986863.68,0.64,USD,,,,equity,web_csv
2026-07-24,SIL,GGD CN,GOGOLD RESOURCES INC,CA38045Y1025,B60BNP0,12107318.0,25794094.38,0.63,USD,,,,equity,web_csv
2026-07-24,SIL,USA CN,AMERICAS GOLD AND SILVER CORP,CA03062D8035,BVMJP62,6465141.0,25710889.89,0.63,USD,,,,equity,web_csv
2026-07-24,SIL,KCN AU,KINGSGATE CONSOLIDATED LTD,AU000000KCN1,6492731,7161038.0,20418356.75,0.5,USD,,,,equity,web_csv
2026-07-24,SIL,HSLV CN,HIGHLANDER SILVER CORP,CA43087N2041,BRBR2F7,4095381.0,18148050.59,0.45,USD,,,,equity,web_csv
2026-07-24,SIL,SCZ CN,SANTACRUZ SILVER MINING LTD,,BVV5T70,2544269.0,15881919.19,0.39,USD,,,,equity,web_csv
2026-07-24,SIL,NUAG CN,NEW PACIFIC METALS CORP,CA64782A1075,BMW5909,2925888.0,13152626.52,0.32,USD,,,,equity,web_csv
2026-07-24,SIL,ITR CN,INTEGRA RESOURCES CORP,CA45826T5098,BRK42Y8,5540446.0,11803670.06,0.29,USD,,,,equity,web_csv
2026-07-24,SIL,SLVR CN,SILVER TIGER METALS INC,,BLFLCL9,16149719.0,8945624.27,0.22,USD,,,,equity,web_csv
2026-07-24,SIL,APM CN,ANDEAN PRECIOUS METALS CORP,CA03349X1015,BNDS6V4,1661419.0,7256135.25,0.18,USD,,,,equity,web_csv
2026-07-24,SIL,ASL AU,ANDEAN SILVER LTD,AU0000343253,BSFS736,5388180.0,7022723.63,0.17,USD,,,,equity,web_csv
2026-07-24,SIL,GSVR CN,GUANAJUATO SILVER CO LTD,,BMDM727,21219928.0,6705867.95,0.17,USD,,,,equity,web_csv
2026-07-24,SIL,USL AU,UNICO SILVER LTD,,BQXR4J6,14310371.0,6600540.11,0.16,USD,,,,equity,web_csv
2026-07-24,SIL,WPM,WHEATON PRECIOUS METALS CORP,CA9628791027,BDG1S92,8147606.0,908295116.88,22.33,USD,,,,equity,web_csv
2026-07-24,SIL,PAAS,PAN AMERICAN SILVER CORP,CA6979001089,2703396,11550725.0,508578421.75,12.5,USD,,,,equity,web_csv
2026-07-24,SIL,CDE,COEUR MINING INC,US1921085049,2208136,28191893.0,426543341.09,10.48,USD,,,,equity,web_csv
2026-07-24,SIL,PE&OLES* MM,INDUSTRIAS PENOLES SAB DE CV,MXP554091415,2448200,4498389.0,205640640.0,5.05,USD,,,,equity,web_csv
2026-07-24,SIL,HL,HECLA MINING CO,US4227041062,2418601,13025906.0,197212216.84,4.85,USD,,,,equity,web_csv
2026-07-24,SIL,AG CN,FIRST MAJESTIC SILVER CORP,CA32076V1031,2833583,11829143.0,193127150.92,4.75,USD,,,,equity,web_csv
2026-07-24,SIL,FRES LN,FRESNILLO PLC,GB00B2QPKJ12,B2QPKJ1,5124990.0,173906764.49,4.28,USD,,,,equity,web_csv
2026-07-24,SIL,BVN,CIA DE MINAS BUENAVENTUR-ADR,US2044481040,2210476,5480337.0,169397216.67,4.16,USD,,,,equity,web_csv
2026-07-24,SIL,OR CN,OR ROYALTIES INC,CA68390D1069,BPJJWP1,5554548.0,162240215.35,3.99,USD,,,,equity,web_csv
2026-07-24,SIL,SSRM,SSR MINING INC,CA7847301032,BF7MQ72,5968559.0,160315494.74,3.94,USD,,,,equity,web_csv
2026-07-24,SIL,DSV CN,DISCOVERY MINING LTD,CA25466C1077,BSBFLD9,19111109.0,117260222.11,2.88,USD,,,,equity,web_csv
2026-07-24,SIL,010130 KS,KOREA ZINC CO LTD,,6495428,137491.0,100803290.71,2.48,USD,,,,equity,web_csv
2026-07-24,SIL,AYA CN,AYA GOLD & SILVER INC,CA05466C1095,BK94091,4070825.0,80338193.2,1.98,USD,,,,equity,web_csv
2026-07-24,SIL,FVI CN,FORTUNA MINING CORP,CA3499421020,BPLQGB4,9048300.0,77686288.39,1.91,USD,,,,equity,web_csv
2026-07-24,SIL,EXK,ENDEAVOUR SILVER CORP,CA29258Y1034,B018TM7,8778992.0,68651717.44,1.69,USD,,,,equity,web_csv
2026-07-24,SIL,SVM CN,SILVERCORP METALS INC,CA82835P1036,2784261,6286640.0,60761403.54,1.49,USD,,,,equity,web_csv
2026-07-24,SIL,TFPM CN,TRIPLE FLAG PRECIOUS MET,CA89679M1041,BJ171P4,2068566.0,60155365.34,1.48,USD,,,,equity,web_csv
2026-07-24,SIL,HOC LN,HOCHSCHILD MINING PLC,GB00B1FW5029,B1FW502,9145245.0,54191335.83,1.33,USD,,,,equity,web_csv
2026-07-24,SIL,ABRA CN,ABRASILVER RESOURCE CORP,CA00379L3048,BR4XSQ5,4185930.0,44708580.19,1.1,USD,,,,equity,web_csv
2026-07-24,SIL,VZLA CN,VIZSLA SILVER CORP,CA92859G6085,BS84LB7,9835777.0,32619450.05,0.8,USD,,,,equity,web_csv
2026-07-24,SIL,,OTHER PAYABLE & RECEIVABLES,CASH,,-1492372.11,-1492372.11,-0.04,USD,,,,cash,web_csv
2026-07-27,SIL,,CASH,CASH,,1686508.82,1686508.82,0.04,USD,,,,cash,web_csv
2026-07-27,SIL,,KOREAN WON,,,275457654.0,187609.5,0.01,USD,,,,fx,web_csv
2026-07-27,SIL,,OTHER PAYABLE & RECEIVABLES,CASH,,-1712376.42,-1712376.42,-0.04,USD,,,,cash,web_csv
2026-07-27,SIL,WPM,WHEATON PRECIOUS METALS CORP,CA9628791027,BDG1S92,8147606.0,912613348.06,22.3,USD,,,,equity,web_csv
2026-07-27,SIL,PAAS,PAN AMERICAN SILVER CORP,CA6979001089,2703396,11550725.0,509733494.25,12.45,USD,,,,equity,web_csv
2026-07-27,SIL,CDE,COEUR MINING INC,US1921085049,2208136,28191893.0,433027476.48,10.58,USD,,,,equity,web_csv
2026-07-27,SIL,PE&OLES* MM,INDUSTRIAS PENOLES SAB DE CV,MXP554091415,2448200,4498389.0,208811816.54,5.1,USD,,,,equity,web_csv
2026-07-27,SIL,HL,HECLA MINING CO,US4227041062,2418601,13025906.0,197863512.14,4.83,USD,,,,equity,web_csv
2026-07-27,SIL,AG CN,FIRST MAJESTIC SILVER CORP,CA32076V1031,2833583,11829143.0,191767309.2,4.68,USD,,,,equity,web_csv
2026-07-27,SIL,FRES LN,FRESNILLO PLC,GB00B2QPKJ12,B2QPKJ1,5124990.0,174039285.84,4.25,USD,,,,equity,web_csv
2026-07-27,SIL,BVN,CIA DE MINAS BUENAVENTUR-ADR,US2044481040,2210476,5480337.0,173836289.64,4.25,USD,,,,equity,web_csv
2026-07-27,SIL,OR CN,OR ROYALTIES INC,CA68390D1069,BPJJWP1,5554548.0,164273095.63,4.01,USD,,,,equity,web_csv
2026-07-27,SIL,SSRM,SSR MINING INC,CA7847301032,BF7MQ72,5968559.0,156913416.11,3.83,USD,,,,equity,web_csv
2026-07-27,SIL,DSV CN,DISCOVERY MINING LTD,CA25466C1077,BSBFLD9,19111109.0,119160916.29,2.91,USD,,,,equity,web_csv
2026-07-27,SIL,010130 KS,KOREA ZINC CO LTD,,6495428,137491.0,96358412.4,2.35,USD,,,,equity,web_csv
2026-07-27,SIL,AYA CN,AYA GOLD & SILVER INC,CA05466C1095,BK94091,4070825.0,83790318.67,2.05,USD,,,,equity,web_csv
2026-07-27,SIL,FVI CN,FORTUNA MINING CORP,CA3499421020,BPLQGB4,9048300.0,77638369.65,1.9,USD,,,,equity,web_csv
2026-07-27,SIL,EXK,ENDEAVOUR SILVER CORP,CA29258Y1034,B018TM7,8778992.0,69705196.48,1.7,USD,,,,equity,web_csv
2026-07-27,SIL,SVM CN,SILVERCORP METALS INC,CA82835P1036,2784261,6286640.0,61291789.0,1.5,USD,,,,equity,web_csv
2026-07-27,SIL,TFPM CN,TRIPLE FLAG PRECIOUS MET,CA89679M1041,BJ171P4,2068566.0,60092256.35,1.47,USD,,,,equity,web_csv
2026-07-27,SIL,HOC LN,HOCHSCHILD MINING PLC,GB00B1FW5029,B1FW502,9145245.0,54254236.82,1.32,USD,,,,equity,web_csv
2026-07-27,SIL,ABRA CN,ABRASILVER RESOURCE CORP,CA00379L3048,BR4XSQ5,4185930.0,45467323.41,1.11,USD,,,,equity,web_csv
2026-07-27,SIL,VZLA CN,VIZSLA SILVER CORP,CA92859G6085,BS84LB7,9835777.0,32545490.91,0.8,USD,,,,equity,web_csv
2026-07-27,SIL,BRC CN,BLACKROCK SILVER CORP,,BNGHFP5,8886218.0,6170328.86,0.15,USD,,,,equity,web_csv
2026-07-27,SIL,SVL AU,SILVER MINES LTD,,B1HMJH5,61519492.0,6022466.18,0.15,USD,,,,equity,web_csv
2026-07-27,SIL,AAG CN,AFTERMATH SILVER LTD,,BDFS6H8,7486716.0,3554114.66,0.09,USD,,,,equity,web_csv
2026-07-27,SIL,SOSI SS,SOTKAMO SILVER AB,,7788354,8126882.0,3299044.12,0.08,USD,,,,equity,web_csv
2026-07-27,SIL,HYMC,HYCROFT MINING HOLDING CO-A,US44862P2083,BS70KX1,1339428.0,27364514.04,0.67,USD,,,,equity,web_csv
2026-07-27,SIL,ASM CN,AVINO SILVER & GOLD MINES,CA0539061030,2474261,4686638.0,26731452.79,0.65,USD,,,,equity,web_csv
2026-07-27,SIL,MUX,MCEWEN INC,US58039P3055,BQGD8H7,1513504.0,26319834.56,0.64,USD,,,,equity,web_csv
2026-07-27,SIL,USA CN,AMERICAS GOLD AND SILVER CORP,CA03062D8035,BVMJP62,6465141.0,26248101.41,0.64,USD,,,,equity,web_csv
2026-07-27,SIL,GGD CN,GOGOLD RESOURCES INC,CA38045Y1025,B60BNP0,12107318.0,25907181.32,0.63,USD,,,,equity,web_csv
2026-07-27,SIL,KCN AU,KINGSGATE CONSOLIDATED LTD,AU000000KCN1,6492731,7161038.0,21281317.04,0.52,USD,,,,equity,web_csv
2026-07-27,SIL,HSLV CN,HIGHLANDER SILVER CORP,CA43087N2041,BRBR2F7,4095381.0,18281007.76,0.45,USD,,,,equity,web_csv
2026-07-27,SIL,SCZ CN,SANTACRUZ SILVER MINING LTD,,BVV5T70,2544269.0,15773800.79,0.39,USD,,,,equity,web_csv
2026-07-27,SIL,NUAG CN,NEW PACIFIC METALS CORP,CA64782A1075,BMW5909,2925888.0,13537427.74,0.33,USD,,,,equity,web_csv
2026-07-27,SIL,ITR CN,INTEGRA RESOURCES CORP,CA45826T5098,BRK42Y8,5540446.0,12090958.08,0.29,USD,,,,equity,web_csv
2026-07-27,SIL,SLVR CN,SILVER TIGER METALS INC,,BLFLCL9,16149719.0,8925341.57,0.22,USD,,,,equity,web_csv
2026-07-27,SIL,ASL AU,ANDEAN SILVER LTD,AU0000343253,BSFS736,5388180.0,7422358.3,0.18,USD,,,,equity,web_csv
2026-07-27,SIL,APM CN,ANDEAN PRECIOUS METALS CORP,CA03349X1015,BNDS6V4,1661419.0,7192595.81,0.18,USD,,,,equity,web_csv
2026-07-27,SIL,USL AU,UNICO SILVER LTD,,BQXR4J6,14310371.0,7154685.17,0.17,USD,,,,equity,web_csv
2026-07-27,SIL,GSVR CN,GUANAJUATO SILVER CO LTD,,BMDM727,21219928.0,6765839.52,0.17,USD,,,,equity,web_csv
2026-07-28,SIL,WPM,WHEATON PRECIOUS METALS CORP,CA9628791027,BDG1S92,8147606.0,892814665.48,22.38,USD,,,,equity,web_csv
2026-07-28,SIL,PAAS,PAN AMERICAN SILVER CORP,CA6979001089,2703396,11550725.0,499337841.75,12.52,USD,,,,equity,web_csv
2026-07-28,SIL,CDE,COEUR MINING INC,US1921085049,2208136,28191893.0,420341124.63,10.54,USD,,,,equity,web_csv
2026-07-28,SIL,PE&OLES* MM,INDUSTRIAS PENOLES SAB DE CV,MXP554091415,2448200,4498389.0,206562968.84,5.18,USD,,,,equity,web_csv
2026-07-28,SIL,HL,HECLA MINING CO,US4227041062,2418601,13025906.0,189526932.3,4.75,USD,,,,equity,web_csv
2026-07-28,SIL,AG CN,FIRST MAJESTIC SILVER CORP,CA32076V1031,2833583,11829143.0,185599584.95,4.65,USD,,,,equity,web_csv
2026-07-28,SIL,FRES LN,FRESNILLO PLC,GB00B2QPKJ12,B2QPKJ1,5124990.0,174588619.41,4.38,USD,,,,equity,web_csv
2026-07-28,SIL,BVN,CIA DE MINAS BUENAVENTUR-ADR,US2044481040,2210476,5480337.0,166492638.06,4.17,USD,,,,equity,web_csv
2026-07-28,SIL,OR CN,OR ROYALTIES INC,CA68390D1069,BPJJWP1,5554548.0,163472145.4,4.1,USD,,,,equity,web_csv
2026-07-28,SIL,SSRM,SSR MINING INC,CA7847301032,BF7MQ72,5968559.0,151661084.19,3.8,USD,,,,equity,web_csv
2026-07-28,SIL,DSV CN,DISCOVERY MINING LTD,CA25466C1077,BSBFLD9,19111109.0,116933511.06,2.93,USD,,,,equity,web_csv
2026-07-28,SIL,010130 KS,KOREA ZINC CO LTD,,6495428,137491.0,89334826.62,2.24,USD,,,,equity,web_csv
2026-07-28,SIL,AYA CN,AYA GOLD & SILVER INC,CA05466C1095,BK94091,4070825.0,79139297.03,1.98,USD,,,,equity,web_csv
2026-07-28,SIL,FVI CN,FORTUNA MINING CORP,CA3499421020,BPLQGB4,9048300.0,76148265.45,1.91,USD,,,,equity,web_csv
2026-07-28,SIL,EXK,ENDEAVOUR SILVER CORP,CA29258Y1034,B018TM7,8778992.0,68037188.0,1.71,USD,,,,equity,web_csv
2026-07-28,SIL,SVM CN,SILVERCORP METALS INC,CA82835P1036,2784261,6286640.0,59146877.1,1.48,USD,,,,equity,web_csv
2026-07-28,SIL,TFPM CN,TRIPLE FLAG PRECIOUS MET,CA89679M1041,BJ171P4,2068566.0,59089314.86,1.48,USD,,,,equity,web_csv
2026-07-28,SIL,HOC LN,HOCHSCHILD MINING PLC,GB00B1FW5029,B1FW502,9145245.0,54042957.19,1.35,USD,,,,equity,web_csv
2026-07-28,SIL,ABRA CN,ABRASILVER RESOURCE CORP,CA00379L3048,BR4XSQ5,4185930.0,42765962.14,1.07,USD,,,,equity,web_csv
2026-07-28,SIL,VZLA CN,VIZSLA SILVER CORP,CA92859G6085,BS84LB7,9835777.0,31241292.47,0.78,USD,,,,equity,web_csv
2026-07-28,SIL,HYMC,HYCROFT MINING HOLDING CO-A,US44862P2083,BS70KX1,1339428.0,26949291.36,0.68,USD,,,,equity,web_csv
2026-07-28,SIL,MUX,MCEWEN INC,US58039P3055,BQGD8H7,1513504.0,25971728.64,0.65,USD,,,,equity,web_csv
2026-07-28,SIL,ASM CN,AVINO SILVER & GOLD MINES,CA0539061030,2474261,4686638.0,25818127.02,0.65,USD,,,,equity,web_csv
2026-07-28,SIL,USA CN,AMERICAS GOLD AND SILVER CORP,CA03062D8035,BVMJP62,6465141.0,25073076.87,0.63,USD,,,,equity,web_csv
2026-07-28,SIL,GGD CN,GOGOLD RESOURCES INC,CA38045Y1025,B60BNP0,12107318.0,24979471.36,0.63,USD,,,,equity,web_csv
2026-07-28,SIL,KCN AU,KINGSGATE CONSOLIDATED LTD,AU000000KCN1,6492731,7161038.0,20506581.6,0.51,USD,,,,equity,web_csv
2026-07-28,SIL,HSLV CN,HIGHLANDER SILVER CORP,CA43087N2041,BRBR2F7,4095381.0,17653881.02,0.44,USD,,,,equity,web_csv
2026-07-28,SIL,SCZ CN,SANTACRUZ SILVER MINING LTD,,BVV5T70,2544269.0,16018369.12,0.4,USD,,,,equity,web_csv
2026-07-28,SIL,NUAG CN,NEW PACIFIC METALS CORP,CA64782A1075,BMW5909,2925888.0,13276389.24,0.33,USD,,,,equity,web_csv
2026-07-28,SIL,ITR CN,INTEGRA RESOURCES CORP,CA45826T5098,BRK42Y8,5540446.0,11548733.55,0.29,USD,,,,equity,web_csv
2026-07-28,SIL,SLVR CN,SILVER TIGER METALS INC,,BLFLCL9,16149719.0,9045537.25,0.23,USD,,,,equity,web_csv
2026-07-28,SIL,ASL AU,ANDEAN SILVER LTD,AU0000343253,BSFS736,5388180.0,7095440.62,0.18,USD,,,,equity,web_csv
2026-07-28,SIL,GSVR CN,GUANAJUATO SILVER CO LTD,,BMDM727,21219928.0,6845380.72,0.17,USD,,,,equity,web_csv
2026-07-28,SIL,APM CN,ANDEAN PRECIOUS METALS CORP,CA03349X1015,BNDS6V4,1661419.0,6773128.61,0.17,USD,,,,equity,web_csv
2026-07-28,SIL,USL AU,UNICO SILVER LTD,,BQXR4J6,14310371.0,6680379.99,0.17,USD,,,,equity,web_csv
2026-07-28,SIL,SVL AU,SILVER MINES LTD,,B1HMJH5,61519492.0,6000898.02,0.15,USD,,,,equity,web_csv
2026-07-28,SIL,BRC CN,BLACKROCK SILVER CORP,,BNGHFP5,8886218.0,5859252.54,0.15,USD,,,,equity,web_csv
2026-07-28,SIL,AAG CN,AFTERMATH SILVER LTD,,BDFS6H8,7486716.0,3503302.18,0.09,USD,,,,equity,web_csv
2026-07-28,SIL,SOSI SS,SOTKAMO SILVER AB,,7788354,8126882.0,3230409.16,0.08,USD,,,,equity,web_csv
2026-07-28,SIL,,CASH,CASH,,1877130.96,1877130.96,0.05,USD,,,,cash,web_csv
2026-07-28,SIL,,OTHER PAYABLE & RECEIVABLES,CASH,,-1780596.99,-1780596.99,-0.04,USD,,,,cash,web_csv
2026-07-29,SIL,SVL AU,SILVER MINES LTD,,B1HMJH5,61348042.0,5734851.41,0.15,USD,,,,equity,web_csv
2026-07-29,SIL,BRC CN,BLACKROCK SILVER CORP,,BNGHFP5,8861453.0,5660060.11,0.14,USD,,,,equity,web_csv
2026-07-29,SIL,AAG CN,AFTERMATH SILVER LTD,,BDFS6H8,7465851.0,3338054.81,0.09,USD,,,,equity,web_csv
2026-07-29,SIL,SOSI SS,SOTKAMO SILVER AB,,7788354,8101877.0,3215642.13,0.08,USD,,,,equity,web_csv
2026-07-29,SIL,,CASH,CASH,,1877130.96,1877130.96,0.05,USD,,,,cash,web_csv
2026-07-29,SIL,,OTHER PAYABLE & RECEIVABLES,CASH,,-1841442.34,-1841442.34,-0.05,USD,,,,cash,web_csv
2026-07-29,SIL,WPM,WHEATON PRECIOUS METALS CORP,CA9628791027,BDG1S92,8124896.0,889351116.16,22.7,USD,,,,equity,web_csv
2026-07-29,SIL,PAAS,PAN AMERICAN SILVER CORP,CA6979001089,2703396,11518520.0,490113026.0,12.51,USD,,,,equity,web_csv
2026-07-29,SIL,CDE,COEUR MINING INC,US1921085049,2208136,28113308.0,411297696.04,10.5,USD,,,,equity,web_csv
2026-07-29,SIL,PE&OLES* MM,INDUSTRIAS PENOLES SAB DE CV,MXP554091415,2448200,4485864.0,202607471.15,5.17,USD,,,,equity,web_csv
2026-07-29,SIL,HL,HECLA MINING CO,US4227041062,2418601,12989591.0,183802712.65,4.69,USD,,,,equity,web_csv
2026-07-29,SIL,AG CN,FIRST MAJESTIC SILVER CORP,CA32076V1031,2833583,11796173.0,179238539.39,4.58,USD,,,,equity,web_csv
2026-07-29,SIL,FRES LN,FRESNILLO PLC,GB00B2QPKJ12,B2QPKJ1,5110710.0,168493900.71,4.3,USD,,,,equity,web_csv
2026-07-29,SIL,BVN,CIA DE MINAS BUENAVENTUR-ADR,US2044481040,2210476,5465052.0,165153871.44,4.21,USD,,,,equity,web_csv
2026-07-29,SIL,OR CN,OR ROYALTIES INC,CA68390D1069,BPJJWP1,5539068.0,163139222.88,4.16,USD,,,,equity,web_csv
2026-07-29,SIL,SSRM,SSR MINING INC,CA7847301032,BF7MQ72,5951924.0,148857619.24,3.8,USD,,,,equity,web_csv
2026-07-29,SIL,DSV CN,DISCOVERY MINING LTD,CA25466C1077,BSBFLD9,19057829.0,115911851.62,2.96,USD,,,,equity,web_csv
2026-07-29,SIL,010130 KS,KOREA ZINC CO LTD,,6495428,137101.0,87431666.84,2.23,USD,,,,equity,web_csv
2026-07-29,SIL,AYA CN,AYA GOLD & SILVER INC,CA05466C1095,BK94091,4059470.0,77844561.51,1.99,USD,,,,equity,web_csv
2026-07-29,SIL,FVI CN,FORTUNA MINING CORP,CA3499421020,BPLQGB4,9023070.0,75242945.6,1.92,USD,,,,equity,web_csv
2026-07-29,SIL,EXK,ENDEAVOUR SILVER CORP,CA29258Y1034,B018TM7,8754512.0,66184110.72,1.69,USD,,,,equity,web_csv
2026-07-29,SIL,TFPM CN,TRIPLE FLAG PRECIOUS MET,CA89679M1041,BJ171P4,2062806.0,59012604.14,1.51,USD,,,,equity,web_csv
2026-07-29,SIL,SVM CN,SILVERCORP METALS INC,CA82835P1036,2784261,6269120.0,57083006.0,1.46,USD,,,,equity,web_csv
2026-07-29,SIL,HOC LN,HOCHSCHILD MINING PLC,GB00B1FW5029,B1FW502,9119745.0,52886352.94,1.35,USD,,,,equity,web_csv
2026-07-29,SIL,ABRA CN,ABRASILVER RESOURCE CORP,CA00379L3048,BR4XSQ5,4174260.0,39993264.97,1.02,USD,,,,equity,web_csv
2026-07-29,SIL,VZLA CN,VIZSLA SILVER CORP,CA92859G6085,BS84LB7,9808357.0,30558665.22,0.78,USD,,,,equity,web_csv
2026-07-29,SIL,HYMC,HYCROFT MINING HOLDING CO-A,US44862P2083,BS70KX1,1335693.0,25591877.88,0.65,USD,,,,equity,web_csv
2026-07-29,SIL,MUX,MCEWEN INC,US58039P3055,BQGD8H7,1509289.0,25280590.75,0.65,USD,,,,equity,web_csv
2026-07-29,SIL,GGD CN,GOGOLD RESOURCES INC,CA38045Y1025,B60BNP0,12073568.0,24848903.3,0.63,USD,,,,equity,web_csv
2026-07-29,SIL,ASM CN,AVINO SILVER & GOLD MINES,CA0539061030,2474261,4673573.0,24577677.11,0.63,USD,,,,equity,web_csv
2026-07-29,SIL,USA CN,AMERICAS GOLD AND SILVER CORP,CA03062D8035,BVMJP62,6447111.0,23563834.96,0.6,USD,,,,equity,web_csv
2026-07-29,SIL,KCN AU,KINGSGATE CONSOLIDATED LTD,AU000000KCN1,6492731,7141073.0,19383724.79,0.49,USD,,,,equity,web_csv
2026-07-29,SIL,HSLV CN,HIGHLANDER SILVER CORP,CA43087N2041,BRBR2F7,4083966.0,17042489.68,0.43,USD,,,,equity,web_csv
2026-07-29,SIL,SCZ CN,SANTACRUZ SILVER MINING LTD,,BVV5T70,2537174.0,15791502.06,0.4,USD,,,,equity,web_csv
2026-07-29,SIL,NUAG CN,NEW PACIFIC METALS CORP,CA64782A1075,BMW5909,2917728.0,12714133.58,0.32,USD,,,,equity,web_csv
2026-07-29,SIL,ITR CN,INTEGRA RESOURCES CORP,CA45826T5098,BRK42Y8,5525011.0,11253526.54,0.29,USD,,,,equity,web_csv
2026-07-29,SIL,SLVR CN,SILVER TIGER METALS INC,,BLFLCL9,16104719.0,8800705.18,0.23,USD,,,,equity,web_csv
2026-07-29,SIL,ASL AU,ANDEAN SILVER LTD,AU0000343253,BSFS736,5373165.0,7255251.71,0.18,USD,,,,equity,web_csv
2026-07-29,SIL,USL AU,UNICO SILVER LTD,,BQXR4J6,14270486.0,6670067.55,0.17,USD,,,,equity,web_csv
2026-07-29,SIL,APM CN,ANDEAN PRECIOUS METALS CORP,CA03349X1015,BNDS6V4,1656784.0,6619845.94,0.17,USD,,,,equity,web_csv
2026-07-29,SIL,GSVR CN,GUANAJUATO SILVER CO LTD,,BMDM727,21160798.0,6607821.67,0.17,USD,,,,equity,web_csv
2026-07-30,SIL,HYMC,HYCROFT MINING HOLDING CO-A,US44862P2083,BS70KX1,1335693.0,26807358.51,0.66,USD,,,,equity,web_csv
2026-07-30,SIL,MUX,MCEWEN INC,US58039P3055,BQGD8H7,1509289.0,26699322.41,0.65,USD,,,,equity,web_csv
2026-07-30,SIL,GGD CN,GOGOLD RESOURCES INC,CA38045Y1025,B60BNP0,12073568.0,25841475.4,0.63,USD,,,,equity,web_csv
2026-07-30,SIL,ASM CN,AVINO SILVER & GOLD MINES,CA0539061030,2474261,4673573.0,25774422.49,0.63,USD,,,,equity,web_csv
2026-07-30,SIL,USA CN,AMERICAS GOLD AND SILVER CORP,CA03062D8035,BVMJP62,6447111.0,25252123.85,0.62,USD,,,,equity,web_csv
2026-07-30,SIL,KCN AU,KINGSGATE CONSOLIDATED LTD,AU000000KCN1,6492731,7141073.0,18757415.16,0.46,USD,,,,equity,web_csv
2026-07-30,SIL,HSLV CN,HIGHLANDER SILVER CORP,CA43087N2041,BRBR2F7,4083966.0,18035707.59,0.44,USD,,,,equity,web_csv
2026-07-30,SIL,SCZ CN,SANTACRUZ SILVER MINING LTD,,BVV5T70,2537174.0,17087662.8,0.42,USD,,,,equity,web_csv
2026-07-30,SIL,NUAG CN,NEW PACIFIC METALS CORP,CA64782A1075,BMW5909,2917728.0,13863709.54,0.34,USD,,,,equity,web_csv
2026-07-30,SIL,ITR CN,INTEGRA RESOURCES CORP,CA45826T5098,BRK42Y8,5525011.0,11864790.15,0.29,USD,,,,equity,web_csv
2026-07-30,SIL,SLVR CN,SILVER TIGER METALS INC,,BLFLCL9,16104719.0,9306761.6,0.23,USD,,,,equity,web_csv
2026-07-30,SIL,ASL AU,ANDEAN SILVER LTD,AU0000343253,BSFS736,5373165.0,7094467.15,0.17,USD,,,,equity,web_csv
2026-07-30,SIL,GSVR CN,GUANAJUATO SILVER CO LTD,,BMDM727,21160798.0,6944648.86,0.17,USD,,,,equity,web_csv
2026-07-30,SIL,APM CN,ANDEAN PRECIOUS METALS CORP,CA03349X1015,BNDS6V4,1656784.0,6891200.17,0.17,USD,,,,equity,web_csv
2026-07-30,SIL,USL AU,UNICO SILVER LTD,,BQXR4J6,14270486.0,6647198.68,0.16,USD,,,,equity,web_csv
2026-07-30,SIL,WPM,WHEATON PRECIOUS METALS CORP,CA9628791027,BDG1S92,8124896.0,921200708.48,22.57,USD,,,,equity,web_csv
2026-07-30,SIL,PAAS,PAN AMERICAN SILVER CORP,CA6979001089,2703396,11518520.0,507160435.6,12.42,USD,,,,equity,web_csv
2026-07-30,SIL,CDE,COEUR MINING INC,US1921085049,2208136,28113308.0,432944943.2,10.61,USD,,,,equity,web_csv
2026-07-30,SIL,PE&OLES* MM,INDUSTRIAS PENOLES SAB DE CV,MXP554091415,2448200,4485864.0,209404070.25,5.13,USD,,,,equity,web_csv
2026-07-30,SIL,HL,HECLA MINING CO,US4227041062,2418601,12989591.0,193934593.63,4.75,USD,,,,equity,web_csv
2026-07-30,SIL,AG CN,FIRST MAJESTIC SILVER CORP,CA32076V1031,2833583,11796173.0,184561105.76,4.52,USD,,,,equity,web_csv
2026-07-30,SIL,BVN,CIA DE MINAS BUENAVENTUR-ADR,US2044481040,2210476,5465052.0,174116556.72,4.26,USD,,,,equity,web_csv
2026-07-30,SIL,FRES LN,FRESNILLO PLC,GB00B2QPKJ12,B2QPKJ1,5110710.0,173069938.77,4.24,USD,,,,equity,web_csv
2026-07-30,SIL,OR CN,OR ROYALTIES INC,CA68390D1069,BPJJWP1,5539068.0,169770171.78,4.16,USD,,,,equity,web_csv
2026-07-30,SIL,SSRM,SSR MINING INC,CA7847301032,BF7MQ72,5951924.0,158797332.32,3.89,USD,,,,equity,web_csv
2026-07-30,SIL,DSV CN,DISCOVERY MINING LTD,CA25466C1077,BSBFLD9,19057829.0,124001997.99,3.04,USD,,,,equity,web_csv
2026-07-30,SIL,010130 KS,KOREA ZINC CO LTD,,6495428,137101.0,88218444.58,2.16,USD,,,,equity,web_csv
2026-07-30,SIL,AYA CN,AYA GOLD & SILVER INC,CA05466C1095,BK94091,4059470.0,83063246.6,2.04,USD,,,,equity,web_csv
2026-07-30,SIL,FVI CN,FORTUNA MINING CORP,CA3499421020,BPLQGB4,9023070.0,79116420.15,1.94,USD,,,,equity,web_csv
2026-07-30,SIL,EXK,ENDEAVOUR SILVER CORP,CA29258Y1034,B018TM7,8754512.0,68022558.24,1.67,USD,,,,equity,web_csv
2026-07-30,SIL,TFPM CN,TRIPLE FLAG PRECIOUS MET,CA89679M1041,BJ171P4,2062806.0,61060764.77,1.5,USD,,,,equity,web_csv
2026-07-30,SIL,SVM CN,SILVERCORP METALS INC,CA82835P1036,2784261,6269120.0,60425791.89,1.48,USD,,,,equity,web_csv
2026-07-30,SIL,HOC LN,HOCHSCHILD MINING PLC,GB00B1FW5029,B1FW502,9119745.0,53757929.68,1.32,USD,,,,equity,web_csv
2026-07-30,SIL,ABRA CN,ABRASILVER RESOURCE CORP,CA00379L3048,BR4XSQ5,4174260.0,42169957.98,1.03,USD,,,,equity,web_csv
2026-07-30,SIL,VZLA CN,VIZSLA SILVER CORP,CA92859G6085,BS84LB7,9808357.0,31839634.97,0.78,USD,,,,equity,web_csv
2026-07-30,SIL,,CASH,CASH,,1638420.99,1638420.99,0.04,USD,,,,cash,web_csv
2026-07-30,SIL,,KOREAN WON,,,357981777.0,249022.14,0.01,USD,,,,fx,web_csv
2026-07-30,SIL,,OTHER PAYABLE & RECEIVABLES,CASH,,-1918466.74,-1918466.74,-0.05,USD,,,,cash,web_csv
2026-07-30,SIL,BRC CN,BLACKROCK SILVER CORP,,BNGHFP5,8861453.0,5879607.1,0.14,USD,,,,equity,web_csv
2026-07-30,SIL,SVL AU,SILVER MINES LTD,,B1HMJH5,61348042.0,5801131.7,0.14,USD,,,,equity,web_csv
2026-07-30,SIL,AAG CN,AFTERMATH SILVER LTD,,BDFS6H8,7465851.0,3568736.97,0.09,USD,,,,equity,web_csv
2026-07-30,SIL,SOSI SS,SOTKAMO SILVER AB,,7788354,8101877.0,3362758.8,0.08,USD,,,,equity,web_csv
2026-07-31,SIL,MUX,MCEWEN INC,US58039P3055,BQGD8H7,1505074.0,26022729.46,0.66,USD,,,,equity,web_csv
2026-07-31,SIL,HYMC,HYCROFT MINING HOLDING CO-A,US44862P2083,BS70KX1,1331958.0,26013139.74,0.66,USD,,,,equity,web_csv
2026-07-31,SIL,GGD CN,GOGOLD RESOURCES INC,CA38045Y1025,B60BNP0,12039818.0,24888956.2,0.63,USD,,,,equity,web_csv
2026-07-31,SIL,ASM CN,AVINO SILVER & GOLD MINES,CA0539061030,2474261,4660508.0,24650511.0,0.62,USD,,,,equity,web_csv
2026-07-31,SIL,USA CN,AMERICAS GOLD AND SILVER CORP,CA03062D8035,BVMJP62,6429081.0,24426704.02,0.62,USD,,,,equity,web_csv
2026-07-31,SIL,KCN AU,KINGSGATE CONSOLIDATED LTD,AU000000KCN1,6492731,7121108.0,20206123.32,0.51,USD,,,,equity,web_csv
2026-07-31,SIL,HSLV CN,HIGHLANDER SILVER CORP,CA43087N2041,BRBR2F7,4072551.0,17331239.6,0.44,USD,,,,equity,web_csv
2026-07-31,SIL,SCZ CN,SANTACRUZ SILVER MINING LTD,,BVV5T70,2530079.0,16267820.92,0.41,USD,,,,equity,web_csv
2026-07-31,SIL,NUAG CN,NEW PACIFIC METALS CORP,CA64782A1075,BMW5909,2909568.0,13460524.16,0.34,USD,,,,equity,web_csv
2026-07-31,SIL,ITR CN,INTEGRA RESOURCES CORP,CA45826T5098,BRK42Y8,5509576.0,11468055.69,0.29,USD,,,,equity,web_csv
2026-07-31,SIL,SLVR CN,SILVER TIGER METALS INC,,BLFLCL9,16059719.0,8814900.83,0.22,USD,,,,equity,web_csv
2026-07-31,SIL,ASL AU,ANDEAN SILVER LTD,AU0000343253,BSFS736,5358150.0,7300803.49,0.18,USD,,,,equity,web_csv
2026-07-31,SIL,USL AU,UNICO SILVER LTD,,BQXR4J6,14230601.0,6946437.11,0.18,USD,,,,equity,web_csv
2026-07-31,SIL,APM CN,ANDEAN PRECIOUS METALS CORP,CA03349X1015,BNDS6V4,1652149.0,6559838.85,0.17,USD,,,,equity,web_csv
2026-07-31,SIL,GSVR CN,GUANAJUATO SILVER CO LTD,,BMDM727,21101668.0,6543269.47,0.17,USD,,,,equity,web_csv
2026-07-31,SIL,,OTHER PAYABLE & RECEIVABLES,CASH,,-281193557.57,-281193557.57,-7.12,USD,,,,cash,web_csv
2026-07-31,SIL,SVL AU,SILVER MINES LTD,,B1HMJH5,61176592.0,5800602.56,0.15,USD,,,,equity,web_csv
2026-07-31,SIL,BRC CN,BLACKROCK SILVER CORP,,BNGHFP5,8836688.0,5795169.09,0.15,USD,,,,equity,web_csv
2026-07-31,SIL,AAG CN,AFTERMATH SILVER LTD,,BDFS6H8,7444986.0,3502648.72,0.09,USD,,,,equity,web_csv
2026-07-31,SIL,SOSI SS,SOTKAMO SILVER AB,,7788354,8076872.0,3471192.37,0.09,USD,,,,equity,web_csv
2026-07-31,SIL,,CASH,CASH,,1887130.71,1887130.71,0.05,USD,,,,cash,web_csv
2026-07-31,SIL,WPM,WHEATON PRECIOUS METALS CORP,CA9628791027,BDG1S92,8102186.0,883381339.58,22.38,USD,,,,equity,web_csv
2026-07-31,SIL,PAAS,PAN AMERICAN SILVER CORP,CA6979001089,2703396,11486315.0,495175039.65,12.54,USD,,,,equity,web_csv
2026-07-31,SIL,CDE,COEUR MINING INC,US1921085049,2208136,28034723.0,417997719.93,10.59,USD,,,,equity,web_csv
2026-07-31,SIL,,B 09/01/26,,BVFCF46,280000000.0,279182360.8,7.07,USD,,,,residual,web_csv
2026-07-31,SIL,PE&OLES* MM,INDUSTRIAS PENOLES SAB DE CV,MXP554091415,2448200,4473339.0,205562591.34,5.21,USD,,,,equity,web_csv
2026-07-31,SIL,HL,HECLA MINING CO,US4227041062,2418601,12953276.0,182900257.12,4.63,USD,,,,equity,web_csv
2026-07-31,SIL,AG CN,FIRST MAJESTIC SILVER CORP,CA32076V1031,2833583,11763203.0,176424985.65,4.47,USD,,,,equity,web_csv
2026-07-31,SIL,FRES LN,FRESNILLO PLC,GB00B2QPKJ12,B2QPKJ1,5096430.0,169748401.92,4.3,USD,,,,equity,web_csv
2026-07-31,SIL,BVN,CIA DE MINAS BUENAVENTUR-ADR,US2044481040,2210476,5449767.0,165018944.76,4.18,USD,,,,equity,web_csv
2026-07-31,SIL,OR CN,OR ROYALTIES INC,CA68390D1069,BPJJWP1,5523588.0,164032274.36,4.16,USD,,,,equity,web_csv
2026-07-31,SIL,SSRM,SSR MINING INC,CA7847301032,BF7MQ72,5935289.0,152062104.18,3.85,USD,,,,equity,web_csv
2026-07-31,SIL,DSV CN,DISCOVERY MINING LTD,CA25466C1077,BSBFLD9,19004549.0,118537123.53,3.0,USD,,,,equity,web_csv
2026-07-31,SIL,010130 KS,KOREA ZINC CO LTD,,6495428,136711.0,95794549.34,2.43,USD,,,,equity,web_csv
2026-07-31,SIL,AYA CN,AYA GOLD & SILVER INC,CA05466C1095,BK94091,4048115.0,79470425.99,2.01,USD,,,,equity,web_csv
2026-07-31,SIL,FVI CN,FORTUNA MINING CORP,CA3499421020,BPLQGB4,8997840.0,75749004.1,1.92,USD,,,,equity,web_csv
2026-07-31,SIL,EXK,ENDEAVOUR SILVER CORP,CA29258Y1034,B018TM7,8730032.0,65649840.64,1.66,USD,,,,equity,web_csv
2026-07-31,SIL,TFPM CN,TRIPLE FLAG PRECIOUS MET,CA89679M1041,BJ171P4,2057046.0,59049251.47,1.5,USD,,,,equity,web_csv
2026-07-31,SIL,SVM CN,SILVERCORP METALS INC,CA82835P1036,2784261,6251600.0,58066327.83,1.47,USD,,,,equity,web_csv
2026-07-31,SIL,HOC LN,HOCHSCHILD MINING PLC,GB00B1FW5029,B1FW502,9094245.0,52797239.77,1.34,USD,,,,equity,web_csv
2026-07-31,SIL,ABRA CN,ABRASILVER RESOURCE CORP,CA00379L3048,BR4XSQ5,4162590.0,40295093.7,1.02,USD,,,,equity,web_csv
2026-07-31,SIL,VZLA CN,VIZSLA SILVER CORP,CA92859G6085,BS84LB7,9780937.0,30538193.01,0.77,USD,,,,equity,web_csv
2026-08-03,SIL,WPM,WHEATON PRECIOUS METALS CORP,CA9628791027,BDG1S92,8102186.0,906310525.96,22.57,USD,,,,equity,web_csv
2026-08-03,SIL,PAAS,PAN AMERICAN SILVER CORP,CA6979001089,2703396,11486315.0,502296554.95,12.51,USD,,,,equity,web_csv
2026-08-03,SIL,CDE,COEUR MINING INC,US1921085049,2208136,28034723.0,436220289.88,10.86,USD,,,,equity,web_csv
2026-08-03,SIL,PE&OLES* MM,INDUSTRIAS PENOLES SAB DE CV,MXP554091415,2448200,4473339.0,205080777.97,5.11,USD,,,,equity,web_csv
2026-08-03,SIL,HL,HECLA MINING CO,US4227041062,2418601,12953276.0,186915772.68,4.65,USD,,,,equity,web_csv
2026-08-03,SIL,AG CN,FIRST MAJESTIC SILVER CORP,CA32076V1031,2833583,11763203.0,176324433.53,4.39,USD,,,,equity,web_csv
2026-08-03,SIL,FRES LN,FRESNILLO PLC,GB00B2QPKJ12,B2QPKJ1,5096430.0,171070319.95,4.26,USD,,,,equity,web_csv
2026-08-03,SIL,BVN,CIA DE MINAS BUENAVENTUR-ADR,US2044481040,2210476,5449767.0,166054400.49,4.13,USD,,,,equity,web_csv
2026-08-03,SIL,OR CN,OR ROYALTIES INC,CA68390D1069,BPJJWP1,5523588.0,163938785.37,4.08,USD,,,,equity,web_csv
2026-08-03,SIL,SSRM,SSR MINING INC,CA7847301032,BF7MQ72,5935289.0,160193450.11,3.99,USD,,,,equity,web_csv
2026-08-03,SIL,DSV CN,DISCOVERY MINING LTD,CA25466C1077,BSBFLD9,19004549.0,118469564.17,2.95,USD,,,,equity,web_csv
2026-08-03,SIL,010130 KS,KOREA ZINC CO LTD,,6495428,136711.0,97541424.17,2.43,USD,,,,equity,web_csv
2026-08-03,SIL,AYA CN,AYA GOLD & SILVER INC,CA05466C1095,BK94091,4048115.0,79425132.4,1.98,USD,,,,equity,web_csv
2026-08-03,SIL,FVI CN,FORTUNA MINING CORP,CA3499421020,BPLQGB4,8997840.0,75705831.51,1.89,USD,,,,equity,web_csv
2026-08-03,SIL,EXK,ENDEAVOUR SILVER CORP,CA29258Y1034,B018TM7,8730032.0,67483147.36,1.68,USD,,,,equity,web_csv
2026-08-03,SIL,TFPM CN,TRIPLE FLAG PRECIOUS MET,CA89679M1041,BJ171P4,2057046.0,59015596.78,1.47,USD,,,,equity,web_csv
2026-08-03,SIL,SVM CN,SILVERCORP METALS INC,CA82835P1036,2784261,6251600.0,58033233.36,1.45,USD,,,,equity,web_csv
2026-08-03,SIL,HOC LN,HOCHSCHILD MINING PLC,GB00B1FW5029,B1FW502,9094245.0,53793878.57,1.34,USD,,,,equity,web_csv
2026-08-03,SIL,ABRA CN,ABRASILVER RESOURCE CORP,CA00379L3048,BR4XSQ5,4162590.0,40272127.81,1.0,USD,,,,equity,web_csv
2026-08-03,SIL,VZLA CN,VIZSLA SILVER CORP,CA92859G6085,BS84LB7,9780937.0,30520787.99,0.76,USD,,,,equity,web_csv
2026-08-03,SIL,,CASH,CASH,,1618351.61,1618351.61,0.04,USD,,,,cash,web_csv
2026-08-03,SIL,,KOREAN WON,,,383753241.0,268434.0,0.01,USD,,,,fx,web_csv
2026-08-03,SIL,,CANADIAN DOLLAR,,,7.72,5.5,0.0,USD,,,,fx,web_csv
2026-08-03,SIL,,CURRENCY CONTRACT - USD,,,-28855.11,-6.09,0.0,USD,,,,residual,web_csv
2026-08-03,SIL,,CURRENCY CONTRACT - USD,,,-95194.98,-20.09,0.0,USD,,,,residual,web_csv
2026-08-03,SIL,,OTHER PAYABLE & RECEIVABLES,CASH,,-2196028.35,-2196028.35,-0.06,USD,,,,cash,web_csv
2026-08-03,SIL,,CURRENCY CONTRACT - USD,,,67799.51,,,USD,,,,residual,web_csv
2026-08-03,SIL,,CURRENCY CONTRACT - USD,,,20551.11,,,USD,,,,residual,web_csv
2026-08-03,SIL,BRC CN,BLACKROCK SILVER CORP,,BNGHFP5,8836688.0,5791866.18,0.14,USD,,,,equity,web_csv
2026-08-03,SIL,SVL AU,SILVER MINES LTD,,B1HMJH5,61176592.0,5780344.01,0.14,USD,,,,equity,web_csv
2026-08-03,SIL,AAG CN,AFTERMATH SILVER LTD,,BDFS6H8,7444986.0,3500652.41,0.09,USD,,,,equity,web_csv
2026-08-03,SIL,SOSI SS,SOTKAMO SILVER AB,,7788354,8076872.0,3366808.47,0.08,USD,,,,equity,web_csv
2026-08-03,SIL,HYMC,HYCROFT MINING HOLDING CO-A,US44862P2083,BS70KX1,1331958.0,27464973.96,0.68,USD,,,,equity,web_csv
2026-08-03,SIL,MUX,MCEWEN INC,US58039P3055,BQGD8H7,1505074.0,26835469.42,0.67,USD,,,,equity,web_csv
2026-08-03,SIL,GGD CN,GOGOLD RESOURCES INC,CA38045Y1025,B60BNP0,12039818.0,24874770.92,0.62,USD,,,,equity,web_csv
2026-08-03,SIL,ASM CN,AVINO SILVER & GOLD MINES,CA0539061030,2474261,4660508.0,24636461.63,0.61,USD,,,,equity,web_csv
2026-08-03,SIL,USA CN,AMERICAS GOLD AND SILVER CORP,CA03062D8035,BVMJP62,6429081.0,24412782.2,0.61,USD,,,,equity,web_csv
2026-08-03,SIL,KCN AU,KINGSGATE CONSOLIDATED LTD,AU000000KCN1,6492731,7121108.0,20384756.03,0.51,USD,,,,equity,web_csv
2026-08-03,SIL,HSLV CN,HIGHLANDER SILVER CORP,CA43087N2041,BRBR2F7,4072551.0,17321361.79,0.43,USD,,,,equity,web_csv
2026-08-03,SIL,SCZ CN,SANTACRUZ SILVER MINING LTD,,BVV5T70,2530079.0,16258549.2,0.41,USD,,,,equity,web_csv
2026-08-03,SIL,NUAG CN,NEW PACIFIC METALS CORP,CA64782A1075,BMW5909,2909568.0,13452852.43,0.34,USD,,,,equity,web_csv
2026-08-03,SIL,ITR CN,INTEGRA RESOURCES CORP,CA45826T5098,BRK42Y8,5509576.0,11461519.55,0.28,USD,,,,equity,web_csv
2026-08-03,SIL,SLVR CN,SILVER TIGER METALS INC,,BLFLCL9,16059719.0,8809876.84,0.22,USD,,,,equity,web_csv
2026-08-03,SIL,ASL AU,ANDEAN SILVER LTD,AU0000343253,BSFS736,5358150.0,7125299.21,0.18,USD,,,,equity,web_csv
2026-08-03,SIL,USL AU,UNICO SILVER LTD,,BQXR4J6,14230601.0,7071576.25,0.18,USD,,,,equity,web_csv
2026-08-03,SIL,APM CN,ANDEAN PRECIOUS METALS CORP,CA03349X1015,BNDS6V4,1652149.0,6556100.12,0.16,USD,,,,equity,web_csv
2026-08-03,SIL,GSVR CN,GUANAJUATO SILVER CO LTD,,BMDM727,21101668.0,6539540.18,0.16,USD,,,,equity,web_csv
2026-08-04,SIL,BRC CN,BLACKROCK SILVER CORP,,BNGHFP5,8836688.0,6097519.02,0.14,USD,,,,equity,web_csv
2026-08-04,SIL,SVL AU,SILVER MINES LTD,,B1HMJH5,61176592.0,6028268.59,0.14,USD,,,,equity,web_csv
2026-08-04,SIL,AAG CN,AFTERMATH SILVER LTD,,BDFS6H8,7444986.0,3813188.63,0.09,USD,,,,equity,web_csv
2026-08-04,SIL,SOSI SS,SOTKAMO SILVER AB,,7788354,8076872.0,3446028.19,0.08,USD,,,,equity,web_csv
2026-08-04,SIL,WPM,WHEATON PRECIOUS METALS CORP,CA9628791027,BDG1S92,8102186.0,935073286.26,22.25,USD,,,,equity,web_csv
2026-08-04,SIL,PAAS,PAN AMERICAN SILVER CORP,CA6979001089,2703396,11486315.0,515850406.65,12.28,USD,,,,equity,web_csv
2026-08-04,SIL,CDE,COEUR MINING INC,US1921085049,2208136,28034723.0,454442859.83,10.81,USD,,,,equity,web_csv
2026-08-04,SIL,PE&OLES* MM,INDUSTRIAS PENOLES SAB DE CV,MXP554091415,2448200,4473339.0,204328174.03,4.86,USD,,,,equity,web_csv
2026-08-04,SIL,HL,HECLA MINING CO,US4227041062,2418601,12953276.0,199350917.64,4.74,USD,,,,equity,web_csv
2026-08-04,SIL,AG CN,FIRST MAJESTIC SILVER CORP,CA32076V1031,2833583,11763203.0,194303093.48,4.62,USD,,,,equity,web_csv
2026-08-04,SIL,FRES LN,FRESNILLO PLC,GB00B2QPKJ12,B2QPKJ1,5096430.0,180162627.84,4.29,USD,,,,equity,web_csv
2026-08-04,SIL,BVN,CIA DE MINAS BUENAVENTUR-ADR,US2044481040,2210476,5449767.0,175809483.42,4.18,USD,,,,equity,web_csv
2026-08-04,SIL,OR CN,OR ROYALTIES INC,CA68390D1069,BPJJWP1,5523588.0,170137905.32,4.05,USD,,,,equity,web_csv
2026-08-04,SIL,SSRM,SSR MINING INC,CA7847301032,BF7MQ72,5935289.0,157759981.62,3.75,USD,,,,equity,web_csv
2026-08-04,SIL,DSV CN,DISCOVERY MINING LTD,CA25466C1077,BSBFLD9,19004549.0,128567142.8,3.06,USD,,,,equity,web_csv
2026-08-04,SIL,010130 KS,KOREA ZINC CO LTD,,6495428,136711.0,99685913.8,2.37,USD,,,,equity,web_csv
2026-08-04,SIL,AYA CN,AYA GOLD & SILVER INC,CA05466C1095,BK94091,4048115.0,92668213.2,2.21,USD,,,,equity,web_csv
2026-08-04,SIL,FVI CN,FORTUNA MINING CORP,CA3499421020,BPLQGB4,8997840.0,81481417.89,1.94,USD,,,,equity,web_csv
2026-08-04,SIL,EXK,ENDEAVOUR SILVER CORP,CA29258Y1034,B018TM7,8730032.0,72721166.56,1.73,USD,,,,equity,web_csv
2026-08-04,SIL,SVM CN,SILVERCORP METALS INC,CA82835P1036,2784261,6251600.0,63861266.94,1.52,USD,,,,equity,web_csv
2026-08-04,SIL,TFPM CN,TRIPLE FLAG PRECIOUS MET,CA89679M1041,BJ171P4,2057046.0,61502858.53,1.46,USD,,,,equity,web_csv
2026-08-04,SIL,HOC LN,HOCHSCHILD MINING PLC,GB00B1FW5029,B1FW502,9094245.0,55199642.23,1.31,USD,,,,equity,web_csv
2026-08-04,SIL,ABRA CN,ABRASILVER RESOURCE CORP,CA00379L3048,BR4XSQ5,4162590.0,43054638.88,1.02,USD,,,,equity,web_csv
2026-08-04,SIL,VZLA CN,VIZSLA SILVER CORP,CA92859G6085,BS84LB7,9780937.0,33258316.81,0.79,USD,,,,equity,web_csv
2026-08-04,SIL,HYMC,HYCROFT MINING HOLDING CO-A,US44862P2083,BS70KX1,1331958.0,29782580.88,0.71,USD,,,,equity,web_csv
2026-08-04,SIL,USA CN,AMERICAS GOLD AND SILVER CORP,CA03062D8035,BVMJP62,6429081.0,28217983.12,0.67,USD,,,,equity,web_csv
2026-08-04,SIL,MUX,MCEWEN INC,US58039P3055,BQGD8H7,1505074.0,28099731.58,0.67,USD,,,,equity,web_csv
2026-08-04,SIL,ASM CN,AVINO SILVER & GOLD MINES,CA0539061030,2474261,4660508.0,27550290.93,0.66,USD,,,,equity,web_csv
2026-08-04,SIL,GGD CN,GOGOLD RESOURCES INC,CA38045Y1025,B60BNP0,12039818.0,26721843.97,0.64,USD,,,,equity,web_csv
2026-08-04,SIL,KCN AU,KINGSGATE CONSOLIDATED LTD,AU000000KCN1,6492731,7121108.0,20499825.25,0.49,USD,,,,equity,web_csv
2026-08-04,SIL,HSLV CN,HIGHLANDER SILVER CORP,CA43087N2041,BRBR2F7,4072551.0,18686077.86,0.45,USD,,,,equity,web_csv
2026-08-04,SIL,SCZ CN,SANTACRUZ SILVER MINING LTD,,BVV5T70,2530079.0,18340035.58,0.44,USD,,,,equity,web_csv
2026-08-04,SIL,NUAG CN,NEW PACIFIC METALS CORP,CA64782A1075,BMW5909,2909568.0,15254146.3,0.36,USD,,,,equity,web_csv
2026-08-04,SIL,ITR CN,INTEGRA RESOURCES CORP,CA45826T5098,BRK42Y8,5509576.0,12189067.3,0.29,USD,,,,equity,web_csv
2026-08-04,SIL,SLVR CN,SILVER TIGER METALS INC,,BLFLCL9,16059719.0,9710660.61,0.23,USD,,,,equity,web_csv
2026-08-04,SIL,APM CN,ANDEAN PRECIOUS METALS CORP,CA03349X1015,BNDS6V4,1652149.0,7427765.73,0.18,USD,,,,equity,web_csv
2026-08-04,SIL,ASL AU,ANDEAN SILVER LTD,AU0000343253,BSFS736,5358150.0,7278660.36,0.17,USD,,,,equity,web_csv
2026-08-04,SIL,USL AU,UNICO SILVER LTD,,BQXR4J6,14230601.0,7211656.24,0.17,USD,,,,equity,web_csv
2026-08-04,SIL,GSVR CN,GUANAJUATO SILVER CO LTD,,BMDM727,21101668.0,7055154.87,0.17,USD,,,,equity,web_csv
2026-08-04,SIL,,CASH,CASH,,1803280.18,1803280.18,0.04,USD,,,,cash,web_csv
2026-08-04,SIL,,CANADIAN DOLLAR,,,-124050.09,-88244.77,-0.0,USD,,,,fx,web_csv
2026-08-04,SIL,,OTHER PAYABLE & RECEIVABLES,CASH,,-2086047.0,-2086047.0,-0.05,USD,,,,cash,web_csv
2026-08-05,SIL,HYMC,HYCROFT MINING HOLDING CO-A,US44862P2083,BS70KX1,1331958.0,32606331.84,0.73,USD,,,,equity,web_csv
2026-08-05,SIL,USA CN,AMERICAS GOLD AND SILVER CORP,CA03062D8035,BVMJP62,6429081.0,30954239.99,0.69,USD,,,,equity,web_csv
2026-08-05,SIL,ASM CN,AVINO SILVER & GOLD MINES,CA0539061030,2474261,4660508.0,30284409.49,0.68,USD,,,,equity,web_csv
2026-08-05,SIL,MUX,MCEWEN INC,US58039P3055,BQGD8H7,1505074.0,29665008.54,0.66,USD,,,,equity,web_csv
2026-08-05,SIL,GGD CN,GOGOLD RESOURCES INC,CA38045Y1025,B60BNP0,12039818.0,29198888.12,0.65,USD,,,,equity,web_csv
2026-08-05,SIL,KCN AU,KINGSGATE CONSOLIDATED LTD,AU000000KCN1,6492731,7121108.0,21258839.07,0.47,USD,,,,equity,web_csv
2026-08-05,SIL,SCZ CN,SANTACRUZ SILVER MINING LTD,,BVV5T70,2530079.0,20032010.34,0.45,USD,,,,equity,web_csv
2026-08-05,SIL,HSLV CN,HIGHLANDER SILVER CORP,CA43087N2041,BRBR2F7,4072551.0,19782497.46,0.44,USD,,,,equity,web_csv
2026-08-05,SIL,NUAG CN,NEW PACIFIC METALS CORP,CA64782A1075,BMW5909,2909568.0,17225588.93,0.38,USD,,,,equity,web_csv
2026-08-05,SIL,ITR CN,INTEGRA RESOURCES CORP,CA45826T5098,BRK42Y8,5509576.0,13086692.16,0.29,USD,,,,equity,web_csv
2026-08-05,SIL,SLVR CN,SILVER TIGER METALS INC,,BLFLCL9,16059719.0,9966086.9,0.22,USD,,,,equity,web_csv
2026-08-05,SIL,APM CN,ANDEAN PRECIOUS METALS CORP,CA03349X1015,BNDS6V4,1652149.0,8060700.57,0.18,USD,,,,equity,web_csv
2026-08-05,SIL,ASL AU,ANDEAN SILVER LTD,AU0000343253,BSFS736,5358150.0,7789932.46,0.17,USD,,,,equity,web_csv
2026-08-05,SIL,USL AU,UNICO SILVER LTD,,BQXR4J6,14230601.0,7733312.7,0.17,USD,,,,equity,web_csv
2026-08-05,SIL,GSVR CN,GUANAJUATO SILVER CO LTD,,BMDM727,21101668.0,7676344.15,0.17,USD,,,,equity,web_csv
2026-08-05,SIL,WPM,WHEATON PRECIOUS METALS CORP,CA9628791027,BDG1S92,8102186.0,995110484.52,22.19,USD,,,,equity,web_csv
2026-08-05,SIL,PAAS,PAN AMERICAN SILVER CORP,CA6979001089,2703396,11486315.0,554099835.6,12.35,USD,,,,equity,web_csv
2026-08-05,SIL,CDE,COEUR MINING INC,US1921085049,2208136,28034723.0,488645221.89,10.89,USD,,,,equity,web_csv
2026-08-05,SIL,PE&OLES* MM,INDUSTRIAS PENOLES SAB DE CV,MXP554091415,2448200,4473339.0,216166146.18,4.82,USD,,,,equity,web_csv
2026-08-05,SIL,HL,HECLA MINING CO,US4227041062,2418601,12953276.0,214247185.04,4.78,USD,,,,equity,web_csv
2026-08-05,SIL,AG CN,FIRST MAJESTIC SILVER CORP,CA32076V1031,2833583,11763203.0,207247843.43,4.62,USD,,,,equity,web_csv
2026-08-05,SIL,FRES LN,FRESNILLO PLC,GB00B2QPKJ12,B2QPKJ1,5096430.0,188698150.88,4.21,USD,,,,equity,web_csv
2026-08-05,SIL,BVN,CIA DE MINAS BUENAVENTUR-ADR,US2044481040,2210476,5449767.0,179842311.0,4.01,USD,,,,equity,web_csv
2026-08-05,SIL,OR CN,OR ROYALTIES INC,CA68390D1069,BPJJWP1,5523588.0,178084937.12,3.97,USD,,,,equity,web_csv
2026-08-05,SIL,SSRM,SSR MINING INC,CA7847301032,BF7MQ72,5935289.0,172123381.0,3.84,USD,,,,equity,web_csv
2026-08-05,SIL,DSV CN,DISCOVERY MINING LTD,CA25466C1077,BSBFLD9,19004549.0,141386958.22,3.15,USD,,,,equity,web_csv
2026-08-05,SIL,010130 KS,KOREA ZINC CO LTD,,6495428,136711.0,105106929.96,2.34,USD,,,,equity,web_csv
2026-08-05,SIL,AYA CN,AYA GOLD & SILVER INC,CA05466C1095,BK94091,4048115.0,101408608.58,2.26,USD,,,,equity,web_csv
2026-08-05,SIL,FVI CN,FORTUNA MINING CORP,CA3499421020,BPLQGB4,8997840.0,86451660.04,1.93,USD,,,,equity,web_csv
2026-08-05,SIL,EXK,ENDEAVOUR SILVER CORP,CA29258Y1034,B018TM7,8730032.0,78221086.72,1.74,USD,,,,equity,web_csv
2026-08-05,SIL,SVM CN,SILVERCORP METALS INC,CA82835P1036,2784261,6251600.0,67913882.81,1.51,USD,,,,equity,web_csv
2026-08-05,SIL,TFPM CN,TRIPLE FLAG PRECIOUS MET,CA89679M1041,BJ171P4,2057046.0,64398693.92,1.44,USD,,,,equity,web_csv
2026-08-05,SIL,HOC LN,HOCHSCHILD MINING PLC,GB00B1FW5029,B1FW502,9094245.0,58788008.17,1.31,USD,,,,equity,web_csv
2026-08-05,SIL,ABRA CN,ABRASILVER RESOURCE CORP,CA00379L3048,BR4XSQ5,4162590.0,46288939.05,1.03,USD,,,,equity,web_csv
2026-08-05,SIL,VZLA CN,VIZSLA SILVER CORP,CA92859G6085,BS84LB7,9780937.0,35232163.66,0.79,USD,,,,equity,web_csv
2026-08-05,SIL,,CASH,CASH,,1859492.22,1859492.22,0.04,USD,,,,cash,web_csv
2026-08-05,SIL,,CANADIAN DOLLAR,,,-301440.26,-215014.99,-0.01,USD,,,,fx,web_csv
2026-08-05,SIL,,OTHER PAYABLE & RECEIVABLES,CASH,,-2083811.64,-2083811.64,-0.05,USD,,,,cash,web_csv
2026-08-05,SIL,BRC CN,BLACKROCK SILVER CORP,,BNGHFP5,8836688.0,6744360.47,0.15,USD,,,,equity,web_csv
2026-08-05,SIL,SVL AU,SILVER MINES LTD,,B1HMJH5,61176592.0,6476317.67,0.14,USD,,,,equity,web_csv
2026-08-05,SIL,AAG CN,AFTERMATH SILVER LTD,,BDFS6H8,7444986.0,3876628.82,0.09,USD,,,,equity,web_csv
2026-08-05,SIL,SOSI SS,SOTKAMO SILVER AB,,7788354,8076872.0,3648213.53,0.08,USD,,,,equity,web_csv
2026-08-06,SIL,SVL AU,SILVER MINES LTD,,B1HMJH5,61176592.0,6461633.49,0.14,USD,,,,equity,web_csv
2026-08-06,SIL,AAG CN,AFTERMATH SILVER LTD,,BDFS6H8,7444986.0,3876075.87,0.09,USD,,,,equity,web_csv
2026-08-06,SIL,SOSI SS,SOTKAMO SILVER AB,,7788354,8076872.0,3634051.97,0.08,USD,,,,equity,web_csv
2026-08-06,SIL,,CASH,CASH,,-155645.08,-155645.08,-0.0,USD,,,,cash,web_csv
2026-08-06,SIL,,OTHER PAYABLE & RECEIVABLES,CASH,,-372238.96,-372238.96,-0.01,USD,,,,cash,web_csv
2026-08-06,SIL,WPM,WHEATON PRECIOUS METALS CORP,CA9628791027,BDG1S92,8102186.0,1015203905.8,22.8,USD,,,,equity,web_csv
2026-08-06,SIL,PAAS,PAN AMERICAN SILVER CORP,CA6979001089,2703396,11486315.0,551917435.75,12.4,USD,,,,equity,web_csv
2026-08-06,SIL,CDE,COEUR MINING INC,US1921085049,2208136,28034723.0,438743414.95,9.86,USD,,,,equity,web_csv
2026-08-06,SIL,PE&OLES* MM,INDUSTRIAS PENOLES SAB DE CV,MXP554091415,2448200,4473339.0,220923766.64,4.96,USD,,,,equity,web_csv
2026-08-06,SIL,HL,HECLA MINING CO,US4227041062,2418601,12953276.0,205438957.36,4.62,USD,,,,equity,web_csv
2026-08-06,SIL,AG CN,FIRST MAJESTIC SILVER CORP,CA32076V1031,2833583,11763203.0,203443050.14,4.57,USD,,,,equity,web_csv
2026-08-06,SIL,FRES LN,FRESNILLO PLC,GB00B2QPKJ12,B2QPKJ1,5096430.0,187897572.71,4.22,USD,,,,equity,web_csv
2026-08-06,SIL,OR CN,OR ROYALTIES INC,CA68390D1069,BPJJWP1,5523588.0,177547417.29,3.99,USD,,,,equity,web_csv
2026-08-06,SIL,BVN,CIA DE MINAS BUENAVENTUR-ADR,US2044481040,2210476,5449767.0,177444413.52,3.99,USD,,,,equity,web_csv
2026-08-06,SIL,SSRM,SSR MINING INC,CA7847301032,BF7MQ72,5935289.0,170758264.53,3.84,USD,,,,equity,web_csv
2026-08-06,SIL,DSV CN,DISCOVERY MINING LTD,CA25466C1077,BSBFLD9,19004549.0,142451100.09,3.2,USD,,,,equity,web_csv
2026-08-06,SIL,010130 KS,KOREA ZINC CO LTD,,6495428,136711.0,118515841.09,2.66,USD,,,,equity,web_csv
2026-08-06,SIL,AYA CN,AYA GOLD & SILVER INC,CA05466C1095,BK94091,4048115.0,101884946.94,2.29,USD,,,,equity,web_csv
2026-08-06,SIL,FVI CN,FORTUNA MINING CORP,CA3499421020,BPLQGB4,8997840.0,86182641.8,1.94,USD,,,,equity,web_csv
2026-08-06,SIL,EXK,ENDEAVOUR SILVER CORP,CA29258Y1034,B018TM7,8730032.0,77086182.56,1.73,USD,,,,equity,web_csv
2026-08-06,SIL,SVM CN,SILVERCORP METALS INC,CA82835P1036,2784261,6251600.0,67592095.0,1.52,USD,,,,equity,web_csv
2026-08-06,SIL,TFPM CN,TRIPLE FLAG PRECIOUS MET,CA89679M1041,BJ171P4,2057046.0,66120645.59,1.49,USD,,,,equity,web_csv
2026-08-06,SIL,HOC LN,HOCHSCHILD MINING PLC,GB00B1FW5029,B1FW502,9094245.0,58779995.69,1.32,USD,,,,equity,web_csv
2026-08-06,SIL,ABRA CN,ABRASILVER RESOURCE CORP,CA00379L3048,BR4XSQ5,4162590.0,46163587.7,1.04,USD,,,,equity,web_csv
2026-08-06,SIL,VZLA CN,VIZSLA SILVER CORP,CA92859G6085,BS84LB7,9780937.0,34599327.83,0.78,USD,,,,equity,web_csv
2026-08-06,SIL,HYMC,HYCROFT MINING HOLDING CO-A,US44862P2083,BS70KX1,1331958.0,31700600.4,0.71,USD,,,,equity,web_csv
2026-08-06,SIL,GGD CN,GOGOLD RESOURCES INC,CA38045Y1025,B60BNP0,12039818.0,30310992.08,0.68,USD,,,,equity,web_csv
2026-08-06,SIL,USA CN,AMERICAS GOLD AND SILVER CORP,CA03062D8035,BVMJP62,6429081.0,30032792.89,0.68,USD,,,,equity,web_csv
2026-08-06,SIL,ASM CN,AVINO SILVER & GOLD MINES,CA0539061030,2474261,4660508.0,29748277.0,0.67,USD,,,,equity,web_csv
2026-08-06,SIL,MUX,MCEWEN INC,US58039P3055,BQGD8H7,1505074.0,27482651.24,0.62,USD,,,,equity,web_csv
2026-08-06,SIL,KCN AU,KINGSGATE CONSOLIDATED LTD,AU000000KCN1,6492731,7121108.0,21661927.66,0.49,USD,,,,equity,web_csv
2026-08-06,SIL,SCZ CN,SANTACRUZ SILVER MINING LTD,,BVV5T70,2530079.0,20029153.02,0.45,USD,,,,equity,web_csv
2026-08-06,SIL,HSLV CN,HIGHLANDER SILVER CORP,CA43087N2041,BRBR2F7,4072551.0,19866810.85,0.45,USD,,,,equity,web_csv
2026-08-06,SIL,NUAG CN,NEW PACIFIC METALS CORP,CA64782A1075,BMW5909,2909568.0,17181630.38,0.39,USD,,,,equity,web_csv
2026-08-06,SIL,ITR CN,INTEGRA RESOURCES CORP,CA45826T5098,BRK42Y8,5509576.0,13163413.04,0.3,USD,,,,equity,web_csv
2026-08-06,SIL,SLVR CN,SILVER TIGER METALS INC,,BLFLCL9,16059719.0,10537347.27,0.24,USD,,,,equity,web_csv
2026-08-06,SIL,APM CN,ANDEAN PRECIOUS METALS CORP,CA03349X1015,BNDS6V4,1652149.0,7965287.05,0.18,USD,,,,equity,web_csv
2026-08-06,SIL,ASL AU,ANDEAN SILVER LTD,AU0000343253,BSFS736,5358150.0,7885458.23,0.18,USD,,,,equity,web_csv
2026-08-06,SIL,USL AU,UNICO SILVER LTD,,BQXR4J6,14230601.0,7815983.37,0.18,USD,,,,equity,web_csv
2026-08-06,SIL,GSVR CN,GUANAJUATO SILVER CO LTD,,BMDM727,21101668.0,7675249.21,0.17,USD,,,,equity,web_csv
2026-08-06,SIL,BRC CN,BLACKROCK SILVER CORP,,BNGHFP5,8836688.0,6743398.47,0.15,USD,,,,equity,web_csv
2026-08-07,SIL,BRC CN,BLACKROCK SILVER CORP,,BNGHFP5,8836688.0,6844986.94,0.14,USD,,,,equity,web_csv
2026-08-07,SIL,SVL AU,SILVER MINES LTD,,B1HMJH5,61176592.0,6479061.24,0.14,USD,,,,equity,web_csv
2026-08-07,SIL,AAG CN,AFTERMATH SILVER LTD,,BDFS6H8,7444986.0,3951436.0,0.08,USD,,,,equity,web_csv
2026-08-07,SIL,SOSI SS,SOTKAMO SILVER AB,,7788354,8076872.0,3881800.45,0.08,USD,,,,equity,web_csv
2026-08-07,SIL,,CASH,CASH,,-155645.08,-155645.08,-0.0,USD,,,,cash,web_csv
2026-08-07,SIL,,OTHER PAYABLE & RECEIVABLES,CASH,,-449829.42,-449829.42,-0.01,USD,,,,cash,web_csv
2026-08-07,SIL,WPM,WHEATON PRECIOUS METALS CORP,CA9628791027,BDG1S92,8102186.0,1087313361.2,22.96,USD,,,,equity,web_csv
2026-08-07,SIL,PAAS,PAN AMERICAN SILVER CORP,CA6979001089,2703396,11486315.0,588329054.3,12.43,USD,,,,equity,web_csv
2026-08-07,SIL,CDE,COEUR MINING INC,US1921085049,2208136,28034723.0,487523832.97,10.3,USD,,,,equity,web_csv
2026-08-07,SIL,PE&OLES* MM,INDUSTRIAS PENOLES SAB DE CV,MXP554091415,2448200,4473339.0,230224803.0,4.86,USD,,,,equity,web_csv
2026-08-07,SIL,HL,HECLA MINING CO,US4227041062,2418601,12953276.0,218262700.6,4.61,USD,,,,equity,web_csv
2026-08-07,SIL,AG CN,FIRST MAJESTIC SILVER CORP,CA32076V1031,2833583,11763203.0,216323130.66,4.57,USD,,,,equity,web_csv
2026-08-07,SIL,FRES LN,FRESNILLO PLC,GB00B2QPKJ12,B2QPKJ1,5096430.0,196881119.01,4.16,USD,,,,equity,web_csv
2026-08-07,SIL,SSRM,SSR MINING INC,CA7847301032,BF7MQ72,5935289.0,188623484.42,3.98,USD,,,,equity,web_csv
2026-08-07,SIL,BVN,CIA DE MINAS BUENAVENTUR-ADR,US2044481040,2210476,5449767.0,186109543.05,3.93,USD,,,,equity,web_csv
2026-08-07,SIL,OR CN,OR ROYALTIES INC,CA68390D1069,BPJJWP1,5523588.0,182554731.96,3.85,USD,,,,equity,web_csv
2026-08-07,SIL,DSV CN,DISCOVERY MINING LTD,CA25466C1077,BSBFLD9,19004549.0,149255737.17,3.15,USD,,,,equity,web_csv
2026-08-07,SIL,AYA CN,AYA GOLD & SILVER INC,CA05466C1095,BK94091,4048115.0,109982138.21,2.32,USD,,,,equity,web_csv
2026-08-07,SIL,010130 KS,KOREA ZINC CO LTD,,6495428,136711.0,106687151.88,2.25,USD,,,,equity,web_csv
2026-08-07,SIL,FVI CN,FORTUNA MINING CORP,CA3499421020,BPLQGB4,8997840.0,93705315.98,1.98,USD,,,,equity,web_csv
2026-08-07,SIL,EXK,ENDEAVOUR SILVER CORP,CA29258Y1034,B018TM7,8730032.0,83284505.28,1.76,USD,,,,equity,web_csv
2026-08-07,SIL,SVM CN,SILVERCORP METALS INC,CA82835P1036,2784261,6251600.0,71876025.1,1.52,USD,,,,equity,web_csv
2026-08-07,SIL,TFPM CN,TRIPLE FLAG PRECIOUS MET,CA89679M1041,BJ171P4,2057046.0,67026429.82,1.42,USD,,,,equity,web_csv
2026-08-07,SIL,HOC LN,HOCHSCHILD MINING PLC,GB00B1FW5029,B1FW502,9094245.0,62499397.43,1.32,USD,,,,equity,web_csv
2026-08-07,SIL,ABRA CN,ABRASILVER RESOURCE CORP,CA00379L3048,BR4XSQ5,4162590.0,49977949.87,1.05,USD,,,,equity,web_csv
2026-08-07,SIL,VZLA CN,VIZSLA SILVER CORP,CA92859G6085,BS84LB7,9780937.0,36479019.11,0.77,USD,,,,equity,web_csv
2026-08-07,SIL,HYMC,HYCROFT MINING HOLDING CO-A,US44862P2083,BS70KX1,1331958.0,35350165.32,0.75,USD,,,,equity,web_csv
2026-08-07,SIL,USA CN,AMERICAS GOLD AND SILVER CORP,CA03062D8035,BVMJP62,6429081.0,32324086.65,0.68,USD,,,,equity,web_csv
2026-08-07,SIL,GGD CN,GOGOLD RESOURCES INC,CA38045Y1025,B60BNP0,12039818.0,32209805.37,0.68,USD,,,,equity,web_csv
2026-08-07,SIL,ASM CN,AVINO SILVER & GOLD MINES,CA0539061030,2474261,4660508.0,32089565.57,0.68,USD,,,,equity,web_csv
2026-08-07,SIL,MUX,MCEWEN INC,US58039P3055,BQGD8H7,1505074.0,28882370.06,0.61,USD,,,,equity,web_csv
2026-08-07,SIL,KCN AU,KINGSGATE CONSOLIDATED LTD,AU000000KCN1,6492731,7121108.0,22524809.78,0.48,USD,,,,equity,web_csv
2026-08-07,SIL,SCZ CN,SANTACRUZ SILVER MINING LTD,,BVV5T70,2530079.0,21249578.69,0.45,USD,,,,equity,web_csv
2026-08-07,SIL,HSLV CN,HIGHLANDER SILVER CORP,CA43087N2041,BRBR2F7,4072551.0,21118553.87,0.45,USD,,,,equity,web_csv
2026-08-07,SIL,NUAG CN,NEW PACIFIC METALS CORP,CA64782A1075,BMW5909,2909568.0,18447610.63,0.39,USD,,,,equity,web_csv
2026-08-07,SIL,ITR CN,INTEGRA RESOURCES CORP,CA45826T5098,BRK42Y8,5509576.0,14107359.74,0.3,USD,,,,equity,web_csv
2026-08-07,SIL,SLVR CN,SILVER TIGER METALS INC,,BLFLCL9,16059719.0,10942609.32,0.23,USD,,,,equity,web_csv
2026-08-07,SIL,APM CN,ANDEAN PRECIOUS METALS CORP,CA03349X1015,BNDS6V4,1652149.0,8602906.04,0.18,USD,,,,equity,web_csv
2026-08-07,SIL,GSVR CN,GUANAJUATO SILVER CO LTD,,BMDM727,21101668.0,8021433.77,0.17,USD,,,,equity,web_csv
2026-08-07,SIL,USL AU,UNICO SILVER LTD,,BQXR4J6,14230601.0,7987776.72,0.17,USD,,,,equity,web_csv
2026-08-07,SIL,ASL AU,ANDEAN SILVER LTD,AU0000343253,BSFS736,5358150.0,7793232.51,0.17,USD,,,,equity,web_csv
2026-08-10,SIL,SVL AU,SILVER MINES LTD,,B1HMJH5,61633792.0,6529787.33,0.13,USD,,,,equity,web_csv
2026-08-10,SIL,AAG CN,AFTERMATH SILVER LTD,,BDFS6H8,7500626.0,4357232.45,0.09,USD,,,,equity,web_csv
2026-08-10,SIL,SOSI SS,SOTKAMO SILVER AB,,7788354,8143552.0,4050280.34,0.08,USD,,,,equity,web_csv
2026-08-10,SIL,,CASH,CASH,,708324.89,708324.89,0.01,USD,,,,cash,web_csv
2026-08-10,SIL,,OTHER PAYABLE & RECEIVABLES,CASH,,-1599598.56,-1599598.56,-0.03,USD,,,,cash,web_csv
2026-08-10,SIL,WPM,WHEATON PRECIOUS METALS CORP,CA9628791027,BDG1S92,8162746.0,1088828688.94,22.4,USD,,,,equity,web_csv
2026-08-10,SIL,PAAS,PAN AMERICAN SILVER CORP,CA6979001089,2703396,11572195.0,599439701.0,12.33,USD,,,,equity,web_csv
2026-08-10,SIL,CDE,COEUR MINING INC,US1921085049,2208136,28244283.0,512633736.45,10.54,USD,,,,equity,web_csv
2026-08-10,SIL,PE&OLES* MM,INDUSTRIAS PENOLES SAB DE CV,MXP554091415,2448200,4506739.0,234361465.56,4.82,USD,,,,equity,web_csv
2026-08-10,SIL,HL,HECLA MINING CO,US4227041062,2418601,13050116.0,229029535.8,4.71,USD,,,,equity,web_csv
2026-08-10,SIL,AG CN,FIRST MAJESTIC SILVER CORP,CA32076V1031,2833583,11851123.0,223363941.94,4.59,USD,,,,equity,web_csv
2026-08-10,SIL,FRES LN,FRESNILLO PLC,GB00B2QPKJ12,B2QPKJ1,5134510.0,205688620.55,4.23,USD,,,,equity,web_csv
2026-08-10,SIL,BVN,CIA DE MINAS BUENAVENTUR-ADR,US2044481040,2210476,5490527.0,189862423.66,3.91,USD,,,,equity,web_csv
2026-08-10,SIL,SSRM,SSR MINING INC,CA7847301032,BF7MQ72,5979649.0,187760978.6,3.86,USD,,,,equity,web_csv
2026-08-10,SIL,OR CN,OR ROYALTIES INC,CA68390D1069,BPJJWP1,5564868.0,187737218.57,3.86,USD,,,,equity,web_csv
2026-08-10,SIL,DSV CN,DISCOVERY MINING LTD,CA25466C1077,BSBFLD9,19146629.0,150498120.16,3.1,USD,,,,equity,web_csv
2026-08-10,SIL,010130 KS,KOREA ZINC CO LTD,,6495428,137751.0,119952395.56,2.47,USD,,,,equity,web_csv
2026-08-10,SIL,AYA CN,AYA GOLD & SILVER INC,CA05466C1095,BK94091,4078395.0,113663305.27,2.34,USD,,,,equity,web_csv
2026-08-10,SIL,FVI CN,FORTUNA MINING CORP,CA3499421020,BPLQGB4,9065120.0,97129768.57,2.0,USD,,,,equity,web_csv
2026-08-10,SIL,EXK,ENDEAVOUR SILVER CORP,CA29258Y1034,B018TM7,8795312.0,90063994.88,1.85,USD,,,,equity,web_csv
2026-08-10,SIL,SVM CN,SILVERCORP METALS INC,CA82835P1036,2784261,6298320.0,76789500.48,1.58,USD,,,,equity,web_csv
2026-08-10,SIL,TFPM CN,TRIPLE FLAG PRECIOUS MET,CA89679M1041,BJ171P4,2072406.0,66303318.15,1.36,USD,,,,equity,web_csv
2026-08-10,SIL,HOC LN,HOCHSCHILD MINING PLC,GB00B1FW5029,B1FW502,9162245.0,63671433.81,1.31,USD,,,,equity,web_csv
2026-08-10,SIL,ABRA CN,ABRASILVER RESOURCE CORP,CA00379L3048,BR4XSQ5,4193710.0,50468285.44,1.04,USD,,,,equity,web_csv
2026-08-10,SIL,VZLA CN,VIZSLA SILVER CORP,CA92859G6085,BS84LB7,9854057.0,38303861.25,0.79,USD,,,,equity,web_csv
2026-08-10,SIL,HYMC,HYCROFT MINING HOLDING CO-A,US44862P2083,BS70KX1,1341918.0,36620942.22,0.75,USD,,,,equity,web_csv
2026-08-10,SIL,ASM CN,AVINO SILVER & GOLD MINES,CA0539061030,2474261,4695348.0,34280232.83,0.7,USD,,,,equity,web_csv
2026-08-10,SIL,USA CN,AMERICAS GOLD AND SILVER CORP,CA03062D8035,BVMJP62,6477161.0,33260280.96,0.68,USD,,,,equity,web_csv
2026-08-10,SIL,GGD CN,GOGOLD RESOURCES INC,CA38045Y1025,B60BNP0,12129818.0,33231186.4,0.68,USD,,,,equity,web_csv
2026-08-10,SIL,MUX,MCEWEN INC,US58039P3055,BQGD8H7,1516314.0,29098065.66,0.6,USD,,,,equity,web_csv
2026-08-10,SIL,KCN AU,KINGSGATE CONSOLIDATED LTD,AU000000KCN1,6492731,7174348.0,23714675.24,0.49,USD,,,,equity,web_csv
2026-08-10,SIL,SCZ CN,SANTACRUZ SILVER MINING LTD,,BVV5T70,2548999.0,22942544.88,0.47,USD,,,,equity,web_csv
2026-08-10,SIL,HSLV CN,HIGHLANDER SILVER CORP,CA43087N2041,BRBR2F7,4102991.0,21951671.29,0.45,USD,,,,equity,web_csv
2026-08-10,SIL,NUAG CN,NEW PACIFIC METALS CORP,CA64782A1075,BMW5909,2931328.0,18289922.62,0.38,USD,,,,equity,web_csv
2026-08-10,SIL,ITR CN,INTEGRA RESOURCES CORP,CA45826T5098,BRK42Y8,5550736.0,14729245.31,0.3,USD,,,,equity,web_csv
2026-08-10,SIL,SLVR CN,SILVER TIGER METALS INC,,BLFLCL9,16179719.0,11835847.08,0.24,USD,,,,equity,web_csv
2026-08-10,SIL,APM CN,ANDEAN PRECIOUS METALS CORP,CA03349X1015,BNDS6V4,1664509.0,9048645.05,0.19,USD,,,,equity,web_csv
2026-08-10,SIL,GSVR CN,GUANAJUATO SILVER CO LTD,,BMDM727,21259348.0,8843132.53,0.18,USD,,,,equity,web_csv
2026-08-10,SIL,USL AU,UNICO SILVER LTD,,BQXR4J6,14336961.0,8354105.24,0.17,USD,,,,equity,web_csv
2026-08-10,SIL,ASL AU,ANDEAN SILVER LTD,AU0000343253,BSFS736,5398190.0,8121133.68,0.17,USD,,,,equity,web_csv
2026-08-10,SIL,BRC CN,BLACKROCK SILVER CORP,,BNGHFP5,8902728.0,7406436.32,0.15,USD,,,,equity,web_csv
2026-08-11,SIL,,CASH,CASH,,767486.1,767486.1,0.02,USD,,,,cash,web_csv
2026-08-11,SIL,,OTHER PAYABLE & RECEIVABLES,CASH,,-850642.06,-850642.06,-0.02,USD,,,,cash,web_csv
2026-08-11,SIL,,KOREAN WON,,,-1274045704.0,-899559.21,-0.02,USD,,,,fx,web_csv
2026-08-11,SIL,BRC CN,BLACKROCK SILVER CORP,,BNGHFP5,8907681.0,7291155.15,0.15,USD,,,,equity,web_csv
2026-08-11,SIL,SVL AU,SILVER MINES LTD,,B1HMJH5,61668082.0,6970458.5,0.14,USD,,,,equity,web_csv
2026-08-11,SIL,AAG CN,AFTERMATH SILVER LTD,,BDFS6H8,7504799.0,4310780.25,0.09,USD,,,,equity,web_csv
2026-08-11,SIL,SOSI SS,SOTKAMO SILVER AB,,7788354,8148553.0,3962137.31,0.08,USD,,,,equity,web_csv
2026-08-11,SIL,ASM CN,AVINO SILVER & GOLD MINES,CA0539061030,2474261,4697961.0,34507371.05,0.7,USD,,,,equity,web_csv
2026-08-11,SIL,USA CN,AMERICAS GOLD AND SILVER CORP,CA03062D8035,BVMJP62,6480767.0,33317028.7,0.68,USD,,,,equity,web_csv
2026-08-11,SIL,GGD CN,GOGOLD RESOURCES INC,CA38045Y1025,B60BNP0,12136568.0,33026453.22,0.68,USD,,,,equity,web_csv
2026-08-11,SIL,MUX,MCEWEN INC,US58039P3055,BQGD8H7,1517157.0,29038384.98,0.59,USD,,,,equity,web_csv
2026-08-11,SIL,KCN AU,KINGSGATE CONSOLIDATED LTD,AU000000KCN1,6492731,7178341.0,23885036.78,0.49,USD,,,,equity,web_csv
2026-08-11,SIL,SCZ CN,SANTACRUZ SILVER MINING LTD,,BVV5T70,2550418.0,23054936.36,0.47,USD,,,,equity,web_csv
2026-08-11,SIL,HSLV CN,HIGHLANDER SILVER CORP,CA43087N2041,BRBR2F7,4105274.0,21841737.81,0.45,USD,,,,equity,web_csv
2026-08-11,SIL,NUAG CN,NEW PACIFIC METALS CORP,CA64782A1075,BMW5909,2932960.0,19058185.6,0.39,USD,,,,equity,web_csv
2026-08-11,SIL,ITR CN,INTEGRA RESOURCES CORP,CA45826T5098,BRK42Y8,5553823.0,14395477.31,0.29,USD,,,,equity,web_csv
2026-08-11,SIL,SLVR CN,SILVER TIGER METALS INC,,BLFLCL9,16188719.0,11274857.25,0.23,USD,,,,equity,web_csv
2026-08-11,SIL,APM CN,ANDEAN PRECIOUS METALS CORP,CA03349X1015,BNDS6V4,1665436.0,8968422.19,0.18,USD,,,,equity,web_csv
2026-08-11,SIL,GSVR CN,GUANAJUATO SILVER CO LTD,,BMDM727,21271174.0,8552760.68,0.17,USD,,,,equity,web_csv
2026-08-11,SIL,USL AU,UNICO SILVER LTD,,BQXR4J6,14344938.0,8411194.78,0.17,USD,,,,equity,web_csv
2026-08-11,SIL,ASL AU,ANDEAN SILVER LTD,AU0000343253,BSFS736,5401193.0,8203686.92,0.17,USD,,,,equity,web_csv
2026-08-11,SIL,WPM,WHEATON PRECIOUS METALS CORP,CA9628791027,BDG1S92,8167288.0,1097765180.08,22.44,USD,,,,equity,web_csv
2026-08-11,SIL,PAAS,PAN AMERICAN SILVER CORP,CA6979001089,2703396,11578636.0,599657558.44,12.26,USD,,,,equity,web_csv
2026-08-11,SIL,CDE,COEUR MINING INC,US1921085049,2208136,28260000.0,525070800.0,10.73,USD,,,,equity,web_csv
2026-08-11,SIL,PE&OLES* MM,INDUSTRIAS PENOLES SAB DE CV,MXP554091415,2448200,4509244.0,232065463.87,4.75,USD,,,,equity,web_csv
2026-08-11,SIL,HL,HECLA MINING CO,US4227041062,2418601,13057379.0,231899051.04,4.74,USD,,,,equity,web_csv
2026-08-11,SIL,AG CN,FIRST MAJESTIC SILVER CORP,CA32076V1031,2833583,11857717.0,224681494.62,4.59,USD,,,,equity,web_csv
2026-08-11,SIL,FRES LN,FRESNILLO PLC,GB00B2QPKJ12,B2QPKJ1,5137366.0,204586907.05,4.18,USD,,,,equity,web_csv
2026-08-11,SIL,SSRM,SSR MINING INC,CA7847301032,BF7MQ72,5982976.0,191275742.72,3.91,USD,,,,equity,web_csv
2026-08-11,SIL,BVN,CIA DE MINAS BUENAVENTUR-ADR,US2044481040,2210476,5493584.0,191176723.2,3.91,USD,,,,equity,web_csv
2026-08-11,SIL,OR CN,OR ROYALTIES INC,CA68390D1069,BPJJWP1,5567964.0,187297873.56,3.83,USD,,,,equity,web_csv
2026-08-11,SIL,DSV CN,DISCOVERY MINING LTD,CA25466C1077,BSBFLD9,19157285.0,147866317.54,3.02,USD,,,,equity,web_csv
2026-08-11,SIL,010130 KS,KOREA ZINC CO LTD,,6495428,137829.0,119601667.02,2.44,USD,,,,equity,web_csv
2026-08-11,SIL,AYA CN,AYA GOLD & SILVER INC,CA05466C1095,BK94091,4080666.0,113505654.88,2.32,USD,,,,equity,web_csv
2026-08-11,SIL,FVI CN,FORTUNA MINING CORP,CA3499421020,BPLQGB4,9070166.0,98076969.99,2.0,USD,,,,equity,web_csv
2026-08-11,SIL,EXK,ENDEAVOUR SILVER CORP,CA29258Y1034,B018TM7,8800208.0,93194202.72,1.91,USD,,,,equity,web_csv
2026-08-11,SIL,SVM CN,SILVERCORP METALS INC,CA82835P1036,2784261,6301824.0,79318596.1,1.62,USD,,,,equity,web_csv
2026-08-11,SIL,TFPM CN,TRIPLE FLAG PRECIOUS MET,CA89679M1041,BJ171P4,2073558.0,66371721.87,1.36,USD,,,,equity,web_csv
2026-08-11,SIL,HOC LN,HOCHSCHILD MINING PLC,GB00B1FW5029,B1FW502,9167345.0,64581442.14,1.32,USD,,,,equity,web_csv
2026-08-11,SIL,ABRA CN,ABRASILVER RESOURCE CORP,CA00379L3048,BR4XSQ5,4196044.0,49469784.58,1.01,USD,,,,equity,web_csv
2026-08-11,SIL,VZLA CN,VIZSLA SILVER CORP,CA92859G6085,BS84LB7,9859541.0,37732079.36,0.77,USD,,,,equity,web_csv
2026-08-11,SIL,HYMC,HYCROFT MINING HOLDING CO-A,US44862P2083,BS70KX1,1342665.0,36963567.45,0.76,USD,,,,equity,web_csv
2026-08-12,SIL,,OTHER PAYABLE & RECEIVABLES,CASH,,1362199.13,1362199.13,0.03,USD,,,,cash,web_csv
2026-08-12,SIL,,KOREAN WON,,,-97137540.0,-68592.69,-0.0,USD,,,,fx,web_csv
2026-08-12,SIL,,CASH,CASH,,-131793.13,-131793.13,-0.0,USD,,,,cash,web_csv
2026-08-12,SIL,BRC CN,BLACKROCK SILVER CORP,,BNGHFP5,8907681.0,7229273.91,0.15,USD,,,,equity,web_csv
2026-08-12,SIL,SVL AU,SILVER MINES LTD,,B1HMJH5,61668082.0,6758838.88,0.14,USD,,,,equity,web_csv
2026-08-12,SIL,SOSI SS,SOTKAMO SILVER AB,,7788354,8148553.0,4168276.25,0.09,USD,,,,equity,web_csv
2026-08-12,SIL,AAG CN,AFTERMATH SILVER LTD,,BDFS6H8,7504799.0,4042517.51,0.08,USD,,,,equity,web_csv
2026-08-12,SIL,HYMC,HYCROFT MINING HOLDING CO-A,US44862P2083,BS70KX1,1342665.0,36856154.25,0.75,USD,,,,equity,web_csv
2026-08-12,SIL,USA CN,AMERICAS GOLD AND SILVER CORP,CA03062D8035,BVMJP62,6480767.0,33698964.4,0.68,USD,,,,equity,web_csv
2026-08-12,SIL,ASM CN,AVINO SILVER & GOLD MINES,CA0539061030,2474261,4697961.0,33538788.62,0.68,USD,,,,equity,web_csv
2026-08-12,SIL,GGD CN,GOGOLD RESOURCES INC,CA38045Y1025,B60BNP0,12136568.0,32600110.83,0.66,USD,,,,equity,web_csv
2026-08-12,SIL,MUX,MCEWEN INC,US58039P3055,BQGD8H7,1517157.0,29053556.55,0.59,USD,,,,equity,web_csv
2026-08-12,SIL,KCN AU,KINGSGATE CONSOLIDATED LTD,AU000000KCN1,6492731,7178341.0,24059266.41,0.49,USD,,,,equity,web_csv
2026-08-12,SIL,SCZ CN,SANTACRUZ SILVER MINING LTD,,BVV5T70,2550418.0,22457086.71,0.46,USD,,,,equity,web_csv
2026-08-12,SIL,HSLV CN,HIGHLANDER SILVER CORP,CA43087N2041,BRBR2F7,4105274.0,21759559.11,0.44,USD,,,,equity,web_csv
2026-08-12,SIL,NUAG CN,NEW PACIFIC METALS CORP,CA64782A1075,BMW5909,2932960.0,19421762.63,0.39,USD,,,,equity,web_csv
2026-08-12,SIL,ITR CN,INTEGRA RESOURCES CORP,CA45826T5098,BRK42Y8,5553823.0,15117599.15,0.31,USD,,,,equity,web_csv
2026-08-12,SIL,SLVR CN,SILVER TIGER METALS INC,,BLFLCL9,16188719.0,11278096.33,0.23,USD,,,,equity,web_csv
2026-08-12,SIL,ASL AU,ANDEAN SILVER LTD,AU0000343253,BSFS736,5401193.0,8478570.29,0.17,USD,,,,equity,web_csv
2026-08-12,SIL,USL AU,UNICO SILVER LTD,,BQXR4J6,14344938.0,8469643.01,0.17,USD,,,,equity,web_csv
2026-08-12,SIL,APM CN,ANDEAN PRECIOUS METALS CORP,CA03349X1015,BNDS6V4,1665436.0,8253318.78,0.17,USD,,,,equity,web_csv
2026-08-12,SIL,GSVR CN,GUANAJUATO SILVER CO LTD,,BMDM727,21271174.0,8249674.26,0.17,USD,,,,equity,web_csv
2026-08-12,SIL,WPM,WHEATON PRECIOUS METALS CORP,CA9628791027,BDG1S92,8167288.0,1101603805.44,22.37,USD,,,,equity,web_csv
2026-08-12,SIL,PAAS,PAN AMERICAN SILVER CORP,CA6979001089,2703396,11578636.0,606488953.68,12.31,USD,,,,equity,web_csv
2026-08-12,SIL,CDE,COEUR MINING INC,US1921085049,2208136,28260000.0,531288000.0,10.79,USD,,,,equity,web_csv
2026-08-12,SIL,HL,HECLA MINING CO,US4227041062,2418601,13057379.0,236338559.9,4.8,USD,,,,equity,web_csv
2026-08-12,SIL,PE&OLES* MM,INDUSTRIAS PENOLES SAB DE CV,MXP554091415,2448200,4509244.0,235902308.55,4.79,USD,,,,equity,web_csv
2026-08-12,SIL,AG CN,FIRST MAJESTIC SILVER CORP,CA32076V1031,2833583,11857717.0,227471268.77,4.62,USD,,,,equity,web_csv
2026-08-12,SIL,FRES LN,FRESNILLO PLC,GB00B2QPKJ12,B2QPKJ1,5137366.0,207076392.43,4.2,USD,,,,equity,web_csv
2026-08-12,SIL,SSRM,SSR MINING INC,CA7847301032,BF7MQ72,5982976.0,194566379.52,3.95,USD,,,,equity,web_csv
2026-08-12,SIL,BVN,CIA DE MINAS BUENAVENTUR-ADR,US2044481040,2210476,5493584.0,190078006.4,3.86,USD,,,,equity,web_csv
2026-08-12,SIL,OR CN,OR ROYALTIES INC,CA68390D1069,BPJJWP1,5567964.0,187671598.75,3.81,USD,,,,equity,web_csv
2026-08-12,SIL,DSV CN,DISCOVERY MINING LTD,CA25466C1077,BSBFLD9,19157285.0,149009513.81,3.02,USD,,,,equity,web_csv
2026-08-12,SIL,010130 KS,KOREA ZINC CO LTD,,6495428,137829.0,118251763.58,2.4,USD,,,,equity,web_csv
2026-08-12,SIL,AYA CN,AYA GOLD & SILVER INC,CA05466C1095,BK94091,4080666.0,114564034.86,2.33,USD,,,,equity,web_csv
2026-08-12,SIL,FVI CN,FORTUNA MINING CORP,CA3499421020,BPLQGB4,9070166.0,98365717.38,2.0,USD,,,,equity,web_csv
2026-08-12,SIL,EXK,ENDEAVOUR SILVER CORP,CA29258Y1034,B018TM7,8800208.0,93370206.88,1.9,USD,,,,equity,web_csv
2026-08-12,SIL,SVM CN,SILVERCORP METALS INC,CA82835P1036,2784261,6301824.0,76263679.68,1.55,USD,,,,equity,web_csv
2026-08-12,SIL,TFPM CN,TRIPLE FLAG PRECIOUS MET,CA89679M1041,BJ171P4,2073558.0,66926919.61,1.36,USD,,,,equity,web_csv
2026-08-12,SIL,HOC LN,HOCHSCHILD MINING PLC,GB00B1FW5029,B1FW502,9167345.0,66005577.49,1.34,USD,,,,equity,web_csv
2026-08-12,SIL,ABRA CN,ABRASILVER RESOURCE CORP,CA00379L3048,BR4XSQ5,4196044.0,49845633.47,1.01,USD,,,,equity,web_csv
2026-08-12,SIL,VZLA CN,VIZSLA SILVER CORP,CA92859G6085,BS84LB7,9859541.0,37459670.26,0.76,USD,,,,equity,web_csv
2026-08-13,SIL,,OTHER PAYABLE & RECEIVABLES,CASH,,1604676.13,1604676.13,0.03,USD,,,,cash,web_csv
2026-08-13,SIL,,CANADIAN DOLLAR,,,-16187.93,-11610.08,0.0,USD,,,,fx,web_csv
2026-08-13,SIL,,CASH,CASH,,-212083.87,-212083.87,-0.0,USD,,,,cash,web_csv
2026-08-13,SIL,USA CN,AMERICAS GOLD AND SILVER CORP,CA03062D8035,BVMJP62,6480767.0,32815186.85,0.69,USD,,,,equity,web_csv
2026-08-13,SIL,ASM CN,AVINO SILVER & GOLD MINES,CA0539061030,2474261,4697961.0,32481061.49,0.68,USD,,,,equity,web_csv
2026-08-13,SIL,GGD CN,GOGOLD RESOURCES INC,CA38045Y1025,B60BNP0,12136568.0,31771120.42,0.67,USD,,,,equity,web_csv
2026-08-13,SIL,MUX,MCEWEN INC,US58039P3055,BQGD8H7,1517157.0,28188777.06,0.59,USD,,,,equity,web_csv
2026-08-13,SIL,KCN AU,KINGSGATE CONSOLIDATED LTD,AU000000KCN1,6492731,7178341.0,24395596.93,0.51,USD,,,,equity,web_csv
2026-08-13,SIL,SCZ CN,SANTACRUZ SILVER MINING LTD,,BVV5T70,2550418.0,22315928.85,0.47,USD,,,,equity,web_csv
2026-08-13,SIL,HSLV CN,HIGHLANDER SILVER CORP,CA43087N2041,BRBR2F7,4105274.0,21228591.8,0.45,USD,,,,equity,web_csv
2026-08-13,SIL,NUAG CN,NEW PACIFIC METALS CORP,CA64782A1075,BMW5909,2932960.0,19689095.32,0.41,USD,,,,equity,web_csv
2026-08-13,SIL,ITR CN,INTEGRA RESOURCES CORP,CA45826T5098,BRK42Y8,5553823.0,14976959.39,0.31,USD,,,,equity,web_csv
2026-08-13,SIL,SLVR CN,SILVER TIGER METALS INC,,BLFLCL9,16188719.0,11262323.34,0.24,USD,,,,equity,web_csv
2026-08-13,SIL,ASL AU,ANDEAN SILVER LTD,AU0000343253,BSFS736,5401193.0,8510142.79,0.18,USD,,,,equity,web_csv
2026-08-13,SIL,APM CN,ANDEAN PRECIOUS METALS CORP,CA03349X1015,BNDS6V4,1665436.0,8193997.68,0.17,USD,,,,equity,web_csv
2026-08-13,SIL,USL AU,UNICO SILVER LTD,,BQXR4J6,14344938.0,8108321.31,0.17,USD,,,,equity,web_csv
2026-08-13,SIL,GSVR CN,GUANAJUATO SILVER CO LTD,,BMDM727,21271174.0,8085578.58,0.17,USD,,,,equity,web_csv
2026-08-13,SIL,BRC CN,BLACKROCK SILVER CORP,,BNGHFP5,8907681.0,7155277.0,0.15,USD,,,,equity,web_csv
2026-08-13,SIL,SVL AU,SILVER MINES LTD,,B1HMJH5,61668082.0,6753585.88,0.14,USD,,,,equity,web_csv
2026-08-13,SIL,SOSI SS,SOTKAMO SILVER AB,,7788354,8148553.0,4121572.18,0.09,USD,,,,equity,web_csv
2026-08-13,SIL,AAG CN,AFTERMATH SILVER LTD,,BDFS6H8,7504799.0,3983038.99,0.08,USD,,,,equity,web_csv
2026-08-13,SIL,WPM,WHEATON PRECIOUS METALS CORP,CA9628791027,BDG1S92,8167288.0,1076938595.68,22.57,USD,,,,equity,web_csv
2026-08-13,SIL,PAAS,PAN AMERICAN SILVER CORP,CA6979001089,2703396,11578636.0,547669482.8,11.48,USD,,,,equity,web_csv
2026-08-13,SIL,CDE,COEUR MINING INC,US1921085049,2208136,28260000.0,521397000.0,10.93,USD,,,,equity,web_csv
2026-08-13,SIL,HL,HECLA MINING CO,US4227041062,2418601,13057379.0,231507329.67,4.85,USD,,,,equity,web_csv
2026-08-13,SIL,PE&OLES* MM,INDUSTRIAS PENOLES SAB DE CV,MXP554091415,2448200,4509244.0,228954848.09,4.8,USD,,,,equity,web_csv
2026-08-13,SIL,AG CN,FIRST MAJESTIC SILVER CORP,CA32076V1031,2833583,11857717.0,222466112.9,4.66,USD,,,,equity,web_csv
2026-08-13,SIL,FRES LN,FRESNILLO PLC,GB00B2QPKJ12,B2QPKJ1,5137366.0,199382016.26,4.18,USD,,,,equity,web_csv
2026-08-13,SIL,SSRM,SSR MINING INC,CA7847301032,BF7MQ72,5982976.0,190258636.8,3.99,USD,,,,equity,web_csv
2026-08-13,SIL,BVN,CIA DE MINAS BUENAVENTUR-ADR,US2044481040,2210476,5493584.0,184968973.28,3.88,USD,,,,equity,web_csv
2026-08-13,SIL,OR CN,OR ROYALTIES INC,CA68390D1069,BPJJWP1,5567964.0,182577145.58,3.83,USD,,,,equity,web_csv
2026-08-13,SIL,DSV CN,DISCOVERY MINING LTD,CA25466C1077,BSBFLD9,19157285.0,152785633.79,3.2,USD,,,,equity,web_csv
2026-08-13,SIL,010130 KS,KOREA ZINC CO LTD,,6495428,137829.0,119699353.41,2.51,USD,,,,equity,web_csv
2026-08-13,SIL,AYA CN,AYA GOLD & SILVER INC,CA05466C1095,BK94091,4080666.0,109574793.83,2.3,USD,,,,equity,web_csv
2026-08-13,SIL,FVI CN,FORTUNA MINING CORP,CA3499421020,BPLQGB4,9070166.0,95105663.72,1.99,USD,,,,equity,web_csv
2026-08-13,SIL,EXK,ENDEAVOUR SILVER CORP,CA29258Y1034,B018TM7,8800208.0,90730144.48,1.9,USD,,,,equity,web_csv
2026-08-13,SIL,SVM CN,SILVERCORP METALS INC,CA82835P1036,2784261,6301824.0,74123153.98,1.55,USD,,,,equity,web_csv
2026-08-13,SIL,TFPM CN,TRIPLE FLAG PRECIOUS MET,CA89679M1041,BJ171P4,2073558.0,64855385.77,1.36,USD,,,,equity,web_csv
2026-08-13,SIL,HOC LN,HOCHSCHILD MINING PLC,GB00B1FW5029,B1FW502,9167345.0,63033468.94,1.32,USD,,,,equity,web_csv
2026-08-13,SIL,ABRA CN,ABRASILVER RESOURCE CORP,CA00379L3048,BR4XSQ5,4196044.0,48090642.7,1.01,USD,,,,equity,web_csv
2026-08-13,SIL,VZLA CN,VIZSLA SILVER CORP,CA92859G6085,BS84LB7,9859541.0,36841575.42,0.77,USD,,,,equity,web_csv
2026-08-13,SIL,HYMC,HYCROFT MINING HOLDING CO-A,US44862P2083,BS70KX1,1342665.0,35674609.05,0.75,USD,,,,equity,web_csv
2026-08-14,SIL,WPM,WHEATON PRECIOUS METALS CORP,CA9628791027,BDG1S92,8206652.0,1101414764.92,22.7,USD,,,,equity,web_csv
2026-08-14,SIL,PAAS,PAN AMERICAN SILVER CORP,CA6979001089,2703396,11634458.0,551705998.36,11.37,USD,,,,equity,web_csv
2026-08-14,SIL,CDE,COEUR MINING INC,US1921085049,2208136,28396214.0,534132785.34,11.01,USD,,,,equity,web_csv
2026-08-14,SIL,HL,HECLA MINING CO,US4227041062,2418601,13120325.0,241020370.25,4.97,USD,,,,equity,web_csv
2026-08-14,SIL,AG CN,FIRST MAJESTIC SILVER CORP,CA32076V1031,2833583,11914865.0,229635533.52,4.73,USD,,,,equity,web_csv
2026-08-14,SIL,PE&OLES* MM,INDUSTRIAS PENOLES SAB DE CV,MXP554091415,2448200,4530954.0,226511719.95,4.67,USD,,,,equity,web_csv
2026-08-14,SIL,FRES LN,FRESNILLO PLC,GB00B2QPKJ12,B2QPKJ1,5162118.0,201423943.42,4.15,USD,,,,equity,web_csv
2026-08-14,SIL,SSRM,SSR MINING INC,CA7847301032,BF7MQ72,6011810.0,193520163.9,3.99,USD,,,,equity,web_csv
2026-08-14,SIL,OR CN,OR ROYALTIES INC,CA68390D1069,BPJJWP1,5594796.0,186593974.45,3.85,USD,,,,equity,web_csv
2026-08-14,SIL,BVN,CIA DE MINAS BUENAVENTUR-ADR,US2044481040,2210476,5520078.0,186247431.72,3.84,USD,,,,equity,web_csv
2026-08-14,SIL,DSV CN,DISCOVERY MINING LTD,CA25466C1077,BSBFLD9,19249637.0,157830519.15,3.25,USD,,,,equity,web_csv
2026-08-14,SIL,010130 KS,KOREA ZINC CO LTD,,6495428,138505.0,116871239.45,2.41,USD,,,,equity,web_csv
2026-08-14,SIL,AYA CN,AYA GOLD & SILVER INC,CA05466C1095,BK94091,4100348.0,106205202.35,2.19,USD,,,,equity,web_csv
2026-08-14,SIL,FVI CN,FORTUNA MINING CORP,CA3499421020,BPLQGB4,9113898.0,97249057.52,2.0,USD,,,,equity,web_csv
2026-08-14,SIL,EXK,ENDEAVOUR SILVER CORP,CA29258Y1034,B018TM7,8842640.0,94262542.4,1.94,USD,,,,equity,web_csv
2026-08-14,SIL,SVM CN,SILVERCORP METALS INC,CA82835P1036,2784261,6332192.0,76052913.03,1.57,USD,,,,equity,web_csv
2026-08-14,SIL,TFPM CN,TRIPLE FLAG PRECIOUS MET,CA89679M1041,BJ171P4,2083542.0,65555876.75,1.35,USD,,,,equity,web_csv
2026-08-14,SIL,HOC LN,HOCHSCHILD MINING PLC,GB00B1FW5029,B1FW502,9211545.0,63586854.96,1.31,USD,,,,equity,web_csv
2026-08-14,SIL,ABRA CN,ABRASILVER RESOURCE CORP,CA00379L3048,BR4XSQ5,4216272.0,48209399.94,0.99,USD,,,,equity,web_csv
2026-08-14,SIL,VZLA CN,VIZSLA SILVER CORP,,BS84LB7,9907069.0,37188536.68,0.77,USD,,,,equity,web_csv
2026-08-14,SIL,HYMC,HYCROFT MINING HOLDING CO-A,US44862P2083,BS70KX1,1349139.0,36521192.73,0.75,USD,,,,equity,web_csv
2026-08-14,SIL,,OTHER PAYABLE & RECEIVABLES,CASH,,928085.38,928085.38,0.02,USD,,,,cash,web_csv
2026-08-14,SIL,,CASH,CASH,,365467.5,365467.5,0.01,USD,,,,cash,web_csv
2026-08-14,SIL,,CANADIAN DOLLAR,,,-16187.93,-11663.19,0.0,USD,,,,fx,web_csv
2026-08-14,SIL,USA CN,AMERICAS GOLD AND SILVER CORP,CA03062D8035,BVMJP62,6512019.0,34109570.32,0.7,USD,,,,equity,web_csv
2026-08-14,SIL,ASM CN,AVINO SILVER & GOLD MINES,CA0539061030,2474261,4720607.0,33093055.3,0.68,USD,,,,equity,web_csv
2026-08-14,SIL,GGD CN,GOGOLD RESOURCES INC,CA38045Y1025,B60BNP0,12195068.0,32597501.55,0.67,USD,,,,equity,web_csv
2026-08-14,SIL,MUX,MCEWEN INC,US58039P3055,BQGD8H7,1524463.0,28659904.4,0.59,USD,,,,equity,web_csv
2026-08-14,SIL,KCN AU,KINGSGATE CONSOLIDATED LTD,AU000000KCN1,6492731,7212947.0,24451708.22,0.5,USD,,,,equity,web_csv
2026-08-14,SIL,SCZ CN,SANTACRUZ SILVER MINING LTD,,BVV5T70,2562716.0,22636909.23,0.47,USD,,,,equity,web_csv
2026-08-14,SIL,HSLV CN,HIGHLANDER SILVER CORP,CA43087N2041,BRBR2F7,4125060.0,21458217.66,0.44,USD,,,,equity,web_csv
2026-08-14,SIL,NUAG CN,NEW PACIFIC METALS CORP,CA64782A1075,BMW5909,2947104.0,20129360.51,0.41,USD,,,,equity,web_csv
2026-08-14,SIL,ITR CN,INTEGRA RESOURCES CORP,CA45826T5098,BRK42Y8,5580577.0,15439616.47,0.32,USD,,,,equity,web_csv
2026-08-14,SIL,SLVR CN,SILVER TIGER METALS INC,,BLFLCL9,16266719.0,11368361.56,0.23,USD,,,,equity,web_csv
2026-08-14,SIL,GSVR CN,GUANAJUATO SILVER CO LTD,,BMDM727,21373666.0,8469697.25,0.17,USD,,,,equity,web_csv
2026-08-14,SIL,APM CN,ANDEAN PRECIOUS METALS CORP,CA03349X1015,BNDS6V4,1673470.0,8403822.83,0.17,USD,,,,equity,web_csv
2026-08-14,SIL,ASL AU,ANDEAN SILVER LTD,,BSFS736,5427219.0,8390781.41,0.17,USD,,,,equity,web_csv
2026-08-14,SIL,USL AU,UNICO SILVER LTD,,BQXR4J6,14414072.0,8126852.6,0.17,USD,,,,equity,web_csv
2026-08-14,SIL,BRC CN,BLACKROCK SILVER CORP,,BNGHFP5,8950607.0,7480603.85,0.15,USD,,,,equity,web_csv
2026-08-14,SIL,SVL AU,SILVER MINES LTD,,B1HMJH5,61965262.0,6811590.88,0.14,USD,,,,equity,web_csv
2026-08-14,SIL,SOSI SS,SOTKAMO SILVER AB,,7788354,8191895.0,4132467.48,0.09,USD,,,,equity,web_csv
2026-08-14,SIL,AAG CN,AFTERMATH SILVER LTD,,BDFS6H8,7540965.0,4129207.39,0.09,USD,,,,equity,web_csv
2026-08-17,SIL,,OTHER PAYABLE & RECEIVABLES,CASH,,625512.82,625512.82,0.01,USD,,,,cash,web_csv
2026-08-17,SIL,,CASH,CASH,,410241.68,410241.68,0.01,USD,,,,cash,web_csv
2026-08-17,SIL,,CANADIAN DOLLAR,,,-16187.93,-11674.13,0.0,USD,,,,fx,web_csv
2026-08-17,SIL,BRC CN,BLACKROCK SILVER CORP,,BNGHFP5,8950607.0,7552165.43,0.15,USD,,,,equity,web_csv
2026-08-17,SIL,SVL AU,SILVER MINES LTD,,B1HMJH5,61965262.0,6610474.09,0.14,USD,,,,equity,web_csv
2026-08-17,SIL,SOSI SS,SOTKAMO SILVER AB,,7788354,8191895.0,4270948.54,0.09,USD,,,,equity,web_csv
2026-08-17,SIL,AAG CN,AFTERMATH SILVER LTD,,BDFS6H8,7540965.0,4078695.96,0.08,USD,,,,equity,web_csv
2026-08-17,SIL,WPM,WHEATON PRECIOUS METALS CORP,CA9628791027,BDG1S92,8206652.0,1121110729.72,22.81,USD,,,,equity,web_csv
2026-08-17,SIL,PAAS,PAN AMERICAN SILVER CORP,CA6979001089,2703396,11634458.0,559733774.38,11.39,USD,,,,equity,web_csv
2026-08-17,SIL,CDE,COEUR MINING INC,US1921085049,2208136,28396214.0,548330892.34,11.16,USD,,,,equity,web_csv
2026-08-17,SIL,HL,HECLA MINING CO,US4227041062,2418601,13120325.0,246924516.5,5.03,USD,,,,equity,web_csv
2026-08-17,SIL,AG CN,FIRST MAJESTIC SILVER CORP,CA32076V1031,2833583,11914865.0,233545617.64,4.75,USD,,,,equity,web_csv
2026-08-17,SIL,PE&OLES* MM,INDUSTRIAS PENOLES SAB DE CV,MXP554091415,2448200,4530954.0,228407330.58,4.65,USD,,,,equity,web_csv
2026-08-17,SIL,FRES LN,FRESNILLO PLC,GB00B2QPKJ12,B2QPKJ1,5162118.0,204981985.17,4.17,USD,,,,equity,web_csv
2026-08-17,SIL,SSRM,SSR MINING INC,CA7847301032,BF7MQ72,6011810.0,197067131.8,4.01,USD,,,,equity,web_csv
2026-08-17,SIL,BVN,CIA DE MINAS BUENAVENTUR-ADR,US2044481040,2210476,5520078.0,187461848.88,3.81,USD,,,,equity,web_csv
2026-08-17,SIL,OR CN,OR ROYALTIES INC,CA68390D1069,BPJJWP1,5594796.0,186567170.55,3.8,USD,,,,equity,web_csv
2026-08-17,SIL,DSV CN,DISCOVERY MINING LTD,CA25466C1077,BSBFLD9,19249637.0,157145560.05,3.2,USD,,,,equity,web_csv
2026-08-17,SIL,010130 KS,KOREA ZINC CO LTD,,6495428,138505.0,117120405.3,2.38,USD,,,,equity,web_csv
2026-08-17,SIL,AYA CN,AYA GOLD & SILVER INC,CA05466C1095,BK94091,4100348.0,109261788.19,2.22,USD,,,,equity,web_csv
2026-08-17,SIL,FVI CN,FORTUNA MINING CORP,CA3499421020,BPLQGB4,9113898.0,98063215.78,2.0,USD,,,,equity,web_csv
2026-08-17,SIL,EXK,ENDEAVOUR SILVER CORP,CA29258Y1034,B018TM7,8842640.0,89664369.6,1.82,USD,,,,equity,web_csv
2026-08-17,SIL,SVM CN,SILVERCORP METALS INC,CA82835P1036,2784261,6332192.0,75439232.57,1.53,USD,,,,equity,web_csv
2026-08-17,SIL,TFPM CN,TRIPLE FLAG PRECIOUS MET,CA89679M1041,BJ171P4,2083542.0,65947902.05,1.34,USD,,,,equity,web_csv
2026-08-17,SIL,HOC LN,HOCHSCHILD MINING PLC,GB00B1FW5029,B1FW502,9211545.0,65665668.34,1.34,USD,,,,equity,web_csv
2026-08-17,SIL,ABRA CN,ABRASILVER RESOURCE CORP,CA00379L3048,BR4XSQ5,4216272.0,47646473.33,0.97,USD,,,,equity,web_csv
2026-08-17,SIL,VZLA CN,VIZSLA SILVER CORP,CA92859G6085,BS84LB7,9907069.0,36151710.34,0.74,USD,,,,equity,web_csv
2026-08-17,SIL,HYMC,HYCROFT MINING HOLDING CO-A,US44862P2083,BS70KX1,1349139.0,35509338.48,0.72,USD,,,,equity,web_csv
2026-08-17,SIL,ASM CN,AVINO SILVER & GOLD MINES,CA0539061030,2474261,4720607.0,33941118.37,0.69,USD,,,,equity,web_csv
2026-08-17,SIL,GGD CN,GOGOLD RESOURCES INC,CA38045Y1025,B60BNP0,12195068.0,33771363.44,0.69,USD,,,,equity,web_csv
2026-08-17,SIL,USA CN,AMERICAS GOLD AND SILVER CORP,CA03062D8035,BVMJP62,6512019.0,33671926.03,0.69,USD,,,,equity,web_csv
2026-08-17,SIL,MUX,MCEWEN INC,US58039P3055,BQGD8H7,1524463.0,28736127.55,0.58,USD,,,,equity,web_csv
2026-08-17,SIL,KCN AU,KINGSGATE CONSOLIDATED LTD,AU000000KCN1,6492731,7212947.0,25649316.89,0.52,USD,,,,equity,web_csv
2026-08-17,SIL,SCZ CN,SANTACRUZ SILVER MINING LTD,,BVV5T70,2562716.0,22177616.56,0.45,USD,,,,equity,web_csv
2026-08-17,SIL,HSLV CN,HIGHLANDER SILVER CORP,CA43087N2041,BRBR2F7,4125060.0,21627076.91,0.44,USD,,,,equity,web_csv
2026-08-17,SIL,NUAG CN,NEW PACIFIC METALS CORP,CA64782A1075,BMW5909,2947104.0,19553136.55,0.4,USD,,,,equity,web_csv
2026-08-17,SIL,ITR CN,INTEGRA RESOURCES CORP,CA45826T5098,BRK42Y8,5580577.0,15212621.11,0.31,USD,,,,equity,web_csv
2026-08-17,SIL,SLVR CN,SILVER TIGER METALS INC,,BLFLCL9,16266719.0,11144400.57,0.23,USD,,,,equity,web_csv
2026-08-17,SIL,ASL AU,ANDEAN SILVER LTD,AU0000343253,BSFS736,5427219.0,8568866.54,0.17,USD,,,,equity,web_csv
2026-08-17,SIL,USL AU,UNICO SILVER LTD,,BQXR4J6,14414072.0,8354824.92,0.17,USD,,,,equity,web_csv
2026-08-17,SIL,APM CN,ANDEAN PRECIOUS METALS CORP,CA03349X1015,BNDS6V4,1673470.0,8303085.57,0.17,USD,,,,equity,web_csv
2026-08-17,SIL,GSVR CN,GUANAJUATO SILVER CO LTD,,BMDM727,21373666.0,8169359.95,0.17,USD,,,,equity,web_csv
2026-08-18,SIL,HYMC,HYCROFT MINING HOLDING CO-A,US44862P2083,BS70KX1,1349139.0,32635672.41,0.69,USD,,,,equity,web_csv
2026-08-18,SIL,GGD CN,GOGOLD RESOURCES INC,CA38045Y1025,B60BNP0,12195068.0,32493249.99,0.68,USD,,,,equity,web_csv
2026-08-18,SIL,USA CN,AMERICAS GOLD AND SILVER CORP,CA03062D8035,BVMJP62,6512019.0,32263486.64,0.68,USD,,,,equity,web_csv
2026-08-18,SIL,ASM CN,AVINO SILVER & GOLD MINES,CA0539061030,2474261,4720607.0,32226518.1,0.68,USD,,,,equity,web_csv
2026-08-18,SIL,MUX,MCEWEN INC,US58039P3055,BQGD8H7,1524463.0,27989140.68,0.59,USD,,,,equity,web_csv
2026-08-18,SIL,KCN AU,KINGSGATE CONSOLIDATED LTD,AU000000KCN1,6492731,7212947.0,24784823.74,0.52,USD,,,,equity,web_csv
2026-08-18,SIL,SCZ CN,SANTACRUZ SILVER MINING LTD,,BVV5T70,2562716.0,21481305.04,0.45,USD,,,,equity,web_csv
2026-08-18,SIL,HSLV CN,HIGHLANDER SILVER CORP,CA43087N2041,BRBR2F7,4125060.0,21001817.74,0.44,USD,,,,equity,web_csv
2026-08-18,SIL,NUAG CN,NEW PACIFIC METALS CORP,CA64782A1075,BMW5909,2947104.0,19312747.2,0.41,USD,,,,equity,web_csv
2026-08-18,SIL,ITR CN,INTEGRA RESOURCES CORP,CA45826T5098,BRK42Y8,5580577.0,14427156.9,0.3,USD,,,,equity,web_csv
2026-08-18,SIL,SLVR CN,SILVER TIGER METALS INC,,BLFLCL9,16266719.0,10776928.3,0.23,USD,,,,equity,web_csv
2026-08-18,SIL,ASL AU,ANDEAN SILVER LTD,AU0000343253,BSFS736,5427219.0,8361126.85,0.18,USD,,,,equity,web_csv
2026-08-18,SIL,APM CN,ANDEAN PRECIOUS METALS CORP,CA03349X1015,BNDS6V4,1673470.0,8158565.44,0.17,USD,,,,equity,web_csv
2026-08-18,SIL,USL AU,UNICO SILVER LTD,,BQXR4J6,14414072.0,7879617.65,0.17,USD,,,,equity,web_csv
2026-08-18,SIL,GSVR CN,GUANAJUATO SILVER CO LTD,,BMDM727,21373666.0,7695843.45,0.16,USD,,,,equity,web_csv
2026-08-18,SIL,BRC CN,BLACKROCK SILVER CORP,,BNGHFP5,8950607.0,7090100.24,0.15,USD,,,,equity,web_csv
2026-08-18,SIL,SVL AU,SILVER MINES LTD,,B1HMJH5,61965262.0,6598835.19,0.14,USD,,,,equity,web_csv
2026-08-18,SIL,SOSI SS,SOTKAMO SILVER AB,,7788354,8191895.0,4229428.08,0.09,USD,,,,equity,web_csv
2026-08-18,SIL,AAG CN,AFTERMATH SILVER LTD,,BDFS6H8,7540965.0,3909908.76,0.08,USD,,,,equity,web_csv
2026-08-18,SIL,WPM,WHEATON PRECIOUS METALS CORP,CA9628791027,BDG1S92,8206652.0,1089022720.4,22.92,USD,,,,equity,web_csv
2026-08-18,SIL,PAAS,PAN AMERICAN SILVER CORP,CA6979001089,2703396,11634458.0,542165742.8,11.41,USD,,,,equity,web_csv
2026-08-18,SIL,CDE,COEUR MINING INC,US1921085049,2208136,28396214.0,525613921.14,11.06,USD,,,,equity,web_csv
2026-08-18,SIL,HL,HECLA MINING CO,US4227041062,2418601,13120325.0,235509833.75,4.96,USD,,,,equity,web_csv
2026-08-18,SIL,PE&OLES* MM,INDUSTRIAS PENOLES SAB DE CV,MXP554091415,2448200,4530954.0,223392861.55,4.7,USD,,,,equity,web_csv
2026-08-18,SIL,AG CN,FIRST MAJESTIC SILVER CORP,CA32076V1031,2833583,11914865.0,220424788.0,4.64,USD,,,,equity,web_csv
2026-08-18,SIL,FRES LN,FRESNILLO PLC,GB00B2QPKJ12,B2QPKJ1,5162118.0,200013808.39,4.21,USD,,,,equity,web_csv
2026-08-18,SIL,SSRM,SSR MINING INC,CA7847301032,BF7MQ72,6011810.0,190514258.9,4.01,USD,,,,equity,web_csv
2026-08-18,SIL,BVN,CIA DE MINAS BUENAVENTUR-ADR,US2044481040,2210476,5520078.0,183266589.6,3.86,USD,,,,equity,web_csv
2026-08-18,SIL,OR CN,OR ROYALTIES INC,CA68390D1069,BPJJWP1,5594796.0,180859390.37,3.81,USD,,,,equity,web_csv
2026-08-18,SIL,DSV CN,DISCOVERY MINING LTD,CA25466C1077,BSBFLD9,19249637.0,150126791.28,3.16,USD,,,,equity,web_csv
2026-08-18,SIL,010130 KS,KOREA ZINC CO LTD,,6495428,138505.0,119108217.04,2.51,USD,,,,equity,web_csv
2026-08-18,SIL,AYA CN,AYA GOLD & SILVER INC,CA05466C1095,BK94091,4100348.0,102490245.26,2.16,USD,,,,equity,web_csv
2026-08-18,SIL,FVI CN,FORTUNA MINING CORP,CA3499421020,BPLQGB4,9113898.0,95362357.64,2.01,USD,,,,equity,web_csv
2026-08-18,SIL,EXK,ENDEAVOUR SILVER CORP,CA29258Y1034,B018TM7,8842640.0,85419902.4,1.8,USD,,,,equity,web_csv
2026-08-18,SIL,SVM CN,SILVERCORP METALS INC,CA82835P1036,2784261,6332192.0,73096199.73,1.54,USD,,,,equity,web_csv
2026-08-18,SIL,TFPM CN,TRIPLE FLAG PRECIOUS MET,CA89679M1041,BJ171P4,2083542.0,64097443.01,1.35,USD,,,,equity,web_csv
2026-08-18,SIL,HOC LN,HOCHSCHILD MINING PLC,GB00B1FW5029,B1FW502,9211545.0,63997651.44,1.35,USD,,,,equity,web_csv
2026-08-18,SIL,ABRA CN,ABRASILVER RESOURCE CORP,CA00379L3048,BR4XSQ5,4216272.0,46150818.71,0.97,USD,,,,equity,web_csv
2026-08-18,SIL,VZLA CN,VIZSLA SILVER CORP,CA92859G6085,BS84LB7,9907069.0,35457554.41,0.75,USD,,,,equity,web_csv
2026-08-18,SIL,,OTHER PAYABLE & RECEIVABLES,CASH,,1496218.43,1496218.43,0.03,USD,,,,cash,web_csv
2026-08-18,SIL,,CASH,CASH,,415267.31,415267.31,0.01,USD,,,,cash,web_csv
2026-08-18,SIL,,CANADIAN DOLLAR,,,-16187.93,-11657.31,0.0,USD,,,,fx,web_csv
2026-08-18,SIL,,KOREAN WON,,,-808536285.0,-572739.45,-0.01,USD,,,,fx,web_csv
