as_of_date,etf_ticker,constituent_ticker,constituent_name,isin,sedol,shares_held,market_value,weight_pct,currency,sector,country,asset_class,instrument_type,source
2026-06-16,URNM-ASX,1164 HK,CGN MINING CO LTD,,,23794965.0,12980634.81,3.79611285,AUD,Energy,China,,equity,web_csv
2026-06-16,URNM-ASX,AEC CV,ANFIELD ENERGY INC,,,149592.0,874258.6,0.25567196,AUD,Energy,Canada,,equity,web_csv
2026-06-16,URNM-ASX,AEE AT,AURA ENERGY LTD,,,9612732.0,1057400.52,0.30923077,AUD,Energy,Australia,,equity,web_csv
2026-06-16,URNM-ASX,AEU AT,ATOMIC EAGLE LTD,,,3683478.0,1454973.81,0.42549882,AUD,Energy,Australia,,equity,web_csv
2026-06-16,URNM-ASX,AGE AT,ALLIGATOR ENERGY LTD,,,41838658.0,1715384.98,0.50165458,AUD,Energy,Australia,,equity,web_csv
2026-06-16,URNM-ASX,AUD,AUD - AUSTRALIA DOLLAR,,,221193.7,221193.7,0.06468684,AUD,,,,fx,web_csv
2026-06-16,URNM-ASX,BKY LN,BERKELEY ENERGIA LTD,,,4058190.0,1927478.34,0.56368008,AUD,Energy,Australia,,equity,web_csv
2026-06-16,URNM-ASX,BMN AT,BANNERMAN ENERGY LTD,,,1958213.0,6775416.98,1.98143218,AUD,Energy,Australia,,equity,web_csv
2026-06-16,URNM-ASX,BOE AT,BOSS ENERGY LTD,,,3914377.0,4736396.17,1.38513213,AUD,Energy,Australia,,equity,web_csv
2026-06-16,URNM-ASX,"Betashares makes no representation or warranty of any kind, either express or implied, with respect to the holdings data,",,,,,,,AUD,,,,derivative,web_csv
2026-06-16,URNM-ASX,CAD,CAD - CANADA DOLLAR,,,12792.39,12934.67,0.00378267,AUD,,,,fx,web_csv
2026-06-16,URNM-ASX,CCJ UN,CAMECO CORP,,,354532.0,54112778.95,15.82497457,AUD,Energy,Canada,,equity,web_csv
2026-06-16,URNM-ASX,CVV CV,CANALASKA URANIUM LTD,,,2073766.0,1132288.82,0.33113143,AUD,Energy,Canada,,equity,web_csv
2026-06-16,URNM-ASX,CXU AT,CAULDRON ENERGY LTD,,,46365877.0,3106513.76,0.90848229,AUD,Energy,Australia,,equity,web_csv
2026-06-16,URNM-ASX,DNN UA,DENISON MINES CORP,,,3339190.0,15732176.99,4.60078572,AUD,Energy,Canada,,equity,web_csv
2026-06-16,URNM-ASX,DYL AT,DEEP YELLOW LTD,,,9194519.0,14711230.4,4.3022157,AUD,Energy,Australia,,equity,web_csv
2026-06-16,URNM-ASX,EL8 AT,ELEVATE URANIUM LTD,,,4393809.0,1098452.25,0.32123612,AUD,Energy,Australia,,equity,web_csv
2026-06-16,URNM-ASX,EU CV,ENCORE ENERGY CORP,,,1764168.0,4191905.76,1.22589901,AUD,Energy,Canada,,equity,web_csv
2026-06-16,URNM-ASX,EUR,EUR - EURO,,,12.05,19.79,5.79e-06,AUD,,,,fx,web_csv
2026-06-16,URNM-ASX,FNUC UR,FRONTIER NUCLEAR AND MINERALS,,,313789.0,865716.68,0.25317392,AUD,Materials,Australia,,equity,web_csv
2026-06-16,URNM-ASX,FSY CT,FORSYS METALS CORP,,,3053577.0,1373955.27,0.40180541,AUD,Energy,Canada,,equity,web_csv
2026-06-16,URNM-ASX,FUU CV,F3 URANIUM CORP,,,6194400.0,908177.96,0.26559148,AUD,Energy,Canada,,equity,web_csv
2026-06-16,URNM-ASX,GBP,GBP - BRITISH POUND,,,10796.1,20510.87,0.00599829,AUD,,,,fx,web_csv
2026-06-16,URNM-ASX,GLO CT,GLOBAL ATOMIC CORP,,,3842079.0,2641672.11,0.77254199,AUD,Materials,Canada,,equity,web_csv
2026-06-16,URNM-ASX,HKD,HKD - HONG KONG DOLLAR,,,214696.54,38781.89,0.01134154,AUD,,,,fx,web_csv
2026-06-16,URNM-ASX,ISO CT,ISOENERGY LTD,,,570529.0,9247300.17,2.70432036,AUD,Energy,Canada,,equity,web_csv
2026-06-16,URNM-ASX,JAGU UA,JAGUAR URANIUM CORP,,,491148.0,1403677.08,0.41049738,AUD,Energy,Canada,,equity,web_csv
2026-06-16,URNM-ASX,KAP LI,NAC KAZATOMPROM JSC,,,506890.0,51707369.84,15.12152635,AUD,Energy,Kazakhstan,,equity,web_csv
2026-06-16,URNM-ASX,LAM CT,LARAMIDE RESOURCES LTD,,,2672124.0,1648125.02,0.48198479,AUD,Energy,Canada,,equity,web_csv
2026-06-16,URNM-ASX,LOT AT,LOTUS RESOURCES LTD,,,2576290.0,1494248.2,0.43698439,AUD,Energy,Australia,,equity,web_csv
2026-06-16,URNM-ASX,MGA CT,MEGA URANIUM LTD,,,3590062.0,2141695.23,0.62632659,AUD,Energy,Canada,,equity,web_csv
2026-06-16,URNM-ASX,NUCL UR,EAGLE NUCLEAR ENERGY CORP,,,163716.0,2184269.78,0.63877728,AUD,Energy,United States,,equity,web_csv
2026-06-16,URNM-ASX,NXE UN,NEXGEN ENERGY LTD,,,1037554.0,15589733.28,4.55912887,AUD,Energy,Canada,,equity,web_csv
2026-06-16,URNM-ASX,PDN AT,PALADIN ENERGY LTD,,,1551309.0,15947456.52,4.663743,AUD,Energy,Australia,,equity,web_csv
2026-06-16,URNM-ASX,PEN AT,PENINSULA ENERGY LTD,,,4392773.0,1844964.66,0.53954943,AUD,Energy,Australia,,equity,web_csv
2026-06-16,URNM-ASX,PUR CV,PREMIER AMERICAN URANIUM INC,,,1617940.0,834327.0,0.24399419,AUD,,Canada,,equity,web_csv
2026-06-16,URNM-ASX,SASK CV,ATHA ENERGY CORP,,,2982333.0,3196433.75,0.93477888,AUD,Energy,Canada,,equity,web_csv
2026-06-16,URNM-ASX,STUD CV,STALLION URANIUM CORP,,,3386792.0,941726.79,0.27540265,AUD,Energy,Canada,,equity,web_csv
2026-06-16,URNM-ASX,SYH CV,SKYHARBOUR RESOURCES LTD,,,2382461.0,987673.42,0.28883948,AUD,Energy,Canada,,equity,web_csv
2026-06-16,URNM-ASX,TOE AT,TORO ENERGY LTD,,,2181924.0,1200058.2,0.3509502,AUD,Energy,Australia,,equity,web_csv
2026-06-16,URNM-ASX,"Total weights may not add up to 100% due to rounding or immateriality. Holdings, weights and values are subject to change.",,,,,,,AUD,,,,derivative,web_csv
2026-06-16,URNM-ASX,U-U CT,SPROTT PHYSICAL URANIUM TRUST,,,1653564.0,44875285.9,13.12352225,AUD,,,,equity,web_csv
2026-06-16,URNM-ASX,UEC UA,URANIUM ENERGY CORP,,,885518.0,14620819.27,4.27577548,AUD,Energy,United States,,equity,web_csv
2026-06-16,URNM-ASX,URC CT,URANIUM ROYALTY CORP,,,731121.0,3200964.54,0.93610388,AUD,Energy,Canada,,equity,web_csv
2026-06-16,URNM-ASX,URG UA,UR-ENERGY INC,,,3742570.0,8683948.5,2.53957137,AUD,Energy,United States,,equity,web_csv
2026-06-16,URNM-ASX,USD,USD - UNITED STATES DOLLAR,CASH,,17194.48,24327.22,0.00711436,AUD,,,,fx,web_csv
2026-06-16,URNM-ASX,UUUU UA,ENERGY FUELS INC/CANADA,,,641221.0,13916709.31,4.06986252,AUD,Energy,United States,,equity,web_csv
2026-06-16,URNM-ASX,WUC CF,WESTERN URANIUM & VANADIUM COR,,,1617940.0,1030639.23,0.30140458,AUD,Energy,Canada,,equity,web_csv
2026-06-16,URNM-ASX,YCA LN,YELLOW CAKE PLC,,,1260789.0,13533433.11,3.95777557,AUD,Industrials,Britain,,equity,web_csv
2026-06-16,URNM-ASX,"its timeliness, the information's use or any other matter.",,,,,,,AUD,,,,derivative,web_csv
2026-06-17,URNM-ASX,1164 HK,CGN MINING CO LTD,,,23794965.0,13162177.23,3.81969748,AUD,Energy,China,,equity,web_csv
2026-06-17,URNM-ASX,AEC CV,ANFIELD ENERGY INC,,,149592.0,953104.37,0.27659332,AUD,Energy,Canada,,equity,web_csv
2026-06-17,URNM-ASX,AEE AT,AURA ENERGY LTD,,,9612732.0,1105464.18,0.32080853,AUD,Energy,Australia,,equity,web_csv
2026-06-17,URNM-ASX,AEU AT,ATOMIC EAGLE LTD,,,3683478.0,1768069.44,0.51309827,AUD,Energy,Australia,,equity,web_csv
2026-06-17,URNM-ASX,AGE AT,ALLIGATOR ENERGY LTD,,,41838658.0,2196529.54,0.63743849,AUD,Energy,Australia,,equity,web_csv
2026-06-17,URNM-ASX,AUD,AUD - AUSTRALIA DOLLAR,,,14995.04,14995.04,0.0043516,AUD,,,,fx,web_csv
2026-06-17,URNM-ASX,BKY LN,BERKELEY ENERGIA LTD,,,4058190.0,1922838.92,0.55801277,AUD,Energy,Australia,,equity,web_csv
2026-06-17,URNM-ASX,BMN AT,BANNERMAN ENERGY LTD,,,1958213.0,6932074.02,2.0117056,AUD,Energy,Australia,,equity,web_csv
2026-06-17,URNM-ASX,BOE AT,BOSS ENERGY LTD,,,3914377.0,4951686.9,1.4369922,AUD,Energy,Australia,,equity,web_csv
2026-06-17,URNM-ASX,"Betashares makes no representation or warranty of any kind, either express or implied, with respect to the holdings data,",,,,,,,AUD,,,,derivative,web_csv
2026-06-17,URNM-ASX,CAD,CAD - CANADA DOLLAR,,,12792.39,12937.29,0.00375443,AUD,,,,fx,web_csv
2026-06-17,URNM-ASX,CCJ UN,CAMECO CORP,,,354532.0,53412313.15,15.50038983,AUD,Energy,Canada,,equity,web_csv
2026-06-17,URNM-ASX,CVV CV,CANALASKA URANIUM LTD,,,2073766.0,1090572.73,0.316487,AUD,Energy,Canada,,equity,web_csv
2026-06-17,URNM-ASX,CXU AT,CAULDRON ENERGY LTD,,,46365877.0,4172928.93,1.21099464,AUD,Energy,Australia,,equity,web_csv
2026-06-17,URNM-ASX,DNN UA,DENISON MINES CORP,,,3339190.0,15758082.26,4.57303576,AUD,Energy,Canada,,equity,web_csv
2026-06-17,URNM-ASX,DYL AT,DEEP YELLOW LTD,,,9194519.0,15354846.73,4.45601578,AUD,Energy,Australia,,equity,web_csv
2026-06-17,URNM-ASX,EL8 AT,ELEVATE URANIUM LTD,,,4393809.0,1164359.38,0.33790007,AUD,Energy,Australia,,equity,web_csv
2026-06-17,URNM-ASX,EU CV,ENCORE ENERGY CORP,,,1764168.0,4103546.12,1.19085957,AUD,Energy,Canada,,equity,web_csv
2026-06-17,URNM-ASX,EUR,EUR - EURO,,,12.05,19.76,5.73e-06,AUD,,,,fx,web_csv
2026-06-17,URNM-ASX,FNUC UR,FRONTIER NUCLEAR AND MINERALS,,,313789.0,854486.73,0.24797423,AUD,Materials,Australia,,equity,web_csv
2026-06-17,URNM-ASX,FSY CT,FORSYS METALS CORP,,,3053577.0,1497759.75,0.43465371,AUD,Energy,Canada,,equity,web_csv
2026-06-17,URNM-ASX,FUU CV,F3 URANIUM CORP,,,6194400.0,971007.28,0.2817888,AUD,Energy,Canada,,equity,web_csv
2026-06-17,URNM-ASX,GBP,GBP - BRITISH POUND,,,10796.1,20461.5,0.00593798,AUD,,,,fx,web_csv
2026-06-17,URNM-ASX,GLO CT,GLOBAL ATOMIC CORP,,,3842079.0,2642206.43,0.76677506,AUD,Materials,Canada,,equity,web_csv
2026-06-17,URNM-ASX,HKD,HKD - HONG KONG DOLLAR,,,214696.54,39065.57,0.01133693,AUD,,,,fx,web_csv
2026-06-17,URNM-ASX,ISO CT,ISOENERGY LTD,,,649078.0,10338772.75,3.00033829,AUD,Energy,Canada,,equity,web_csv
2026-06-17,URNM-ASX,JAGU UA,JAGUAR URANIUM CORP,,,491148.0,1337457.49,0.38813358,AUD,Energy,Canada,,equity,web_csv
2026-06-17,URNM-ASX,KAP LI,NAC KAZATOMPROM JSC,,,506890.0,51671849.16,14.99530273,AUD,Energy,Kazakhstan,,equity,web_csv
2026-06-17,URNM-ASX,LAM CT,LARAMIDE RESOURCES LTD,,,2672124.0,1648458.37,0.47838683,AUD,Energy,Canada,,equity,web_csv
2026-06-17,URNM-ASX,LOT AT,LOTUS RESOURCES LTD,,,2576290.0,1700351.4,0.49344632,AUD,Energy,Australia,,equity,web_csv
2026-06-17,URNM-ASX,MGA CT,MEGA URANIUM LTD,,,3590062.0,2251050.2,0.65326052,AUD,Energy,Canada,,equity,web_csv
2026-06-17,URNM-ASX,NUCL UR,EAGLE NUCLEAR ENERGY CORP,,,163716.0,2257105.39,0.65501775,AUD,Energy,United States,,equity,web_csv
2026-06-17,URNM-ASX,NXE UN,NEXGEN ENERGY LTD,,,1037554.0,15517452.89,4.5032045,AUD,Energy,Canada,,equity,web_csv
2026-06-17,URNM-ASX,PDN AT,PALADIN ENERGY LTD,,,1551309.0,16521440.85,4.79456437,AUD,Energy,Australia,,equity,web_csv
2026-06-17,URNM-ASX,PEN AT,PENINSULA ENERGY LTD,,,4392773.0,1932820.12,0.56090934,AUD,Energy,Australia,,equity,web_csv
2026-06-17,URNM-ASX,PUR CV,PREMIER AMERICAN URANIUM INC,,,1617940.0,916309.06,0.26591523,AUD,,Canada,,equity,web_csv
2026-06-17,URNM-ASX,SASK CV,ATHA ENERGY CORP,,,2982333.0,3287563.68,0.95405939,AUD,Energy,Canada,,equity,web_csv
2026-06-17,URNM-ASX,STUD CV,STALLION URANIUM CORP,,,3386792.0,924791.5,0.26837686,AUD,Energy,Canada,,equity,web_csv
2026-06-17,URNM-ASX,SYH CV,SKYHARBOUR RESOURCES LTD,,,2382461.0,1011967.66,0.2936756,AUD,Energy,Canada,,equity,web_csv
2026-06-17,URNM-ASX,"Total weights may not add up to 100% due to rounding or immateriality. Holdings, weights and values are subject to change.",,,,,,,AUD,,,,derivative,web_csv
2026-06-17,URNM-ASX,U-U CT,SPROTT PHYSICAL URANIUM TRUST,,,1653564.0,44750579.13,12.98673247,AUD,,,,equity,web_csv
2026-06-17,URNM-ASX,UEC UA,URANIUM ENERGY CORP,,,885518.0,14417758.14,4.18407027,AUD,Energy,United States,,equity,web_csv
2026-06-17,URNM-ASX,URC CT,URANIUM ROYALTY CORP,,,731121.0,3157247.85,0.9162414,AUD,Energy,Canada,,equity,web_csv
2026-06-17,URNM-ASX,URG UA,UR-ENERGY INC,,,3742570.0,8270578.13,2.40014292,AUD,Energy,United States,,equity,web_csv
2026-06-17,URNM-ASX,USD,USD - UNITED STATES DOLLAR,CASH,,17194.48,24514.51,0.00711417,AUD,,,,fx,web_csv
2026-06-17,URNM-ASX,UUUU UA,ENERGY FUELS INC/CANADA,,,641221.0,13987284.43,4.0591457,AUD,Energy,United States,,equity,web_csv
2026-06-17,URNM-ASX,WUC CF,WESTERN URANIUM & VANADIUM COR,,,1617940.0,1047210.36,0.30390312,AUD,Energy,Canada,,equity,web_csv
2026-06-17,URNM-ASX,YCA LN,YELLOW CAKE PLC,,,1260789.0,13512805.93,3.92145083,AUD,Industrials,Britain,,equity,web_csv
2026-06-17,URNM-ASX,"its timeliness, the information's use or any other matter.",,,,,,,AUD,,,,derivative,web_csv
2026-06-18,URNM-ASX,1164 HK,CGN MINING CO LTD,,,23794965.0,12552826.62,3.58222834,AUD,Energy,China,,equity,web_csv
2026-06-18,URNM-ASX,AEC CV,ANFIELD ENERGY INC,,,149592.0,1145252.45,0.32682327,AUD,Energy,Canada,,equity,web_csv
2026-06-18,URNM-ASX,AEE AT,AURA ENERGY LTD,,,9612732.0,951660.47,0.27157749,AUD,Energy,Australia,,equity,web_csv
2026-06-18,URNM-ASX,AEU AT,ATOMIC EAGLE LTD,,,3683478.0,1989078.12,0.56762769,AUD,Energy,Australia,,equity,web_csv
2026-06-18,URNM-ASX,AGE AT,ALLIGATOR ENERGY LTD,,,41838658.0,2196529.54,0.62682857,AUD,Energy,Australia,,equity,web_csv
2026-06-18,URNM-ASX,AUD,AUD - AUSTRALIA DOLLAR,,,14995.04,14995.04,0.00427917,AUD,,,,fx,web_csv
2026-06-18,URNM-ASX,BKY LN,BERKELEY ENERGIA LTD,,,4058190.0,1948701.51,0.55610533,AUD,Energy,Australia,,equity,web_csv
2026-06-18,URNM-ASX,BMN AT,BANNERMAN ENERGY LTD,,,1958213.0,6892909.76,1.96704515,AUD,Energy,Australia,,equity,web_csv
2026-06-18,URNM-ASX,BOE AT,BOSS ENERGY LTD,,,3914377.0,4736396.17,1.35163602,AUD,Energy,Australia,,equity,web_csv
2026-06-18,URNM-ASX,"Betashares makes no representation or warranty of any kind, either express or implied, with respect to the holdings data,",,,,,,,AUD,,,,derivative,web_csv
2026-06-18,URNM-ASX,CAD,CAD - CANADA DOLLAR,,,12792.39,12903.36,0.00368226,AUD,,,,fx,web_csv
2026-06-18,URNM-ASX,CCJ UN,CAMECO CORP,,,354532.0,53834468.39,15.3628632,AUD,Energy,Canada,,equity,web_csv
2026-06-18,URNM-ASX,CVV CV,CANALASKA URANIUM LTD,,,2073766.0,983124.89,0.28055656,AUD,Energy,Canada,,equity,web_csv
2026-06-18,URNM-ASX,CXU AT,CAULDRON ENERGY LTD,,,46365877.0,5563905.24,1.58778414,AUD,Energy,Australia,,equity,web_csv
2026-06-18,URNM-ASX,DNN UA,DENISON MINES CORP,,,3339190.0,15950786.4,4.55191175,AUD,Energy,Canada,,equity,web_csv
2026-06-18,URNM-ASX,DYL AT,DEEP YELLOW LTD,,,9194519.0,15814572.68,4.51304014,AUD,Energy,Australia,,equity,web_csv
2026-06-18,URNM-ASX,EL8 AT,ELEVATE URANIUM LTD,,,4393809.0,1186328.43,0.33854521,AUD,Energy,Australia,,equity,web_csv
2026-06-18,URNM-ASX,EU CV,ENCORE ENERGY CORP,,,1764168.0,4128373.77,1.1781233,AUD,Energy,Canada,,equity,web_csv
2026-06-18,URNM-ASX,EUR,EUR - EURO,,,12.05,19.69,5.62e-06,AUD,,,,fx,web_csv
2026-06-18,URNM-ASX,FNUC UR,FRONTIER NUCLEAR AND MINERALS,,,313789.0,917250.04,0.2617577,AUD,Materials,Australia,,equity,web_csv
2026-06-18,URNM-ASX,FSY CT,FORSYS METALS CORP,,,3053577.0,1632434.75,0.46585157,AUD,Energy,Canada,,equity,web_csv
2026-06-18,URNM-ASX,FUU CV,F3 URANIUM CORP,,,6194400.0,1030942.1,0.29420226,AUD,Energy,Canada,,equity,web_csv
2026-06-18,URNM-ASX,GBP,GBP - BRITISH POUND,,,10796.1,20330.11,0.00580165,AUD,,,,fx,web_csv
2026-06-18,URNM-ASX,GLO CT,GLOBAL ATOMIC CORP,,,3842079.0,3100326.0,0.884747,AUD,Materials,Canada,,equity,web_csv
2026-06-18,URNM-ASX,HKD,HKD - HONG KONG DOLLAR,,,214696.54,39055.62,0.01114539,AUD,,,,fx,web_csv
2026-06-18,URNM-ASX,ISO CT,ISOENERGY LTD,,,649078.0,11064573.53,3.15752221,AUD,Energy,Canada,,equity,web_csv
2026-06-18,URNM-ASX,JAGU UA,JAGUAR URANIUM CORP,,,491148.0,1533743.22,0.43768775,AUD,Energy,Canada,,equity,web_csv
2026-06-18,URNM-ASX,KAP LI,NAC KAZATOMPROM JSC,,,506890.0,51823774.42,14.78906695,AUD,Energy,Kazakhstan,,equity,web_csv
2026-06-18,URNM-ASX,LAM CT,LARAMIDE RESOURCES LTD,,,2672124.0,1886712.53,0.53841539,AUD,Energy,Canada,,equity,web_csv
2026-06-18,URNM-ASX,LOT AT,LOTUS RESOURCES LTD,,,2576290.0,1700351.4,0.4852331,AUD,Energy,Australia,,equity,web_csv
2026-06-18,URNM-ASX,MGA CT,MEGA URANIUM LTD,,,3590062.0,2426206.92,0.69237212,AUD,Energy,Canada,,equity,web_csv
2026-06-18,URNM-ASX,NUCL UR,EAGLE NUCLEAR ENERGY CORP,,,163716.0,2626272.64,0.74946532,AUD,Energy,United States,,equity,web_csv
2026-06-18,URNM-ASX,NXE UN,NEXGEN ENERGY LTD,,,1037554.0,15756381.15,4.49643389,AUD,Energy,Canada,,equity,web_csv
2026-06-18,URNM-ASX,PDN AT,PALADIN ENERGY LTD,,,1551309.0,15652707.81,4.4668484,AUD,Energy,Australia,,equity,web_csv
2026-06-18,URNM-ASX,PEN AT,PENINSULA ENERGY LTD,,,4392773.0,2306205.83,0.65812714,AUD,Energy,Australia,,equity,web_csv
2026-06-18,URNM-ASX,PUR CV,PREMIER AMERICAN URANIUM INC,,,1617940.0,1011824.49,0.28874663,AUD,,Canada,,equity,web_csv
2026-06-18,URNM-ASX,SASK CV,ATHA ENERGY CORP,,,2982333.0,3700090.37,1.0559031,AUD,Energy,Canada,,equity,web_csv
2026-06-18,URNM-ASX,STUD CV,STALLION URANIUM CORP,,,3386792.0,1076093.89,0.30708733,AUD,Energy,Canada,,equity,web_csv
2026-06-18,URNM-ASX,SYH CV,SKYHARBOUR RESOURCES LTD,,,2382461.0,1093423.19,0.31203263,AUD,Energy,Canada,,equity,web_csv
2026-06-18,URNM-ASX,"Total weights may not add up to 100% due to rounding or immateriality. Holdings, weights and values are subject to change.",,,,,,,AUD,,,,derivative,web_csv
2026-06-18,URNM-ASX,U-U CT,SPROTT PHYSICAL URANIUM TRUST,,,1653564.0,44616539.24,12.73232205,AUD,,,,equity,web_csv
2026-06-18,URNM-ASX,UEC UA,URANIUM ENERGY CORP,,,885518.0,15164795.64,4.3276118,AUD,Energy,United States,,equity,web_csv
2026-06-18,URNM-ASX,URC CT,URANIUM ROYALTY CORP,,,731121.0,3075221.47,0.87758286,AUD,Energy,Canada,,equity,web_csv
2026-06-18,URNM-ASX,URG UA,UR-ENERGY INC,,,3742570.0,8004926.56,2.28438388,AUD,Energy,United States,,equity,web_csv
2026-06-18,URNM-ASX,USD,USD - UNITED STATES DOLLAR,CASH,,17194.48,24518.01,0.00699676,AUD,,,,fx,web_csv
2026-06-18,URNM-ASX,UUUU UA,ENERGY FUELS INC/CANADA,,,641221.0,15141337.17,4.32091741,AUD,Energy,United States,,equity,web_csv
2026-06-18,URNM-ASX,WUC CF,WESTERN URANIUM & VANADIUM COR,,,1617940.0,1044463.99,0.29806104,AUD,Energy,Canada,,equity,web_csv
2026-06-18,URNM-ASX,YCA LN,YELLOW CAKE PLC,,,1260789.0,13046165.18,3.72301347,AUD,Industrials,Britain,,equity,web_csv
2026-06-18,URNM-ASX,"its timeliness, the information's use or any other matter.",,,,,,,AUD,,,,derivative,web_csv
2026-06-19,URNM-ASX,CCJ UN,CAMECO CORP,,,354532.0,53842145.86,15.49683296,AUD,Energy,Canada,,equity,web_csv
2026-06-19,URNM-ASX,KAP LI,NAC KAZATOMPROM JSC,,,506890.0,51831165.15,14.91803299,AUD,Energy,Kazakhstan,,equity,web_csv
2026-06-19,URNM-ASX,U-U CT,SPROTT PHYSICAL URANIUM TRUST,,,1653564.0,44576072.76,12.82987412,AUD,,,,equity,web_csv
2026-06-19,URNM-ASX,DNN UA,DENISON MINES CORP,,,3339190.0,15953061.18,4.59160608,AUD,Energy,Canada,,equity,web_csv
2026-06-19,URNM-ASX,NXE UN,NEXGEN ENERGY LTD,,,1037554.0,15758628.21,4.53564443,AUD,Energy,Canada,,equity,web_csv
2026-06-19,URNM-ASX,PDN AT,PALADIN ENERGY LTD,,,1551309.0,15544116.18,4.47390363,AUD,Energy,Australia,,equity,web_csv
2026-06-19,URNM-ASX,UEC UA,URANIUM ENERGY CORP,,,885518.0,15166958.33,4.36535015,AUD,Energy,United States,,equity,web_csv
2026-06-19,URNM-ASX,UUUU UA,ENERGY FUELS INC/CANADA,,,641221.0,15143496.52,4.35859738,AUD,Energy,United States,,equity,web_csv
2026-06-19,URNM-ASX,DYL AT,DEEP YELLOW LTD,,,9194519.0,14251504.45,4.10186445,AUD,Energy,Australia,,equity,web_csv
2026-06-19,URNM-ASX,YCA LN,YELLOW CAKE PLC,,,1260789.0,13069299.29,3.76160245,AUD,Industrials,Britain,,equity,web_csv
2026-06-19,URNM-ASX,1164 HK,CGN MINING CO LTD,,,23794965.0,12553511.71,3.6131486,AUD,Energy,China,,equity,web_csv
2026-06-19,URNM-ASX,ISO CT,ISOENERGY LTD,,,649078.0,11054538.14,3.1817144,AUD,Energy,Canada,,equity,web_csv
2026-06-19,URNM-ASX,URG UA,UR-ENERGY INC,,,3742570.0,8006068.17,2.30430454,AUD,Energy,United States,,equity,web_csv
2026-06-19,URNM-ASX,BMN AT,BANNERMAN ENERGY LTD,,,1958213.0,6657924.2,1.91628208,AUD,Energy,Australia,,equity,web_csv
2026-06-19,URNM-ASX,CXU AT,CAULDRON ENERGY LTD,,,46365877.0,5563905.24,1.60140181,AUD,Energy,Australia,,equity,web_csv
2026-06-19,URNM-ASX,BOE AT,BOSS ENERGY LTD,,,3914377.0,4658108.63,1.34069566,AUD,Energy,Australia,,equity,web_csv
2026-06-19,URNM-ASX,EU CV,ENCORE ENERGY CORP,,,1764168.0,4124629.41,1.1871498,AUD,Energy,Canada,,equity,web_csv
2026-06-19,URNM-ASX,SASK CV,ATHA ENERGY CORP,,,2982333.0,3696734.45,1.06399318,AUD,Energy,Canada,,equity,web_csv
2026-06-19,URNM-ASX,GLO CT,GLOBAL ATOMIC CORP,,,3842079.0,3097514.06,0.89152572,AUD,Materials,Canada,,equity,web_csv
2026-06-19,URNM-ASX,URC CT,URANIUM ROYALTY CORP,,,731121.0,3072432.3,0.8843067,AUD,Energy,Canada,,equity,web_csv
2026-06-19,URNM-ASX,NUCL UR,EAGLE NUCLEAR ENERGY CORP,,,163716.0,2626647.18,0.75600093,AUD,Energy,United States,,equity,web_csv
2026-06-19,URNM-ASX,MGA CT,MEGA URANIUM LTD,,,3590062.0,2424006.39,0.69767691,AUD,Energy,Canada,,equity,web_csv
2026-06-19,URNM-ASX,PEN AT,PENINSULA ENERGY LTD,,,4392773.0,2152458.77,0.61952014,AUD,Energy,Australia,,equity,web_csv
2026-06-19,URNM-ASX,BKY LN,BERKELEY ENERGIA LTD,,,4058190.0,1952157.05,0.56186935,AUD,Energy,Australia,,equity,web_csv
2026-06-19,URNM-ASX,LAM CT,LARAMIDE RESOURCES LTD,,,2672124.0,1885001.31,0.54254061,AUD,Energy,Canada,,equity,web_csv
2026-06-19,URNM-ASX,AEU AT,ATOMIC EAGLE LTD,,,3683478.0,1804904.22,0.51948708,AUD,Energy,Australia,,equity,web_csv
2026-06-19,URNM-ASX,LOT AT,LOTUS RESOURCES LTD,,,2576290.0,1700351.4,0.48939471,AUD,Energy,Australia,,equity,web_csv
2026-06-19,URNM-ASX,FSY CT,FORSYS METALS CORP,,,3053577.0,1630954.16,0.46942082,AUD,Energy,Canada,,equity,web_csv
2026-06-19,URNM-ASX,AGE AT,ALLIGATOR ENERGY LTD,,,41838658.0,1548030.35,0.44555371,AUD,Energy,Australia,,equity,web_csv
2026-06-19,URNM-ASX,JAGU UA,JAGUAR URANIUM CORP,,,491148.0,1533961.95,0.44150455,AUD,Energy,Canada,,equity,web_csv
2026-06-19,URNM-ASX,AEC CV,ANFIELD ENERGY INC,,,149592.0,1144213.73,0.32932731,AUD,Energy,Canada,,equity,web_csv
2026-06-19,URNM-ASX,EL8 AT,ELEVATE URANIUM LTD,,,4393809.0,1142390.34,0.3288025,AUD,Energy,Australia,,equity,web_csv
2026-06-19,URNM-ASX,SYH CV,SKYHARBOUR RESOURCES LTD,,,2382461.0,1092431.48,0.31442335,AUD,Energy,Canada,,equity,web_csv
2026-06-19,URNM-ASX,STUD CV,STALLION URANIUM CORP,,,3386792.0,1075117.89,0.30944016,AUD,Energy,Canada,,equity,web_csv
2026-06-19,URNM-ASX,WUC CF,WESTERN URANIUM & VANADIUM COR,,,1617940.0,1043516.68,0.30034471,AUD,Energy,Canada,,equity,web_csv
2026-06-19,URNM-ASX,FUU CV,F3 URANIUM CORP,,,6194400.0,1030007.05,0.29645637,AUD,Energy,Canada,,equity,web_csv
2026-06-19,URNM-ASX,PUR CV,PREMIER AMERICAN URANIUM INC,,,1617940.0,1010906.78,0.29095894,AUD,,Canada,,equity,web_csv
2026-06-19,URNM-ASX,AEE AT,AURA ENERGY LTD,,,9612732.0,1009336.86,0.29050708,AUD,Energy,Australia,,equity,web_csv
2026-06-19,URNM-ASX,CVV CV,CANALASKA URANIUM LTD,,,2073766.0,982233.22,0.28270612,AUD,Energy,Canada,,equity,web_csv
2026-06-19,URNM-ASX,FNUC UR,FRONTIER NUCLEAR AND MINERALS,,,313789.0,917380.85,0.26404033,AUD,Materials,Australia,,equity,web_csv
2026-06-19,URNM-ASX,HKD,HKD - HONG KONG DOLLAR,,,214696.54,39057.75,0.01124159,AUD,,,,fx,web_csv
2026-06-19,URNM-ASX,USD,USD - UNITED STATES DOLLAR,CASH,,17194.48,24521.51,0.00705777,AUD,,,,fx,web_csv
2026-06-19,URNM-ASX,GBP,GBP - BRITISH POUND,,,10796.1,20366.16,0.00586178,AUD,,,,fx,web_csv
2026-06-19,URNM-ASX,AUD,AUD - AUSTRALIA DOLLAR,,,14995.04,14995.04,0.00431587,AUD,,,,fx,web_csv
2026-06-19,URNM-ASX,CAD,CAD - CANADA DOLLAR,,,12792.39,12891.66,0.00371047,AUD,,,,fx,web_csv
2026-06-19,URNM-ASX,EUR,EUR - EURO,,,12.05,19.71,5.67e-06,AUD,,,,fx,web_csv
2026-06-19,URNM-ASX,"Total weights may not add up to 100% due to rounding or immateriality. Holdings, weights and values are subject to change.",,,,,,,AUD,,,,derivative,web_csv
2026-06-19,URNM-ASX,"Betashares makes no representation or warranty of any kind, either express or implied, with respect to the holdings data,",,,,,,,AUD,,,,derivative,web_csv
2026-06-19,URNM-ASX,"its timeliness, the information's use or any other matter.",,,,,,,AUD,,,,derivative,web_csv
2026-06-22,URNM-ASX,CCJ UN,CAMECO CORP,,,354532.0,53919041.25,15.57599779,AUD,Energy,Canada,Equities,equity,web_csv
2026-06-22,URNM-ASX,KAP LI,NAC KAZATOMPROM JSC,,,506890.0,51036482.43,14.74329141,AUD,Energy,Kazakhstan,Equities,equity,web_csv
2026-06-22,URNM-ASX,U-U CT,SPROTT PHYSICAL URANIUM TRUST,,,1653564.0,44800009.12,12.9417146,AUD,,,Equities,equity,web_csv
2026-06-22,URNM-ASX,DNN UA,DENISON MINES CORP,,,3339190.0,15975844.76,4.61506208,AUD,Energy,Canada,Equities,equity,web_csv
2026-06-22,URNM-ASX,NXE UN,NEXGEN ENERGY LTD,,,1037554.0,15781134.1,4.55881455,AUD,Energy,Canada,Equities,equity,web_csv
2026-06-22,URNM-ASX,PDN AT,PALADIN ENERGY LTD,,,1551309.0,15544116.18,4.49034541,AUD,Energy,Australia,Equities,equity,web_csv
2026-06-22,URNM-ASX,UEC UA,URANIUM ENERGY CORP,,,885518.0,15188619.22,4.38765034,AUD,Energy,United States,Equities,equity,web_csv
2026-06-22,URNM-ASX,UUUU UA,ENERGY FUELS INC/CANADA,,,641221.0,15165123.91,4.38086307,AUD,Energy,United States,Equities,equity,web_csv
2026-06-22,URNM-ASX,DYL AT,DEEP YELLOW LTD,,,9194519.0,14251504.45,4.11693897,AUD,Energy,Australia,Equities,equity,web_csv
2026-06-22,URNM-ASX,YCA LN,YELLOW CAKE PLC,,,1260789.0,13099168.47,3.78405503,AUD,Industrials,Britain,Equities,equity,web_csv
2026-06-22,URNM-ASX,1164 HK,CGN MINING CO LTD,,,23794965.0,12572266.38,3.63184487,AUD,Energy,China,Equities,equity,web_csv
2026-06-22,URNM-ASX,ISO CT,ISOENERGY LTD,,,649078.0,11077667.7,3.20008894,AUD,Energy,Canada,Equities,equity,web_csv
2026-06-22,URNM-ASX,URG UA,UR-ENERGY INC,,,3742570.0,8017502.14,2.31607597,AUD,Energy,United States,Equities,equity,web_csv
2026-06-22,URNM-ASX,BMN AT,BANNERMAN ENERGY LTD,,,1958213.0,6657924.2,1.92332449,AUD,Energy,Australia,Equities,equity,web_csv
2026-06-22,URNM-ASX,CXU AT,CAULDRON ENERGY LTD,,,46365877.0,5563905.24,1.60728703,AUD,Energy,Australia,Equities,equity,web_csv
2026-06-22,URNM-ASX,BOE AT,BOSS ENERGY LTD,,,3914377.0,4658108.63,1.34562277,AUD,Energy,Australia,Equities,equity,web_csv
2026-06-22,URNM-ASX,EU CV,ENCORE ENERGY CORP,,,1764168.0,4039400.2,1.16689183,AUD,Energy,Canada,Equities,equity,web_csv
2026-06-22,URNM-ASX,SASK CV,ATHA ENERGY CORP,,,2982333.0,3339105.94,0.96459257,AUD,Energy,Canada,Equities,equity,web_csv
2026-06-22,URNM-ASX,URC CT,URANIUM ROYALTY CORP,,,731121.0,3082596.11,0.89049265,AUD,Energy,Canada,Equities,equity,web_csv
2026-06-22,URNM-ASX,GLO CT,GLOBAL ATOMIC CORP,,,3842079.0,2829047.48,0.81724816,AUD,Materials,Canada,Equities,equity,web_csv
2026-06-22,URNM-ASX,NUCL UR,EAGLE NUCLEAR ENERGY CORP,,,163716.0,2630398.46,0.75986293,AUD,Energy,United States,Equities,equity,web_csv
2026-06-22,URNM-ASX,MGA CT,MEGA URANIUM LTD,,,3590062.0,2281358.75,0.65903321,AUD,Energy,Canada,Equities,equity,web_csv
2026-06-22,URNM-ASX,PEN AT,PENINSULA ENERGY LTD,,,4392773.0,2152458.77,0.62179691,AUD,Energy,Australia,Equities,equity,web_csv
2026-06-22,URNM-ASX,BKY LN,BERKELEY ENERGIA LTD,,,4058190.0,1958400.58,0.56573786,AUD,Energy,Australia,Equities,equity,web_csv
2026-06-22,URNM-ASX,LAM CT,LARAMIDE RESOURCES LTD,,,2672124.0,1859759.49,0.53724267,AUD,Energy,Canada,Equities,equity,web_csv
2026-06-22,URNM-ASX,AEU AT,ATOMIC EAGLE LTD,,,3683478.0,1804904.22,0.52139622,AUD,Energy,Australia,Equities,equity,web_csv
2026-06-22,URNM-ASX,LOT AT,LOTUS RESOURCES LTD,,,2576290.0,1700351.4,0.49119326,AUD,Energy,Australia,Equities,equity,web_csv
2026-06-22,URNM-ASX,AGE AT,ALLIGATOR ENERGY LTD,,,41838658.0,1548030.35,0.44719114,AUD,Energy,Australia,Equities,equity,web_csv
2026-06-22,URNM-ASX,FSY CT,FORSYS METALS CORP,,,3053577.0,1540032.78,0.44488082,AUD,Energy,Canada,Equities,equity,web_csv
2026-06-22,URNM-ASX,JAGU UA,JAGUAR URANIUM CORP,,,491148.0,1536152.7,0.44375995,AUD,Energy,Canada,Equities,equity,web_csv
2026-06-22,URNM-ASX,EL8 AT,ELEVATE URANIUM LTD,,,4393809.0,1142390.34,0.33001086,AUD,Energy,Australia,Equities,equity,web_csv
2026-06-22,URNM-ASX,STUD CV,STALLION URANIUM CORP,,,3386792.0,1127336.45,0.32566214,AUD,Energy,Canada,Equities,equity,web_csv
2026-06-22,URNM-ASX,SYH CV,SKYHARBOUR RESOURCES LTD,,,2382461.0,1093423.19,0.31586536,AUD,Energy,Canada,Equities,equity,web_csv
2026-06-22,URNM-ASX,AEC CV,ANFIELD ENERGY INC,,,149592.0,1083387.69,0.31296633,AUD,Energy,Canada,Equities,equity,web_csv
2026-06-22,URNM-ASX,PUR CV,PREMIER AMERICAN URANIUM INC,,,1617940.0,1044463.99,0.30172215,AUD,,Canada,Equities,equity,web_csv
2026-06-22,URNM-ASX,CVV CV,CANALASKA URANIUM LTD,,,2073766.0,1014501.22,0.29306658,AUD,Energy,Canada,Equities,equity,web_csv
2026-06-22,URNM-ASX,WUC CF,WESTERN URANIUM & VANADIUM COR,,,1617940.0,1011824.49,0.29229333,AUD,Energy,Canada,Equities,equity,web_csv
2026-06-22,URNM-ASX,AEE AT,AURA ENERGY LTD,,,9612732.0,1009336.86,0.29157471,AUD,Energy,Australia,Equities,equity,web_csv
2026-06-22,URNM-ASX,FUU CV,F3 URANIUM CORP,,,6194400.0,999701.43,0.28879125,AUD,Energy,Canada,Equities,equity,web_csv
2026-06-22,URNM-ASX,FNUC UR,FRONTIER NUCLEAR AND MINERALS,,,313789.0,918691.02,0.26538916,AUD,Materials,Australia,Equities,equity,web_csv
2026-06-22,URNM-ASX,HKD,HKD - HONG KONG DOLLAR,CASH,,214696.54,39116.1,0.01129976,AUD,,,Cash,cash,web_csv
2026-06-22,URNM-ASX,USD,USD - UNITED STATES DOLLAR,CASH,,17194.48,24556.53,0.00709383,AUD,,,Cash,cash,web_csv
2026-06-22,URNM-ASX,GBP,GBP - BRITISH POUND,CASH,,10796.1,20431.29,0.00590214,AUD,,,Cash,cash,web_csv
2026-06-22,URNM-ASX,AUD,AUD - AUSTRALIA DOLLAR,CASH,,14995.04,14995.04,0.00433173,AUD,,,Cash,cash,web_csv
2026-06-22,URNM-ASX,CAD,CAD - CANADA DOLLAR,CASH,,12792.39,12903.36,0.00372749,AUD,,,Cash,cash,web_csv
2026-06-22,URNM-ASX,EUR,EUR - EURO,CASH,,12.05,19.67,5.68e-06,AUD,,,Cash,cash,web_csv
2026-06-22,URNM-ASX,"Total weights may not add up to 100% due to rounding or immateriality. Holdings, weights and values are subject to change.",,,,,,,AUD,,,,derivative,web_csv
2026-06-22,URNM-ASX,"Betashares makes no representation or warranty of any kind, either express or implied, with respect to the holdings data,",,,,,,,AUD,,,,derivative,web_csv
2026-06-22,URNM-ASX,"its timeliness, the information's use or any other matter.",,,,,,,AUD,,,,derivative,web_csv
2026-06-23,URNM-ASX,CCJ UN,CAMECO CORP,,,354532.0,55811752.9,16.46154385,AUD,Energy,Canada,Equities,equity,web_csv
2026-06-23,URNM-ASX,KAP LI,NAC KAZATOMPROM JSC,,,506890.0,51150675.15,15.08677005,AUD,Energy,Kazakhstan,Equities,equity,web_csv
2026-06-23,URNM-ASX,U-U CT,SPROTT PHYSICAL URANIUM TRUST,,,1653564.0,44489907.56,13.12219248,AUD,,,Equities,equity,web_csv
2026-06-23,URNM-ASX,DNN UA,DENISON MINES CORP,,,3339190.0,15785964.0,4.65603256,AUD,Energy,Canada,Equities,equity,web_csv
2026-06-23,URNM-ASX,NXE UN,NEXGEN ENERGY LTD,,,1037554.0,15540059.91,4.58350373,AUD,Energy,Canada,Equities,equity,web_csv
2026-06-23,URNM-ASX,PDN AT,PALADIN ENERGY LTD,,,1551309.0,14566791.51,4.29644053,AUD,Energy,Australia,Equities,equity,web_csv
2026-06-23,URNM-ASX,UEC UA,URANIUM ENERGY CORP,,,885518.0,14517528.0,4.28191038,AUD,Energy,United States,Equities,equity,web_csv
2026-06-23,URNM-ASX,UUUU UA,ENERGY FUELS INC/CANADA,,,641221.0,14341027.71,4.22985204,AUD,Energy,United States,Equities,equity,web_csv
2026-06-23,URNM-ASX,DYL AT,DEEP YELLOW LTD,,,9194519.0,13745805.9,4.05429278,AUD,Energy,Australia,Equities,equity,web_csv
2026-06-23,URNM-ASX,YCA LN,YELLOW CAKE PLC,,,1260789.0,13152522.35,3.8793052,AUD,Industrials,Britain,Equities,equity,web_csv
2026-06-23,URNM-ASX,1164 HK,CGN MINING CO LTD,,,23794965.0,11758616.75,3.46817606,AUD,Energy,China,Equities,equity,web_csv
2026-06-23,URNM-ASX,ISO CT,ISOENERGY LTD,,,649078.0,10019856.78,2.95533294,AUD,Energy,Canada,Equities,equity,web_csv
2026-06-23,URNM-ASX,URG UA,UR-ENERGY INC,,,3742570.0,7629064.19,2.25017435,AUD,Energy,United States,Equities,equity,web_csv
2026-06-23,URNM-ASX,BMN AT,BANNERMAN ENERGY LTD,,,1958213.0,6481685.03,1.91175759,AUD,Energy,Australia,Equities,equity,web_csv
2026-06-23,URNM-ASX,CXU AT,CAULDRON ENERGY LTD,,,46365877.0,4451124.19,1.3128485,AUD,Energy,Australia,Equities,equity,web_csv
2026-06-23,URNM-ASX,BOE AT,BOSS ENERGY LTD,,,3914377.0,4266670.93,1.25844445,AUD,Energy,Australia,Equities,equity,web_csv
2026-06-23,URNM-ASX,EU CV,ENCORE ENERGY CORP,,,1764168.0,3841782.35,1.13312457,AUD,Energy,Canada,Equities,equity,web_csv
2026-06-23,URNM-ASX,SASK CV,ATHA ENERGY CORP,,,2982333.0,3277622.51,0.96672697,AUD,Energy,Canada,Equities,equity,web_csv
2026-06-23,URNM-ASX,URC CT,URANIUM ROYALTY CORP,,,731121.0,3109886.82,0.91725373,AUD,Energy,Canada,Equities,equity,web_csv
2026-06-23,URNM-ASX,GLO CT,GLOBAL ATOMIC CORP,,,3842079.0,2775899.15,0.81874485,AUD,Materials,Canada,Equities,equity,web_csv
2026-06-23,URNM-ASX,NUCL UR,EAGLE NUCLEAR ENERGY CORP,,,163716.0,2738461.93,0.80770284,AUD,Energy,United States,Equities,equity,web_csv
2026-06-23,URNM-ASX,MGA CT,MEGA URANIUM LTD,,,3590062.0,2228490.71,0.65728804,AUD,Energy,Canada,Equities,equity,web_csv
2026-06-23,URNM-ASX,BKY LN,BERKELEY ENERGIA LTD,,,4058190.0,2014105.41,0.5940556,AUD,Energy,Australia,Equities,equity,web_csv
2026-06-23,URNM-ASX,AGE AT,ALLIGATOR ENERGY LTD,,,41838658.0,1882739.61,0.55530957,AUD,Energy,Australia,Equities,equity,web_csv
2026-06-23,URNM-ASX,PEN AT,PENINSULA ENERGY LTD,,,4392773.0,1844964.66,0.54416794,AUD,Energy,Australia,Equities,equity,web_csv
2026-06-23,URNM-ASX,LAM CT,LARAMIDE RESOURCES LTD,,,2672124.0,1713074.31,0.50526719,AUD,Energy,Canada,Equities,equity,web_csv
2026-06-23,URNM-ASX,LOT AT,LOTUS RESOURCES LTD,,,2576290.0,1700351.4,0.5015146,AUD,Energy,Australia,Equities,equity,web_csv
2026-06-23,URNM-ASX,AEU AT,ATOMIC EAGLE LTD,,,3683478.0,1602312.93,0.47259839,AUD,Energy,Australia,Equities,equity,web_csv
2026-06-23,URNM-ASX,FSY CT,FORSYS METALS CORP,,,3053577.0,1522593.6,0.44908536,AUD,Energy,Canada,Equities,equity,web_csv
2026-06-23,URNM-ASX,JAGU UA,JAGUAR URANIUM CORP,,,491148.0,1292307.88,0.38116314,AUD,Energy,Canada,Equities,equity,web_csv
2026-06-23,URNM-ASX,EL8 AT,ELEVATE URANIUM LTD,,,4393809.0,1032545.12,0.30454673,AUD,Energy,Australia,Equities,equity,web_csv
2026-06-23,URNM-ASX,WUC CF,WESTERN URANIUM & VANADIUM COR,,,1617940.0,1020782.33,0.30107732,AUD,Energy,Canada,Equities,equity,web_csv
2026-06-23,URNM-ASX,SYH CV,SKYHARBOUR RESOURCES LTD,,,2382461.0,994005.3,0.2931795,AUD,Energy,Canada,Equities,equity,web_csv
2026-06-23,URNM-ASX,STUD CV,STALLION URANIUM CORP,,,3386792.0,982228.27,0.28970589,AUD,Energy,Canada,Equities,equity,web_csv
2026-06-23,URNM-ASX,FUU CV,F3 URANIUM CORP,,,6194400.0,977034.7,0.28817406,AUD,Energy,Canada,Equities,equity,web_csv
2026-06-23,URNM-ASX,CVV CV,CANALASKA URANIUM LTD,,,2073766.0,970725.92,0.2863133,AUD,Energy,Canada,Equities,equity,web_csv
2026-06-23,URNM-ASX,AEE AT,AURA ENERGY LTD,,,9612732.0,961273.2,0.28352525,AUD,Energy,Australia,Equities,equity,web_csv
2026-06-23,URNM-ASX,AEC CV,ANFIELD ENERGY INC,,,149592.0,945320.36,0.27881999,AUD,Energy,Canada,Equities,equity,web_csv
2026-06-23,URNM-ASX,PUR CV,PREMIER AMERICAN URANIUM INC,,,1617940.0,905532.72,0.26708472,AUD,,Canada,Equities,equity,web_csv
2026-06-23,URNM-ASX,FNUC UR,FRONTIER NUCLEAR AND MINERALS,,,313789.0,825641.15,0.24352089,AUD,Materials,Australia,Equities,equity,web_csv
2026-06-23,URNM-ASX,HKD,HKD - HONG KONG DOLLAR,CASH,,547826.05,101013.41,0.02979367,AUD,,,Cash,cash,web_csv
2026-06-23,URNM-ASX,USD,USD - UNITED STATES DOLLAR,CASH,,17194.48,24858.29,0.00733189,AUD,,,Cash,cash,web_csv
2026-06-23,URNM-ASX,GBP,GBP - BRITISH POUND,CASH,,10796.1,20608.36,0.00607839,AUD,,,Cash,cash,web_csv
2026-06-23,URNM-ASX,AUD,AUD - AUSTRALIA DOLLAR,CASH,,14995.04,14995.04,0.00442275,AUD,,,Cash,cash,web_csv
2026-06-23,URNM-ASX,CAD,CAD - CANADA DOLLAR,CASH,,12792.39,13017.59,0.00383951,AUD,,,Cash,cash,web_csv
2026-06-23,URNM-ASX,EUR,EUR - EURO,CASH,,12.05,19.83,5.85e-06,AUD,,,Cash,cash,web_csv
2026-06-23,URNM-ASX,"Total weights may not add up to 100% due to rounding or immateriality. Holdings, weights and values are subject to change.",,,,,,,AUD,,,,derivative,web_csv
2026-06-23,URNM-ASX,"Betashares makes no representation or warranty of any kind, either express or implied, with respect to the holdings data,",,,,,,,AUD,,,,derivative,web_csv
2026-06-23,URNM-ASX,"its timeliness, the information's use or any other matter.",,,,,,,AUD,,,,derivative,web_csv
2026-06-24,URNM-ASX,CCJ UN,CAMECO CORP,,,354532.0,54785237.62,16.35953105,AUD,Energy,Canada,Equities,equity,web_csv
2026-06-24,URNM-ASX,KAP LI,NAC KAZATOMPROM JSC,,,506890.0,51563074.92,15.3973545,AUD,Energy,Kazakhstan,Equities,equity,web_csv
2026-06-24,URNM-ASX,U-U CT,SPROTT PHYSICAL URANIUM TRUST,,,1653564.0,43771802.08,13.0707867,AUD,,,Equities,equity,web_csv
2026-06-24,URNM-ASX,DNN UA,DENISON MINES CORP,,,3339190.0,15338693.38,4.58031837,AUD,Energy,Canada,Equities,equity,web_csv
2026-06-24,URNM-ASX,NXE UN,NEXGEN ENERGY LTD,,,1037554.0,15140079.38,4.52100985,AUD,Energy,Canada,Equities,equity,web_csv
2026-06-24,URNM-ASX,PDN AT,PALADIN ENERGY LTD,,,1551309.0,15047697.3,4.49342345,AUD,Energy,Australia,Equities,equity,web_csv
2026-06-24,URNM-ASX,DYL AT,DEEP YELLOW LTD,,,9194519.0,14205531.85,4.24194271,AUD,Energy,Australia,Equities,equity,web_csv
2026-06-24,URNM-ASX,UEC UA,URANIUM ENERGY CORP,,,885518.0,13986590.64,4.17656423,AUD,Energy,United States,Equities,equity,web_csv
2026-06-24,URNM-ASX,UUUU UA,ENERGY FUELS INC/CANADA,,,641221.0,13965442.15,4.17024904,AUD,Energy,United States,Equities,equity,web_csv
2026-06-24,URNM-ASX,YCA LN,YELLOW CAKE PLC,,,1260789.0,13004397.82,3.88326964,AUD,Industrials,Britain,Equities,equity,web_csv
2026-06-24,URNM-ASX,1164 HK,CGN MINING CO LTD,,,23794965.0,11919033.52,3.5591668,AUD,Energy,China,Equities,equity,web_csv
2026-06-24,URNM-ASX,ISO CT,ISOENERGY LTD,,,649078.0,9615236.1,2.87122518,AUD,Energy,Canada,Equities,equity,web_csv
2026-06-24,URNM-ASX,URG UA,UR-ENERGY INC,,,3742570.0,7321358.5,2.18624573,AUD,Energy,United States,Equities,equity,web_csv
2026-06-24,URNM-ASX,BMN AT,BANNERMAN ENERGY LTD,,,1958213.0,6638342.07,1.9822888,AUD,Energy,Australia,Equities,equity,web_csv
2026-06-24,URNM-ASX,BOE AT,BOSS ENERGY LTD,,,3914377.0,4384102.24,1.30914567,AUD,Energy,Australia,Equities,equity,web_csv
2026-06-24,URNM-ASX,CXU AT,CAULDRON ENERGY LTD,,,46365877.0,4265660.68,1.2737776,AUD,Energy,Australia,Equities,equity,web_csv
2026-06-24,URNM-ASX,EU CV,ENCORE ENERGY CORP,,,1764168.0,3574317.17,1.06733411,AUD,Energy,Canada,Equities,equity,web_csv
2026-06-24,URNM-ASX,SASK CV,ATHA ENERGY CORP,,,2982333.0,3157835.8,0.94296776,AUD,Energy,Canada,Equities,equity,web_csv
2026-06-24,URNM-ASX,URC CT,URANIUM ROYALTY CORP,,,731121.0,2947708.37,0.88022118,AUD,Energy,Canada,Equities,equity,web_csv
2026-06-24,URNM-ASX,GLO CT,GLOBAL ATOMIC CORP,,,3842079.0,2659961.03,0.79429636,AUD,Materials,Canada,Equities,equity,web_csv
2026-06-24,URNM-ASX,NUCL UR,EAGLE NUCLEAR ENERGY CORP,,,163716.0,2358117.72,0.70416232,AUD,Energy,United States,Equities,equity,web_csv
2026-06-24,URNM-ASX,MGA CT,MEGA URANIUM LTD,,,3590062.0,2119971.45,0.63304898,AUD,Energy,Canada,Equities,equity,web_csv
2026-06-24,URNM-ASX,BKY LN,BERKELEY ENERGIA LTD,,,4058190.0,2052250.58,0.61282671,AUD,Energy,Australia,Equities,equity,web_csv
2026-06-24,URNM-ASX,AGE AT,ALLIGATOR ENERGY LTD,,,41838658.0,2050094.24,0.6121828,AUD,Energy,Australia,Equities,equity,web_csv
2026-06-24,URNM-ASX,PEN AT,PENINSULA ENERGY LTD,,,4392773.0,1844964.66,0.55092864,AUD,Energy,Australia,Equities,equity,web_csv
2026-06-24,URNM-ASX,LOT AT,LOTUS RESOURCES LTD,,,2576290.0,1700351.4,0.50774538,AUD,Energy,Australia,Equities,equity,web_csv
2026-06-24,URNM-ASX,LAM CT,LARAMIDE RESOURCES LTD,,,2672124.0,1605124.37,0.47930945,AUD,Energy,Canada,Equities,equity,web_csv
2026-06-24,URNM-ASX,AEU AT,ATOMIC EAGLE LTD,,,3683478.0,1583895.54,0.47297026,AUD,Energy,Australia,Equities,equity,web_csv
2026-06-24,URNM-ASX,FSY CT,FORSYS METALS CORP,,,3053577.0,1414556.64,0.42240363,AUD,Energy,Canada,Equities,equity,web_csv
2026-06-24,URNM-ASX,JAGU UA,JAGUAR URANIUM CORP,,,491148.0,1217016.49,0.36341577,AUD,Energy,Canada,Equities,equity,web_csv
2026-06-24,URNM-ASX,EL8 AT,ELEVATE URANIUM LTD,,,4393809.0,1054514.16,0.31489061,AUD,Energy,Australia,Equities,equity,web_csv
2026-06-24,URNM-ASX,WUC CF,WESTERN URANIUM & VANADIUM COR,,,1617940.0,1021301.98,0.30497306,AUD,Energy,Canada,Equities,equity,web_csv
2026-06-24,URNM-ASX,AEE AT,AURA ENERGY LTD,,,9612732.0,1009336.86,0.30140013,AUD,Energy,Australia,Equities,equity,web_csv
2026-06-24,URNM-ASX,SYH CV,SKYHARBOUR RESOURCES LTD,,,2382461.0,982383.12,0.29335142,AUD,Energy,Canada,Equities,equity,web_csv
2026-06-24,URNM-ASX,CVV CV,CANALASKA URANIUM LTD,,,2073766.0,971220.08,0.290018,AUD,Energy,Canada,Equities,equity,web_csv
2026-06-24,URNM-ASX,STUD CV,STALLION URANIUM CORP,,,3386792.0,965487.44,0.28830616,AUD,Energy,Canada,Equities,equity,web_csv
2026-06-24,URNM-ASX,FUU CV,F3 URANIUM CORP,,,6194400.0,914465.49,0.2730704,AUD,Energy,Canada,Equities,equity,web_csv
2026-06-24,URNM-ASX,AEC CV,ANFIELD ENERGY INC,,,149592.0,904679.78,0.27014827,AUD,Energy,Canada,Equities,equity,web_csv
2026-06-24,URNM-ASX,PUR CV,PREMIER AMERICAN URANIUM INC,,,1617940.0,873048.46,0.26070277,AUD,,Canada,Equities,equity,web_csv
2026-06-24,URNM-ASX,FNUC UR,FRONTIER NUCLEAR AND MINERALS,,,313789.0,772991.31,0.2308245,AUD,Materials,Australia,Equities,equity,web_csv
2026-06-24,URNM-ASX,HKD,HKD - HONG KONG DOLLAR,CASH,,547826.05,101258.0,0.03023686,AUD,,,Cash,cash,web_csv
2026-06-24,URNM-ASX,USD,USD - UNITED STATES DOLLAR,CASH,,17194.48,24915.93,0.00744019,AUD,,,Cash,cash,web_csv
2026-06-24,URNM-ASX,GBP,GBP - BRITISH POUND,CASH,,10796.1,20602.46,0.00615214,AUD,,,Cash,cash,web_csv
2026-06-24,URNM-ASX,AUD,AUD - AUSTRALIA DOLLAR,CASH,,14995.04,14995.04,0.0044777,AUD,,,Cash,cash,web_csv
2026-06-24,URNM-ASX,CAD,CAD - CANADA DOLLAR,CASH,,12792.39,13024.22,0.00388919,AUD,,,Cash,cash,web_csv
2026-06-24,URNM-ASX,EUR,EUR - EURO,CASH,,12.05,19.83,5.92e-06,AUD,,,Cash,cash,web_csv
2026-06-24,URNM-ASX,"Total weights may not add up to 100% due to rounding or immateriality. Holdings, weights and values are subject to change.",,,,,,,AUD,,,,derivative,web_csv
2026-06-24,URNM-ASX,"Betashares makes no representation or warranty of any kind, either express or implied, with respect to the holdings data,",,,,,,,AUD,,,,derivative,web_csv
2026-06-24,URNM-ASX,"its timeliness, the information's use or any other matter.",,,,,,,AUD,,,,derivative,web_csv
2026-06-25,URNM-ASX,CCJ UN,CAMECO CORP,,,354532.0,53143885.04,16.2482543,AUD,Energy,Canada,Equities,equity,web_csv
2026-06-25,URNM-ASX,KAP LI,NAC KAZATOMPROM JSC,,,506890.0,51275848.05,15.67711917,AUD,Energy,Kazakhstan,Equities,equity,web_csv
2026-06-25,URNM-ASX,U-U CT,SPROTT PHYSICAL URANIUM TRUST,,,1653564.0,43984937.22,13.44799021,AUD,,,Equities,equity,web_csv
2026-06-25,URNM-ASX,PDN AT,PALADIN ENERGY LTD,,,1551309.0,15109749.66,4.61966706,AUD,Energy,Australia,Equities,equity,web_csv
2026-06-25,URNM-ASX,DNN UA,DENISON MINES CORP,,,3339190.0,14835475.11,4.53581013,AUD,Energy,Canada,Equities,equity,web_csv
2026-06-25,URNM-ASX,NXE UN,NEXGEN ENERGY LTD,,,1037554.0,14489719.39,4.4300985,AUD,Energy,Canada,Equities,equity,web_csv
2026-06-25,URNM-ASX,UEC UA,URANIUM ENERGY CORP,,,885518.0,13571107.99,4.14924151,AUD,Energy,United States,Equities,equity,web_csv
2026-06-25,URNM-ASX,UUUU UA,ENERGY FUELS INC/CANADA,,,641221.0,13381196.56,4.09117784,AUD,Energy,United States,Equities,equity,web_csv
2026-06-25,URNM-ASX,DYL AT,DEEP YELLOW LTD,,,9194519.0,13378025.15,4.09020821,AUD,Energy,Australia,Equities,equity,web_csv
2026-06-25,URNM-ASX,YCA LN,YELLOW CAKE PLC,,,1260789.0,12720047.85,3.8890377,AUD,Industrials,Britain,Equities,equity,web_csv
2026-06-25,URNM-ASX,1164 HK,CGN MINING CO LTD,,,23794965.0,11375483.94,3.47794964,AUD,Energy,China,Equities,equity,web_csv
2026-06-25,URNM-ASX,ISO CT,ISOENERGY LTD,,,649078.0,9333969.2,2.85377528,AUD,Energy,Canada,Equities,equity,web_csv
2026-06-25,URNM-ASX,URG UA,UR-ENERGY INC,,,3742570.0,7041014.47,2.15272545,AUD,Energy,United States,Equities,equity,web_csv
2026-06-25,URNM-ASX,BMN AT,BANNERMAN ENERGY LTD,,,1958213.0,6285863.73,1.92184505,AUD,Energy,Australia,Equities,equity,web_csv
2026-06-25,URNM-ASX,CXU AT,CAULDRON ENERGY LTD,,,46365877.0,4265660.68,1.30418654,AUD,Energy,Australia,Equities,equity,web_csv
2026-06-25,URNM-ASX,BOE AT,BOSS ENERGY LTD,,,3914377.0,4149239.62,1.26859187,AUD,Energy,Australia,Equities,equity,web_csv
2026-06-25,URNM-ASX,EU CV,ENCORE ENERGY CORP,,,1764168.0,3452102.08,1.05544848,AUD,Energy,Canada,Equities,equity,web_csv
2026-06-25,URNM-ASX,SASK CV,ATHA ENERGY CORP,,,2982333.0,3039475.13,0.92929158,AUD,Energy,Canada,Equities,equity,web_csv
2026-06-25,URNM-ASX,URC CT,URANIUM ROYALTY CORP,,,731121.0,2876199.61,0.87937159,AUD,Energy,Canada,Equities,equity,web_csv
2026-06-25,URNM-ASX,GLO CT,GLOBAL ATOMIC CORP,,,3842079.0,2545201.13,0.77817185,AUD,Materials,Canada,Equities,equity,web_csv
2026-06-25,URNM-ASX,NUCL UR,EAGLE NUCLEAR ENERGY CORP,,,163716.0,2371631.2,0.72510444,AUD,Energy,United States,Equities,equity,web_csv
2026-06-25,URNM-ASX,AGE AT,ALLIGATOR ENERGY LTD,,,41838658.0,2133771.56,0.65238104,AUD,Energy,Australia,Equities,equity,web_csv
2026-06-25,URNM-ASX,BKY LN,BERKELEY ENERGIA LTD,,,4058190.0,2052955.77,0.62767235,AUD,Energy,Australia,Equities,equity,web_csv
2026-06-25,URNM-ASX,MGA CT,MEGA URANIUM LTD,,,3590062.0,2012366.59,0.61526259,AUD,Energy,Canada,Equities,equity,web_csv
2026-06-25,URNM-ASX,LOT AT,LOTUS RESOURCES LTD,,,2576290.0,1700351.4,0.51986681,AUD,Energy,Australia,Equities,equity,web_csv
2026-06-25,URNM-ASX,PEN AT,PENINSULA ENERGY LTD,,,4392773.0,1691217.6,0.51707424,AUD,Energy,Australia,Equities,equity,web_csv
2026-06-25,URNM-ASX,AEU AT,ATOMIC EAGLE LTD,,,3683478.0,1583895.54,0.4842615,AUD,Energy,Australia,Equities,equity,web_csv
2026-06-25,URNM-ASX,LAM CT,LARAMIDE RESOURCES LTD,,,2672124.0,1497827.35,0.45794694,AUD,Energy,Canada,Equities,equity,web_csv
2026-06-25,URNM-ASX,FSY CT,FORSYS METALS CORP,,,3053577.0,1353756.62,0.41389864,AUD,Energy,Canada,Equities,equity,web_csv
2026-06-25,URNM-ASX,JAGU UA,JAGUAR URANIUM CORP,,,491148.0,1208323.59,0.36943383,AUD,Energy,Canada,Equities,equity,web_csv
2026-06-25,URNM-ASX,WUC CF,WESTERN URANIUM & VANADIUM COR,,,1617940.0,1005853.44,0.30753044,AUD,Energy,Canada,Equities,equity,web_csv
2026-06-25,URNM-ASX,EL8 AT,ELEVATE URANIUM LTD,,,4393809.0,988607.02,0.30225751,AUD,Energy,Australia,Equities,equity,web_csv
2026-06-25,URNM-ASX,CVV CV,CANALASKA URANIUM LTD,,,2073766.0,972209.91,0.29724424,AUD,Energy,Canada,Equities,equity,web_csv
2026-06-25,URNM-ASX,AEE AT,AURA ENERGY LTD,,,9612732.0,961273.2,0.29390044,AUD,Energy,Australia,Equities,equity,web_csv
2026-06-25,URNM-ASX,SYH CV,SKYHARBOUR RESOURCES LTD,,,2382461.0,946962.69,0.28952514,AUD,Energy,Canada,Equities,equity,web_csv
2026-06-25,URNM-ASX,FUU CV,F3 URANIUM CORP,,,6194400.0,883832.04,0.27022352,AUD,Energy,Canada,Equities,equity,web_csv
2026-06-25,URNM-ASX,STUD CV,STALLION URANIUM CORP,,,3386792.0,880179.33,0.26910674,AUD,Energy,Canada,Equities,equity,web_csv
2026-06-25,URNM-ASX,AEC CV,ANFIELD ENERGY INC,,,149592.0,870536.4,0.2661585,AUD,Energy,Canada,Equities,equity,web_csv
2026-06-25,URNM-ASX,PUR CV,PREMIER AMERICAN URANIUM INC,,,1617940.0,807980.64,0.24703265,AUD,,Canada,Equities,equity,web_csv
2026-06-25,URNM-ASX,FNUC UR,FRONTIER NUCLEAR AND MINERALS,,,313789.0,722032.58,0.22075482,AUD,Materials,Australia,Equities,equity,web_csv
2026-06-25,URNM-ASX,HKD,HKD - HONG KONG DOLLAR,CASH,,547826.05,101117.82,0.03091585,AUD,,,Cash,cash,web_csv
2026-06-25,URNM-ASX,USD,USD - UNITED STATES DOLLAR,CASH,,17194.48,24883.47,0.00760789,AUD,,,Cash,cash,web_csv
2026-06-25,URNM-ASX,GBP,GBP - BRITISH POUND,CASH,,10796.1,20609.54,0.00630118,AUD,,,Cash,cash,web_csv
2026-06-25,URNM-ASX,AUD,AUD - AUSTRALIA DOLLAR,CASH,,14995.04,14995.04,0.0045846,AUD,,,Cash,cash,web_csv
2026-06-25,URNM-ASX,CAD,CAD - CANADA DOLLAR,CASH,,12792.39,13037.49,0.00398609,AUD,,,Cash,cash,web_csv
2026-06-25,URNM-ASX,EUR,EUR - EURO,CASH,,12.05,19.83,6.06e-06,AUD,,,Cash,cash,web_csv
2026-06-25,URNM-ASX,"Total weights may not add up to 100% due to rounding or immateriality. Holdings, weights and values are subject to change.",,,,,,,AUD,,,,derivative,web_csv
2026-06-25,URNM-ASX,"Betashares makes no representation or warranty of any kind, either express or implied, with respect to the holdings data,",,,,,,,AUD,,,,derivative,web_csv
2026-06-25,URNM-ASX,"its timeliness, the information's use or any other matter.",,,,,,,AUD,,,,derivative,web_csv
2026-06-26,URNM-ASX,CCJ UN,CAMECO CORP,,,354532.0,53251775.75,16.31322448,AUD,Energy,Canada,Equities,equity,web_csv
2026-06-26,URNM-ASX,KAP LI,NAC KAZATOMPROM JSC,,,506890.0,51379946.35,15.73980561,AUD,Energy,Kazakhstan,Equities,equity,web_csv
2026-06-26,URNM-ASX,U-U CT,SPROTT PHYSICAL URANIUM TRUST,,,1653564.0,44092787.49,13.50744703,AUD,,,Equities,equity,web_csv
2026-06-26,URNM-ASX,DNN UA,DENISON MINES CORP,,,3339190.0,14865593.53,4.553947,AUD,Energy,Canada,Equities,equity,web_csv
2026-06-26,URNM-ASX,NXE UN,NEXGEN ENERGY LTD,,,1037554.0,14519135.88,4.44781267,AUD,Energy,Canada,Equities,equity,web_csv
2026-06-26,URNM-ASX,PDN AT,PALADIN ENERGY LTD,,,1551309.0,14504739.15,4.44340236,AUD,Energy,Australia,Equities,equity,web_csv
2026-06-26,URNM-ASX,UEC UA,URANIUM ENERGY CORP,,,885518.0,13598659.54,4.16583264,AUD,Energy,United States,Equities,equity,web_csv
2026-06-26,URNM-ASX,UUUU UA,ENERGY FUELS INC/CANADA,,,641221.0,13408362.56,4.1075368,AUD,Energy,United States,Equities,equity,web_csv
2026-06-26,URNM-ASX,DYL AT,DEEP YELLOW LTD,,,9194519.0,13056216.98,3.99966002,AUD,Energy,Australia,Equities,equity,web_csv
2026-06-26,URNM-ASX,YCA LN,YELLOW CAKE PLC,,,1260789.0,12753645.95,3.90696998,AUD,Industrials,Britain,Equities,equity,web_csv
2026-06-26,URNM-ASX,1164 HK,CGN MINING CO LTD,,,23794965.0,11398205.88,3.49174255,AUD,Energy,China,Equities,equity,web_csv
2026-06-26,URNM-ASX,ISO CT,ISOENERGY LTD,,,649078.0,9356855.93,2.86639251,AUD,Energy,Canada,Equities,equity,web_csv
2026-06-26,URNM-ASX,URG UA,UR-ENERGY INC,,,3742570.0,7055308.87,2.16133332,AUD,Energy,United States,Equities,equity,web_csv
2026-06-26,URNM-ASX,BMN AT,BANNERMAN ENERGY LTD,,,1958213.0,6109624.56,1.87163105,AUD,Energy,Australia,Equities,equity,web_csv
2026-06-26,URNM-ASX,CXU AT,CAULDRON ENERGY LTD,,,46365877.0,4451124.19,1.3635637,AUD,Energy,Australia,Equities,equity,web_csv
2026-06-26,URNM-ASX,BOE AT,BOSS ENERGY LTD,,,3914377.0,3953520.77,1.21112716,AUD,Energy,Australia,Equities,equity,web_csv
2026-06-26,URNM-ASX,EU CV,ENCORE ENERGY CORP,,,1764168.0,3460566.57,1.06011487,AUD,Energy,Canada,Equities,equity,web_csv
2026-06-26,URNM-ASX,SASK CV,ATHA ENERGY CORP,,,2982333.0,3046927.87,0.9334002,AUD,Energy,Canada,Equities,equity,web_csv
2026-06-26,URNM-ASX,URC CT,URANIUM ROYALTY CORP,,,731121.0,2883252.0,0.88325951,AUD,Energy,Canada,Equities,equity,web_csv
2026-06-26,URNM-ASX,GLO CT,GLOBAL ATOMIC CORP,,,3842079.0,2551441.92,0.78161233,AUD,Materials,Canada,Equities,equity,web_csv
2026-06-26,URNM-ASX,NUCL UR,EAGLE NUCLEAR ENERGY CORP,,,163716.0,2376446.0,0.72800384,AUD,Energy,United States,Equities,equity,web_csv
2026-06-26,URNM-ASX,AGE AT,ALLIGATOR ENERGY LTD,,,41838658.0,2175610.22,0.66647952,AUD,Energy,Australia,Equities,equity,web_csv
2026-06-26,URNM-ASX,BKY LN,BERKELEY ENERGIA LTD,,,4058190.0,2058378.34,0.63056654,AUD,Energy,Australia,Equities,equity,web_csv
2026-06-26,URNM-ASX,MGA CT,MEGA URANIUM LTD,,,3590062.0,2017300.88,0.61798281,AUD,Energy,Canada,Equities,equity,web_csv
2026-06-26,URNM-ASX,LOT AT,LOTUS RESOURCES LTD,,,2576290.0,1700351.4,0.52088806,AUD,Energy,Australia,Equities,equity,web_csv
2026-06-26,URNM-ASX,PEN AT,PENINSULA ENERGY LTD,,,4392773.0,1581398.28,0.48444779,AUD,Energy,Australia,Equities,equity,web_csv
2026-06-26,URNM-ASX,AEU AT,ATOMIC EAGLE LTD,,,3683478.0,1547060.76,0.47392879,AUD,Energy,Australia,Equities,equity,web_csv
2026-06-26,URNM-ASX,LAM CT,LARAMIDE RESOURCES LTD,,,2672124.0,1501500.0,0.45997164,AUD,Energy,Canada,Equities,equity,web_csv
2026-06-26,URNM-ASX,FSY CT,FORSYS METALS CORP,,,3053577.0,1357076.01,0.41572859,AUD,Energy,Canada,Equities,equity,web_csv
2026-06-26,URNM-ASX,JAGU UA,JAGUAR URANIUM CORP,,,491148.0,1210776.68,0.37091105,AUD,Energy,Canada,Equities,equity,web_csv
2026-06-26,URNM-ASX,WUC CF,WESTERN URANIUM & VANADIUM COR,,,1617940.0,1008319.78,0.30889011,AUD,Energy,Canada,Equities,equity,web_csv
2026-06-26,URNM-ASX,CVV CV,CANALASKA URANIUM LTD,,,2073766.0,974593.75,0.29855843,AUD,Energy,Canada,Equities,equity,web_csv
2026-06-26,URNM-ASX,EL8 AT,ELEVATE URANIUM LTD,,,4393809.0,966637.98,0.29612125,AUD,Energy,Australia,Equities,equity,web_csv
2026-06-26,URNM-ASX,AEE AT,AURA ENERGY LTD,,,9612732.0,961273.2,0.29447779,AUD,Energy,Australia,Equities,equity,web_csv
2026-06-26,URNM-ASX,SYH CV,SKYHARBOUR RESOURCES LTD,,,2382461.0,949284.62,0.2908052,AUD,Energy,Canada,Equities,equity,web_csv
2026-06-26,URNM-ASX,FUU CV,F3 URANIUM CORP,,,6194400.0,885999.18,0.27141825,AUD,Energy,Canada,Equities,equity,web_csv
2026-06-26,URNM-ASX,STUD CV,STALLION URANIUM CORP,,,3386792.0,882337.52,0.27029653,AUD,Energy,Canada,Equities,equity,web_csv
2026-06-26,URNM-ASX,AEC CV,ANFIELD ENERGY INC,,,149592.0,872670.94,0.26733525,AUD,Energy,Canada,Equities,equity,web_csv
2026-06-26,URNM-ASX,PUR CV,PREMIER AMERICAN URANIUM INC,,,1617940.0,809961.79,0.24812484,AUD,,Canada,Equities,equity,web_csv
2026-06-26,URNM-ASX,FNUC UR,FRONTIER NUCLEAR AND MINERALS,,,313789.0,723498.42,0.22163753,AUD,Materials,Australia,Equities,equity,web_csv
2026-06-26,URNM-ASX,HKD,HKD - HONG KONG DOLLAR,CASH,,547826.05,101319.79999999999,0.031038450000000002,AUD,,,Cash,cash,web_csv
2026-06-26,URNM-ASX,USD,USD - UNITED STATES DOLLAR,CASH,,17194.48,24933.99,0.00763831,AUD,,,Cash,cash,web_csv
2026-06-26,URNM-ASX,GBP,GBP - BRITISH POUND,CASH,,10796.1,20663.97,0.00633023,AUD,,,Cash,cash,web_csv
2026-06-26,URNM-ASX,AUD,AUD - AUSTRALIA DOLLAR,CASH,,14995.04,14995.04,0.0045936,AUD,,,Cash,cash,web_csv
2026-06-26,URNM-ASX,CAD,CAD - CANADA DOLLAR,CASH,,12792.39,13069.46,0.00400372,AUD,,,Cash,cash,web_csv
2026-06-26,URNM-ASX,EUR,EUR - EURO,CASH,,12.05,19.9,6.1e-06,AUD,,,Cash,cash,web_csv
2026-06-26,URNM-ASX,"Total weights may not add up to 100% due to rounding or immateriality. Holdings, weights and values are subject to change.",,,,,,,AUD,,,,derivative,web_csv
2026-06-26,URNM-ASX,"Betashares makes no representation or warranty of any kind, either express or implied, with respect to the holdings data,",,,,,,,AUD,,,,derivative,web_csv
2026-06-26,URNM-ASX,"its timeliness, the information's use or any other matter.",,,,,,,AUD,,,,derivative,web_csv
2026-06-29,URNM-ASX,CCJ UN,CAMECO CORP,,,354532.0,53264739.42,16.26101282,AUD,Energy,Canada,Equities,equity,web_csv
2026-06-29,URNM-ASX,KAP LI,NAC KAZATOMPROM JSC,,,506890.0,50195873.38,15.32412905,AUD,Energy,Kazakhstan,Equities,equity,web_csv
2026-06-29,URNM-ASX,U-U CT,SPROTT PHYSICAL URANIUM TRUST,,,1653564.0,44135593.38,13.47400659,AUD,,,Equities,equity,web_csv
2026-06-29,URNM-ASX,DNN UA,DENISON MINES CORP,,,3339190.0,15127447.07,4.61820735,AUD,Energy,Canada,Equities,equity,web_csv
2026-06-29,URNM-ASX,NXE UN,NEXGEN ENERGY LTD,,,1037554.0,14613436.62,4.46128683,AUD,Energy,Canada,Equities,equity,web_csv
2026-06-29,URNM-ASX,PDN AT,PALADIN ENERGY LTD,,,1551309.0,14613330.78,4.46125451,AUD,Energy,Australia,Equities,equity,web_csv
2026-06-29,URNM-ASX,UEC UA,URANIUM ENERGY CORP,,,885518.0,13925018.06,4.25112184,AUD,Energy,United States,Equities,equity,web_csv
2026-06-29,URNM-ASX,UUUU UA,ENERGY FUELS INC/CANADA,,,641221.0,13584164.93,4.14706394,AUD,Energy,United States,Equities,equity,web_csv
2026-06-29,URNM-ASX,DYL AT,DEEP YELLOW LTD,,,9194519.0,13148162.17,4.01395813,AUD,Energy,Australia,Equities,equity,web_csv
2026-06-29,URNM-ASX,YCA LN,YELLOW CAKE PLC,,,1260789.0,12887730.94,3.93445195,AUD,Industrials,Britain,Equities,equity,web_csv
2026-06-29,URNM-ASX,1164 HK,CGN MINING CO LTD,,,23794965.0,11104933.94,3.39018786,AUD,Energy,China,Equities,equity,web_csv
2026-06-29,URNM-ASX,ISO CT,ISOENERGY LTD,,,649078.0,9537851.67,2.9117786,AUD,Energy,Canada,Equities,equity,web_csv
2026-06-29,URNM-ASX,URG UA,UR-ENERGY INC,,,3742570.0,7173213.88,2.1898863,AUD,Energy,United States,Equities,equity,web_csv
2026-06-29,URNM-ASX,BMN AT,BANNERMAN ENERGY LTD,,,1958213.0,6227117.34,1.90105567,AUD,Energy,Australia,Equities,equity,web_csv
2026-06-29,URNM-ASX,CXU AT,CAULDRON ENERGY LTD,,,46365877.0,5100246.47,1.55703706,AUD,Energy,Australia,Equities,equity,web_csv
2026-06-29,URNM-ASX,BOE AT,BOSS ENERGY LTD,,,3914377.0,4070952.08,1.24280724,AUD,Energy,Australia,Equities,equity,web_csv
2026-06-29,URNM-ASX,EU CV,ENCORE ENERGY CORP,,,1764168.0,3425218.88,1.04567353,AUD,Energy,Canada,Equities,equity,web_csv
2026-06-29,URNM-ASX,SASK CV,ATHA ENERGY CORP,,,2982333.0,3108501.59,0.94898398,AUD,Energy,Canada,Equities,equity,web_csv
2026-06-29,URNM-ASX,URC CT,URANIUM ROYALTY CORP,,,731121.0,2988436.54,0.91232972,AUD,Energy,Canada,Equities,equity,web_csv
2026-06-29,URNM-ASX,GLO CT,GLOBAL ATOMIC CORP,,,3842079.0,2473441.42,0.7551086,AUD,Materials,Canada,Equities,equity,web_csv
2026-06-29,URNM-ASX,NUCL UR,EAGLE NUCLEAR ENERGY CORP,,,163716.0,2286841.76,0.69814222,AUD,Energy,United States,Equities,equity,web_csv
2026-06-29,URNM-ASX,AGE AT,ALLIGATOR ENERGY LTD,,,41838658.0,2175610.22,0.66418471,AUD,Energy,Australia,Equities,equity,web_csv
2026-06-29,URNM-ASX,MGA CT,MEGA URANIUM LTD,,,3590062.0,2017713.16,0.61598085,AUD,Energy,Canada,Equities,equity,web_csv
2026-06-29,URNM-ASX,BKY LN,BERKELEY ENERGIA LTD,,,4058190.0,2007728.7,0.61293273,AUD,Energy,Australia,Equities,equity,web_csv
2026-06-29,URNM-ASX,LOT AT,LOTUS RESOURCES LTD,,,2576290.0,1700351.4,0.51909455,AUD,Energy,Australia,Equities,equity,web_csv
2026-06-29,URNM-ASX,PEN AT,PENINSULA ENERGY LTD,,,4392773.0,1603362.14,0.48948503,AUD,Energy,Australia,Equities,equity,web_csv
2026-06-29,URNM-ASX,LAM CT,LARAMIDE RESOURCES LTD,,,2672124.0,1556418.03,0.47515361,AUD,Energy,Canada,Equities,equity,web_csv
2026-06-29,URNM-ASX,AEU AT,ATOMIC EAGLE LTD,,,3683478.0,1547060.76,0.47229697,AUD,Energy,Australia,Equities,equity,web_csv
2026-06-29,URNM-ASX,FSY CT,FORSYS METALS CORP,,,3053577.0,1466565.7,0.4477229,AUD,Energy,Canada,Equities,equity,web_csv
2026-06-29,URNM-ASX,JAGU UA,JAGUAR URANIUM CORP,,,491148.0,1233753.51,0.37664845,AUD,Energy,Canada,Equities,equity,web_csv
2026-06-29,URNM-ASX,EL8 AT,ELEVATE URANIUM LTD,,,4393809.0,1010576.07,0.30851536,AUD,Energy,Australia,Equities,equity,web_csv
2026-06-29,URNM-ASX,AEE AT,AURA ENERGY LTD,,,9612732.0,1009336.86,0.30813705,AUD,Energy,Australia,Equities,equity,web_csv
2026-06-29,URNM-ASX,SYH CV,SKYHARBOUR RESOURCES LTD,,,2382461.0,998169.84,0.30472791,AUD,Energy,Canada,Equities,equity,web_csv
2026-06-29,URNM-ASX,CVV CV,CANALASKA URANIUM LTD,,,2073766.0,964197.35,0.29435656,AUD,Energy,Canada,Equities,equity,web_csv
2026-06-29,URNM-ASX,WUC CF,WESTERN URANIUM & VANADIUM COR,,,1617940.0,925859.8,0.28265262,AUD,Energy,Canada,Equities,equity,web_csv
2026-06-29,URNM-ASX,FUU CV,F3 URANIUM CORP,,,6194400.0,886180.26,0.27053898,AUD,Energy,Canada,Equities,equity,web_csv
2026-06-29,URNM-ASX,AEC CV,ANFIELD ENERGY INC,,,149592.0,885078.36,0.27020259,AUD,Energy,Canada,Equities,equity,web_csv
2026-06-29,URNM-ASX,STUD CV,STALLION URANIUM CORP,,,3386792.0,865213.57,0.26413814,AUD,Energy,Canada,Equities,equity,web_csv
2026-06-29,URNM-ASX,PUR CV,PREMIER AMERICAN URANIUM INC,,,1617940.0,843193.75,0.25741578,AUD,,Canada,Equities,equity,web_csv
2026-06-29,URNM-ASX,FNUC UR,FRONTIER NUCLEAR AND MINERALS,,,313789.0,697106.39,0.21281726,AUD,Materials,Australia,Equities,equity,web_csv
2026-06-29,URNM-ASX,HKD,HKD - HONG KONG DOLLAR,CASH,,547826.05,101454.91,0.03097283,AUD,,,Cash,cash,web_csv
2026-06-29,URNM-ASX,USD,USD - UNITED STATES DOLLAR,CASH,,17194.48,24966.57,0.00762196,AUD,,,Cash,cash,web_csv
2026-06-29,URNM-ASX,GBP,GBP - BRITISH POUND,CASH,,10796.1,20782.91,0.00634475,AUD,,,Cash,cash,web_csv
2026-06-29,URNM-ASX,AUD,AUD - AUSTRALIA DOLLAR,CASH,,14995.04,14995.04,0.00457779,AUD,,,Cash,cash,web_csv
2026-06-29,URNM-ASX,CAD,CAD - CANADA DOLLAR,CASH,,12792.39,13072.13,0.00399075,AUD,,,Cash,cash,web_csv
2026-06-29,URNM-ASX,EUR,EUR - EURO,CASH,,12.05,19.99,6.1e-06,AUD,,,Cash,cash,web_csv
2026-06-29,URNM-ASX,"Total weights may not add up to 100% due to rounding or immateriality. Holdings, weights and values are subject to change.",,,,,,,AUD,,,,derivative,web_csv
2026-06-29,URNM-ASX,"Betashares makes no representation or warranty of any kind, either express or implied, with respect to the holdings data,",,,,,,,AUD,,,,derivative,web_csv
2026-06-29,URNM-ASX,"its timeliness, the information's use or any other matter.",,,,,,,AUD,,,,derivative,web_csv
2026-07-01,URNM-ASX,KAP LI,NAC KAZATOMPROM JSC,,,496060.0,50519965.18,15.55353822,AUD,Energy,Kazakhstan,Equities,equity,web_csv
2026-07-01,URNM-ASX,CCJ UN,CAMECO CORP,,,346957.0,49020952.02,15.09203833,AUD,Energy,Canada,Equities,equity,web_csv
2026-07-01,URNM-ASX,U-U CT,SPROTT PHYSICAL URANIUM TRUST,,,1618234.0,43085748.61,13.26477236,AUD,,,Equities,equity,web_csv
2026-07-01,URNM-ASX,PDN AT,PALADIN ENERGY LTD,,,1518163.0,15075358.59,4.64123768,AUD,Energy,Australia,Equities,equity,web_csv
2026-07-01,URNM-ASX,DNN UA,DENISON MINES CORP,,,3267844.0,14601711.19,4.49541626,AUD,Energy,Canada,Equities,equity,web_csv
2026-07-01,URNM-ASX,NXE UN,NEXGEN ENERGY LTD,,,1015385.0,13920482.01,4.28568682,AUD,Energy,Canada,Equities,equity,web_csv
2026-07-01,URNM-ASX,UEC UA,URANIUM ENERGY CORP,,,866598.0,13263613.67,4.08345733,AUD,Energy,United States,Equities,equity,web_csv
2026-07-01,URNM-ASX,YCA LN,YELLOW CAKE PLC,,,1233850.0,13068934.64,4.02352167,AUD,Industrials,Britain,Equities,equity,web_csv
2026-07-01,URNM-ASX,DYL AT,DEEP YELLOW LTD,,,8998067.0,13047197.15,4.01682936,AUD,Energy,Australia,Equities,equity,web_csv
2026-07-01,URNM-ASX,UUUU UA,ENERGY FUELS INC/CANADA,,,627521.0,12945522.44,3.98552686,AUD,Energy,United States,Equities,equity,web_csv
2026-07-01,URNM-ASX,1164 HK,CGN MINING CO LTD,,,23286557.0,10508063.15,3.23510836,AUD,Energy,China,Equities,equity,web_csv
2026-07-01,URNM-ASX,ISO CT,ISOENERGY LTD,,,635210.0,9166108.17,2.82196184,AUD,Energy,Canada,Equities,equity,web_csv
2026-07-01,URNM-ASX,URG UA,UR-ENERGY INC,,,3662605.0,7173243.51,2.20842031,AUD,Energy,United States,Equities,equity,web_csv
2026-07-01,URNM-ASX,BMN AT,BANNERMAN ENERGY LTD,,,1916373.0,6228212.25,1.91747435,AUD,Energy,Australia,Equities,equity,web_csv
2026-07-01,URNM-ASX,CXU AT,CAULDRON ENERGY LTD,,,45375214.0,4764397.47,1.46681095,AUD,Energy,Australia,Equities,equity,web_csv
2026-07-01,URNM-ASX,BOE AT,BOSS ENERGY LTD,,,3830742.0,4424507.01,1.36216917,AUD,Energy,Australia,Equities,equity,web_csv
2026-07-01,URNM-ASX,EU CV,ENCORE ENERGY CORP,,,1726475.0,3259494.59,1.0034978,AUD,Energy,Canada,Equities,equity,web_csv
2026-07-01,URNM-ASX,SASK CV,ATHA ENERGY CORP,,,2918612.0,2948694.64,0.90781208,AUD,Energy,Canada,Equities,equity,web_csv
2026-07-01,URNM-ASX,URC CT,URANIUM ROYALTY CORP,,,715500.0,2876895.6,0.88570737,AUD,Energy,Canada,Equities,equity,web_csv
2026-07-01,URNM-ASX,GLO CT,GLOBAL ATOMIC CORP,,,3759988.0,2379010.67,0.73242397,AUD,Materials,Canada,Equities,equity,web_csv
2026-07-01,URNM-ASX,NUCL UR,EAGLE NUCLEAR ENERGY CORP,,,160218.0,2222086.29,0.68411179,AUD,Energy,United States,Equities,equity,web_csv
2026-07-01,URNM-ASX,AGE AT,ALLIGATOR ENERGY LTD,,,40944725.0,2170070.42,0.66809771,AUD,Energy,Australia,Equities,equity,web_csv
2026-07-01,URNM-ASX,MGA CT,MEGA URANIUM LTD,,,3513356.0,1900274.19,0.58503578,AUD,Energy,Canada,Equities,equity,web_csv
2026-07-01,URNM-ASX,BKY LN,BERKELEY ENERGIA LTD,,,3971482.0,1873845.65,0.57689925,AUD,Energy,Australia,Equities,equity,web_csv
2026-07-01,URNM-ASX,LOT AT,LOTUS RESOURCES LTD,,,2576290.0,1700351.4,0.52348572,AUD,Energy,Australia,Equities,equity,web_csv
2026-07-01,URNM-ASX,PEN AT,PENINSULA ENERGY LTD,,,4298916.0,1676577.24,0.51616639,AUD,Energy,Australia,Equities,equity,web_csv
2026-07-01,URNM-ASX,LAM CT,LARAMIDE RESOURCES LTD,,,2615031.0,1494455.92,0.46009686,AUD,Energy,Canada,Equities,equity,web_csv
2026-07-01,URNM-ASX,AEU AT,ATOMIC EAGLE LTD,,,3604776.0,1477958.16,0.45501771,AUD,Energy,Australia,Equities,equity,web_csv
2026-07-01,URNM-ASX,FSY CT,FORSYS METALS CORP,,,2988334.0,1372334.22,0.42249936,AUD,Energy,Canada,Equities,equity,web_csv
2026-07-01,URNM-ASX,JAGU UA,JAGUAR URANIUM CORP,,,480654.0,1185422.6,0.36495504,AUD,Energy,Canada,Equities,equity,web_csv
2026-07-01,URNM-ASX,EL8 AT,ELEVATE URANIUM LTD,,,4299930.0,988983.9,0.30447762,AUD,Energy,Australia,Equities,equity,web_csv
2026-07-01,URNM-ASX,AEE AT,AURA ENERGY LTD,,,9407344.0,940734.4,0.28962309,AUD,Energy,Australia,Equities,equity,web_csv
2026-07-01,URNM-ASX,CVV CV,CANALASKA URANIUM LTD,,,2029457.0,921633.19,0.28374242,AUD,Energy,Canada,Equities,equity,web_csv
2026-07-01,URNM-ASX,SYH CV,SKYHARBOUR RESOURCES LTD,,,2331557.0,916062.3,0.28202731,AUD,Energy,Canada,Equities,equity,web_csv
2026-07-01,URNM-ASX,AEC CV,ANFIELD ENERGY INC,,,146396.0,896393.51,0.2759719,AUD,Energy,Canada,Equities,equity,web_csv
2026-07-01,URNM-ASX,FUU CV,F3 URANIUM CORP,,,6062049.0,835163.4,0.25712104,AUD,Energy,Canada,Equities,equity,web_csv
2026-07-01,URNM-ASX,WUC CF,WESTERN URANIUM & VANADIUM COR,,,1583371.0,775607.8,0.23878571,AUD,Energy,Canada,Equities,equity,web_csv
2026-07-01,URNM-ASX,PUR CV,PREMIER AMERICAN URANIUM INC,,,1583371.0,767528.55,0.23629835,AUD,,Canada,Equities,equity,web_csv
2026-07-01,URNM-ASX,FNUC UR,FRONTIER NUCLEAR AND MINERALS,,,307085.0,721714.35,0.22219358,AUD,Materials,Australia,Equities,equity,web_csv
2026-07-01,URNM-ASX,STUD CV,STALLION URANIUM CORP,,,3314429.0,676483.11,0.20826827,AUD,Energy,Canada,Equities,equity,web_csv
2026-07-01,URNM-ASX,AUD,AUD - AUSTRALIA DOLLAR,CASH,,6908393.51,6908393.51,2.12688117,AUD,,,Cash,cash,web_csv
2026-07-01,URNM-ASX,HKD,HKD - HONG KONG DOLLAR,CASH,,505434.98,93474.44,0.02877789,AUD,,,Cash,cash,web_csv
2026-07-01,URNM-ASX,GBP,GBP - BRITISH POUND,CASH,,7690.35,14810.21,0.00455961,AUD,,,Cash,cash,web_csv
2026-07-01,URNM-ASX,USD,USD - UNITED STATES DOLLAR,CASH,,1998.73,2899.65,0.00089271,AUD,,,Cash,cash,web_csv
2026-07-01,URNM-ASX,CAD,CAD - CANADA DOLLAR,CASH,,1898.56,1937.5,0.0005965,AUD,,,Cash,cash,web_csv
2026-07-01,URNM-ASX,EUR,EUR - EURO,CASH,,12.05,19.89,6.12e-06,AUD,,,Cash,cash,web_csv
2026-07-01,URNM-ASX,"Total weights may not add up to 100% due to rounding or immateriality. Holdings, weights and values are subject to change.",,,,,,,AUD,,,,derivative,web_csv
2026-07-01,URNM-ASX,"Betashares makes no representation or warranty of any kind, either express or implied, with respect to the holdings data,",,,,,,,AUD,,,,derivative,web_csv
2026-07-01,URNM-ASX,"its timeliness, the information's use or any other matter.",,,,,,,AUD,,,,derivative,web_csv
2026-07-02,URNM-ASX,KAP LI,NAC KAZATOMPROM JSC,,,496060.0,50523302.51,15.43656974,AUD,Energy,Kazakhstan,Equities,equity,web_csv
2026-07-02,URNM-ASX,CCJ UN,CAMECO CORP,,,346957.0,48389524.39,14.78462869,AUD,Energy,Canada,Equities,equity,web_csv
2026-07-02,URNM-ASX,U-U CT,SPROTT PHYSICAL URANIUM TRUST,,,1618234.0,44824554.26,13.69541031,AUD,,,Equities,equity,web_csv
2026-07-02,URNM-ASX,DNN UA,DENISON MINES CORP,,,3267844.0,15107051.14,4.61571269,AUD,Energy,Canada,Equities,equity,web_csv
2026-07-02,URNM-ASX,PDN AT,PALADIN ENERGY LTD,,,1518163.0,15105721.85,4.61530655,AUD,Energy,Australia,Equities,equity,web_csv
2026-07-02,URNM-ASX,NXE UN,NEXGEN ENERGY LTD,,,1015385.0,14126202.76,4.31603049,AUD,Energy,Canada,Equities,equity,web_csv
2026-07-02,URNM-ASX,UEC UA,URANIUM ENERGY CORP,,,866598.0,13483473.65,4.11965511,AUD,Energy,United States,Equities,equity,web_csv
2026-07-02,URNM-ASX,DYL AT,DEEP YELLOW LTD,,,8998067.0,13182168.16,4.02759614,AUD,Energy,Australia,Equities,equity,web_csv
2026-07-02,URNM-ASX,YCA LN,YELLOW CAKE PLC,,,1233850.0,12799076.43,3.91054872,AUD,Industrials,Britain,Equities,equity,web_csv
2026-07-02,URNM-ASX,UUUU UA,ENERGY FUELS INC/CANADA,,,627521.0,12519596.95,3.82515833,AUD,Energy,United States,Equities,equity,web_csv
2026-07-02,URNM-ASX,1164 HK,CGN MINING CO LTD,,,23286557.0,10423743.42,3.18480452,AUD,Energy,China,Equities,equity,web_csv
2026-07-02,URNM-ASX,ISO CT,ISOENERGY LTD,,,635210.0,9208474.23,2.81349887,AUD,Energy,Canada,Equities,equity,web_csv
2026-07-02,URNM-ASX,URG UA,UR-ENERGY INC,,,3662605.0,7143190.91,2.18248529,AUD,Energy,United States,Equities,equity,web_csv
2026-07-02,URNM-ASX,BMN AT,BANNERMAN ENERGY LTD,,,1916373.0,6324030.9,1.93220433,AUD,Energy,Australia,Equities,equity,web_csv
2026-07-02,URNM-ASX,CXU AT,CAULDRON ENERGY LTD,,,45375214.0,4764397.47,1.45568382,AUD,Energy,Australia,Equities,equity,web_csv
2026-07-02,URNM-ASX,BOE AT,BOSS ENERGY LTD,,,3830742.0,4558582.98,1.39280056,AUD,Energy,Australia,Equities,equity,web_csv
2026-07-02,URNM-ASX,SASK CV,ATHA ENERGY CORP,,,2918612.0,3240920.01,0.99021017,AUD,Energy,Canada,Equities,equity,web_csv
2026-07-02,URNM-ASX,EU CV,ENCORE ENERGY CORP,,,1726475.0,3218672.83,0.9834129,AUD,Energy,Canada,Equities,equity,web_csv
2026-07-02,URNM-ASX,URC CT,URANIUM ROYALTY CORP,,,715500.0,2908358.8,0.88860152,AUD,Energy,Canada,Equities,equity,web_csv
2026-07-02,URNM-ASX,GLO CT,GLOBAL ATOMIC CORP,,,3759988.0,2374890.55,0.72560901,AUD,Materials,Canada,Equities,equity,web_csv
2026-07-02,URNM-ASX,AGE AT,ALLIGATOR ENERGY LTD,,,40944725.0,2211015.15,0.67553956,AUD,Energy,Australia,Equities,equity,web_csv
2026-07-02,URNM-ASX,NUCL UR,EAGLE NUCLEAR ENERGY CORP,,,160218.0,2050753.37,0.62657419,AUD,Energy,United States,Equities,equity,web_csv
2026-07-02,URNM-ASX,MGA CT,MEGA URANIUM LTD,,,3513356.0,1968567.44,0.60146362,AUD,Energy,Canada,Equities,equity,web_csv
2026-07-02,URNM-ASX,BKY LN,BERKELEY ENERGIA LTD,,,3971482.0,1876085.7,0.57320734,AUD,Energy,Australia,Equities,equity,web_csv
2026-07-02,URNM-ASX,PEN AT,PENINSULA ENERGY LTD,,,4298916.0,1719566.4,0.52538542,AUD,Energy,Australia,Equities,equity,web_csv
2026-07-02,URNM-ASX,LOT AT,LOTUS RESOURCES LTD,,,2576290.0,1700351.4,0.51951459,AUD,Energy,Australia,Equities,equity,web_csv
2026-07-02,URNM-ASX,AEU AT,ATOMIC EAGLE LTD,,,3604776.0,1532029.8,0.46808668,AUD,Energy,Australia,Equities,equity,web_csv
2026-07-02,URNM-ASX,LAM CT,LARAMIDE RESOURCES LTD,,,2615031.0,1518508.22,0.46395538,AUD,Energy,Canada,Equities,equity,web_csv
2026-07-02,URNM-ASX,FSY CT,FORSYS METALS CORP,,,2988334.0,1446066.27,0.44182193,AUD,Energy,Canada,Equities,equity,web_csv
2026-07-02,URNM-ASX,JAGU UA,JAGUAR URANIUM CORP,,,480654.0,1180456.23,0.36066912,AUD,Energy,Canada,Equities,equity,web_csv
2026-07-02,URNM-ASX,EL8 AT,ELEVATE URANIUM LTD,,,4299930.0,1010483.55,0.30873674,AUD,Energy,Australia,Equities,equity,web_csv
2026-07-02,URNM-ASX,AEE AT,AURA ENERGY LTD,,,9407344.0,987771.12,0.30179733,AUD,Energy,Australia,Equities,equity,web_csv
2026-07-02,URNM-ASX,SYH CV,SKYHARBOUR RESOURCES LTD,,,2331557.0,961981.04,0.29391759,AUD,Energy,Canada,Equities,equity,web_csv
2026-07-02,URNM-ASX,CVV CV,CANALASKA URANIUM LTD,,,2029457.0,899362.06,0.27478538,AUD,Energy,Canada,Equities,equity,web_csv
2026-07-02,URNM-ASX,AEC CV,ANFIELD ENERGY INC,,,146396.0,887384.07,0.27112571,AUD,Energy,Canada,Equities,equity,web_csv
2026-07-02,URNM-ASX,WUC CF,WESTERN URANIUM & VANADIUM COR,,,1583371.0,887178.13,0.27106278,AUD,Energy,Canada,Equities,equity,web_csv
2026-07-02,URNM-ASX,FUU CV,F3 URANIUM CORP,,,6062049.0,864595.42,0.26416301,AUD,Energy,Canada,Equities,equity,web_csv
2026-07-02,URNM-ASX,PUR CV,PREMIER AMERICAN URANIUM INC,,,1583371.0,798460.31,0.24395651,AUD,,Canada,Equities,equity,web_csv
2026-07-02,URNM-ASX,STUD CV,STALLION URANIUM CORP,,,3314429.0,793491.05,0.24243823,AUD,Energy,Canada,Equities,equity,web_csv
2026-07-02,URNM-ASX,FNUC UR,FRONTIER NUCLEAR AND MINERALS,,,307085.0,754181.59,0.23042787,AUD,Materials,Australia,Equities,equity,web_csv
2026-07-02,URNM-ASX,AUD,AUD - AUSTRALIA DOLLAR,CASH,,6909177.12,6909177.12,2.1109862,AUD,,,Cash,cash,web_csv
2026-07-02,URNM-ASX,HKD,HKD - HONG KONG DOLLAR,CASH,,505435.12,93105.98,0.02844701,AUD,,,Cash,cash,web_csv
2026-07-02,URNM-ASX,GBP,GBP - BRITISH POUND,CASH,,7690.35,14827.92,0.00453043,AUD,,,Cash,cash,web_csv
2026-07-02,URNM-ASX,USD,USD - UNITED STATES DOLLAR,CASH,,1999.58,2888.73,0.0008826,AUD,,,Cash,cash,web_csv
2026-07-02,URNM-ASX,CAD,CAD - CANADA DOLLAR,CASH,,1898.56,1934.15,0.00059095,AUD,,,Cash,cash,web_csv
2026-07-02,URNM-ASX,EUR,EUR - EURO,CASH,,12.05,19.9,6.08e-06,AUD,,,Cash,cash,web_csv
2026-07-02,URNM-ASX,"Total weights may not add up to 100% due to rounding or immateriality. Holdings, weights and values are subject to change.",,,,,,,AUD,,,,derivative,web_csv
2026-07-02,URNM-ASX,"Betashares makes no representation or warranty of any kind, either express or implied, with respect to the holdings data,",,,,,,,AUD,,,,derivative,web_csv
2026-07-02,URNM-ASX,"its timeliness, the information's use or any other matter.",,,,,,,AUD,,,,derivative,web_csv
2026-07-03,URNM-ASX,KAP LI,NAC KAZATOMPROM JSC,,,496060.0,50392262.25,15.41849367,AUD,Energy,Kazakhstan,Equities,equity,web_csv
2026-07-03,URNM-ASX,CCJ UN,CAMECO CORP,,,346957.0,48264018.41,14.76731604,AUD,Energy,Canada,Equities,equity,web_csv
2026-07-03,URNM-ASX,U-U CT,SPROTT PHYSICAL URANIUM TRUST,,,1618234.0,44651697.24,13.66205605,AUD,,,Equities,equity,web_csv
2026-07-03,URNM-ASX,PDN AT,PALADIN ENERGY LTD,,,1518163.0,15151266.74,4.63582502,AUD,Energy,Australia,Equities,equity,web_csv
2026-07-03,URNM-ASX,DNN UA,DENISON MINES CORP,,,3267844.0,15067868.59,4.61030774,AUD,Energy,Canada,Equities,equity,web_csv
2026-07-03,URNM-ASX,NXE UN,NEXGEN ENERGY LTD,,,1015385.0,14089564.19,4.31097646,AUD,Energy,Canada,Equities,equity,web_csv
2026-07-03,URNM-ASX,UEC UA,URANIUM ENERGY CORP,,,866598.0,13448502.1,4.11483103,AUD,Energy,United States,Equities,equity,web_csv
2026-07-03,URNM-ASX,DYL AT,DEEP YELLOW LTD,,,8998067.0,13272148.82,4.06087231,AUD,Energy,Australia,Equities,equity,web_csv
2026-07-03,URNM-ASX,YCA LN,YELLOW CAKE PLC,,,1233850.0,12769776.66,3.90716177,AUD,Industrials,Britain,Equities,equity,web_csv
2026-07-03,URNM-ASX,UUUU UA,ENERGY FUELS INC/CANADA,,,627521.0,12487125.37,3.82067911,AUD,Energy,United States,Equities,equity,web_csv
2026-07-03,URNM-ASX,1164 HK,CGN MINING CO LTD,,,23286557.0,10395784.38,3.18079261,AUD,Energy,China,Equities,equity,web_csv
2026-07-03,URNM-ASX,ISO CT,ISOENERGY LTD,,,635210.0,9172963.57,2.80664678,AUD,Energy,Canada,Equities,equity,web_csv
2026-07-03,URNM-ASX,URG UA,UR-ENERGY INC,,,3662605.0,7124663.9,2.17992962,AUD,Energy,United States,Equities,equity,web_csv
2026-07-03,URNM-ASX,BMN AT,BANNERMAN ENERGY LTD,,,1916373.0,6362358.36,1.9466874,AUD,Energy,Australia,Equities,equity,web_csv
2026-07-03,URNM-ASX,BOE AT,BOSS ENERGY LTD,,,3830742.0,4884196.05,1.49441487,AUD,Energy,Australia,Equities,equity,web_csv
2026-07-03,URNM-ASX,CXU AT,CAULDRON ENERGY LTD,,,45375214.0,4764397.47,1.45776016,AUD,Energy,Australia,Equities,equity,web_csv
2026-07-03,URNM-ASX,SASK CV,ATHA ENERGY CORP,,,2918612.0,3228422.04,0.98779857,AUD,Energy,Canada,Equities,equity,web_csv
2026-07-03,URNM-ASX,EU CV,ENCORE ENERGY CORP,,,1726475.0,3206260.66,0.98101787,AUD,Energy,Canada,Equities,equity,web_csv
2026-07-03,URNM-ASX,URC CT,URANIUM ROYALTY CORP,,,715500.0,2897143.29,0.88643739,AUD,Energy,Canada,Equities,equity,web_csv
2026-07-03,URNM-ASX,GLO CT,GLOBAL ATOMIC CORP,,,3759988.0,2365732.25,0.72384184,AUD,Materials,Canada,Equities,equity,web_csv
2026-07-03,URNM-ASX,AGE AT,ALLIGATOR ENERGY LTD,,,40944725.0,2129125.7,0.65144746,AUD,Energy,Australia,Equities,equity,web_csv
2026-07-03,URNM-ASX,NUCL UR,EAGLE NUCLEAR ENERGY CORP,,,160218.0,2045434.41,0.62584048,AUD,Energy,United States,Equities,equity,web_csv
2026-07-03,URNM-ASX,MGA CT,MEGA URANIUM LTD,,,3513356.0,1960976.05,0.5999988,AUD,Energy,Canada,Equities,equity,web_csv
2026-07-03,URNM-ASX,BKY LN,BERKELEY ENERGIA LTD,,,3971482.0,1871790.95,0.57271088,AUD,Energy,Australia,Equities,equity,web_csv
2026-07-03,URNM-ASX,LOT AT,LOTUS RESOURCES LTD,,,2576290.0,1700351.4,0.52025561,AUD,Energy,Australia,Equities,equity,web_csv
2026-07-03,URNM-ASX,PEN AT,PENINSULA ENERGY LTD,,,4298916.0,1676577.24,0.51298145,AUD,Energy,Australia,Equities,equity,web_csv
2026-07-03,URNM-ASX,LAM CT,LARAMIDE RESOURCES LTD,,,2615031.0,1512652.39,0.46282545,AUD,Energy,Canada,Equities,equity,web_csv
2026-07-03,URNM-ASX,AEU AT,ATOMIC EAGLE LTD,,,3604776.0,1477958.16,0.45221007,AUD,Energy,Australia,Equities,equity,web_csv
2026-07-03,URNM-ASX,FSY CT,FORSYS METALS CORP,,,2988334.0,1440489.8,0.4407459,AUD,Energy,Canada,Equities,equity,web_csv
2026-07-03,URNM-ASX,JAGU UA,JAGUAR URANIUM CORP,,,480654.0,1177394.52,0.36024678,AUD,Energy,Canada,Equities,equity,web_csv
2026-07-03,URNM-ASX,EL8 AT,ELEVATE URANIUM LTD,,,4299930.0,1010483.55,0.30917711,AUD,Energy,Australia,Equities,equity,web_csv
2026-07-03,URNM-ASX,AEE AT,AURA ENERGY LTD,,,9407344.0,987771.12,0.3022278,AUD,Energy,Australia,Equities,equity,web_csv
2026-07-03,URNM-ASX,SYH CV,SKYHARBOUR RESOURCES LTD,,,2331557.0,958271.35,0.29320177,AUD,Energy,Canada,Equities,equity,web_csv
2026-07-03,URNM-ASX,CVV CV,CANALASKA URANIUM LTD,,,2029457.0,895893.85,0.27411616,AUD,Energy,Canada,Equities,equity,web_csv
2026-07-03,URNM-ASX,AEC CV,ANFIELD ENERGY INC,,,146396.0,883962.05,0.2704654,AUD,Energy,Canada,Equities,equity,web_csv
2026-07-03,URNM-ASX,WUC CF,WESTERN URANIUM & VANADIUM COR,,,1583371.0,883756.9,0.27040263,AUD,Energy,Canada,Equities,equity,web_csv
2026-07-03,URNM-ASX,FUU CV,F3 URANIUM CORP,,,6062049.0,861261.27,0.26351965,AUD,Energy,Canada,Equities,equity,web_csv
2026-07-03,URNM-ASX,PUR CV,PREMIER AMERICAN URANIUM INC,,,1583371.0,795381.21,0.24336237,AUD,,Canada,Equities,equity,web_csv
2026-07-03,URNM-ASX,STUD CV,STALLION URANIUM CORP,,,3314429.0,790431.11,0.24184779,AUD,Energy,Canada,Equities,equity,web_csv
2026-07-03,URNM-ASX,FNUC UR,FRONTIER NUCLEAR AND MINERALS,,,307085.0,752225.5,0.23015804,AUD,Materials,Australia,Equities,equity,web_csv
2026-07-03,URNM-ASX,AUD,AUD - AUSTRALIA DOLLAR,CASH,,6909177.12,6909177.12,2.11399725,AUD,,,Cash,cash,web_csv
2026-07-03,URNM-ASX,HKD,HKD - HONG KONG DOLLAR,CASH,,505435.12,92856.24,0.02841118,AUD,,,Cash,cash,web_csv
2026-07-03,URNM-ASX,GBP,GBP - BRITISH POUND,CASH,,7690.35,14793.97,0.0045265,AUD,,,Cash,cash,web_csv
2026-07-03,URNM-ASX,USD,USD - UNITED STATES DOLLAR,CASH,,1999.58,2881.24,0.00088157,AUD,,,Cash,cash,web_csv
2026-07-03,URNM-ASX,CAD,CAD - CANADA DOLLAR,CASH,,1898.56,1926.69,0.00058951,AUD,,,Cash,cash,web_csv
2026-07-03,URNM-ASX,EUR,EUR - EURO,CASH,,12.05,19.86,6.08e-06,AUD,,,Cash,cash,web_csv
2026-07-03,URNM-ASX,"Total weights may not add up to 100% due to rounding or immateriality. Holdings, weights and values are subject to change.",,,,,,,AUD,,,,derivative,web_csv
2026-07-03,URNM-ASX,"Betashares makes no representation or warranty of any kind, either express or implied, with respect to the holdings data,",,,,,,,AUD,,,,derivative,web_csv
2026-07-03,URNM-ASX,"its timeliness, the information's use or any other matter.",,,,,,,AUD,,,,derivative,web_csv
2026-07-06,URNM-ASX,KAP LI,NAC KAZATOMPROM JSC,,,496060.0,50283580.16,15.38930757,AUD,Energy,Kazakhstan,Equities,equity,web_csv
2026-07-06,URNM-ASX,CCJ UN,CAMECO CORP,,,346957.0,48638831.78,14.88593174,AUD,Energy,Canada,Equities,equity,web_csv
2026-07-06,URNM-ASX,U-U CT,SPROTT PHYSICAL URANIUM TRUST,,,1618234.0,44325753.66,13.56591265,AUD,,,Equities,equity,web_csv
2026-07-06,URNM-ASX,DNN UA,DENISON MINES CORP,,,3267844.0,15223313.53,4.65910051,AUD,Energy,Canada,Equities,equity,web_csv
2026-07-06,URNM-ASX,PDN AT,PALADIN ENERGY LTD,,,1518163.0,15060176.96,4.60917251,AUD,Energy,Australia,Equities,equity,web_csv
2026-07-06,URNM-ASX,NXE UN,NEXGEN ENERGY LTD,,,1015385.0,14132173.69,4.32515678,AUD,Energy,Canada,Equities,equity,web_csv
2026-07-06,URNM-ASX,UEC UA,URANIUM ENERGY CORP,,,866598.0,13195216.13,4.03840058,AUD,Energy,United States,Equities,equity,web_csv
2026-07-06,URNM-ASX,DYL AT,DEEP YELLOW LTD,,,8998067.0,13092187.48,4.00686863,AUD,Energy,Australia,Equities,equity,web_csv
2026-07-06,URNM-ASX,YCA LN,YELLOW CAKE PLC,,,1233850.0,12910256.92,3.95118872,AUD,Industrials,Britain,Equities,equity,web_csv
2026-07-06,URNM-ASX,UUUU UA,ENERGY FUELS INC/CANADA,,,627521.0,12424103.77,3.80240137,AUD,Energy,United States,Equities,equity,web_csv
2026-07-06,URNM-ASX,1164 HK,CGN MINING CO LTD,,,23286557.0,11353466.33,3.4747324,AUD,Energy,China,Equities,equity,web_csv
2026-07-06,URNM-ASX,ISO CT,ISOENERGY LTD,,,635210.0,9387656.65,2.87309565,AUD,Energy,Canada,Equities,equity,web_csv
2026-07-06,URNM-ASX,URG UA,UR-ENERGY INC,,,3662605.0,7372605.32,2.25638848,AUD,Energy,United States,Equities,equity,web_csv
2026-07-06,URNM-ASX,BMN AT,BANNERMAN ENERGY LTD,,,1916373.0,6400685.82,1.95893217,AUD,Energy,Australia,Equities,equity,web_csv
2026-07-06,URNM-ASX,BOE AT,BOSS ENERGY LTD,,,3830742.0,5190655.41,1.58860193,AUD,Energy,Australia,Equities,equity,web_csv
2026-07-06,URNM-ASX,CXU AT,CAULDRON ENERGY LTD,,,45375214.0,4083769.26,1.24983903,AUD,Energy,Australia,Equities,equity,web_csv
2026-07-06,URNM-ASX,EU CV,ENCORE ENERGY CORP,,,1726475.0,3268051.68,1.00018838,AUD,Energy,Canada,Equities,equity,web_csv
2026-07-06,URNM-ASX,SASK CV,ATHA ENERGY CORP,,,2918612.0,3131621.34,0.95843382,AUD,Energy,Canada,Equities,equity,web_csv
2026-07-06,URNM-ASX,URC CT,URANIUM ROYALTY CORP,,,715500.0,2897054.36,0.88664452,AUD,Energy,Canada,Equities,equity,web_csv
2026-07-06,URNM-ASX,GLO CT,GLOBAL ATOMIC CORP,,,3759988.0,2397805.89,0.73384934,AUD,Materials,Canada,Equities,equity,web_csv
2026-07-06,URNM-ASX,AGE AT,ALLIGATOR ENERGY LTD,,,40944725.0,2129125.7,0.65161968,AUD,Energy,Australia,Equities,equity,web_csv
2026-07-06,URNM-ASX,MGA CT,MEGA URANIUM LTD,,,3513356.0,1920449.68,0.58775431,AUD,Energy,Canada,Equities,equity,web_csv
2026-07-06,URNM-ASX,NUCL UR,EAGLE NUCLEAR ENERGY CORP,,,160218.0,1812962.85,0.55485792,AUD,Energy,United States,Equities,equity,web_csv
2026-07-06,URNM-ASX,BKY LN,BERKELEY ENERGIA LTD,,,3971482.0,1743252.98,0.53352319,AUD,Energy,Australia,Equities,equity,web_csv
2026-07-06,URNM-ASX,LOT AT,LOTUS RESOURCES LTD,,,2576290.0,1700351.4,0.52039315,AUD,Energy,Australia,Equities,equity,web_csv
2026-07-06,URNM-ASX,PEN AT,PENINSULA ENERGY LTD,,,4298916.0,1590598.92,0.48680336,AUD,Energy,Australia,Equities,equity,web_csv
2026-07-06,URNM-ASX,LAM CT,LARAMIDE RESOURCES LTD,,,2615031.0,1429412.63,0.43747224,AUD,Energy,Canada,Equities,equity,web_csv
2026-07-06,URNM-ASX,AEU AT,ATOMIC EAGLE LTD,,,3604776.0,1423886.52,0.43578098,AUD,Energy,Australia,Equities,equity,web_csv
2026-07-06,URNM-ASX,FSY CT,FORSYS METALS CORP,,,2988334.0,1391470.43,0.42586002,AUD,Energy,Canada,Equities,equity,web_csv
2026-07-06,URNM-ASX,JAGU UA,JAGUAR URANIUM CORP,,,480654.0,1126478.82,0.34475924,AUD,Energy,Canada,Equities,equity,web_csv
2026-07-06,URNM-ASX,EL8 AT,ELEVATE URANIUM LTD,,,4299930.0,1010483.55,0.30925885,AUD,Energy,Australia,Equities,equity,web_csv
2026-07-06,URNM-ASX,AEC CV,ANFIELD ENERGY INC,,,146396.0,946928.27,0.28980773,AUD,Energy,Canada,Equities,equity,web_csv
2026-07-06,URNM-ASX,SYH CV,SKYHARBOUR RESOURCES LTD,,,2331557.0,944045.75,0.28892554,AUD,Energy,Canada,Equities,equity,web_csv
2026-07-06,URNM-ASX,AEE AT,AURA ENERGY LTD,,,9407344.0,940734.4,0.2879121,AUD,Energy,Australia,Equities,equity,web_csv
2026-07-06,URNM-ASX,WUC CF,WESTERN URANIUM & VANADIUM COR,,,1583371.0,897548.09,0.27469491,AUD,Energy,Canada,Equities,equity,web_csv
2026-07-06,URNM-ASX,CVV CV,CANALASKA URANIUM LTD,,,2029457.0,842268.82,0.25777667,AUD,Energy,Canada,Equities,equity,web_csv
2026-07-06,URNM-ASX,FUU CV,F3 URANIUM CORP,,,6062049.0,828400.26,0.25353219,AUD,Energy,Canada,Equities,equity,web_csv
2026-07-06,URNM-ASX,PUR CV,PREMIER AMERICAN URANIUM INC,,,1583371.0,769326.94,0.23545278,AUD,,Canada,Equities,equity,web_csv
2026-07-06,URNM-ASX,STUD CV,STALLION URANIUM CORP,,,3314429.0,754880.58,0.23103147,AUD,Energy,Canada,Equities,equity,web_csv
2026-07-06,URNM-ASX,FNUC UR,FRONTIER NUCLEAR AND MINERALS,,,307085.0,750603.16,0.22972236,AUD,Materials,Australia,Equities,equity,web_csv
2026-07-06,URNM-ASX,AUD,AUD - AUSTRALIA DOLLAR,CASH,,6909177.12,6909177.12,2.11455611,AUD,,,Cash,cash,web_csv
2026-07-06,URNM-ASX,HKD,HKD - HONG KONG DOLLAR,CASH,,505435.12,92641.79999999999,0.028353049999999998,AUD,,,Cash,cash,web_csv
2026-07-06,URNM-ASX,GBP,GBP - BRITISH POUND,CASH,,7690.35,14805.36,0.00453119,AUD,,,Cash,cash,web_csv
2026-07-06,URNM-ASX,USD,USD - UNITED STATES DOLLAR,CASH,,1999.58,2875.03,0.0008799,AUD,,,Cash,cash,web_csv
2026-07-06,URNM-ASX,CAD,CAD - CANADA DOLLAR,CASH,,1898.56,1921.81,0.00058817,AUD,,,Cash,cash,web_csv
2026-07-06,URNM-ASX,EUR,EUR - EURO,CASH,,12.05,19.82,6.07e-06,AUD,,,Cash,cash,web_csv
2026-07-06,URNM-ASX,"Total weights may not add up to 100% due to rounding or immateriality. Holdings, weights and values are subject to change.",,,,,,,AUD,,,,derivative,web_csv
2026-07-06,URNM-ASX,"Betashares makes no representation or warranty of any kind, either express or implied, with respect to the holdings data,",,,,,,,AUD,,,,derivative,web_csv
2026-07-06,URNM-ASX,"its timeliness, the information's use or any other matter.",,,,,,,AUD,,,,derivative,web_csv
2026-07-08,URNM-ASX,KAP LI,NAC KAZATOMPROM JSC,,,496060.0,48031206.35,15.20663645,AUD,Energy,Kazakhstan,Equities,equity,web_csv
2026-07-08,URNM-ASX,CCJ UN,CAMECO CORP,,,346957.0,47427469.86,15.01549402,AUD,Energy,Canada,Equities,equity,web_csv
2026-07-08,URNM-ASX,U-U CT,SPROTT PHYSICAL URANIUM TRUST,,,1618234.0,43619810.57,13.80999254,AUD,,,Equities,equity,web_csv
2026-07-08,URNM-ASX,DNN UA,DENISON MINES CORP,,,3267844.0,14665216.22,4.64299418,AUD,Energy,Canada,Equities,equity,web_csv
2026-07-08,URNM-ASX,PDN AT,PALADIN ENERGY LTD,,,1518163.0,14437730.13,4.57097229,AUD,Energy,Australia,Equities,equity,web_csv
2026-07-08,URNM-ASX,NXE UN,NEXGEN ENERGY LTD,,,1015385.0,13450554.55,4.25843339,AUD,Energy,Canada,Equities,equity,web_csv
2026-07-08,URNM-ASX,YCA LN,YELLOW CAKE PLC,,,1233850.0,12540676.69,3.97036689,AUD,Industrials,Britain,Equities,equity,web_csv
2026-07-08,URNM-ASX,UEC UA,URANIUM ENERGY CORP,,,866598.0,12417486.49,3.93136498,AUD,Energy,United States,Equities,equity,web_csv
2026-07-08,URNM-ASX,DYL AT,DEEP YELLOW LTD,,,8998067.0,12057409.78,3.81736502,AUD,Energy,Australia,Equities,equity,web_csv
2026-07-08,URNM-ASX,UUUU UA,ENERGY FUELS INC/CANADA,,,627521.0,11898450.13,3.76703854,AUD,Energy,United States,Equities,equity,web_csv
2026-07-08,URNM-ASX,1164 HK,CGN MINING CO LTD,,,23286557.0,10715330.85,3.39246405,AUD,Energy,China,Equities,equity,web_csv
2026-07-08,URNM-ASX,ISO CT,ISOENERGY LTD,,,635210.0,8971856.11,2.84048152,AUD,Energy,Canada,Equities,equity,web_csv
2026-07-08,URNM-ASX,URG UA,UR-ENERGY INC,,,3662605.0,6870687.59,2.17525347,AUD,Energy,United States,Equities,equity,web_csv
2026-07-08,URNM-ASX,BMN AT,BANNERMAN ENERGY LTD,,,1916373.0,6228212.25,1.97184636,AUD,Energy,Australia,Equities,equity,web_csv
2026-07-08,URNM-ASX,BOE AT,BOSS ENERGY LTD,,,3830742.0,4711812.66,1.49175562,AUD,Energy,Australia,Equities,equity,web_csv
2026-07-08,URNM-ASX,CXU AT,CAULDRON ENERGY LTD,,,45375214.0,4265270.12,1.35038066,AUD,Energy,Australia,Equities,equity,web_csv
2026-07-08,URNM-ASX,EU CV,ENCORE ENERGY CORP,,,1726475.0,3270105.4,1.03531241,AUD,Energy,Canada,Equities,equity,web_csv
2026-07-08,URNM-ASX,SASK CV,ATHA ENERGY CORP,,,2918612.0,3209878.78,1.01624472,AUD,Energy,Canada,Equities,equity,web_csv
2026-07-08,URNM-ASX,URC CT,URANIUM ROYALTY CORP,,,715500.0,2739592.67,0.86735256,AUD,Energy,Canada,Equities,equity,web_csv
2026-07-08,URNM-ASX,GLO CT,GLOBAL ATOMIC CORP,,,3759988.0,2373923.18,0.75158193,AUD,Materials,Canada,Equities,equity,web_csv
2026-07-08,URNM-ASX,AGE AT,ALLIGATOR ENERGY LTD,,,40944725.0,2211015.15,0.70000539,AUD,Energy,Australia,Equities,equity,web_csv
2026-07-08,URNM-ASX,MGA CT,MEGA URANIUM LTD,,,3513356.0,1967765.58,0.6229928,AUD,Energy,Canada,Equities,equity,web_csv
2026-07-08,URNM-ASX,BKY LN,BERKELEY ENERGIA LTD,,,3971482.0,1795731.16,0.56852686,AUD,Energy,Australia,Equities,equity,web_csv
2026-07-08,URNM-ASX,LOT AT,LOTUS RESOURCES LTD,,,2576290.0,1700351.4,0.53832971,AUD,Energy,Australia,Equities,equity,web_csv
2026-07-08,URNM-ASX,NUCL UR,EAGLE NUCLEAR ENERGY CORP,,,160218.0,1678474.29,0.53140344,AUD,Energy,United States,Equities,equity,web_csv
2026-07-08,URNM-ASX,PEN AT,PENINSULA ENERGY LTD,,,4298916.0,1483126.02,0.46955636,AUD,Energy,Australia,Equities,equity,web_csv
2026-07-08,URNM-ASX,FSY CT,FORSYS METALS CORP,,,2988334.0,1430261.69,0.45281956,AUD,Energy,Canada,Equities,equity,web_csv
2026-07-08,URNM-ASX,AEU AT,ATOMIC EAGLE LTD,,,3604776.0,1387838.76,0.4393885,AUD,Energy,Australia,Equities,equity,web_csv
2026-07-08,URNM-ASX,LAM CT,LARAMIDE RESOURCES LTD,,,2615031.0,1384741.47,0.43840789,AUD,Energy,Canada,Equities,equity,web_csv
2026-07-08,URNM-ASX,JAGU UA,JAGUAR URANIUM CORP,,,480654.0,1179093.51,0.37329994,AUD,Energy,Canada,Equities,equity,web_csv
2026-07-08,URNM-ASX,EL8 AT,ELEVATE URANIUM LTD,,,4299930.0,988983.9,0.31311141,AUD,Energy,Australia,Equities,equity,web_csv
2026-07-08,URNM-ASX,SYH CV,SKYHARBOUR RESOURCES LTD,,,2331557.0,973460.66,0.30819676,AUD,Energy,Canada,Equities,equity,web_csv
2026-07-08,URNM-ASX,AEE AT,AURA ENERGY LTD,,,9407344.0,940734.4,0.29783566,AUD,Energy,Australia,Equities,equity,web_csv
2026-07-08,URNM-ASX,WUC CF,WESTERN URANIUM & VANADIUM COR,,,1583371.0,935188.57,0.29607986,AUD,Energy,Canada,Equities,equity,web_csv
2026-07-08,URNM-ASX,FUU CV,F3 URANIUM CORP,,,6062049.0,895109.07,0.28339072,AUD,Energy,Canada,Equities,equity,web_csv
2026-07-08,URNM-ASX,AEC CV,ANFIELD ENERGY INC,,,146396.0,878077.84,0.27799865,AUD,Energy,Canada,Equities,equity,web_csv
2026-07-08,URNM-ASX,PUR CV,PREMIER AMERICAN URANIUM INC,,,1583371.0,838444.93,0.26545091,AUD,,Canada,Equities,equity,web_csv
2026-07-08,URNM-ASX,STUD CV,STALLION URANIUM CORP,,,3314429.0,793167.84,0.25111622,AUD,Energy,Canada,Equities,equity,web_csv
2026-07-08,URNM-ASX,CVV CV,CANALASKA URANIUM LTD,,,2029457.0,743996.46,0.2355486,AUD,Energy,Canada,Equities,equity,web_csv
2026-07-08,URNM-ASX,FNUC UR,FRONTIER NUCLEAR AND MINERALS,,,307085.0,726723.52,0.23008001,AUD,Materials,Australia,Equities,equity,web_csv
2026-07-08,URNM-ASX,AUD,AUD - AUSTRALIA DOLLAR,CASH,,6909177.12,6909177.12,2.18743922,AUD,,,Cash,cash,web_csv
2026-07-08,URNM-ASX,HKD,HKD - HONG KONG DOLLAR,CASH,,505435.12,93030.57,0.029453390000000003,AUD,,,Cash,cash,web_csv
2026-07-08,URNM-ASX,GBP,GBP - BRITISH POUND,CASH,,7690.35,14860.01,0.00470466,AUD,,,Cash,cash,web_csv
2026-07-08,URNM-ASX,USD,USD - UNITED STATES DOLLAR,CASH,,1999.58,2885.4,0.00091351,AUD,,,Cash,cash,web_csv
2026-07-08,URNM-ASX,CAD,CAD - CANADA DOLLAR,CASH,,1898.56,1933.36,0.0006121,AUD,,,Cash,cash,web_csv
2026-07-08,URNM-ASX,EUR,EUR - EURO,CASH,,12.05,19.85,6.29e-06,AUD,,,Cash,cash,web_csv
2026-07-08,URNM-ASX,"Total weights may not add up to 100% due to rounding or immateriality. Holdings, weights and values are subject to change.",,,,,,,AUD,,,,derivative,web_csv
2026-07-08,URNM-ASX,"Betashares makes no representation or warranty of any kind, either express or implied, with respect to the holdings data,",,,,,,,AUD,,,,derivative,web_csv
2026-07-08,URNM-ASX,"its timeliness, the information's use or any other matter.",,,,,,,AUD,,,,derivative,web_csv
2026-07-09,URNM-ASX,KAP LI,NAC KAZATOMPROM JSC,,,498978.0,49818722.66,15.44982323,AUD,Energy,Kazakhstan,Equities,equity,web_csv
2026-07-09,URNM-ASX,CCJ UN,CAMECO CORP,,,348998.0,48138695.46,14.92881181,AUD,Energy,Canada,Equities,equity,web_csv
2026-07-09,URNM-ASX,U-U CT,SPROTT PHYSICAL URANIUM TRUST,,,1627755.0,44182630.89,13.70195381,AUD,,,Equities,equity,web_csv
2026-07-09,URNM-ASX,DNN UA,DENISON MINES CORP,,,3287070.0,15012263.22,4.65561541,AUD,Energy,Canada,Equities,equity,web_csv
2026-07-09,URNM-ASX,PDN AT,PALADIN ENERGY LTD,,,1527095.0,14751737.7,4.57482102,AUD,Energy,Australia,Equities,equity,web_csv
2026-07-09,URNM-ASX,NXE UN,NEXGEN ENERGY LTD,,,1021987.0,13958272.24,4.32875086,AUD,Energy,Canada,Equities,equity,web_csv
2026-07-09,URNM-ASX,YCA LN,YELLOW CAKE PLC,,,1241873.0,12869958.17,3.99124201,AUD,Industrials,Britain,Equities,equity,web_csv
2026-07-09,URNM-ASX,UEC UA,URANIUM ENERGY CORP,,,872232.0,12767435.7,3.95944766,AUD,Energy,United States,Equities,equity,web_csv
2026-07-09,URNM-ASX,UUUU UA,ENERGY FUELS INC/CANADA,,,631601.0,12275316.94,3.80683138,AUD,Energy,United States,Equities,equity,web_csv
2026-07-09,URNM-ASX,DYL AT,DEEP YELLOW LTD,,,9051005.0,12173601.72,3.77528738,AUD,Energy,Australia,Equities,equity,web_csv
2026-07-09,URNM-ASX,1164 HK,CGN MINING CO LTD,,,23437961.0,10644999.2,3.3012359,AUD,Energy,China,Equities,equity,web_csv
2026-07-09,URNM-ASX,ISO CT,ISOENERGY LTD,,,639340.0,9369357.67,2.9056329,AUD,Energy,Canada,Equities,equity,web_csv
2026-07-09,URNM-ASX,URG UA,UR-ENERGY INC,,,3686419.0,7063733.28,2.19061077,AUD,Energy,United States,Equities,equity,web_csv
2026-07-09,URNM-ASX,BMN AT,BANNERMAN ENERGY LTD,,,1927648.0,6380514.88,1.97873052,AUD,Energy,Australia,Equities,equity,web_csv
2026-07-09,URNM-ASX,BOE AT,BOSS ENERGY LTD,,,3853279.0,4874397.93,1.5116523,AUD,Energy,Australia,Equities,equity,web_csv
2026-07-09,URNM-ASX,CXU AT,CAULDRON ENERGY LTD,,,45642170.0,4107795.3,1.27391286,AUD,Energy,Australia,Equities,equity,web_csv
2026-07-09,URNM-ASX,EU CV,ENCORE ENERGY CORP,,,1737700.0,3357703.65,1.04129382,AUD,Energy,Canada,Equities,equity,web_csv
2026-07-09,URNM-ASX,SASK CV,ATHA ENERGY CORP,,,2937588.0,3196602.42,0.99133297,AUD,Energy,Canada,Equities,equity,web_csv
2026-07-09,URNM-ASX,URC CT,URANIUM ROYALTY CORP,,,720152.0,2739111.64,0.84945556,AUD,Energy,Canada,Equities,equity,web_csv
2026-07-09,URNM-ASX,GLO CT,GLOBAL ATOMIC CORP,,,3784434.0,2386198.6,0.74000987,AUD,Materials,Canada,Equities,equity,web_csv
2026-07-09,URNM-ASX,AGE AT,ALLIGATOR ENERGY LTD,,,41185615.0,2224023.21,0.68971591,AUD,Energy,Australia,Equities,equity,web_csv
2026-07-09,URNM-ASX,MGA CT,MEGA URANIUM LTD,,,3536199.0,2013903.63,0.62455345,AUD,Energy,Canada,Equities,equity,web_csv
2026-07-09,URNM-ASX,BKY LN,BERKELEY ENERGIA LTD,,,3997304.0,1814534.64,0.56272498,AUD,Energy,Australia,Equities,equity,web_csv
2026-07-09,URNM-ASX,LOT AT,LOTUS RESOURCES LTD,,,2576290.0,1700351.4,0.52731437,AUD,Energy,Australia,Equities,equity,web_csv
2026-07-09,URNM-ASX,NUCL UR,EAGLE NUCLEAR ENERGY CORP,,,161260.0,1640247.23,0.50867482,AUD,Energy,United States,Equities,equity,web_csv
2026-07-09,URNM-ASX,PEN AT,PENINSULA ENERGY LTD,,,4298916.0,1547609.76,0.47994601,AUD,Energy,Australia,Equities,equity,web_csv
2026-07-09,URNM-ASX,FSY CT,FORSYS METALS CORP,,,3007763.0,1483540.18,0.4600767,AUD,Energy,Canada,Equities,equity,web_csv
2026-07-09,URNM-ASX,LAM CT,LARAMIDE RESOURCES LTD,,,2632033.0,1418669.27,0.43995888,AUD,Energy,Canada,Equities,equity,web_csv
2026-07-09,URNM-ASX,AEU AT,ATOMIC EAGLE LTD,,,3604776.0,1405862.64,0.43598728,AUD,Energy,Australia,Equities,equity,web_csv
2026-07-09,URNM-ASX,JAGU UA,JAGUAR URANIUM CORP,,,483779.0,1198818.44,0.37177856,AUD,Energy,Canada,Equities,equity,web_csv
2026-07-09,URNM-ASX,EL8 AT,ELEVATE URANIUM LTD,,,4299930.0,1010483.55,0.31337199,AUD,Energy,Australia,Equities,equity,web_csv
2026-07-09,URNM-ASX,SYH CV,SKYHARBOUR RESOURCES LTD,,,2346716.0,990427.28,0.30715212,AUD,Energy,Canada,Equities,equity,web_csv
2026-07-09,URNM-ASX,AEE AT,AURA ENERGY LTD,,,9407344.0,987771.12,0.30632839,AUD,Energy,Australia,Equities,equity,web_csv
2026-07-09,URNM-ASX,FUU CV,F3 URANIUM CORP,,,6101463.0,930763.2,0.28864905,AUD,Energy,Canada,Equities,equity,web_csv
2026-07-09,URNM-ASX,AEC CV,ANFIELD ENERGY INC,,,147348.0,896106.01,0.27790113,AUD,Energy,Canada,Equities,equity,web_csv
2026-07-09,URNM-ASX,WUC CF,WESTERN URANIUM & VANADIUM COR,,,1593666.0,891402.73,0.27644255,AUD,Energy,Canada,Equities,equity,web_csv
2026-07-09,URNM-ASX,PUR CV,PREMIER AMERICAN URANIUM INC,,,1593666.0,810366.11,0.25131141,AUD,,Canada,Equities,equity,web_csv
2026-07-09,URNM-ASX,STUD CV,STALLION URANIUM CORP,,,3335979.0,797269.47,0.24724986,AUD,Energy,Canada,Equities,equity,web_csv
2026-07-09,URNM-ASX,FNUC UR,FRONTIER NUCLEAR AND MINERALS,,,309081.0,757005.76,0.23476325,AUD,Materials,Australia,Equities,equity,web_csv
2026-07-09,URNM-ASX,CVV CV,CANALASKA URANIUM LTD,,,2042652.0,716683.56,0.22225849,AUD,Energy,Canada,Equities,equity,web_csv
2026-07-09,URNM-ASX,AUD,AUD - AUSTRALIA DOLLAR,CASH,,6928327.58,6928327.58,2.14861865,AUD,,,Cash,cash,web_csv
2026-07-09,URNM-ASX,HKD,HKD - HONG KONG DOLLAR,CASH,,507938.39,93398.5,0.028964820000000002,AUD,,,Cash,cash,web_csv
2026-07-09,URNM-ASX,USD,USD - UNITED STATES DOLLAR,CASH,,55062.61,79329.51000000001,0.024601730000000002,AUD,,,Cash,cash,web_csv
2026-07-09,URNM-ASX,CAD,CAD - CANADA DOLLAR,CASH,,33399.88,33967.13,0.01053391,AUD,,,Cash,cash,web_csv
2026-07-09,URNM-ASX,GBP,GBP - BRITISH POUND,CASH,,7784.87,15037.71,0.00466351,AUD,,,Cash,cash,web_csv
2026-07-09,URNM-ASX,EUR,EUR - EURO,CASH,,12.05,19.85,6.15e-06,AUD,,,Cash,cash,web_csv
2026-07-09,URNM-ASX,"Total weights may not add up to 100% due to rounding or immateriality. Holdings, weights and values are subject to change.",,,,,,,AUD,,,,derivative,web_csv
2026-07-09,URNM-ASX,"Betashares makes no representation or warranty of any kind, either express or implied, with respect to the holdings data,",,,,,,,AUD,,,,derivative,web_csv
2026-07-09,URNM-ASX,"its timeliness, the information's use or any other matter.",,,,,,,AUD,,,,derivative,web_csv
2026-07-10,URNM-ASX,KAP LI,NAC KAZATOMPROM JSC,,,498978.0,49725590.16,15.26900913,AUD,Energy,Kazakhstan,Equities,equity,web_csv
2026-07-10,URNM-ASX,CCJ UN,CAMECO CORP,,,348998.0,48048703.65,14.75409527,AUD,Energy,Canada,Equities,equity,web_csv
2026-07-10,URNM-ASX,U-U CT,SPROTT PHYSICAL URANIUM TRUST,,,1627755.0,44191619.32,13.56971806,AUD,,,Equities,equity,web_csv
2026-07-10,URNM-ASX,PDN AT,PALADIN ENERGY LTD,,,1527095.0,15362575.7,4.71731573,AUD,Energy,Australia,Equities,equity,web_csv
2026-07-10,URNM-ASX,DNN UA,DENISON MINES CORP,,,3287070.0,14984198.88,4.60112929,AUD,Energy,Canada,Equities,equity,web_csv
2026-07-10,URNM-ASX,NXE UN,NEXGEN ENERGY LTD,,,1021987.0,13932178.26,4.27809014,AUD,Energy,Canada,Equities,equity,web_csv
2026-07-10,URNM-ASX,DYL AT,DEEP YELLOW LTD,,,9051005.0,13078702.22,4.01601716,AUD,Energy,Australia,Equities,equity,web_csv
2026-07-10,URNM-ASX,YCA LN,YELLOW CAKE PLC,,,1241873.0,12834505.79,3.94103288,AUD,Industrials,Britain,Equities,equity,web_csv
2026-07-10,URNM-ASX,UEC UA,URANIUM ENERGY CORP,,,872232.0,12743567.9,3.913109,AUD,Energy,United States,Equities,equity,web_csv
2026-07-10,URNM-ASX,UUUU UA,ENERGY FUELS INC/CANADA,,,631601.0,12252369.13,3.76227885,AUD,Energy,United States,Equities,equity,web_csv
2026-07-10,URNM-ASX,1164 HK,CGN MINING CO LTD,,,23437961.0,10619419.18,3.26085639,AUD,Energy,China,Equities,equity,web_csv
2026-07-10,URNM-ASX,ISO CT,ISOENERGY LTD,,,639340.0,9371263.76,2.87759102,AUD,Energy,Canada,Equities,equity,web_csv
2026-07-10,URNM-ASX,URG UA,UR-ENERGY INC,,,3686419.0,7050528.14,2.16497337,AUD,Energy,United States,Equities,equity,web_csv
2026-07-10,URNM-ASX,BMN AT,BANNERMAN ENERGY LTD,,,1927648.0,6843150.4,2.10129484,AUD,Energy,Australia,Equities,equity,web_csv
2026-07-10,URNM-ASX,CXU AT,CAULDRON ENERGY LTD,,,45642170.0,5248849.55,1.61174018,AUD,Energy,Australia,Equities,equity,web_csv
2026-07-10,URNM-ASX,BOE AT,BOSS ENERGY LTD,,,3853279.0,5201926.65,1.59733178,AUD,Energy,Australia,Equities,equity,web_csv
2026-07-10,URNM-ASX,EU CV,ENCORE ENERGY CORP,,,1737700.0,3358386.74,1.03124443,AUD,Energy,Canada,Equities,equity,web_csv
2026-07-10,URNM-ASX,SASK CV,ATHA ENERGY CORP,,,2937588.0,3197252.73,0.98176575,AUD,Energy,Canada,Equities,equity,web_csv
2026-07-10,URNM-ASX,URC CT,URANIUM ROYALTY CORP,,,720152.0,2739668.88,0.84125757,AUD,Energy,Canada,Equities,equity,web_csv
2026-07-10,URNM-ASX,GLO CT,GLOBAL ATOMIC CORP,,,3784434.0,2386684.04,0.73286813,AUD,Materials,Canada,Equities,equity,web_csv
2026-07-10,URNM-ASX,AGE AT,ALLIGATOR ENERGY LTD,,,41185615.0,2265208.83,0.69556729,AUD,Energy,Australia,Equities,equity,web_csv
2026-07-10,URNM-ASX,MGA CT,MEGA URANIUM LTD,,,3536199.0,2014313.34,0.61852597,AUD,Energy,Canada,Equities,equity,web_csv
2026-07-10,URNM-ASX,BKY LN,BERKELEY ENERGIA LTD,,,3997304.0,1809536.22,0.55564599,AUD,Energy,Australia,Equities,equity,web_csv
2026-07-10,URNM-ASX,LOT AT,LOTUS RESOURCES LTD,,,2576290.0,1700351.4,0.52211911,AUD,Energy,Australia,Equities,equity,web_csv
2026-07-10,URNM-ASX,NUCL UR,EAGLE NUCLEAR ENERGY CORP,,,161260.0,1637180.9,0.50272164,AUD,Energy,United States,Equities,equity,web_csv
2026-07-10,URNM-ASX,PEN AT,PENINSULA ENERGY LTD,,,4298916.0,1590598.92,0.48841792,AUD,Energy,Australia,Equities,equity,web_csv
2026-07-10,URNM-ASX,FSY CT,FORSYS METALS CORP,,,3007763.0,1483841.98,0.45563656,AUD,Energy,Canada,Equities,equity,web_csv
2026-07-10,URNM-ASX,AEU AT,ATOMIC EAGLE LTD,,,3604776.0,1441910.4,0.44276082,AUD,Energy,Australia,Equities,equity,web_csv
2026-07-10,URNM-ASX,LAM CT,LARAMIDE RESOURCES LTD,,,2632033.0,1418957.88,0.43571289,AUD,Energy,Canada,Equities,equity,web_csv
2026-07-10,URNM-ASX,JAGU UA,JAGUAR URANIUM CORP,,,483779.0,1196577.34,0.36742752,AUD,Energy,Canada,Equities,equity,web_csv
2026-07-10,URNM-ASX,EL8 AT,ELEVATE URANIUM LTD,,,4299930.0,1053482.85,0.32348815,AUD,Energy,Australia,Equities,equity,web_csv
2026-07-10,URNM-ASX,SYH CV,SKYHARBOUR RESOURCES LTD,,,2346716.0,990628.77,0.30418784,AUD,Energy,Canada,Equities,equity,web_csv
2026-07-10,URNM-ASX,AEE AT,AURA ENERGY LTD,,,9407344.0,940734.4,0.288867,AUD,Energy,Australia,Equities,equity,web_csv
2026-07-10,URNM-ASX,FUU CV,F3 URANIUM CORP,,,6101463.0,930952.55,0.28586333,AUD,Energy,Canada,Equities,equity,web_csv
2026-07-10,URNM-ASX,AEC CV,ANFIELD ENERGY INC,,,147348.0,896288.31,0.27521915,AUD,Energy,Canada,Equities,equity,web_csv
2026-07-10,URNM-ASX,WUC CF,WESTERN URANIUM & VANADIUM COR,,,1593666.0,891584.07,0.27377464,AUD,Energy,Canada,Equities,equity,web_csv
2026-07-10,URNM-ASX,PUR CV,PREMIER AMERICAN URANIUM INC,,,1593666.0,810530.97,0.24888603,AUD,,Canada,Equities,equity,web_csv
2026-07-10,URNM-ASX,STUD CV,STALLION URANIUM CORP,,,3335979.0,797431.66,0.24486369,AUD,Energy,Canada,Equities,equity,web_csv
2026-07-10,URNM-ASX,FNUC UR,FRONTIER NUCLEAR AND MINERALS,,,309081.0,755590.6,0.23201574,AUD,Materials,Australia,Equities,equity,web_csv
2026-07-10,URNM-ASX,CVV CV,CANALASKA URANIUM LTD,,,2042652.0,716829.36,0.22011351,AUD,Energy,Canada,Equities,equity,web_csv
2026-07-10,URNM-ASX,AUD,AUD - AUSTRALIA DOLLAR,CASH,,7023361.33,7023361.33,2.15663138,AUD,,,Cash,cash,web_csv
2026-07-10,URNM-ASX,HKD,HKD - HONG KONG DOLLAR,CASH,,507938.39,93174.06,0.028610530000000002,AUD,,,Cash,cash,web_csv
2026-07-10,URNM-ASX,GBP,GBP - BRITISH POUND,CASH,,7784.87,14996.28,0.00460484,AUD,,,Cash,cash,web_csv
2026-07-10,URNM-ASX,USD,USD - UNITED STATES DOLLAR,CASH,,7810.610000000001,11231.82,0.0034488999999999995,AUD,,,Cash,cash,web_csv
2026-07-10,URNM-ASX,CAD,CAD - CANADA DOLLAR,CASH,,6929.88,7049.01,0.00216451,AUD,,,Cash,cash,web_csv
2026-07-10,URNM-ASX,EUR,EUR - EURO,CASH,,12.05,19.78,6.07e-06,AUD,,,Cash,cash,web_csv
2026-07-10,URNM-ASX,"Total weights may not add up to 100% due to rounding or immateriality. Holdings, weights and values are subject to change.",,,,,,,AUD,,,,derivative,web_csv
2026-07-10,URNM-ASX,"Betashares makes no representation or warranty of any kind, either express or implied, with respect to the holdings data,",,,,,,,AUD,,,,derivative,web_csv
2026-07-10,URNM-ASX,"its timeliness, the information's use or any other matter.",,,,,,,AUD,,,,derivative,web_csv
2026-07-13,URNM-ASX,KAP LI,NAC KAZATOMPROM JSC,,,500976.0,49945591.68,15.98916496,AUD,Energy,Kazakhstan,Equities,equity,web_csv
2026-07-13,URNM-ASX,CCJ UN,CAMECO CORP,,,350396.0,45666405.43,14.61926198,AUD,Energy,Canada,Equities,equity,web_csv
2026-07-13,URNM-ASX,U-U CT,SPROTT PHYSICAL URANIUM TRUST,,,1634272.0,43781998.32,14.01600361,AUD,,,Equities,equity,web_csv
2026-07-13,URNM-ASX,PDN AT,PALADIN ENERGY LTD,,,1533209.0,14856795.21,4.75613045,AUD,Energy,Australia,Equities,equity,web_csv
2026-07-13,URNM-ASX,DNN UA,DENISON MINES CORP,,,3300230.0,14448341.14,4.62537137,AUD,Energy,Canada,Equities,equity,web_csv
2026-07-13,URNM-ASX,NXE UN,NEXGEN ENERGY LTD,,,1025448.0,13349640.92,4.27364265,AUD,Energy,Canada,Equities,equity,web_csv
2026-07-13,URNM-ASX,UEC UA,URANIUM ENERGY CORP,,,875186.0,12733886.75,4.07652025,AUD,Energy,United States,Equities,equity,web_csv
2026-07-13,URNM-ASX,DYL AT,DEEP YELLOW LTD,,,9087243.0,12676703.98,4.05821424,AUD,Energy,Australia,Equities,equity,web_csv
2026-07-13,URNM-ASX,YCA LN,YELLOW CAKE PLC,,,1246079.0,12650304.06,4.04976278,AUD,Industrials,Britain,Equities,equity,web_csv
2026-07-13,URNM-ASX,UUUU UA,ENERGY FUELS INC/CANADA,,,633740.0,11949583.88,3.82544007,AUD,Energy,United States,Equities,equity,web_csv
2026-07-13,URNM-ASX,1164 HK,CGN MINING CO LTD,,,23517340.0,10012912.25,3.20545018,AUD,Energy,China,Equities,equity,web_csv
2026-07-13,URNM-ASX,ISO CT,ISOENERGY LTD,,,641505.0,9087605.3,2.90923013,AUD,Energy,Canada,Equities,equity,web_csv
2026-07-13,URNM-ASX,URG UA,UR-ENERGY INC,,,3698904.0,6840914.78,2.18999338,AUD,Energy,United States,Equities,equity,web_csv
2026-07-13,URNM-ASX,BMN AT,BANNERMAN ENERGY LTD,,,1935365.0,6773777.5,2.16850061,AUD,Energy,Australia,Equities,equity,web_csv
2026-07-13,URNM-ASX,CXU AT,CAULDRON ENERGY LTD,,,45824908.0,5728113.5,1.83375046,AUD,Energy,Australia,Equities,equity,web_csv
2026-07-13,URNM-ASX,BOE AT,BOSS ENERGY LTD,,,3868707.0,5029319.1,1.61004425,AUD,Energy,Australia,Equities,equity,web_csv
2026-07-13,URNM-ASX,SASK CV,ATHA ENERGY CORP,,,2947537.0,3281396.52,1.0504789,AUD,Energy,Canada,Equities,equity,web_csv
2026-07-13,URNM-ASX,EU CV,ENCORE ENERGY CORP,,,1743585.0,3062982.53,0.98055767,AUD,Energy,Canada,Equities,equity,web_csv
2026-07-13,URNM-ASX,URC CT,URANIUM ROYALTY CORP,,,722591.0,2789698.68,0.89307086,AUD,Energy,Canada,Equities,equity,web_csv
2026-07-13,URNM-ASX,GLO CT,GLOBAL ATOMIC CORP,,,3797251.0,2288201.5,0.73252574,AUD,Materials,Canada,Equities,equity,web_csv
2026-07-13,URNM-ASX,AGE AT,ALLIGATOR ENERGY LTD,,,41350510.0,2191577.03,0.70159318,AUD,Energy,Australia,Equities,equity,web_csv
2026-07-13,URNM-ASX,MGA CT,MEGA URANIUM LTD,,,3548175.0,1884435.71,0.60326752,AUD,Energy,Canada,Equities,equity,web_csv
2026-07-13,URNM-ASX,BKY LN,BERKELEY ENERGIA LTD,,,4010842.0,1857874.78,0.59476453,AUD,Energy,Australia,Equities,equity,web_csv
2026-07-13,URNM-ASX,LOT AT,LOTUS RESOURCES LTD,,,2576290.0,1700351.4,0.54433631,AUD,Energy,Australia,Equities,equity,web_csv
2026-07-13,URNM-ASX,PEN AT,PENINSULA ENERGY LTD,,,4341520.0,1541239.6,0.49339958,AUD,Energy,Australia,Equities,equity,web_csv
2026-07-13,URNM-ASX,NUCL UR,EAGLE NUCLEAR ENERGY CORP,,,161806.0,1479890.16,0.47375969,AUD,Energy,United States,Equities,equity,web_csv
2026-07-13,URNM-ASX,AEU AT,ATOMIC EAGLE LTD,,,3640501.0,1383390.38,0.44286705,AUD,Energy,Australia,Equities,equity,web_csv
2026-07-13,URNM-ASX,FSY CT,FORSYS METALS CORP,,,3017950.0,1356243.49,0.43417647,AUD,Energy,Canada,Equities,equity,web_csv
2026-07-13,URNM-ASX,LAM CT,LARAMIDE RESOURCES LTD,,,2640947.0,1321687.29,0.42311394,AUD,Energy,Canada,Equities,equity,web_csv
2026-07-13,URNM-ASX,JAGU UA,JAGUAR URANIUM CORP,,,485418.0,1129205.29,0.36149436,AUD,Energy,Canada,Equities,equity,web_csv
2026-07-13,URNM-ASX,EL8 AT,ELEVATE URANIUM LTD,,,4342545.0,1063923.52,0.3405956,AUD,Energy,Australia,Equities,equity,web_csv
2026-07-13,URNM-ASX,AEE AT,AURA ENERGY LTD,,,9500576.0,997560.48,0.31935069,AUD,Energy,Australia,Equities,equity,web_csv
2026-07-13,URNM-ASX,SYH CV,SKYHARBOUR RESOURCES LTD,,,2354664.0,961970.79,0.3079573,AUD,Energy,Canada,Equities,equity,web_csv
2026-07-13,URNM-ASX,AEC CV,ANFIELD ENERGY INC,,,147847.0,887897.42,0.28424407,AUD,Energy,Canada,Equities,equity,web_csv
2026-07-13,URNM-ASX,FUU CV,F3 URANIUM CORP,,,6122127.0,875393.5,0.28024117,AUD,Energy,Canada,Equities,equity,web_csv
2026-07-13,URNM-ASX,STUD CV,STALLION URANIUM CORP,,,3347277.0,854682.11,0.2736108,AUD,Energy,Canada,Equities,equity,web_csv
2026-07-13,URNM-ASX,PUR CV,PREMIER AMERICAN URANIUM INC,,,1599063.0,849262.34,0.27187576,AUD,,Canada,Equities,equity,web_csv
2026-07-13,URNM-ASX,WUC CF,WESTERN URANIUM & VANADIUM COR,,,1599063.0,849262.34,0.27187576,AUD,Energy,Canada,Equities,equity,web_csv
2026-07-13,URNM-ASX,FNUC UR,FRONTIER NUCLEAR AND MINERALS,,,310128.0,730398.27,0.23382361,AUD,Materials,Australia,Equities,equity,web_csv
2026-07-13,URNM-ASX,CVV CV,CANALASKA URANIUM LTD,,,2049570.0,690795.73,0.22114558,AUD,Energy,Canada,Equities,equity,web_csv
2026-07-13,URNM-ASX,AUD,AUD - AUSTRALIA DOLLAR,CASH,,745880.09,745880.09,0.23877983,AUD,,,Cash,cash,web_csv
2026-07-13,URNM-ASX,HKD,HKD - HONG KONG DOLLAR,CASH,,344732.51,63539.299999999996,0.02034095,AUD,,,Cash,cash,web_csv
2026-07-13,URNM-ASX,GBP,GBP - BRITISH POUND,CASH,,2162.15,4173.07,0.00133593,AUD,,,Cash,cash,web_csv
2026-07-13,URNM-ASX,EUR,EUR - EURO,CASH,,12.05,19.83,6.35e-06,AUD,,,Cash,cash,web_csv
2026-07-13,URNM-ASX,CAD,CAD - CANADA DOLLAR,CASH,,-235.5,-240.53,-7.7e-05,AUD,,,Cash,cash,web_csv
2026-07-13,URNM-ASX,USD,USD - UNITED STATES DOLLAR,CASH,,-2147.97,-3103.55,-0.00099355,AUD,,,Cash,cash,web_csv
2026-07-13,URNM-ASX,"Total weights may not add up to 100% due to rounding or immateriality. Holdings, weights and values are subject to change.",,,,,,,AUD,,,,derivative,web_csv
2026-07-13,URNM-ASX,"Betashares makes no representation or warranty of any kind, either express or implied, with respect to the holdings data,",,,,,,,AUD,,,,derivative,web_csv
2026-07-13,URNM-ASX,"its timeliness, the information's use or any other matter.",,,,,,,AUD,,,,derivative,web_csv
2026-07-14,URNM-ASX,KAP LI,NAC KAZATOMPROM JSC,,,502900.0,49316645.16,15.73069991,AUD,Energy,Kazakhstan,Equities,equity,web_csv
2026-07-14,URNM-ASX,CCJ UN,CAMECO CORP,,,351741.0,46177667.91,14.72944954,AUD,Energy,Canada,Equities,equity,web_csv
2026-07-14,URNM-ASX,U-U CT,SPROTT PHYSICAL URANIUM TRUST,,,1640548.0,44719404.49,14.26430224,AUD,,,Equities,equity,web_csv
2026-07-14,URNM-ASX,DNN UA,DENISON MINES CORP,,,3312904.0,15056495.6,4.80262218,AUD,Energy,Canada,Equities,equity,web_csv
2026-07-14,URNM-ASX,PDN AT,PALADIN ENERGY LTD,,,1539097.0,14021173.67,4.47238198,AUD,Energy,Australia,Equities,equity,web_csv
2026-07-14,URNM-ASX,NXE UN,NEXGEN ENERGY LTD,,,1029386.0,13813696.0,4.40620212,AUD,Energy,Canada,Equities,equity,web_csv
2026-07-14,URNM-ASX,UEC UA,URANIUM ENERGY CORP,,,878547.0,13086886.49,4.17436919,AUD,Energy,United States,Equities,equity,web_csv
2026-07-14,URNM-ASX,YCA LN,YELLOW CAKE PLC,,,1250864.0,12763673.32,4.07127277,AUD,Industrials,Britain,Equities,equity,web_csv
2026-07-14,URNM-ASX,UUUU UA,ENERGY FUELS INC/CANADA,,,636174.0,12066784.26,3.84898367,AUD,Energy,United States,Equities,equity,web_csv
2026-07-14,URNM-ASX,DYL AT,DEEP YELLOW LTD,,,9122140.0,12041224.8,3.84083088,AUD,Energy,Australia,Equities,equity,web_csv
2026-07-14,URNM-ASX,1164 HK,CGN MINING CO LTD,,,23607651.0,10192092.85,3.25100691,AUD,Energy,China,Equities,equity,web_csv
2026-07-14,URNM-ASX,ISO CT,ISOENERGY LTD,,,643969.0,9522282.79,3.03735529,AUD,Energy,Canada,Equities,equity,web_csv
2026-07-14,URNM-ASX,URG UA,UR-ENERGY INC,,,3713108.0,7133426.12,2.27537346,AUD,Energy,United States,Equities,equity,web_csv
2026-07-14,URNM-ASX,BMN AT,BANNERMAN ENERGY LTD,,,1942798.0,6527801.28,2.08219522,AUD,Energy,Australia,Equities,equity,web_csv
2026-07-14,URNM-ASX,CXU AT,CAULDRON ENERGY LTD,,,46000885.0,5290101.78,1.68740196,AUD,Energy,Australia,Equities,equity,web_csv
2026-07-14,URNM-ASX,BOE AT,BOSS ENERGY LTD,,,3883564.0,4854455.0,1.54844221,AUD,Energy,Australia,Equities,equity,web_csv
2026-07-14,URNM-ASX,SASK CV,ATHA ENERGY CORP,,,2958856.0,3379480.64,1.07796456,AUD,Energy,Canada,Equities,equity,web_csv
2026-07-14,URNM-ASX,EU CV,ENCORE ENERGY CORP,,,1750281.0,3159287.55,1.00772881,AUD,Energy,Canada,Equities,equity,web_csv
2026-07-14,URNM-ASX,URC CT,URANIUM ROYALTY CORP,,,725366.0,2855305.69,0.91076668,AUD,Energy,Canada,Equities,equity,web_csv
2026-07-14,URNM-ASX,GLO CT,GLOBAL ATOMIC CORP,,,3811834.0,2293475.48,0.73155776,AUD,Materials,Canada,Equities,equity,web_csv
2026-07-14,URNM-ASX,AGE AT,ALLIGATOR ENERGY LTD,,,41509305.0,2033955.94,0.64877792,AUD,Energy,Australia,Equities,equity,web_csv
2026-07-14,URNM-ASX,MGA CT,MEGA URANIUM LTD,,,3561801.0,1925101.5,0.61405625,AUD,Energy,Canada,Equities,equity,web_csv
2026-07-14,URNM-ASX,BKY LN,BERKELEY ENERGIA LTD,,,4026244.0,1916964.58,0.61146079,AUD,Energy,Australia,Equities,equity,web_csv
2026-07-14,URNM-ASX,LOT AT,LOTUS RESOURCES LTD,,,2576290.0,1700351.4,0.54236693,AUD,Energy,Australia,Equities,equity,web_csv
2026-07-14,URNM-ASX,PEN AT,PENINSULA ENERGY LTD,,,4358193.0,1547158.52,0.49350247,AUD,Energy,Australia,Equities,equity,web_csv
2026-07-14,URNM-ASX,NUCL UR,EAGLE NUCLEAR ENERGY CORP,,,162427.0,1457767.77,0.4649892,AUD,Energy,United States,Equities,equity,web_csv
2026-07-14,URNM-ASX,FSY CT,FORSYS METALS CORP,,,3029540.0,1405711.5,0.44838463,AUD,Energy,Canada,Equities,equity,web_csv
2026-07-14,URNM-ASX,LAM CT,LARAMIDE RESOURCES LTD,,,2651089.0,1378804.19,0.43980191,AUD,Energy,Canada,Equities,equity,web_csv
2026-07-14,URNM-ASX,AEU AT,ATOMIC EAGLE LTD,,,3654482.0,1333885.93,0.42547418,AUD,Energy,Australia,Equities,equity,web_csv
2026-07-14,URNM-ASX,JAGU UA,JAGUAR URANIUM CORP,,,487282.0,1173668.47,0.37436907,AUD,Energy,Canada,Equities,equity,web_csv
2026-07-14,URNM-ASX,SYH CV,SKYHARBOUR RESOURCES LTD,,,2363707.0,1024449.8,0.32677228,AUD,Energy,Canada,Equities,equity,web_csv
2026-07-14,URNM-ASX,EL8 AT,ELEVATE URANIUM LTD,,,4359221.0,1024416.94,0.32676179,AUD,Energy,Australia,Equities,equity,web_csv
2026-07-14,URNM-ASX,AEE AT,AURA ENERGY LTD,,,9537061.0,953706.1,0.30420691,AUD,Energy,Australia,Equities,equity,web_csv
2026-07-14,URNM-ASX,AEC CV,ANFIELD ENERGY INC,,,148414.0,947452.21,0.30221209,AUD,Energy,Canada,Equities,equity,web_csv
2026-07-14,URNM-ASX,FUU CV,F3 URANIUM CORP,,,6145637.0,877410.95,0.27987079,AUD,Energy,Canada,Equities,equity,web_csv
2026-07-14,URNM-ASX,WUC CF,WESTERN URANIUM & VANADIUM COR,,,1605204.0,851219.74,0.27151649,AUD,Energy,Canada,Equities,equity,web_csv
2026-07-14,URNM-ASX,STUD CV,STALLION URANIUM CORP,,,3360131.0,805252.69,0.25685422,AUD,Energy,Canada,Equities,equity,web_csv
2026-07-14,URNM-ASX,PUR CV,PREMIER AMERICAN URANIUM INC,,,1605204.0,793926.11,0.25324134,AUD,,Canada,Equities,equity,web_csv
2026-07-14,URNM-ASX,FNUC UR,FRONTIER NUCLEAR AND MINERALS,,,311319.0,754306.97,0.24060389,AUD,Materials,Australia,Equities,equity,web_csv
2026-07-14,URNM-ASX,CVV CV,CANALASKA URANIUM LTD,,,2057441.0,723860.03,0.23089212,AUD,Energy,Canada,Equities,equity,web_csv
2026-07-14,URNM-ASX,AUD,AUD - AUSTRALIA DOLLAR,CASH,,490902.34,490902.34,0.15658481,AUD,,,Cash,cash,web_csv
2026-07-14,URNM-ASX,HKD,HKD - HONG KONG DOLLAR,CASH,,355280.78,64993.560000000005,0.02073122,AUD,,,Cash,cash,web_csv
2026-07-14,URNM-ASX,USD,USD - UNITED STATES DOLLAR,CASH,,20174.71,28924.32,0.00922609,AUD,,,Cash,cash,web_csv
2026-07-14,URNM-ASX,CAD,CAD - CANADA DOLLAR,CASH,,15417.12,15722.13,0.00501494,AUD,,,Cash,cash,web_csv
2026-07-14,URNM-ASX,GBP,GBP - BRITISH POUND,CASH,,2309.06,4433.0,0.00141401,AUD,,,Cash,cash,web_csv
2026-07-14,URNM-ASX,EUR,EUR - EURO,CASH,,12.05,19.73,6.29e-06,AUD,,,Cash,cash,web_csv
2026-07-14,URNM-ASX,"Total weights may not add up to 100% due to rounding or immateriality. Holdings, weights and values are subject to change.",,,,,,,AUD,,,,derivative,web_csv
2026-07-14,URNM-ASX,"Betashares makes no representation or warranty of any kind, either express or implied, with respect to the holdings data,",,,,,,,AUD,,,,derivative,web_csv
2026-07-14,URNM-ASX,"its timeliness, the information's use or any other matter.",,,,,,,AUD,,,,derivative,web_csv
2026-07-15,URNM-ASX,KAP LI,NAC KAZATOMPROM JSC,,,504183.0,48805835.81,15.62238368,AUD,Energy,Kazakhstan,Equities,equity,web_csv
2026-07-15,URNM-ASX,CCJ UN,CAMECO CORP,,,352638.0,45806689.38,14.6623793,AUD,Energy,Canada,Equities,equity,web_csv
2026-07-15,URNM-ASX,U-U CT,SPROTT PHYSICAL URANIUM TRUST,,,1644732.0,44856327.27,14.35817549,AUD,,,Equities,equity,web_csv
2026-07-15,URNM-ASX,DNN UA,DENISON MINES CORP,,,3321354.0,14653032.35,4.69032626,AUD,Energy,Canada,Equities,equity,web_csv
2026-07-15,URNM-ASX,PDN AT,PALADIN ENERGY LTD,,,1543023.0,14380974.36,4.60324253,AUD,Energy,Australia,Equities,equity,web_csv
2026-07-15,URNM-ASX,NXE UN,NEXGEN ENERGY LTD,,,1032012.0,13629513.14,4.3627054,AUD,Energy,Canada,Equities,equity,web_csv
2026-07-15,URNM-ASX,YCA LN,YELLOW CAKE PLC,,,1254054.0,12871664.17,4.12012361,AUD,Industrials,Britain,Equities,equity,web_csv
2026-07-15,URNM-ASX,UEC UA,URANIUM ENERGY CORP,,,880788.0,12713830.21,4.06960214,AUD,Energy,United States,Equities,equity,web_csv
2026-07-15,URNM-ASX,DYL AT,DEEP YELLOW LTD,,,9145407.0,12392026.48,3.96659517,AUD,Energy,Australia,Equities,equity,web_csv
2026-07-15,URNM-ASX,UUUU UA,ENERGY FUELS INC/CANADA,,,637796.0,11537514.73,3.69307233,AUD,Energy,United States,Equities,equity,web_csv
2026-07-15,URNM-ASX,1164 HK,CGN MINING CO LTD,,,23667865.0,9984806.58,3.19606204,AUD,Energy,China,Equities,equity,web_csv
2026-07-15,URNM-ASX,ISO CT,ISOENERGY LTD,,,645611.0,9276472.88,2.96932972,AUD,Energy,Canada,Equities,equity,web_csv
2026-07-15,URNM-ASX,URG UA,UR-ENERGY INC,,,3722579.0,7015711.42,2.24567685,AUD,Energy,United States,Equities,equity,web_csv
2026-07-15,URNM-ASX,BMN AT,BANNERMAN ENERGY LTD,,,1947753.0,6836613.03,2.18834879,AUD,Energy,Australia,Equities,equity,web_csv
2026-07-15,URNM-ASX,CXU AT,CAULDRON ENERGY LTD,,,46118216.0,5764777.0,1.84526208,AUD,Energy,Australia,Equities,equity,web_csv
2026-07-15,URNM-ASX,BOE AT,BOSS ENERGY LTD,,,3893469.0,5100444.39,1.63261417,AUD,Energy,Australia,Equities,equity,web_csv
2026-07-15,URNM-ASX,SASK CV,ATHA ENERGY CORP,,,2966403.0,3167300.34,1.01382919,AUD,Energy,Canada,Equities,equity,web_csv
2026-07-15,URNM-ASX,EU CV,ENCORE ENERGY CORP,,,1754745.0,3069108.6,0.98239875,AUD,Energy,Canada,Equities,equity,web_csv
2026-07-15,URNM-ASX,URC CT,URANIUM ROYALTY CORP,,,727216.0,2884017.08,0.92315234,AUD,Energy,Canada,Equities,equity,web_csv
2026-07-15,URNM-ASX,AGE AT,ALLIGATOR ENERGY LTD,,,41615179.0,2247219.67,0.71931824,AUD,Energy,Australia,Equities,equity,web_csv
2026-07-15,URNM-ASX,GLO CT,GLOBAL ATOMIC CORP,,,3821556.0,2215056.86,0.70902317,AUD,Materials,Canada,Equities,equity,web_csv
2026-07-15,URNM-ASX,MGA CT,MEGA URANIUM LTD,,,3570886.0,1888204.92,0.6044003,AUD,Energy,Canada,Equities,equity,web_csv
2026-07-15,URNM-ASX,BKY LN,BERKELEY ENERGIA LTD,,,4036514.0,1872585.46,0.59940062,AUD,Energy,Australia,Equities,equity,web_csv
2026-07-15,URNM-ASX,LOT AT,LOTUS RESOURCES LTD,,,2576290.0,1700351.4,0.54426979,AUD,Energy,Australia,Equities,equity,web_csv
2026-07-15,URNM-ASX,PEN AT,PENINSULA ENERGY LTD,,,4369309.0,1572951.24,0.50348995,AUD,Energy,Australia,Equities,equity,web_csv
2026-07-15,URNM-ASX,NUCL UR,EAGLE NUCLEAR ENERGY CORP,,,162842.0,1383366.5,0.44280529,AUD,Energy,United States,Equities,equity,web_csv
2026-07-15,URNM-ASX,FSY CT,FORSYS METALS CORP,,,3037267.0,1358956.15,0.43499172,AUD,Energy,Canada,Equities,equity,web_csv
2026-07-15,URNM-ASX,LAM CT,LARAMIDE RESOURCES LTD,,,2657851.0,1351358.04,0.43255962,AUD,Energy,Canada,Equities,equity,web_csv
2026-07-15,URNM-ASX,AEU AT,ATOMIC EAGLE LTD,,,3663803.0,1337288.1,0.42805594,AUD,Energy,Australia,Equities,equity,web_csv
2026-07-15,URNM-ASX,JAGU UA,JAGUAR URANIUM CORP,,,488525.0,1206665.12,0.3862445,AUD,Energy,Canada,Equities,equity,web_csv
2026-07-15,URNM-ASX,EL8 AT,ELEVATE URANIUM LTD,,,4370340.0,1070733.3,0.34273374,AUD,Energy,Australia,Equities,equity,web_csv
2026-07-15,URNM-ASX,SYH CV,SKYHARBOUR RESOURCES LTD,,,2369736.0,975943.75,0.31239231,AUD,Energy,Canada,Equities,equity,web_csv
2026-07-15,URNM-ASX,AEE AT,AURA ENERGY LTD,,,9561386.0,956138.6,0.30605283,AUD,Energy,Australia,Equities,equity,web_csv
2026-07-15,URNM-ASX,AEC CV,ANFIELD ENERGY INC,,,148793.0,925984.5,0.29640073,AUD,Energy,Canada,Equities,equity,web_csv
2026-07-15,URNM-ASX,FUU CV,F3 URANIUM CORP,,,6161312.0,877144.27,0.28076733,AUD,Energy,Canada,Equities,equity,web_csv
2026-07-15,URNM-ASX,STUD CV,STALLION URANIUM CORP,,,3368702.0,839263.77,0.26864207,AUD,Energy,Canada,Equities,equity,web_csv
2026-07-15,URNM-ASX,WUC CF,WESTERN URANIUM & VANADIUM COR,,,1609298.0,818231.65,0.26190984,AUD,Energy,Canada,Equities,equity,web_csv
2026-07-15,URNM-ASX,PUR CV,PREMIER AMERICAN URANIUM INC,,,1609298.0,785502.38,0.25143345,AUD,,Canada,Equities,equity,web_csv
2026-07-15,URNM-ASX,FNUC UR,FRONTIER NUCLEAR AND MINERALS,,,312113.0,770924.46,0.24676716,AUD,Materials,Australia,Equities,equity,web_csv
2026-07-15,URNM-ASX,CVV CV,CANALASKA URANIUM LTD,,,2062689.0,713152.59,0.22827482,AUD,Energy,Canada,Equities,equity,web_csv
2026-07-15,URNM-ASX,AUD,AUD - AUSTRALIA DOLLAR,CASH,,693870.34,693870.34,0.22210272,AUD,,,Cash,cash,web_csv
2026-07-15,URNM-ASX,HKD,HKD - HONG KONG DOLLAR,CASH,,352078.05,64022.34,0.02049307,AUD,,,Cash,cash,web_csv
2026-07-15,URNM-ASX,USD,USD - UNITED STATES DOLLAR,CASH,,15892.92,22691.21,0.00726329,AUD,,,Cash,cash,web_csv
2026-07-15,URNM-ASX,CAD,CAD - CANADA DOLLAR,CASH,,11230.69,11420.27,0.00365554,AUD,,,Cash,cash,web_csv
2026-07-15,URNM-ASX,GBP,GBP - BRITISH POUND,CASH,,2045.85,3954.56,0.00126582,AUD,,,Cash,cash,web_csv
2026-07-15,URNM-ASX,EUR,EUR - EURO,CASH,,12.05,19.69,6.3e-06,AUD,,,Cash,cash,web_csv
2026-07-15,URNM-ASX,"Total weights may not add up to 100% due to rounding or immateriality. Holdings, weights and values are subject to change.",,,,,,,AUD,,,,derivative,web_csv
2026-07-15,URNM-ASX,"Betashares makes no representation or warranty of any kind, either express or implied, with respect to the holdings data,",,,,,,,AUD,,,,derivative,web_csv
2026-07-15,URNM-ASX,"its timeliness, the information's use or any other matter.",,,,,,,AUD,,,,derivative,web_csv
2026-07-16,URNM-ASX,KAP LI,NAC KAZATOMPROM JSC,,,504183.0,47636501.29,15.81643858,AUD,Energy,Kazakhstan,Equities,equity,web_csv
2026-07-16,URNM-ASX,CCJ UN,CAMECO CORP,,,352638.0,44034384.91,14.62045124,AUD,Energy,Canada,Equities,equity,web_csv
2026-07-16,URNM-ASX,U-U CT,SPROTT PHYSICAL URANIUM TRUST,,,1644732.0,43533576.3,14.45417101,AUD,,,Equities,equity,web_csv
2026-07-16,URNM-ASX,PDN AT,PALADIN ENERGY LTD,,,1543023.0,14164951.14,4.70309686,AUD,Energy,Australia,Equities,equity,web_csv
2026-07-16,URNM-ASX,DNN UA,DENISON MINES CORP,,,3321354.0,13530387.22,4.49240672,AUD,Energy,Canada,Equities,equity,web_csv
2026-07-16,URNM-ASX,NXE UN,NEXGEN ENERGY LTD,,,1032012.0,13069791.77,4.3394782,AUD,Energy,Canada,Equities,equity,web_csv
2026-07-16,URNM-ASX,YCA LN,YELLOW CAKE PLC,,,1254054.0,12692707.57,4.21427738,AUD,Industrials,Britain,Equities,equity,web_csv
2026-07-16,URNM-ASX,DYL AT,DEEP YELLOW LTD,,,9145407.0,11934756.14,3.96261968,AUD,Energy,Australia,Equities,equity,web_csv
2026-07-16,URNM-ASX,UEC UA,URANIUM ENERGY CORP,,,880788.0,11746357.98,3.90006706,AUD,Energy,United States,Equities,equity,web_csv
2026-07-16,URNM-ASX,UUUU UA,ENERGY FUELS INC/CANADA,,,637796.0,10639049.91,3.53241474,AUD,Energy,United States,Equities,equity,web_csv
2026-07-16,URNM-ASX,1164 HK,CGN MINING CO LTD,,,23667865.0,9886614.77,3.28258858,AUD,Energy,China,Equities,equity,web_csv
2026-07-16,URNM-ASX,ISO CT,ISOENERGY LTD,,,645611.0,8655906.41,2.87396447,AUD,Energy,Canada,Equities,equity,web_csv
2026-07-16,URNM-ASX,URG UA,UR-ENERGY INC,,,3722579.0,6651263.22,2.20837579,AUD,Energy,United States,Equities,equity,web_csv
2026-07-16,URNM-ASX,BMN AT,BANNERMAN ENERGY LTD,,,1947753.0,6641837.73,2.20524631,AUD,Energy,Australia,Equities,equity,web_csv
2026-07-16,URNM-ASX,CXU AT,CAULDRON ENERGY LTD,,,46118216.0,5764777.0,1.91404152,AUD,Energy,Australia,Equities,equity,web_csv
2026-07-16,URNM-ASX,BOE AT,BOSS ENERGY LTD,,,3893469.0,5042042.36,1.67407662,AUD,Energy,Australia,Equities,equity,web_csv
2026-07-16,URNM-ASX,SASK CV,ATHA ENERGY CORP,,,2966403.0,2959457.33,0.98260943,AUD,Energy,Canada,Equities,equity,web_csv
2026-07-16,URNM-ASX,EU CV,ENCORE ENERGY CORP,,,1754745.0,2947500.0,0.97863931,AUD,Energy,Canada,Equities,equity,web_csv
2026-07-16,URNM-ASX,URC CT,URANIUM ROYALTY CORP,,,727216.0,2724376.34,0.90455701,AUD,Energy,Canada,Equities,equity,web_csv
2026-07-16,URNM-ASX,GLO CT,GLOBAL ATOMIC CORP,,,3821556.0,2217537.33,0.73627454,AUD,Materials,Canada,Equities,equity,web_csv
2026-07-16,URNM-ASX,AGE AT,ALLIGATOR ENERGY LTD,,,41615179.0,2163989.31,0.71849534,AUD,Energy,Australia,Equities,equity,web_csv
2026-07-16,URNM-ASX,BKY LN,BERKELEY ENERGIA LTD,,,4036514.0,1827004.6,0.60660849,AUD,Energy,Australia,Equities,equity,web_csv
2026-07-16,URNM-ASX,MGA CT,MEGA URANIUM LTD,,,3570886.0,1817614.78,0.60349085,AUD,Energy,Canada,Equities,equity,web_csv
2026-07-16,URNM-ASX,LOT AT,LOTUS RESOURCES LTD,,,2576290.0,1700351.4,0.56455665,AUD,Energy,Australia,Equities,equity,web_csv
2026-07-16,URNM-ASX,PEN AT,PENINSULA ENERGY LTD,,,4369309.0,1616644.33,0.53676393,AUD,Energy,Australia,Equities,equity,web_csv
2026-07-16,URNM-ASX,LAM CT,LARAMIDE RESOURCES LTD,,,2657851.0,1325813.9,0.44020139,AUD,Energy,Canada,Equities,equity,web_csv
2026-07-16,URNM-ASX,AEU AT,ATOMIC EAGLE LTD,,,3663803.0,1318969.08,0.43792875,AUD,Energy,Australia,Equities,equity,web_csv
2026-07-16,URNM-ASX,FSY CT,FORSYS METALS CORP,,,3037267.0,1298638.03,0.43117836,AUD,Energy,Canada,Equities,equity,web_csv
2026-07-16,URNM-ASX,NUCL UR,EAGLE NUCLEAR ENERGY CORP,,,162842.0,1275549.11,0.4235123,AUD,Energy,United States,Equities,equity,web_csv
2026-07-16,URNM-ASX,JAGU UA,JAGUAR URANIUM CORP,,,488525.0,1270891.22,0.42196577,AUD,Energy,Canada,Equities,equity,web_csv
2026-07-16,URNM-ASX,EL8 AT,ELEVATE URANIUM LTD,,,4370340.0,1027029.9,0.34099808,AUD,Energy,Australia,Equities,equity,web_csv
2026-07-16,URNM-ASX,AEE AT,AURA ENERGY LTD,,,9561386.0,956138.6,0.3174605,AUD,Energy,Australia,Equities,equity,web_csv
2026-07-16,URNM-ASX,SYH CV,SKYHARBOUR RESOURCES LTD,,,2369736.0,952912.27,0.31638928,AUD,Energy,Canada,Equities,equity,web_csv
2026-07-16,URNM-ASX,AEC CV,ANFIELD ENERGY INC,,,148793.0,925506.7,0.30728999,AUD,Energy,Canada,Equities,equity,web_csv
2026-07-16,URNM-ASX,FUU CV,F3 URANIUM CORP,,,6161312.0,846764.86,0.28114584,AUD,Energy,Canada,Equities,equity,web_csv
2026-07-16,URNM-ASX,STUD CV,STALLION URANIUM CORP,,,3368702.0,823056.58,0.27327414,AUD,Energy,Canada,Equities,equity,web_csv
2026-07-16,URNM-ASX,WUC CF,WESTERN URANIUM & VANADIUM COR,,,1609298.0,810956.44,0.26925661,AUD,Energy,Canada,Equities,equity,web_csv
2026-07-16,URNM-ASX,PUR CV,PREMIER AMERICAN URANIUM INC,,,1609298.0,737233.13,0.24477873,AUD,,Canada,Equities,equity,web_csv
2026-07-16,URNM-ASX,FNUC UR,FRONTIER NUCLEAR AND MINERALS,,,312113.0,724962.3,0.24070453,AUD,Materials,Australia,Equities,equity,web_csv
2026-07-16,URNM-ASX,CVV CV,CANALASKA URANIUM LTD,,,2062689.0,713951.2,0.23704859,AUD,Energy,Canada,Equities,equity,web_csv
2026-07-16,URNM-ASX,AUD,AUD - AUSTRALIA DOLLAR,CASH,,473399.37,473399.37,0.15717972,AUD,,,Cash,cash,web_csv
2026-07-16,URNM-ASX,HKD,HKD - HONG KONG DOLLAR,CASH,,352078.05,64223.21,0.021323619999999998,AUD,,,Cash,cash,web_csv
2026-07-16,URNM-ASX,USD,USD - UNITED STATES DOLLAR,CASH,,15892.92,22717.15,0.00754263,AUD,,,Cash,cash,web_csv
2026-07-16,URNM-ASX,CAD,CAD - CANADA DOLLAR,CASH,,11230.69,11433.06,0.00379604,AUD,,,Cash,cash,web_csv
2026-07-16,URNM-ASX,GBP,GBP - BRITISH POUND,CASH,,2045.85,3940.39,0.0013083,AUD,,,Cash,cash,web_csv
2026-07-16,URNM-ASX,EUR,EUR - EURO,CASH,,12.05,19.71,6.54e-06,AUD,,,Cash,cash,web_csv
2026-07-16,URNM-ASX,"Total weights may not add up to 100% due to rounding or immateriality. Holdings, weights and values are subject to change.",,,,,,,AUD,,,,derivative,web_csv
2026-07-16,URNM-ASX,"Betashares makes no representation or warranty of any kind, either express or implied, with respect to the holdings data,",,,,,,,AUD,,,,derivative,web_csv
2026-07-16,URNM-ASX,"its timeliness, the information's use or any other matter.",,,,,,,AUD,,,,derivative,web_csv
2026-07-17,URNM-ASX,KAP LI,NAC KAZATOMPROM JSC,,,504183.0,48223689.0,16.22849972,AUD,Energy,Kazakhstan,Equities,equity,web_csv
2026-07-17,URNM-ASX,CCJ UN,CAMECO CORP,,,352638.0,43231479.9,14.54849419,AUD,Energy,Canada,Equities,equity,web_csv
2026-07-17,URNM-ASX,U-U CT,SPROTT PHYSICAL URANIUM TRUST,,,1644732.0,43092314.4,14.50166146,AUD,,,Equities,equity,web_csv
2026-07-17,URNM-ASX,DNN UA,DENISON MINES CORP,,,3321354.0,13410965.46,4.51313149,AUD,Energy,Canada,Equities,equity,web_csv
2026-07-17,URNM-ASX,NXE UN,NEXGEN ENERGY LTD,,,1032012.0,13003587.63,4.37603847,AUD,Energy,Canada,Equities,equity,web_csv
2026-07-17,URNM-ASX,PDN AT,PALADIN ENERGY LTD,,,1543023.0,12992253.66,4.3722243,AUD,Energy,Australia,Equities,equity,web_csv
2026-07-17,URNM-ASX,YCA LN,YELLOW CAKE PLC,,,1254054.0,12499960.42,4.20655508,AUD,Industrials,Britain,Equities,equity,web_csv
2026-07-17,URNM-ASX,UEC UA,URANIUM ENERGY CORP,,,880788.0,11703483.16,3.9385202,AUD,Energy,United States,Equities,equity,web_csv
2026-07-17,URNM-ASX,DYL AT,DEEP YELLOW LTD,,,9145407.0,11248850.61,3.78552477,AUD,Energy,Australia,Equities,equity,web_csv
2026-07-17,URNM-ASX,UUUU UA,ENERGY FUELS INC/CANADA,,,637796.0,10492949.66,3.53114484,AUD,Energy,United States,Equities,equity,web_csv
2026-07-17,URNM-ASX,1164 HK,CGN MINING CO LTD,,,23667865.0,9208949.54,3.09904609,AUD,Energy,China,Equities,equity,web_csv
2026-07-17,URNM-ASX,ISO CT,ISOENERGY LTD,,,645611.0,8546597.1,2.87614763,AUD,Energy,Canada,Equities,equity,web_csv
2026-07-17,URNM-ASX,URG UA,UR-ENERGY INC,,,3722579.0,6556088.45,2.20629076,AUD,Energy,United States,Equities,equity,web_csv
2026-07-17,URNM-ASX,BMN AT,BANNERMAN ENERGY LTD,,,1947753.0,6193854.54,2.08438982,AUD,Energy,Australia,Equities,equity,web_csv
2026-07-17,URNM-ASX,CXU AT,CAULDRON ENERGY LTD,,,46118216.0,5764777.0,1.9399943,AUD,Energy,Australia,Equities,equity,web_csv
2026-07-17,URNM-ASX,BOE AT,BOSS ENERGY LTD,,,3893469.0,4730564.84,1.59195557,AUD,Energy,Australia,Equities,equity,web_csv
2026-07-17,URNM-ASX,SASK CV,ATHA ENERGY CORP,,,2966403.0,3090634.38,1.0400772,AUD,Energy,Canada,Equities,equity,web_csv
2026-07-17,URNM-ASX,URC CT,URANIUM ROYALTY CORP,,,727216.0,2919263.41,0.9824065,AUD,Energy,Canada,Equities,equity,web_csv
2026-07-17,URNM-ASX,EU CV,ENCORE ENERGY CORP,,,1754745.0,2885739.99,0.97112501,AUD,Energy,Canada,Equities,equity,web_csv
2026-07-17,URNM-ASX,GLO CT,GLOBAL ATOMIC CORP,,,3821556.0,2264047.48,0.76190965,AUD,Materials,Canada,Equities,equity,web_csv
2026-07-17,URNM-ASX,AGE AT,ALLIGATOR ENERGY LTD,,,41615179.0,2247219.67,0.75624666,AUD,Energy,Australia,Equities,equity,web_csv
2026-07-17,URNM-ASX,BKY LN,BERKELEY ENERGIA LTD,,,4036514.0,1865948.92,0.62793934,AUD,Energy,Australia,Equities,equity,web_csv
2026-07-17,URNM-ASX,MGA CT,MEGA URANIUM LTD,,,3570886.0,1860216.4,0.6260102,AUD,Energy,Canada,Equities,equity,web_csv
2026-07-17,URNM-ASX,LOT AT,LOTUS RESOURCES LTD,,,2576290.0,1700351.4,0.57221156,AUD,Energy,Australia,Equities,equity,web_csv
2026-07-17,URNM-ASX,PEN AT,PENINSULA ENERGY LTD,,,4369309.0,1594797.78,0.53669008,AUD,Energy,Australia,Equities,equity,web_csv
2026-07-17,URNM-ASX,FSY CT,FORSYS METALS CORP,,,3037267.0,1365063.82,0.45937875,AUD,Energy,Canada,Equities,equity,web_csv
2026-07-17,URNM-ASX,AEU AT,ATOMIC EAGLE LTD,,,3663803.0,1337288.1,0.45003151,AUD,Energy,Australia,Equities,equity,web_csv
2026-07-17,URNM-ASX,LAM CT,LARAMIDE RESOURCES LTD,,,2657851.0,1330282.93,0.44767409,AUD,Energy,Canada,Equities,equity,web_csv
2026-07-17,URNM-ASX,NUCL UR,EAGLE NUCLEAR ENERGY CORP,,,162842.0,1308052.15,0.44019287,AUD,Energy,United States,Equities,equity,web_csv
2026-07-17,URNM-ASX,JAGU UA,JAGUAR URANIUM CORP,,,488525.0,1238100.3,0.41665229,AUD,Energy,Canada,Equities,equity,web_csv
2026-07-17,URNM-ASX,EL8 AT,ELEVATE URANIUM LTD,,,4370340.0,1027029.9,0.34562172,AUD,Energy,Australia,Equities,equity,web_csv
2026-07-17,URNM-ASX,AEE AT,AURA ENERGY LTD,,,9561386.0,1003945.53,0.33785324,AUD,Energy,Australia,Equities,equity,web_csv
2026-07-17,URNM-ASX,SYH CV,SKYHARBOUR RESOURCES LTD,,,2369736.0,980330.01,0.32990602,AUD,Energy,Canada,Equities,equity,web_csv
2026-07-17,URNM-ASX,AEC CV,ANFIELD ENERGY INC,,,148793.0,925586.69,0.3114835,AUD,Energy,Canada,Equities,equity,web_csv
2026-07-17,URNM-ASX,STUD CV,STALLION URANIUM CORP,,,3368702.0,860240.55,0.28949286,AUD,Energy,Canada,Equities,equity,web_csv
2026-07-17,URNM-ASX,WUC CF,WESTERN URANIUM & VANADIUM COR,,,1609298.0,854785.45,0.28765708,AUD,Energy,Canada,Equities,equity,web_csv
2026-07-17,URNM-ASX,FUU CV,F3 URANIUM CORP,,,6161312.0,849619.12,0.28591848,AUD,Energy,Canada,Equities,equity,web_csv
2026-07-17,URNM-ASX,PUR CV,PREMIER AMERICAN URANIUM INC,,,1609298.0,739718.18,0.24893401,AUD,,Canada,Equities,equity,web_csv
2026-07-17,URNM-ASX,FNUC UR,FRONTIER NUCLEAR AND MINERALS,,,312113.0,723973.45,0.24363551,AUD,Materials,Australia,Equities,equity,web_csv
2026-07-17,URNM-ASX,CVV CV,CANALASKA URANIUM LTD,,,2062689.0,705823.1,0.23752745,AUD,Energy,Canada,Equities,equity,web_csv
2026-07-17,URNM-ASX,AUD,AUD - AUSTRALIA DOLLAR,CASH,,473399.37,473399.37,0.15931095,AUD,,,Cash,cash,web_csv
2026-07-17,URNM-ASX,HKD,HKD - HONG KONG DOLLAR,CASH,,352078.05,64314.71,0.02164354,AUD,,,Cash,cash,web_csv
2026-07-17,URNM-ASX,USD,USD - UNITED STATES DOLLAR,CASH,,15892.92,22756.19,0.00765804,AUD,,,Cash,cash,web_csv
2026-07-17,URNM-ASX,CAD,CAD - CANADA DOLLAR,CASH,,11230.69,11471.59,0.00386048,AUD,,,Cash,cash,web_csv
2026-07-17,URNM-ASX,GBP,GBP - BRITISH POUND,CASH,,2045.85,3940.54,0.00132609,AUD,,,Cash,cash,web_csv
2026-07-17,URNM-ASX,EUR,EUR - EURO,CASH,,12.05,19.74,6.64e-06,AUD,,,Cash,cash,web_csv
2026-07-17,URNM-ASX,"Total weights may not add up to 100% due to rounding or immateriality. Holdings, weights and values are subject to change.",,,,,,,AUD,,,,derivative,web_csv
2026-07-17,URNM-ASX,"Betashares makes no representation or warranty of any kind, either express or implied, with respect to the holdings data,",,,,,,,AUD,,,,derivative,web_csv
2026-07-17,URNM-ASX,"its timeliness, the information's use or any other matter.",,,,,,,AUD,,,,derivative,web_csv
2026-07-20,URNM-ASX,KAP LI,NAC KAZATOMPROM JSC,,,507363.0,48244397.2,16.13699999,AUD,Energy,Kazakhstan,Equities,equity,web_csv
2026-07-20,URNM-ASX,CCJ UN,CAMECO CORP,,,354863.0,42989899.41,14.37945226,AUD,Energy,Canada,Equities,equity,web_csv
2026-07-20,URNM-ASX,U-U CT,SPROTT PHYSICAL URANIUM TRUST,,,1655107.0,42886520.64,14.34487367,AUD,,,Equities,equity,web_csv
2026-07-20,URNM-ASX,DNN UA,DENISON MINES CORP,,,3342305.0,13504744.65,4.5171269,AUD,Energy,Canada,Equities,equity,web_csv
2026-07-20,URNM-ASX,PDN AT,PALADIN ENERGY LTD,,,1552756.0,13167370.88,4.40428062,AUD,Energy,Australia,Equities,equity,web_csv
2026-07-20,URNM-ASX,NXE UN,NEXGEN ENERGY LTD,,,1038522.0,12944456.11,4.3297191,AUD,Energy,Canada,Equities,equity,web_csv
2026-07-20,URNM-ASX,YCA LN,YELLOW CAKE PLC,,,1261965.0,12729276.66,4.25774492,AUD,Industrials,Britain,Equities,equity,web_csv
2026-07-20,URNM-ASX,DYL AT,DEEP YELLOW LTD,,,9203095.0,12010038.98,4.01717111,AUD,Energy,Australia,Equities,equity,web_csv
2026-07-20,URNM-ASX,UEC UA,URANIUM ENERGY CORP,,,886344.0,11895536.26,3.97887174,AUD,Energy,United States,Equities,equity,web_csv
2026-07-20,URNM-ASX,UUUU UA,ENERGY FUELS INC/CANADA,,,641819.0,10758074.04,3.59840833,AUD,Energy,United States,Equities,equity,web_csv
2026-07-20,URNM-ASX,1164 HK,CGN MINING CO LTD,,,23817160.0,9411154.51,3.14788471,AUD,Energy,China,Equities,equity,web_csv
2026-07-20,URNM-ASX,ISO CT,ISOENERGY LTD,,,649684.0,8578864.4,2.86949662,AUD,Energy,Canada,Equities,equity,web_csv
2026-07-20,URNM-ASX,URG UA,UR-ENERGY INC,,,3746061.0,6471635.94,2.1646615,AUD,Energy,United States,Equities,equity,web_csv
2026-07-20,URNM-ASX,BMN AT,BANNERMAN ENERGY LTD,,,1960039.0,6389727.14,2.13726428,AUD,Energy,Australia,Equities,equity,web_csv
2026-07-20,URNM-ASX,CXU AT,CAULDRON ENERGY LTD,,,46409125.0,6033186.25,2.0180069,AUD,Energy,Australia,Equities,equity,web_csv
2026-07-20,URNM-ASX,BOE AT,BOSS ENERGY LTD,,,3918029.0,4858355.96,1.62504445,AUD,Energy,Australia,Equities,equity,web_csv
2026-07-20,URNM-ASX,SASK CV,ATHA ENERGY CORP,,,2985115.0,3153397.26,1.0547623,AUD,Energy,Canada,Equities,equity,web_csv
2026-07-20,URNM-ASX,EU CV,ENCORE ENERGY CORP,,,1765814.0,2995337.11,1.00189364,AUD,Energy,Canada,Equities,equity,web_csv
2026-07-20,URNM-ASX,URC CT,URANIUM ROYALTY CORP,,,731803.0,2891532.42,0.96717259,AUD,Energy,Canada,Equities,equity,web_csv
2026-07-20,URNM-ASX,AGE AT,ALLIGATOR ENERGY LTD,,,41877684.0,2261394.94,0.75640141,AUD,Energy,Australia,Equities,equity,web_csv
2026-07-20,URNM-ASX,GLO CT,GLOBAL ATOMIC CORP,,,3845662.0,2187476.61,0.73167688,AUD,Materials,Canada,Equities,equity,web_csv
2026-07-20,URNM-ASX,BKY LN,BERKELEY ENERGIA LTD,,,4061976.0,1830525.94,0.61228244,AUD,Energy,Australia,Equities,equity,web_csv
2026-07-20,URNM-ASX,MGA CT,MEGA URANIUM LTD,,,3593411.0,1806742.96,0.6043274,AUD,Energy,Canada,Equities,equity,web_csv
2026-07-20,URNM-ASX,LOT AT,LOTUS RESOURCES LTD,,,2576290.0,1700351.4,0.56874108,AUD,Energy,Australia,Equities,equity,web_csv
2026-07-20,URNM-ASX,PEN AT,PENINSULA ENERGY LTD,,,4396870.0,1604857.55,0.53679987,AUD,Energy,Australia,Equities,equity,web_csv
2026-07-20,URNM-ASX,FSY CT,FORSYS METALS CORP,,,3056426.0,1366000.45,0.45690589,AUD,Energy,Canada,Equities,equity,web_csv
2026-07-20,URNM-ASX,AEU AT,ATOMIC EAGLE LTD,,,3686914.0,1364158.18,0.45628968,AUD,Energy,Australia,Equities,equity,web_csv
2026-07-20,URNM-ASX,LAM CT,LARAMIDE RESOURCES LTD,,,2674616.0,1358362.62,0.45435115,AUD,Energy,Canada,Equities,equity,web_csv
2026-07-20,URNM-ASX,NUCL UR,EAGLE NUCLEAR ENERGY CORP,,,163869.0,1265749.99,0.42337367,AUD,Energy,United States,Equities,equity,web_csv
2026-07-20,URNM-ASX,JAGU UA,JAGUAR URANIUM CORP,,,491606.0,1193218.45,0.399113,AUD,Energy,Canada,Equities,equity,web_csv
2026-07-20,URNM-ASX,EL8 AT,ELEVATE URANIUM LTD,,,4397908.0,1033508.38,0.34569247,AUD,Energy,Australia,Equities,equity,web_csv
2026-07-20,URNM-ASX,AEE AT,AURA ENERGY LTD,,,9621698.0,962169.8,0.32183082,AUD,Energy,Australia,Equities,equity,web_csv
2026-07-20,URNM-ASX,SYH CV,SKYHARBOUR RESOURCES LTD,,,2384684.0,956780.27,0.32002811,AUD,Energy,Canada,Equities,equity,web_csv
2026-07-20,URNM-ASX,AEC CV,ANFIELD ENERGY INC,,,149732.0,915578.1,0.30624662,AUD,Energy,Canada,Equities,equity,web_csv
2026-07-20,URNM-ASX,FUU CV,F3 URANIUM CORP,,,6200177.0,881690.99,0.29491191,AUD,Energy,Canada,Equities,equity,web_csv
2026-07-20,URNM-ASX,WUC CF,WESTERN URANIUM & VANADIUM COR,,,1619449.0,822472.83,0.27510436,AUD,Energy,Canada,Equities,equity,web_csv
2026-07-20,URNM-ASX,FNUC UR,FRONTIER NUCLEAR AND MINERALS,,,314082.0,780272.24,0.26098892,AUD,Materials,Australia,Equities,equity,web_csv
2026-07-20,URNM-ASX,STUD CV,STALLION URANIUM CORP,,,3389951.0,757530.95,0.25338231,AUD,Energy,Canada,Equities,equity,web_csv
2026-07-20,URNM-ASX,CVV CV,CANALASKA URANIUM LTD,,,2075700.0,727391.06,0.24330099,AUD,Energy,Canada,Equities,equity,web_csv
2026-07-20,URNM-ASX,PUR CV,PREMIER AMERICAN URANIUM INC,,,1619449.0,699101.9,0.23383871,AUD,,Canada,Equities,equity,web_csv
2026-07-20,URNM-ASX,AUD,AUD - AUSTRALIA DOLLAR,CASH,,463895.32,463895.32,0.15516576,AUD,,,Cash,cash,web_csv
2026-07-20,URNM-ASX,HKD,HKD - HONG KONG DOLLAR,CASH,,375570.08,68388.67,0.02287495,AUD,,,Cash,cash,web_csv
2026-07-20,URNM-ASX,USD,USD - UNITED STATES DOLLAR,CASH,,19971.88,28514.96,0.00953781,AUD,,,Cash,cash,web_csv
2026-07-20,URNM-ASX,CAD,CAD - CANADA DOLLAR,CASH,,12838.71,13040.84,0.00436196,AUD,,,Cash,cash,web_csv
2026-07-20,URNM-ASX,GBP,GBP - BRITISH POUND,CASH,,2540.63,4872.05,0.00162963,AUD,,,Cash,cash,web_csv
2026-07-20,URNM-ASX,EUR,EUR - EURO,CASH,,12.05,19.64,6.57e-06,AUD,,,Cash,cash,web_csv
2026-07-20,URNM-ASX,"Total weights may not add up to 100% due to rounding or immateriality. Holdings, weights and values are subject to change.",,,,,,,AUD,,,,derivative,web_csv
2026-07-20,URNM-ASX,"Betashares makes no representation or warranty of any kind, either express or implied, with respect to the holdings data,",,,,,,,AUD,,,,derivative,web_csv
2026-07-20,URNM-ASX,"its timeliness, the information's use or any other matter.",,,,,,,AUD,,,,derivative,web_csv
2026-07-21,URNM-ASX,KAP LI,NAC KAZATOMPROM JSC,,,508943.0,48671397.37,15.8267036,AUD,Energy,Kazakhstan,Equities,equity,web_csv
2026-07-21,URNM-ASX,CCJ UN,CAMECO CORP,,,355968.0,45057439.68,14.65153625,AUD,Energy,Canada,Equities,equity,web_csv
2026-07-21,URNM-ASX,U-U CT,SPROTT PHYSICAL URANIUM TRUST,,,1660261.0,43859121.56,14.26187359,AUD,,,Equities,equity,web_csv
2026-07-21,URNM-ASX,DNN UA,DENISON MINES CORP,,,3352713.0,14308609.58,4.65279682,AUD,Energy,Canada,Equities,equity,web_csv
2026-07-21,URNM-ASX,NXE UN,NEXGEN ENERGY LTD,,,1041756.0,13635316.19,4.43385889,AUD,Energy,Canada,Equities,equity,web_csv
2026-07-21,URNM-ASX,PDN AT,PALADIN ENERGY LTD,,,1557591.0,13332978.96,4.33554649,AUD,Energy,Australia,Equities,equity,web_csv
2026-07-21,URNM-ASX,YCA LN,YELLOW CAKE PLC,,,1265895.0,12744802.08,4.14428629,AUD,Industrials,Britain,Equities,equity,web_csv
2026-07-21,URNM-ASX,UEC UA,URANIUM ENERGY CORP,,,889104.0,12119530.69,3.9409639,AUD,Energy,United States,Equities,equity,web_csv
2026-07-21,URNM-ASX,DYL AT,DEEP YELLOW LTD,,,9231754.0,12093597.74,3.93253116,AUD,Energy,Australia,Equities,equity,web_csv
2026-07-21,URNM-ASX,UUUU UA,ENERGY FUELS INC/CANADA,,,643818.0,11349061.23,3.69042678,AUD,Energy,United States,Equities,equity,web_csv
2026-07-21,URNM-ASX,1164 HK,CGN MINING CO LTD,,,23891328.0,9871551.09,3.20997797,AUD,Energy,China,Equities,equity,web_csv
2026-07-21,URNM-ASX,ISO CT,ISOENERGY LTD,,,651707.0,9208329.68,2.99431519,AUD,Energy,Canada,Equities,equity,web_csv
2026-07-21,URNM-ASX,URG UA,UR-ENERGY INC,,,3757726.0,7079929.09,2.30221332,AUD,Energy,United States,Equities,equity,web_csv
2026-07-21,URNM-ASX,BMN AT,BANNERMAN ENERGY LTD,,,1966143.0,6389964.75,2.07785442,AUD,Energy,Australia,Equities,equity,web_csv
2026-07-21,URNM-ASX,CXU AT,CAULDRON ENERGY LTD,,,46553645.0,6051973.85,1.96794835,AUD,Energy,Australia,Equities,equity,web_csv
2026-07-21,URNM-ASX,BOE AT,BOSS ENERGY LTD,,,3930230.0,5011043.25,1.62946413,AUD,Energy,Australia,Equities,equity,web_csv
2026-07-21,URNM-ASX,SASK CV,ATHA ENERGY CORP,,,2994410.0,3091394.94,1.0052432,AUD,Energy,Canada,Equities,equity,web_csv
2026-07-21,URNM-ASX,EU CV,ENCORE ENERGY CORP,,,1771312.0,3065732.31,0.99689837,AUD,Energy,Canada,Equities,equity,web_csv
2026-07-21,URNM-ASX,URC CT,URANIUM ROYALTY CORP,,,734082.0,3053721.68,0.99299282,AUD,Energy,Canada,Equities,equity,web_csv
2026-07-21,URNM-ASX,GLO CT,GLOBAL ATOMIC CORP,,,3857638.0,2303650.22,0.74908861,AUD,Materials,Canada,Equities,equity,web_csv
2026-07-21,URNM-ASX,AGE AT,ALLIGATOR ENERGY LTD,,,42008093.0,2226428.93,0.7239782,AUD,Energy,Australia,Equities,equity,web_csv
2026-07-21,URNM-ASX,MGA CT,MEGA URANIUM LTD,,,3604601.0,1933642.24,0.6287714,AUD,Energy,Canada,Equities,equity,web_csv
2026-07-21,URNM-ASX,BKY LN,BERKELEY ENERGIA LTD,,,4074625.0,1868201.36,0.60749168,AUD,Energy,Australia,Equities,equity,web_csv
2026-07-21,URNM-ASX,LOT AT,LOTUS RESOURCES LTD,,,2576290.0,1700351.4,0.55291114,AUD,Energy,Australia,Equities,equity,web_csv
2026-07-21,URNM-ASX,PEN AT,PENINSULA ENERGY LTD,,,4396870.0,1604857.55,0.52185896,AUD,Energy,Australia,Equities,equity,web_csv
2026-07-21,URNM-ASX,NUCL UR,EAGLE NUCLEAR ENERGY CORP,,,164379.0,1379601.08,0.44861127,AUD,Energy,United States,Equities,equity,web_csv
2026-07-21,URNM-ASX,FSY CT,FORSYS METALS CORP,,,3065943.0,1365399.72,0.44399335,AUD,Energy,Canada,Equities,equity,web_csv
2026-07-21,URNM-ASX,LAM CT,LARAMIDE RESOURCES LTD,,,2682945.0,1357765.69,0.44151095,AUD,Energy,Canada,Equities,equity,web_csv
2026-07-21,URNM-ASX,AEU AT,ATOMIC EAGLE LTD,,,3698395.0,1294438.25,0.42091848,AUD,Energy,Australia,Equities,equity,web_csv
2026-07-21,URNM-ASX,JAGU UA,JAGUAR URANIUM CORP,,,493137.0,1259941.81,0.40970111,AUD,Energy,Canada,Equities,equity,web_csv
2026-07-21,URNM-ASX,AEC CV,ANFIELD ENERGY INC,,,150198.0,1020069.41,0.33170069,AUD,Energy,Canada,Equities,equity,web_csv
2026-07-21,URNM-ASX,SYH CV,SKYHARBOUR RESOURCES LTD,,,2392110.0,1016888.87,0.33066646,AUD,Energy,Canada,Equities,equity,web_csv
2026-07-21,URNM-ASX,EL8 AT,ELEVATE URANIUM LTD,,,4411603.0,1014668.69,0.32994452,AUD,Energy,Australia,Equities,equity,web_csv
2026-07-21,URNM-ASX,AEE AT,AURA ENERGY LTD,,,9651661.0,965166.1,0.31384753,AUD,Energy,Australia,Equities,equity,web_csv
2026-07-21,URNM-ASX,FUU CV,F3 URANIUM CORP,,,6219485.0,849828.42,0.27634264,AUD,Energy,Canada,Equities,equity,web_csv
2026-07-21,URNM-ASX,WUC CF,WESTERN URANIUM & VANADIUM COR,,,1624492.0,822111.34,0.26732975,AUD,Energy,Canada,Equities,equity,web_csv
2026-07-21,URNM-ASX,FNUC UR,FRONTIER NUCLEAR AND MINERALS,,,315060.0,777981.44,0.25297983,AUD,Materials,Australia,Equities,equity,web_csv
2026-07-21,URNM-ASX,STUD CV,STALLION URANIUM CORP,,,3400508.0,757198.14,0.24622162,AUD,Energy,Canada,Equities,equity,web_csv
2026-07-21,URNM-ASX,CVV CV,CANALASKA URANIUM LTD,,,2082164.0,748145.97,0.24327809,AUD,Energy,Canada,Equities,equity,web_csv
2026-07-21,URNM-ASX,PUR CV,PREMIER AMERICAN URANIUM INC,,,1624492.0,674131.3,0.21921039,AUD,,Canada,Equities,equity,web_csv
2026-07-21,URNM-ASX,AUD,AUD - AUSTRALIA DOLLAR,CASH,,475498.35,475498.35,0.15462,AUD,,,Cash,cash,web_csv
2026-07-21,URNM-ASX,HKD,HKD - HONG KONG DOLLAR,CASH,,372380.56,67780.73,0.022040570000000002,AUD,,,Cash,cash,web_csv
2026-07-21,URNM-ASX,USD,USD - UNITED STATES DOLLAR,CASH,,20711.48,29562.49,0.00961297,AUD,,,Cash,cash,web_csv
2026-07-21,URNM-ASX,CAD,CAD - CANADA DOLLAR,CASH,,13845.33,14013.49,0.00455683,AUD,,,Cash,cash,web_csv
2026-07-21,URNM-ASX,GBP,GBP - BRITISH POUND,CASH,,2213.49,4228.66,0.00137505,AUD,,,Cash,cash,web_csv
2026-07-21,URNM-ASX,EUR,EUR - EURO,CASH,,12.05,19.62,6.38e-06,AUD,,,Cash,cash,web_csv
2026-07-21,URNM-ASX,"Total weights may not add up to 100% due to rounding or immateriality. Holdings, weights and values are subject to change.",,,,,,,AUD,,,,derivative,web_csv
2026-07-21,URNM-ASX,"Betashares makes no representation or warranty of any kind, either express or implied, with respect to the holdings data,",,,,,,,AUD,,,,derivative,web_csv
2026-07-21,URNM-ASX,"its timeliness, the information's use or any other matter.",,,,,,,AUD,,,,derivative,web_csv
2026-07-22,URNM-ASX,KAP LI,NAC KAZATOMPROM JSC,,,508943.0,49423955.52,15.64117364,AUD,Energy,Kazakhstan,Equities,equity,web_csv
2026-07-22,URNM-ASX,CCJ UN,CAMECO CORP,,,355968.0,46008049.43,14.5601436,AUD,Energy,Canada,Equities,equity,web_csv
2026-07-22,URNM-ASX,U-U CT,SPROTT PHYSICAL URANIUM TRUST,,,1660261.0,44396059.82,14.04999809,AUD,,,Equities,equity,web_csv
2026-07-22,URNM-ASX,DNN UA,DENISON MINES CORP,,,3352713.0,14624963.74,4.62835471,AUD,Energy,Canada,Equities,equity,web_csv
2026-07-22,URNM-ASX,PDN AT,PALADIN ENERGY LTD,,,1557591.0,14220805.83,4.50045106,AUD,Energy,Australia,Equities,equity,web_csv
2026-07-22,URNM-ASX,NXE UN,NEXGEN ENERGY LTD,,,1041756.0,14064897.94,4.45111098,AUD,Energy,Canada,Equities,equity,web_csv
2026-07-22,URNM-ASX,YCA LN,YELLOW CAKE PLC,,,1265895.0,13180858.75,4.17133955,AUD,Industrials,Britain,Equities,equity,web_csv
2026-07-22,URNM-ASX,DYL AT,DEEP YELLOW LTD,,,9231754.0,12462867.9,3.94411736,AUD,Energy,Australia,Equities,equity,web_csv
2026-07-22,URNM-ASX,UEC UA,URANIUM ENERGY CORP,,,889104.0,12372685.81,3.91557748,AUD,Energy,United States,Equities,equity,web_csv
2026-07-22,URNM-ASX,UUUU UA,ENERGY FUELS INC/CANADA,,,643818.0,11334953.63,3.58716691,AUD,Energy,United States,Equities,equity,web_csv
2026-07-22,URNM-ASX,1164 HK,CGN MINING CO LTD,,,23891328.0,10806020.94,3.41977586,AUD,Energy,China,Equities,equity,web_csv
2026-07-22,URNM-ASX,ISO CT,ISOENERGY LTD,,,651707.0,9424421.3,2.98254173,AUD,Energy,Canada,Equities,equity,web_csv
2026-07-22,URNM-ASX,URG UA,UR-ENERGY INC,,,3757726.0,6986618.71,2.21105161,AUD,Energy,United States,Equities,equity,web_csv
2026-07-22,URNM-ASX,CXU AT,CAULDRON ENERGY LTD,,,46553645.0,6983046.75,2.20992119,AUD,Energy,Australia,Equities,equity,web_csv
2026-07-22,URNM-ASX,BMN AT,BANNERMAN ENERGY LTD,,,1966143.0,6704547.63,2.12178472,AUD,Energy,Australia,Equities,equity,web_csv
2026-07-22,URNM-ASX,BOE AT,BOSS ENERGY LTD,,,3930230.0,5128950.15,1.6231562,AUD,Energy,Australia,Equities,equity,web_csv
2026-07-22,URNM-ASX,SASK CV,ATHA ENERGY CORP,,,2994410.0,3221102.7,1.0193807,AUD,Energy,Canada,Equities,equity,web_csv
2026-07-22,URNM-ASX,URC CT,URANIUM ROYALTY CORP,,,734082.0,3173522.75,1.0043231,AUD,Energy,Canada,Equities,equity,web_csv
2026-07-22,URNM-ASX,EU CV,ENCORE ENERGY CORP,,,1771312.0,3091796.87,0.97845936,AUD,Energy,Canada,Equities,equity,web_csv
2026-07-22,URNM-ASX,GLO CT,GLOBAL ATOMIC CORP,,,3857638.0,2427172.28,0.76812595,AUD,Materials,Canada,Equities,equity,web_csv
2026-07-22,URNM-ASX,AGE AT,ALLIGATOR ENERGY LTD,,,42008093.0,2310445.12,0.73118537,AUD,Energy,Australia,Equities,equity,web_csv
2026-07-22,URNM-ASX,BKY LN,BERKELEY ENERGIA LTD,,,4074625.0,2025858.61,0.64112243,AUD,Energy,Australia,Equities,equity,web_csv
2026-07-22,URNM-ASX,MGA CT,MEGA URANIUM LTD,,,3604601.0,1975324.27,0.62512985,AUD,Energy,Canada,Equities,equity,web_csv
2026-07-22,URNM-ASX,LOT AT,LOTUS RESOURCES LTD,,,2576290.0,1700351.4,0.53810933,AUD,Energy,Australia,Equities,equity,web_csv
2026-07-22,URNM-ASX,NUCL UR,EAGLE NUCLEAR ENERGY CORP,,,164379.0,1530473.81,0.48434826,AUD,Energy,United States,Equities,equity,web_csv
2026-07-22,URNM-ASX,LAM CT,LARAMIDE RESOURCES LTD,,,2682945.0,1443029.07,0.45667466,AUD,Energy,Canada,Equities,equity,web_csv
2026-07-22,URNM-ASX,AEU AT,ATOMIC EAGLE LTD,,,3698395.0,1423882.08,0.45061522,AUD,Energy,Australia,Equities,equity,web_csv
2026-07-22,URNM-ASX,FSY CT,FORSYS METALS CORP,,,3065943.0,1400116.04,0.443094,AUD,Energy,Canada,Equities,equity,web_csv
2026-07-22,URNM-ASX,JAGU UA,JAGUAR URANIUM CORP,,,493137.0,1269517.45,0.40176353,AUD,Energy,Canada,Equities,equity,web_csv
2026-07-22,URNM-ASX,PEN AT,PENINSULA ENERGY LTD,,,4396870.0,1187154.9,0.3756983,AUD,Energy,Australia,Equities,equity,web_csv
2026-07-22,URNM-ASX,EL8 AT,ELEVATE URANIUM LTD,,,4411603.0,1102900.75,0.34903443,AUD,Energy,Australia,Equities,equity,web_csv
2026-07-22,URNM-ASX,AEC CV,ANFIELD ENERGY INC,,,150198.0,1047148.63,0.33139059,AUD,Energy,Canada,Equities,equity,web_csv
2026-07-22,URNM-ASX,SYH CV,SKYHARBOUR RESOURCES LTD,,,2392110.0,1043847.47,0.33034587,AUD,Energy,Canada,Equities,equity,web_csv
2026-07-22,URNM-ASX,AEE AT,AURA ENERGY LTD,,,9651661.0,1013424.4,0.3207179,AUD,Energy,Australia,Equities,equity,web_csv
2026-07-22,URNM-ASX,FUU CV,F3 URANIUM CORP,,,6219485.0,915187.06,0.28962877,AUD,Energy,Canada,Equities,equity,web_csv
2026-07-22,URNM-ASX,WUC CF,WESTERN URANIUM & VANADIUM COR,,,1624492.0,840766.11,0.26607681,AUD,Energy,Canada,Equities,equity,web_csv
2026-07-22,URNM-ASX,FNUC UR,FRONTIER NUCLEAR AND MINERALS,,,315060.0,820093.25,0.25953449,AUD,Materials,Australia,Equities,equity,web_csv
2026-07-22,URNM-ASX,STUD CV,STALLION URANIUM CORP,,,3400508.0,793704.93,0.25118339,AUD,Energy,Canada,Equities,equity,web_csv
2026-07-22,URNM-ASX,PUR CV,PREMIER AMERICAN URANIUM INC,,,1624492.0,774823.67,0.24520804,AUD,,Canada,Equities,equity,web_csv
2026-07-22,URNM-ASX,CVV CV,CANALASKA URANIUM LTD,,,2082164.0,739554.9,0.23404656,AUD,Energy,Canada,Equities,equity,web_csv
2026-07-22,URNM-ASX,AUD,AUD - AUSTRALIA DOLLAR,CASH,,475492.75,475492.75,0.15047894,AUD,,,Cash,cash,web_csv
2026-07-22,URNM-ASX,HKD,HKD - HONG KONG DOLLAR,CASH,,372380.56,67914.24,0.02149278,AUD,,,Cash,cash,web_csv
2026-07-22,URNM-ASX,USD,USD - UNITED STATES DOLLAR,CASH,,20711.48,29621.68,0.00937436,AUD,,,Cash,cash,web_csv
2026-07-22,URNM-ASX,CAD,CAD - CANADA DOLLAR,CASH,,13845.33,14050.47,0.00444654,AUD,,,Cash,cash,web_csv
2026-07-22,URNM-ASX,GBP,GBP - BRITISH POUND,CASH,,2213.49,4232.78,0.00133955,AUD,,,Cash,cash,web_csv
2026-07-22,URNM-ASX,EUR,EUR - EURO,CASH,,12.05,19.66,6.22e-06,AUD,,,Cash,cash,web_csv
2026-07-22,URNM-ASX,"Total weights may not add up to 100% due to rounding or immateriality. Holdings, weights and values are subject to change.",,,,,,,AUD,,,,derivative,web_csv
2026-07-22,URNM-ASX,"Betashares makes no representation or warranty of any kind, either express or implied, with respect to the holdings data,",,,,,,,AUD,,,,derivative,web_csv
2026-07-22,URNM-ASX,"its timeliness, the information's use or any other matter.",,,,,,,AUD,,,,derivative,web_csv
2026-07-23,URNM-ASX,KAP LI,NAC KAZATOMPROM JSC,,,508943.0,48564657.05,15.21106573,AUD,Energy,Kazakhstan,Equities,equity,web_csv
2026-07-23,URNM-ASX,CCJ UN,CAMECO CORP,,,355968.0,45628671.89,14.29147799,AUD,Energy,Canada,Equities,equity,web_csv
2026-07-23,URNM-ASX,U-U CT,SPROTT PHYSICAL URANIUM TRUST,,,1660261.0,44738382.43,14.01262805,AUD,,,Equities,equity,web_csv
2026-07-23,URNM-ASX,PDN AT,PALADIN ENERGY LTD,,,1557591.0,15871852.29,4.97126518,AUD,Energy,Australia,Equities,equity,web_csv
2026-07-23,URNM-ASX,DNN UA,DENISON MINES CORP,,,3352713.0,14865666.77,4.65611513,AUD,Energy,Canada,Equities,equity,web_csv
2026-07-23,URNM-ASX,NXE UN,NEXGEN ENERGY LTD,,,1041756.0,14006677.74,4.38706888,AUD,Energy,Canada,Equities,equity,web_csv
2026-07-23,URNM-ASX,DYL AT,DEEP YELLOW LTD,,,9231754.0,13155249.45,4.12039076,AUD,Energy,Australia,Equities,equity,web_csv
2026-07-23,URNM-ASX,YCA LN,YELLOW CAKE PLC,,,1265895.0,12950116.01,4.05614036,AUD,Industrials,Britain,Equities,equity,web_csv
2026-07-23,URNM-ASX,UEC UA,URANIUM ENERGY CORP,,,889104.0,12541099.61,3.92803125,AUD,Energy,United States,Equities,equity,web_csv
2026-07-23,URNM-ASX,UUUU UA,ENERGY FUELS INC/CANADA,,,643818.0,11095213.34,3.47516136,AUD,Energy,United States,Equities,equity,web_csv
2026-07-23,URNM-ASX,1164 HK,CGN MINING CO LTD,,,23891328.0,11060800.0,3.46438266,AUD,Energy,China,Equities,equity,web_csv
2026-07-23,URNM-ASX,ISO CT,ISOENERGY LTD,,,651707.0,9391700.96,2.9415997,AUD,Energy,Canada,Equities,equity,web_csv
2026-07-23,URNM-ASX,CXU AT,CAULDRON ENERGY LTD,,,46553645.0,7215814.98,2.26008465,AUD,Energy,Australia,Equities,equity,web_csv
2026-07-23,URNM-ASX,URG UA,UR-ENERGY INC,,,3757726.0,6955756.26,2.17863097,AUD,Energy,United States,Equities,equity,web_csv
2026-07-23,URNM-ASX,BMN AT,BANNERMAN ENERGY LTD,,,1966143.0,6822516.21,2.13689849,AUD,Energy,Australia,Equities,equity,web_csv
2026-07-23,URNM-ASX,BOE AT,BOSS ENERGY LTD,,,3930230.0,5384415.1,1.68646701,AUD,Energy,Australia,Equities,equity,web_csv
2026-07-23,URNM-ASX,URC CT,URANIUM ROYALTY CORP,,,734082.0,3261921.65,1.02167518,AUD,Energy,Canada,Equities,equity,web_csv
2026-07-23,URNM-ASX,SASK CV,ATHA ENERGY CORP,,,2994410.0,3204372.71,1.00365012,AUD,Energy,Canada,Equities,equity,web_csv
2026-07-23,URNM-ASX,EU CV,ENCORE ENERGY CORP,,,1771312.0,3123083.73,0.97818938,AUD,Energy,Canada,Equities,equity,web_csv
2026-07-23,URNM-ASX,GLO CT,GLOBAL ATOMIC CORP,,,3857638.0,2358930.7,0.73884697,AUD,Materials,Canada,Equities,equity,web_csv
2026-07-23,URNM-ASX,AGE AT,ALLIGATOR ENERGY LTD,,,42008093.0,2226428.93,0.69734574,AUD,Energy,Australia,Equities,equity,web_csv
2026-07-23,URNM-ASX,MGA CT,MEGA URANIUM LTD,,,3604601.0,1947042.94,0.60983851,AUD,Energy,Canada,Equities,equity,web_csv
2026-07-23,URNM-ASX,BKY LN,BERKELEY ENERGIA LTD,,,4074625.0,1946005.9,0.6095137,AUD,Energy,Australia,Equities,equity,web_csv
2026-07-23,URNM-ASX,LOT AT,LOTUS RESOURCES LTD,,,2576290.0,1700351.4,0.5325716,AUD,Energy,Australia,Equities,equity,web_csv
2026-07-23,URNM-ASX,AEU AT,ATOMIC EAGLE LTD,,,3698395.0,1442374.05,0.45176982,AUD,Energy,Australia,Equities,equity,web_csv
2026-07-23,URNM-ASX,NUCL UR,EAGLE NUCLEAR ENERGY CORP,,,164379.0,1417589.02,0.44400684,AUD,Energy,United States,Equities,equity,web_csv
2026-07-23,URNM-ASX,FSY CT,FORSYS METALS CORP,,,3065943.0,1359238.9,0.42573084,AUD,Energy,Canada,Equities,equity,web_csv
2026-07-23,URNM-ASX,LAM CT,LARAMIDE RESOURCES LTD,,,2682945.0,1353503.64,0.42393449,AUD,Energy,Canada,Equities,equity,web_csv
2026-07-23,URNM-ASX,JAGU UA,JAGUAR URANIUM CORP,,,493137.0,1224174.21,0.38342687,AUD,Energy,Canada,Equities,equity,web_csv
2026-07-23,URNM-ASX,PEN AT,PENINSULA ENERGY LTD,,,4396870.0,1143186.2,0.3580604,AUD,Energy,Australia,Equities,equity,web_csv
2026-07-23,URNM-ASX,EL8 AT,ELEVATE URANIUM LTD,,,4411603.0,1102900.75,0.34544248,AUD,Energy,Australia,Equities,equity,web_csv
2026-07-23,URNM-ASX,AEC CV,ANFIELD ENERGY INC,,,150198.0,981216.04,0.30732929,AUD,Energy,Canada,Equities,equity,web_csv
2026-07-23,URNM-ASX,SYH CV,SKYHARBOUR RESOURCES LTD,,,2392110.0,975177.33,0.30543789,AUD,Energy,Canada,Equities,equity,web_csv
2026-07-23,URNM-ASX,AEE AT,AURA ENERGY LTD,,,9651661.0,965166.1,0.30230225,AUD,Energy,Australia,Equities,equity,web_csv
2026-07-23,URNM-ASX,FUU CV,F3 URANIUM CORP,,,6219485.0,855717.97,0.26802171,AUD,Energy,Canada,Equities,equity,web_csv
2026-07-23,URNM-ASX,WUC CF,WESTERN URANIUM & VANADIUM COR,,,1624492.0,844364.98,0.26446581,AUD,Energy,Canada,Equities,equity,web_csv
2026-07-23,URNM-ASX,STUD CV,STALLION URANIUM CORP,,,3400508.0,797102.36,0.24966256,AUD,Energy,Canada,Equities,equity,web_csv
2026-07-23,URNM-ASX,FNUC UR,FRONTIER NUCLEAR AND MINERALS,,,315060.0,791153.68,0.24779935,AUD,Materials,Australia,Equities,equity,web_csv
2026-07-23,URNM-ASX,PUR CV,PREMIER AMERICAN URANIUM INC,,,1624492.0,769862.19,0.24113059,AUD,,Canada,Equities,equity,web_csv
2026-07-23,URNM-ASX,CVV CV,CANALASKA URANIUM LTD,,,2082164.0,721499.96,0.22598293,AUD,Energy,Canada,Equities,equity,web_csv
2026-07-23,URNM-ASX,USD,USD - UNITED STATES DOLLAR,CASH,,1358217.25,1948941.38,0.61043313,AUD,,,Cash,cash,web_csv
2026-07-23,URNM-ASX,AUD,AUD - AUSTRALIA DOLLAR,CASH,,475492.75,475492.75,0.14893035,AUD,,,Cash,cash,web_csv
2026-07-23,URNM-ASX,HKD,HKD - HONG KONG DOLLAR,CASH,,372380.56,68141.66,0.02134283,AUD,,,Cash,cash,web_csv
2026-07-23,URNM-ASX,CAD,CAD - CANADA DOLLAR,CASH,,13845.33,14110.61,0.00441962,AUD,,,Cash,cash,web_csv
2026-07-23,URNM-ASX,GBP,GBP - BRITISH POUND,CASH,,2213.49,4228.58,0.00132444,AUD,,,Cash,cash,web_csv
2026-07-23,URNM-ASX,EUR,EUR - EURO,CASH,,12.05,19.66,6.16e-06,AUD,,,Cash,cash,web_csv
2026-07-23,URNM-ASX,"Total weights may not add up to 100% due to rounding or immateriality. Holdings, weights and values are subject to change.",,,,,,,AUD,,,,derivative,web_csv
2026-07-23,URNM-ASX,"Betashares makes no representation or warranty of any kind, either express or implied, with respect to the holdings data,",,,,,,,AUD,,,,derivative,web_csv
2026-07-23,URNM-ASX,"its timeliness, the information's use or any other matter.",,,,,,,AUD,,,,derivative,web_csv
2026-07-24,URNM-ASX,KAP LI,NAC KAZATOMPROM JSC,,,511355.0,47332759.71,15.26657352,AUD,Energy,Kazakhstan,Equities,equity,web_csv
2026-07-24,URNM-ASX,U-U CT,SPROTT PHYSICAL URANIUM TRUST,,,1668130.0,45160448.15,14.56592234,AUD,,,Equities,equity,web_csv
2026-07-24,URNM-ASX,CCJ UN,CAMECO CORP,,,357655.0,45025889.53,14.52252218,AUD,Energy,Canada,Equities,equity,web_csv
2026-07-24,URNM-ASX,PDN AT,PALADIN ENERGY LTD,,,1564974.0,15148948.32,4.88609865,AUD,Energy,Australia,Equities,equity,web_csv
2026-07-24,URNM-ASX,DNN UA,DENISON MINES CORP,,,3368604.0,14045905.77,4.53032645,AUD,Energy,Canada,Equities,equity,web_csv
2026-07-24,URNM-ASX,NXE UN,NEXGEN ENERGY LTD,,,1046694.0,13707956.96,4.4213254,AUD,Energy,Canada,Equities,equity,web_csv
2026-07-24,URNM-ASX,YCA LN,YELLOW CAKE PLC,,,1271895.0,13020620.67,4.19963391,AUD,Industrials,Britain,Equities,equity,web_csv
2026-07-24,URNM-ASX,DYL AT,DEEP YELLOW LTD,,,9275511.0,12429184.74,4.00887385,AUD,Energy,Australia,Equities,equity,web_csv
2026-07-24,URNM-ASX,UEC UA,URANIUM ENERGY CORP,,,893318.0,12172881.76,3.92620662,AUD,Energy,United States,Equities,equity,web_csv
2026-07-24,URNM-ASX,1164 HK,CGN MINING CO LTD,,,24004569.0,10739024.55,3.4637344,AUD,Energy,China,Equities,equity,web_csv
2026-07-24,URNM-ASX,UUUU UA,ENERGY FUELS INC/CANADA,,,646870.0,10473751.25,3.3781739,AUD,Energy,United States,Equities,equity,web_csv
2026-07-24,URNM-ASX,ISO CT,ISOENERGY LTD,,,654796.0,8880174.16,2.86418608,AUD,Energy,Canada,Equities,equity,web_csv
2026-07-24,URNM-ASX,CXU AT,CAULDRON ENERGY LTD,,,46774302.0,7016145.3,2.26296752,AUD,Energy,Australia,Equities,equity,web_csv
2026-07-24,URNM-ASX,URG UA,UR-ENERGY INC,,,3775537.0,6600021.69,2.1287522,AUD,Energy,United States,Equities,equity,web_csv
2026-07-24,URNM-ASX,BMN AT,BANNERMAN ENERGY LTD,,,1975462.0,6519024.6,2.10262763,AUD,Energy,Australia,Equities,equity,web_csv
2026-07-24,URNM-ASX,BOE AT,BOSS ENERGY LTD,,,3948858.0,5133515.4,1.65574944,AUD,Energy,Australia,Equities,equity,web_csv
2026-07-24,URNM-ASX,URC CT,URANIUM ROYALTY CORP,,,737562.0,3136161.46,1.01152858,AUD,Energy,Canada,Equities,equity,web_csv
2026-07-24,URNM-ASX,SASK CV,ATHA ENERGY CORP,,,3008603.0,3037133.65,0.97958844,AUD,Energy,Canada,Equities,equity,web_csv
2026-07-24,URNM-ASX,EU CV,ENCORE ENERGY CORP,,,1779708.0,2958013.7,0.95406932,AUD,Energy,Canada,Equities,equity,web_csv
2026-07-24,URNM-ASX,GLO CT,GLOBAL ATOMIC CORP,,,3875922.0,2252753.69,0.72659676,AUD,Materials,Canada,Equities,equity,web_csv
2026-07-24,URNM-ASX,AGE AT,ALLIGATOR ENERGY LTD,,,42207204.0,2194774.61,0.70789635,AUD,Energy,Australia,Equities,equity,web_csv
2026-07-24,URNM-ASX,MGA CT,MEGA URANIUM LTD,,,3604601.0,1948035.62,0.62831386,AUD,Energy,Canada,Equities,equity,web_csv
2026-07-24,URNM-ASX,BKY LN,BERKELEY ENERGIA LTD,,,4074625.0,1943740.82,0.62692863,AUD,Energy,Australia,Equities,equity,web_csv
2026-07-24,URNM-ASX,LOT AT,LOTUS RESOURCES LTD,,,2576290.0,1700351.4,0.5484265,AUD,Energy,Australia,Equities,equity,web_csv
2026-07-24,URNM-ASX,AEU AT,ATOMIC EAGLE LTD,,,3698395.0,1460866.02,0.47118357,AUD,Energy,Australia,Equities,equity,web_csv
2026-07-24,URNM-ASX,LAM CT,LARAMIDE RESOURCES LTD,,,2682945.0,1395229.89,0.45001347,AUD,Energy,Canada,Equities,equity,web_csv
2026-07-24,URNM-ASX,FSY CT,FORSYS METALS CORP,,,3065943.0,1344300.49,0.43358685,AUD,Energy,Canada,Equities,equity,web_csv
2026-07-24,URNM-ASX,NUCL UR,EAGLE NUCLEAR ENERGY CORP,,,164379.0,1269526.88,0.40946958,AUD,Energy,United States,Equities,equity,web_csv
2026-07-24,URNM-ASX,JAGU UA,JAGUAR URANIUM CORP,,,493137.0,1172958.05,0.37832255,AUD,Energy,Canada,Equities,equity,web_csv
2026-07-24,URNM-ASX,PEN AT,PENINSULA ENERGY LTD,,,4396870.0,1077233.15,0.34744771,AUD,Energy,Australia,Equities,equity,web_csv
2026-07-24,URNM-ASX,EL8 AT,ELEVATE URANIUM LTD,,,4411603.0,1014668.69,0.32726835,AUD,Energy,Australia,Equities,equity,web_csv
2026-07-24,URNM-ASX,AEC CV,ANFIELD ENERGY INC,,,150198.0,969464.0,0.31268816,AUD,Energy,Canada,Equities,equity,web_csv
2026-07-24,URNM-ASX,AEE AT,AURA ENERGY LTD,,,9651661.0,965166.1,0.31130193,AUD,Energy,Australia,Equities,equity,web_csv
2026-07-24,URNM-ASX,SYH CV,SKYHARBOUR RESOURCES LTD,,,2392110.0,951282.66,0.306824,AUD,Energy,Canada,Equities,equity,web_csv
2026-07-24,URNM-ASX,FUU CV,F3 URANIUM CORP,,,6219485.0,887863.67,0.28636902,AUD,Energy,Canada,Equities,equity,web_csv
2026-07-24,URNM-ASX,WUC CF,WESTERN URANIUM & VANADIUM COR,,,1624492.0,811666.24,0.26179252,AUD,Energy,Canada,Equities,equity,web_csv
2026-07-24,URNM-ASX,STUD CV,STALLION URANIUM CORP,,,3400508.0,780171.61,0.25163433,AUD,Energy,Canada,Equities,equity,web_csv
2026-07-24,URNM-ASX,CVV CV,CANALASKA URANIUM LTD,,,2082164.0,753714.92,0.24310106,AUD,Energy,Canada,Equities,equity,web_csv
2026-07-24,URNM-ASX,FNUC UR,FRONTIER NUCLEAR AND MINERALS,,,315060.0,751647.66,0.24243429,AUD,Materials,Australia,Equities,equity,web_csv
2026-07-24,URNM-ASX,PUR CV,PREMIER AMERICAN URANIUM INC,,,1624492.0,745407.77,0.2404217,AUD,,Canada,Equities,equity,web_csv
2026-07-24,URNM-ASX,USD,USD - UNITED STATES DOLLAR,CASH,,1345626.16,1928107.4,0.6218862700000001,AUD,,,Cash,cash,web_csv
2026-07-24,URNM-ASX,HKD,HKD - HONG KONG DOLLAR,CASH,,366321.52,66890.94,0.02157481,AUD,,,Cash,cash,web_csv
2026-07-24,URNM-ASX,CAD,CAD - CANADA DOLLAR,CASH,,13521.84,13787.95,0.00444713,AUD,,,Cash,cash,web_csv
2026-07-24,URNM-ASX,GBP,GBP - BRITISH POUND,CASH,,2745.56,5238.92,0.00168975,AUD,,,Cash,cash,web_csv
2026-07-24,URNM-ASX,AUD,AUD - AUSTRALIA DOLLAR,CASH,,91.98,91.98,2.967e-05,AUD,,,Cash,cash,web_csv
2026-07-24,URNM-ASX,EUR,EUR - EURO,CASH,,12.05,19.63,6.33e-06,AUD,,,Cash,cash,web_csv
2026-07-24,URNM-ASX,JPY,JPY - JAPANESE YEN,CASH,,-103000000.0,-900719.7,-0.29051557,AUD,,,Cash,cash,web_csv
2026-07-24,URNM-ASX,"Total weights may not add up to 100% due to rounding or immateriality. Holdings, weights and values are subject to change.",,,,,,,AUD,,,,derivative,web_csv
2026-07-24,URNM-ASX,"Betashares makes no representation or warranty of any kind, either express or implied, with respect to the holdings data,",,,,,,,AUD,,,,derivative,web_csv
2026-07-24,URNM-ASX,"its timeliness, the information's use or any other matter.",,,,,,,AUD,,,,derivative,web_csv
2026-07-27,URNM-ASX,KAP LI,NAC KAZATOMPROM JSC,,,511355.0,49021011.59,15.69569451,AUD,Energy,Kazakhstan,Equities,equity,web_csv
2026-07-27,URNM-ASX,CCJ UN,CAMECO CORP,,,357655.0,45723958.01,14.640034,AUD,Energy,Canada,Equities,equity,web_csv
2026-07-27,URNM-ASX,U-U CT,SPROTT PHYSICAL URANIUM TRUST,,,1668130.0,45294715.3,14.50259779,AUD,,,Equities,equity,web_csv
2026-07-27,URNM-ASX,PDN AT,PALADIN ENERGY LTD,,,1564974.0,14976801.18,4.79531712,AUD,Energy,Australia,Equities,equity,web_csv
2026-07-27,URNM-ASX,DNN UA,DENISON MINES CORP,,,3368604.0,14074007.27,4.50625786,AUD,Energy,Canada,Equities,equity,web_csv
2026-07-27,URNM-ASX,NXE UN,NEXGEN ENERGY LTD,,,1046694.0,13957916.84,4.46908768,AUD,Energy,Canada,Equities,equity,web_csv
2026-07-27,URNM-ASX,YCA LN,YELLOW CAKE PLC,,,1271895.0,13121171.34,4.20117599,AUD,Industrials,Britain,Equities,equity,web_csv
2026-07-27,URNM-ASX,UEC UA,URANIUM ENERGY CORP,,,893318.0,12666735.41,4.05567333,AUD,Energy,United States,Equities,equity,web_csv
2026-07-27,URNM-ASX,DYL AT,DEEP YELLOW LTD,,,9275511.0,12475562.3,3.99446295,AUD,Energy,Australia,Equities,equity,web_csv
2026-07-27,URNM-ASX,UUUU UA,ENERGY FUELS INC/CANADA,,,646870.0,10838242.52,3.470221,AUD,Energy,United States,Equities,equity,web_csv
2026-07-27,URNM-ASX,1164 HK,CGN MINING CO LTD,,,24004569.0,10817208.9,3.46348639,AUD,Energy,China,Equities,equity,web_csv
2026-07-27,URNM-ASX,ISO CT,ISOENERGY LTD,,,654796.0,9055689.36,2.89947778,AUD,Energy,Canada,Equities,equity,web_csv
2026-07-27,URNM-ASX,CXU AT,CAULDRON ENERGY LTD,,,46774302.0,6782273.79,2.17156876,AUD,Energy,Australia,Equities,equity,web_csv
2026-07-27,URNM-ASX,URG UA,UR-ENERGY INC,,,3775537.0,6644599.38,2.12748776,AUD,Energy,United States,Equities,equity,web_csv
2026-07-27,URNM-ASX,BMN AT,BANNERMAN ENERGY LTD,,,1975462.0,6400496.88,2.04933029,AUD,Energy,Australia,Equities,equity,web_csv
2026-07-27,URNM-ASX,BOE AT,BOSS ENERGY LTD,,,3948858.0,5074282.53,1.624699,AUD,Energy,Australia,Equities,equity,web_csv
2026-07-27,URNM-ASX,SASK CV,ATHA ENERGY CORP,,,3008603.0,3109194.59,0.99551125,AUD,Energy,Canada,Equities,equity,web_csv
2026-07-27,URNM-ASX,EU CV,ENCORE ENERGY CORP,,,1779708.0,3011258.72,0.96415385,AUD,Energy,Canada,Equities,equity,web_csv
2026-07-27,URNM-ASX,URC CT,URANIUM ROYALTY CORP,,,737562.0,2862069.36,0.91638595,AUD,Energy,Canada,Equities,equity,web_csv
2026-07-27,URNM-ASX,GLO CT,GLOBAL ATOMIC CORP,,,3875922.0,2238374.41,0.71668943,AUD,Materials,Canada,Equities,equity,web_csv
2026-07-27,URNM-ASX,AGE AT,ALLIGATOR ENERGY LTD,,,42207204.0,2194774.61,0.70272952,AUD,Energy,Australia,Equities,equity,web_csv
2026-07-27,URNM-ASX,BKY LN,BERKELEY ENERGIA LTD,,,4074625.0,1937087.59,0.62022251,AUD,Energy,Australia,Equities,equity,web_csv
2026-07-27,URNM-ASX,MGA CT,MEGA URANIUM LTD,,,3604601.0,1935601.35,0.61974664,AUD,Energy,Canada,Equities,equity,web_csv
2026-07-27,URNM-ASX,AEU AT,ATOMIC EAGLE LTD,,,3698395.0,1460866.02,0.46774447,AUD,Energy,Australia,Equities,equity,web_csv
2026-07-27,URNM-ASX,LAM CT,LARAMIDE RESOURCES LTD,,,2682945.0,1359141.34,0.43517395,AUD,Energy,Canada,Equities,equity,web_csv
2026-07-27,URNM-ASX,FSY CT,FORSYS METALS CORP,,,3065943.0,1304656.6,0.41772886,AUD,Energy,Canada,Equities,equity,web_csv
2026-07-27,URNM-ASX,NUCL UR,EAGLE NUCLEAR ENERGY CORP,,,164379.0,1294758.04,0.41455951,AUD,Energy,United States,Equities,equity,web_csv
2026-07-27,URNM-ASX,LOT AT,LOTUS RESOURCES LTD,,,5152580.0,1288145.0,0.41244213,AUD,Energy,Australia,Equities,equity,web_csv
2026-07-27,URNM-ASX,JAGU UA,JAGUAR URANIUM CORP,,,493137.0,1171279.75,0.37502386,AUD,Energy,Canada,Equities,equity,web_csv
2026-07-27,URNM-ASX,PEN AT,PENINSULA ENERGY LTD,,,4396870.0,1077233.15,0.34491174,AUD,Energy,Australia,Equities,equity,web_csv
2026-07-27,URNM-ASX,EL8 AT,ELEVATE URANIUM LTD,,,4411603.0,1014668.69,0.32487966,AUD,Energy,Australia,Equities,equity,web_csv
2026-07-27,URNM-ASX,AEE AT,AURA ENERGY LTD,,,9651661.0,965166.1,0.30902978,AUD,Energy,Australia,Equities,equity,web_csv
2026-07-27,URNM-ASX,AEC CV,ANFIELD ENERGY INC,,,150198.0,935884.19,0.29965421,AUD,Energy,Canada,Equities,equity,web_csv
2026-07-27,URNM-ASX,SYH CV,SKYHARBOUR RESOURCES LTD,,,2392110.0,933092.55,0.29876037,AUD,Energy,Canada,Equities,equity,web_csv
2026-07-27,URNM-ASX,WUC CF,WESTERN URANIUM & VANADIUM COR,,,1624492.0,921697.59,0.2951119,AUD,Energy,Canada,Equities,equity,web_csv
2026-07-27,URNM-ASX,FUU CV,F3 URANIUM CORP,,,6219485.0,850689.44,0.2723763,AUD,Energy,Canada,Equities,equity,web_csv
2026-07-27,URNM-ASX,CVV CV,CANALASKA URANIUM LTD,,,2082164.0,791095.74,0.25329541,AUD,Energy,Canada,Equities,equity,web_csv
2026-07-27,URNM-ASX,FNUC UR,FRONTIER NUCLEAR AND MINERALS,,,315060.0,766349.98,0.24537223,AUD,Materials,Australia,Equities,equity,web_csv
2026-07-27,URNM-ASX,STUD CV,STALLION URANIUM CORP,,,3400508.0,757965.31,0.24268761,AUD,Energy,Canada,Equities,equity,web_csv
2026-07-27,URNM-ASX,PUR CV,PREMIER AMERICAN URANIUM INC,,,1624492.0,707732.08,0.22660378,AUD,,Canada,Equities,equity,web_csv
2026-07-27,URNM-ASX,USD,USD - UNITED STATES DOLLAR,CASH,,1320179.01,1888938.35,0.60480595,AUD,,,Cash,cash,web_csv
2026-07-27,URNM-ASX,HKD,HKD - HONG KONG DOLLAR,CASH,,366321.52,66832.36,0.02139858,AUD,,,Cash,cash,web_csv
2026-07-27,URNM-ASX,CAD,CAD - CANADA DOLLAR,CASH,,13521.84,13699.94,0.00438649,AUD,,,Cash,cash,web_csv
2026-07-27,URNM-ASX,GBP,GBP - BRITISH POUND,CASH,,2745.56,5220.99,0.00167167,AUD,,,Cash,cash,web_csv
2026-07-27,URNM-ASX,EUR,EUR - EURO,CASH,,12.05,19.61,6.28e-06,AUD,,,Cash,cash,web_csv
2026-07-27,URNM-ASX,AUD,AUD - AUSTRALIA DOLLAR,CASH,,-566691.8200000001,-566691.8200000001,-0.18144509,AUD,,,Cash,cash,web_csv
2026-07-27,URNM-ASX,JPY,JPY - JAPANESE YEN,CASH,,-103000000.0,-900082.14,-0.288191,AUD,,,Cash,cash,web_csv
2026-07-27,URNM-ASX,"Total weights may not add up to 100% due to rounding or immateriality. Holdings, weights and values are subject to change.",,,,,,,AUD,,,,derivative,web_csv
2026-07-27,URNM-ASX,"Betashares makes no representation or warranty of any kind, either express or implied, with respect to the holdings data,",,,,,,,AUD,,,,derivative,web_csv
2026-07-27,URNM-ASX,"its timeliness, the information's use or any other matter.",,,,,,,AUD,,,,derivative,web_csv
2026-07-28,URNM-ASX,KAP LI,NAC KAZATOMPROM JSC,,,511355.0,46333528.32,15.29012864,AUD,Energy,Kazakhstan,Equities,equity,web_csv
2026-07-28,URNM-ASX,CCJ UN,CAMECO CORP,,,357655.0,44590220.5,14.71483464,AUD,Energy,Canada,Equities,equity,web_csv
2026-07-28,URNM-ASX,U-U CT,SPROTT PHYSICAL URANIUM TRUST,,,1668130.0,43928497.1,14.49646501,AUD,,,Equities,equity,web_csv
2026-07-28,URNM-ASX,PDN AT,PALADIN ENERGY LTD,,,1564974.0,14319512.1,4.72545886,AUD,Energy,Australia,Equities,equity,web_csv
2026-07-28,URNM-ASX,NXE UN,NEXGEN ENERGY LTD,,,1046694.0,13775843.61,4.54604751,AUD,Energy,Canada,Equities,equity,web_csv
2026-07-28,URNM-ASX,DNN UA,DENISON MINES CORP,,,3368604.0,13281234.41,4.38282579,AUD,Energy,Canada,Equities,equity,web_csv
2026-07-28,URNM-ASX,YCA LN,YELLOW CAKE PLC,,,1271895.0,13136306.45,4.33499936,AUD,Industrials,Britain,Equities,equity,web_csv
2026-07-28,URNM-ASX,DYL AT,DEEP YELLOW LTD,,,9275511.0,12197296.96,4.02512493,AUD,Energy,Australia,Equities,equity,web_csv
2026-07-28,URNM-ASX,UEC UA,URANIUM ENERGY CORP,,,893318.0,12090210.64,3.98978629,AUD,Energy,United States,Equities,equity,web_csv
2026-07-28,URNM-ASX,UUUU UA,ENERGY FUELS INC/CANADA,,,646870.0,10507580.07,3.46751601,AUD,Energy,United States,Equities,equity,web_csv
2026-07-28,URNM-ASX,1164 HK,CGN MINING CO LTD,,,24004569.0,10269240.46,3.3888636,AUD,Energy,China,Equities,equity,web_csv
2026-07-28,URNM-ASX,ISO CT,ISOENERGY LTD,,,654796.0,8831327.29,2.91435026,AUD,Energy,Canada,Equities,equity,web_csv
2026-07-28,URNM-ASX,CXU AT,CAULDRON ENERGY LTD,,,46774302.0,7250016.81,2.39251561,AUD,Energy,Australia,Equities,equity,web_csv
2026-07-28,URNM-ASX,URG UA,UR-ENERGY INC,,,3775537.0,6549677.09,2.16140253,AUD,Energy,United States,Equities,equity,web_csv
2026-07-28,URNM-ASX,BMN AT,BANNERMAN ENERGY LTD,,,1975462.0,5748594.42,1.89704414,AUD,Energy,Australia,Equities,equity,web_csv
2026-07-28,URNM-ASX,BOE AT,BOSS ENERGY LTD,,,3948858.0,4837351.05,1.59633256,AUD,Energy,Australia,Equities,equity,web_csv
2026-07-28,URNM-ASX,SASK CV,ATHA ENERGY CORP,,,3008603.0,2996677.45,0.98890772,AUD,Energy,Canada,Equities,equity,web_csv
2026-07-28,URNM-ASX,UROY UR,URANIUM ROYALTY CORP,,,737562.0,2939673.63,0.97009638,AUD,,United States,Equities,equity,web_csv
2026-07-28,URNM-ASX,EU CV,ENCORE ENERGY CORP,,,1779708.0,2930304.87,0.96700467,AUD,Energy,Canada,Equities,equity,web_csv
2026-07-28,URNM-ASX,GLO CT,GLOBAL ATOMIC CORP,,,3875922.0,2284820.37,0.75399389,AUD,Materials,Canada,Equities,equity,web_csv
2026-07-28,URNM-ASX,AGE AT,ALLIGATOR ENERGY LTD,,,42207204.0,2194774.61,0.72427867,AUD,Energy,Australia,Equities,equity,web_csv
2026-07-28,URNM-ASX,BKY LN,BERKELEY ENERGIA LTD,,,4074625.0,1941111.04,0.64056934,AUD,Energy,Australia,Equities,equity,web_csv
2026-07-28,URNM-ASX,MGA CT,MEGA URANIUM LTD,,,3604601.0,1868428.2,0.6165839,AUD,Energy,Canada,Equities,equity,web_csv
2026-07-28,URNM-ASX,LOT AT,LOTUS RESOURCES LTD,,,5152580.0,1623062.7,0.53561294,AUD,Energy,Australia,Equities,equity,web_csv
2026-07-28,URNM-ASX,AEU AT,ATOMIC EAGLE LTD,,,3698395.0,1460866.02,0.48208782,AUD,Energy,Australia,Equities,equity,web_csv
2026-07-28,URNM-ASX,FSY CT,FORSYS METALS CORP,,,3065943.0,1339928.34,0.44217821,AUD,Energy,Canada,Equities,equity,web_csv
2026-07-28,URNM-ASX,LAM CT,LARAMIDE RESOURCES LTD,,,2682945.0,1336155.15,0.44093305,AUD,Energy,Canada,Equities,equity,web_csv
2026-07-28,URNM-ASX,NUCL UR,EAGLE NUCLEAR ENERGY CORP,,,164379.0,1282038.37,0.42307444,AUD,Energy,United States,Equities,equity,web_csv
2026-07-28,URNM-ASX,JAGU UA,JAGUAR URANIUM CORP,,,493137.0,1152420.52,0.38030037,AUD,Energy,Canada,Equities,equity,web_csv
2026-07-28,URNM-ASX,PEN AT,PENINSULA ENERGY LTD,,,4396870.0,1033264.45,0.3409787,AUD,Energy,Australia,Equities,equity,web_csv
2026-07-28,URNM-ASX,AEE AT,AURA ENERGY LTD,,,9651661.0,1013424.4,0.33443146,AUD,Energy,Australia,Equities,equity,web_csv
2026-07-28,URNM-ASX,EL8 AT,ELEVATE URANIUM LTD,,,4411603.0,970552.66,0.32028372,AUD,Energy,Australia,Equities,equity,web_csv
2026-07-28,URNM-ASX,SYH CV,SKYHARBOUR RESOURCES LTD,,,2392110.0,899563.68,0.29685726,AUD,Energy,Canada,Equities,equity,web_csv
2026-07-28,URNM-ASX,AEC CV,ANFIELD ENERGY INC,,,150198.0,894562.74,0.29520695,AUD,Energy,Canada,Equities,equity,web_csv
2026-07-28,URNM-ASX,FUU CV,F3 URANIUM CORP,,,6219485.0,853369.73,0.28161319,AUD,Energy,Canada,Equities,equity,web_csv
2026-07-28,URNM-ASX,WUC CF,WESTERN URANIUM & VANADIUM COR,,,1624492.0,825537.15,0.2724284,AUD,Energy,Canada,Equities,equity,web_csv
2026-07-28,URNM-ASX,STUD CV,STALLION URANIUM CORP,,,3400508.0,777634.21,0.25662037,AUD,Energy,Canada,Equities,equity,web_csv
2026-07-28,URNM-ASX,CVV CV,CANALASKA URANIUM LTD,,,2082164.0,761844.74,0.25140982,AUD,Energy,Canada,Equities,equity,web_csv
2026-07-28,URNM-ASX,PUR CV,PREMIER AMERICAN URANIUM INC,,,1624492.0,751238.8,0.24790985,AUD,,Canada,Equities,equity,web_csv
2026-07-28,URNM-ASX,FNUC UR,FRONTIER NUCLEAR AND MINERALS,,,315060.0,740786.24,0.24446049,AUD,Materials,Australia,Equities,equity,web_csv
2026-07-28,URNM-ASX,USD,USD - UNITED STATES DOLLAR,CASH,,1320179.01,1892729.7699999998,0.6246034500000001,AUD,,,Cash,cash,web_csv
2026-07-28,URNM-ASX,HKD,HKD - HONG KONG DOLLAR,CASH,,366321.52,66971.65,0.02210073,AUD,,,Cash,cash,web_csv
2026-07-28,URNM-ASX,CAD,CAD - CANADA DOLLAR,CASH,,13521.84,13743.1,0.00453524,AUD,,,Cash,cash,web_csv
2026-07-28,URNM-ASX,GBP,GBP - BRITISH POUND,CASH,,2745.56,5231.83,0.00172651,AUD,,,Cash,cash,web_csv
2026-07-28,URNM-ASX,EUR,EUR - EURO,CASH,,12.05,19.67,6.49e-06,AUD,,,Cash,cash,web_csv
2026-07-28,URNM-ASX,AUD,AUD - AUSTRALIA DOLLAR,CASH,,-566691.8200000001,-566691.8200000001,-0.18700909,AUD,,,Cash,cash,web_csv
2026-07-28,URNM-ASX,JPY,JPY - JAPANESE YEN,CASH,,-103000000.0,-901452.83,-0.29748068,AUD,,,Cash,cash,web_csv
2026-07-28,URNM-ASX,"Total weights may not add up to 100% due to rounding or immateriality. Holdings, weights and values are subject to change.",,,,,,,AUD,,,,derivative,web_csv
2026-07-28,URNM-ASX,"Betashares makes no representation or warranty of any kind, either express or implied, with respect to the holdings data,",,,,,,,AUD,,,,derivative,web_csv
2026-07-28,URNM-ASX,"its timeliness, the information's use or any other matter.",,,,,,,AUD,,,,derivative,web_csv
2026-07-29,URNM-ASX,KAP LI,NAC KAZATOMPROM JSC,,,511355.0,45978546.25,15.35302962,AUD,Energy,Kazakhstan,Equities,equity,web_csv
2026-07-29,URNM-ASX,U-U CT,SPROTT PHYSICAL URANIUM TRUST,,,1668130.0,43808441.65,14.62839426,AUD,,,Equities,equity,web_csv
2026-07-29,URNM-ASX,CCJ UN,CAMECO CORP,,,357655.0,43514434.4,14.53022017,AUD,Energy,Canada,Equities,equity,web_csv
2026-07-29,URNM-ASX,PDN AT,PALADIN ENERGY LTD,,,1564974.0,13865669.64,4.62998624,AUD,Energy,Australia,Equities,equity,web_csv
2026-07-29,URNM-ASX,NXE UN,NEXGEN ENERGY LTD,,,1046694.0,13446953.56,4.49016972,AUD,Energy,Canada,Equities,equity,web_csv
2026-07-29,URNM-ASX,YCA LN,YELLOW CAKE PLC,,,1271895.0,13179564.19,4.4008838,AUD,Industrials,Britain,Equities,equity,web_csv
2026-07-29,URNM-ASX,DNN UA,DENISON MINES CORP,,,3368604.0,13036318.17,4.35305148,AUD,Energy,Canada,Equities,equity,web_csv
2026-07-29,URNM-ASX,DYL AT,DEEP YELLOW LTD,,,9275511.0,11779898.97,3.93351144,AUD,Energy,Australia,Equities,equity,web_csv
2026-07-29,URNM-ASX,UEC UA,URANIUM ENERGY CORP,,,893318.0,11617889.11,3.87941356,AUD,Energy,United States,Equities,equity,web_csv
2026-07-29,URNM-ASX,1164 HK,CGN MINING CO LTD,,,24004569.0,10526001.74,3.51481353,AUD,Energy,China,Equities,equity,web_csv
2026-07-29,URNM-ASX,UUUU UA,ENERGY FUELS INC/CANADA,,,646870.0,9994797.58,3.3374353,AUD,Energy,United States,Equities,equity,web_csv
2026-07-29,URNM-ASX,ISO CT,ISOENERGY LTD,,,654796.0,8758716.17,2.9246864,AUD,Energy,Canada,Equities,equity,web_csv
2026-07-29,URNM-ASX,CXU AT,CAULDRON ENERGY LTD,,,46774302.0,7016145.3,2.34281193,AUD,Energy,Australia,Equities,equity,web_csv
2026-07-29,URNM-ASX,URG UA,UR-ENERGY INC,,,3775537.0,6409342.05,2.14018986,AUD,Energy,United States,Equities,equity,web_csv
2026-07-29,URNM-ASX,BMN AT,BANNERMAN ENERGY LTD,,,1975462.0,5926386.0,1.9789225,AUD,Energy,Australia,Equities,equity,web_csv
2026-07-29,URNM-ASX,BOE AT,BOSS ENERGY LTD,,,3948858.0,4797862.47,1.60208903,AUD,Energy,Australia,Equities,equity,web_csv
2026-07-29,URNM-ASX,UROY UR,URANIUM ROYALTY CORP,,,737562.0,3215095.47,1.07357583,AUD,,United States,Equities,equity,web_csv
2026-07-29,URNM-ASX,SASK CV,ATHA ENERGY CORP,,,3008603.0,2951419.25,0.98552979,AUD,Energy,Canada,Equities,equity,web_csv
2026-07-29,URNM-ASX,EU CV,ENCORE ENERGY CORP,,,1779708.0,2746126.18,0.9169789,AUD,Energy,Canada,Equities,equity,web_csv
2026-07-29,URNM-ASX,AGE AT,ALLIGATOR ENERGY LTD,,,42207204.0,2194774.61,0.7328731,AUD,Energy,Australia,Equities,equity,web_csv
2026-07-29,URNM-ASX,GLO CT,GLOBAL ATOMIC CORP,,,3875922.0,2178374.31,0.72739675,AUD,Materials,Canada,Equities,equity,web_csv
2026-07-29,URNM-ASX,BKY LN,BERKELEY ENERGIA LTD,,,4074625.0,1952907.82,0.65210961,AUD,Energy,Australia,Equities,equity,web_csv
2026-07-29,URNM-ASX,MGA CT,MEGA URANIUM LTD,,,3604601.0,1952215.95,0.65187858,AUD,Energy,Canada,Equities,equity,web_csv
2026-07-29,URNM-ASX,LOT AT,LOTUS RESOURCES LTD,,,5152580.0,1777640.1,0.59358469,AUD,Energy,Australia,Equities,equity,web_csv
2026-07-29,URNM-ASX,AEU AT,ATOMIC EAGLE LTD,,,3698395.0,1479358.0,0.49398315,AUD,Energy,Australia,Equities,equity,web_csv
2026-07-29,URNM-ASX,FSY CT,FORSYS METALS CORP,,,3065943.0,1409845.03,0.47077157,AUD,Energy,Canada,Equities,equity,web_csv
2026-07-29,URNM-ASX,LAM CT,LARAMIDE RESOURCES LTD,,,2682945.0,1370807.79,0.45773636,AUD,Energy,Canada,Equities,equity,web_csv
2026-07-29,URNM-ASX,NUCL UR,EAGLE NUCLEAR ENERGY CORP,,,164379.0,1329031.77,0.44378663,AUD,Energy,United States,Equities,equity,web_csv
2026-07-29,URNM-ASX,JAGU UA,JAGUAR URANIUM CORP,,,493137.0,1120927.15,0.37429691,AUD,Energy,Canada,Equities,equity,web_csv
2026-07-29,URNM-ASX,PEN AT,PENINSULA ENERGY LTD,,,4396870.0,1033264.45,0.34502482,AUD,Energy,Australia,Equities,equity,web_csv
2026-07-29,URNM-ASX,EL8 AT,ELEVATE URANIUM LTD,,,4411603.0,1014668.69,0.33881538,AUD,Energy,Australia,Equities,equity,web_csv
2026-07-29,URNM-ASX,AEE AT,AURA ENERGY LTD,,,9651661.0,965166.1,0.32228561,AUD,Energy,Australia,Equities,equity,web_csv
2026-07-29,URNM-ASX,FUU CV,F3 URANIUM CORP,,,6219485.0,921546.42,0.30772024,AUD,Energy,Canada,Equities,equity,web_csv
2026-07-29,URNM-ASX,SYH CV,SKYHARBOUR RESOURCES LTD,,,2392110.0,904435.62,0.30200665,AUD,Energy,Canada,Equities,equity,web_csv
2026-07-29,URNM-ASX,AEC CV,ANFIELD ENERGY INC,,,150198.0,899407.6,0.30032771,AUD,Energy,Canada,Equities,equity,web_csv
2026-07-29,URNM-ASX,PUR CV,PREMIER AMERICAN URANIUM INC,,,1624492.0,896408.83,0.29932637,AUD,,Canada,Equities,equity,web_csv
2026-07-29,URNM-ASX,STUD CV,STALLION URANIUM CORP,,,3400508.0,816594.5,0.27267499,AUD,Energy,Canada,Equities,equity,web_csv
2026-07-29,URNM-ASX,CVV CV,CANALASKA URANIUM LTD,,,2082164.0,787247.78,0.26287561,AUD,Energy,Canada,Equities,equity,web_csv
2026-07-29,URNM-ASX,WUC CF,WESTERN URANIUM & VANADIUM COR,,,1624492.0,722107.11,0.24112402,AUD,Energy,Canada,Equities,equity,web_csv
2026-07-29,URNM-ASX,FNUC UR,FRONTIER NUCLEAR AND MINERALS,,,315060.0,666290.03,0.22248573,AUD,Materials,Australia,Equities,equity,web_csv
2026-07-29,URNM-ASX,USD,USD - UNITED STATES DOLLAR,CASH,,1320179.01,1899264.86,0.63419729,AUD,,,Cash,cash,web_csv
2026-07-29,URNM-ASX,HKD,HKD - HONG KONG DOLLAR,CASH,,366321.52,67210.02,0.02244259,AUD,,,Cash,cash,web_csv
2026-07-29,URNM-ASX,CAD,CAD - CANADA DOLLAR,CASH,,13521.84,13817.54,0.00461391,AUD,,,Cash,cash,web_csv
2026-07-29,URNM-ASX,GBP,GBP - BRITISH POUND,CASH,,2745.56,5263.63,0.00175762,AUD,,,Cash,cash,web_csv
2026-07-29,URNM-ASX,EUR,EUR - EURO,CASH,,12.05,19.8,6.61e-06,AUD,,,Cash,cash,web_csv
2026-07-29,URNM-ASX,AUD,AUD - AUSTRALIA DOLLAR,CASH,,-566691.8200000001,-566691.8200000001,-0.18922818000000002,AUD,,,Cash,cash,web_csv
2026-07-29,URNM-ASX,JPY,JPY - JAPANESE YEN,CASH,,-103000000.0,-906115.84,-0.30256771,AUD,,,Cash,cash,web_csv
2026-07-29,URNM-ASX,"Total weights may not add up to 100% due to rounding or immateriality. Holdings, weights and values are subject to change.",,,,,,,AUD,,,,derivative,web_csv
2026-07-29,URNM-ASX,"Betashares makes no representation or warranty of any kind, either express or implied, with respect to the holdings data,",,,,,,,AUD,,,,derivative,web_csv
2026-07-29,URNM-ASX,"its timeliness, the information's use or any other matter.",,,,,,,AUD,,,,derivative,web_csv
2026-07-30,URNM-ASX,KAP LI,NAC KAZATOMPROM JSC,,,511355.0,46625683.5,15.35643137,AUD,Energy,Kazakhstan,Equities,equity,web_csv
2026-07-30,URNM-ASX,CCJ UN,CAMECO CORP,,,357655.0,44887483.14,14.78394529,AUD,Energy,Canada,Equities,equity,web_csv
2026-07-30,URNM-ASX,U-U CT,SPROTT PHYSICAL URANIUM TRUST,,,1668130.0,44022216.94,14.498965,AUD,,,Equities,equity,web_csv
2026-07-30,URNM-ASX,DNN UA,DENISON MINES CORP,,,3368604.0,13991925.58,4.60831946,AUD,Energy,Canada,Equities,equity,web_csv
2026-07-30,URNM-ASX,NXE UN,NEXGEN ENERGY LTD,,,1046694.0,13876512.2,4.57030742,AUD,Energy,Canada,Equities,equity,web_csv
2026-07-30,URNM-ASX,PDN AT,PALADIN ENERGY LTD,,,1564974.0,13771771.2,4.53581038,AUD,Energy,Australia,Equities,equity,web_csv
2026-07-30,URNM-ASX,YCA LN,YELLOW CAKE PLC,,,1271895.0,13393628.12,4.41126683,AUD,Industrials,Britain,Equities,equity,web_csv
2026-07-30,URNM-ASX,UEC UA,URANIUM ENERGY CORP,,,893318.0,12376838.29,4.07638137,AUD,Energy,United States,Equities,equity,web_csv
2026-07-30,URNM-ASX,DYL AT,DEEP YELLOW LTD,,,9275511.0,11269745.86,3.71175425,AUD,Energy,Australia,Equities,equity,web_csv
2026-07-30,URNM-ASX,UUUU UA,ENERGY FUELS INC/CANADA,,,646870.0,10775032.29,3.54881755,AUD,Energy,United States,Equities,equity,web_csv
2026-07-30,URNM-ASX,1164 HK,CGN MINING CO LTD,,,24004569.0,10188585.63,3.35566804,AUD,Energy,China,Equities,equity,web_csv
2026-07-30,URNM-ASX,ISO CT,ISOENERGY LTD,,,654796.0,9072755.39,2.98816307,AUD,Energy,Canada,Equities,equity,web_csv
2026-07-30,URNM-ASX,URG UA,UR-ENERGY INC,,,3775537.0,6713259.25,2.21104973,AUD,Energy,United States,Equities,equity,web_csv
2026-07-30,URNM-ASX,CXU AT,CAULDRON ENERGY LTD,,,46774302.0,6314530.77,2.07972626,AUD,Energy,Australia,Equities,equity,web_csv
2026-07-30,URNM-ASX,BMN AT,BANNERMAN ENERGY LTD,,,1975462.0,5669575.94,1.86730676,AUD,Energy,Australia,Equities,equity,web_csv
2026-07-30,URNM-ASX,BOE AT,BOSS ENERGY LTD,,,3948858.0,4679396.73,1.54118566,AUD,Energy,Australia,Equities,equity,web_csv
2026-07-30,URNM-ASX,UROY UR,URANIUM ROYALTY CORP,,,737562.0,3588139.46,1.18177393,AUD,,United States,Equities,equity,web_csv
2026-07-30,URNM-ASX,SASK CV,ATHA ENERGY CORP,,,3008603.0,3119624.95,1.02746604,AUD,Energy,Canada,Equities,equity,web_csv
2026-07-30,URNM-ASX,EU CV,ENCORE ENERGY CORP,,,1779708.0,2876624.7,0.94743254,AUD,Energy,Canada,Equities,equity,web_csv
2026-07-30,URNM-ASX,AGE AT,ALLIGATOR ENERGY LTD,,,42207204.0,2194774.61,0.72286137,AUD,Energy,Australia,Equities,equity,web_csv
2026-07-30,URNM-ASX,GLO CT,GLOBAL ATOMIC CORP,,,3875922.0,2127679.05,0.70076307,AUD,Materials,Canada,Equities,equity,web_csv
2026-07-30,URNM-ASX,MGA CT,MEGA URANIUM LTD,,,3604601.0,1978737.97,0.65170849,AUD,Energy,Canada,Equities,equity,web_csv
2026-07-30,URNM-ASX,BKY LN,BERKELEY ENERGIA LTD,,,4074625.0,1952121.9,0.64294234,AUD,Energy,Australia,Equities,equity,web_csv
2026-07-30,URNM-ASX,AEU AT,ATOMIC EAGLE LTD,,,3698395.0,1516341.95,0.49941576,AUD,Energy,Australia,Equities,equity,web_csv
2026-07-30,URNM-ASX,LAM CT,LARAMIDE RESOURCES LTD,,,2682945.0,1390974.84,0.45812539,AUD,Energy,Canada,Equities,equity,web_csv
2026-07-30,URNM-ASX,FSY CT,FORSYS METALS CORP,,,3065943.0,1371368.22,0.45166784,AUD,Energy,Canada,Equities,equity,web_csv
2026-07-30,URNM-ASX,NUCL UR,EAGLE NUCLEAR ENERGY CORP,,,164379.0,1349170.46,0.44435689,AUD,Energy,United States,Equities,equity,web_csv
2026-07-30,URNM-ASX,LOT AT,LOTUS RESOURCES LTD,,,5152580.0,1313907.9,0.43274296,AUD,Energy,Australia,Equities,equity,web_csv
2026-07-30,URNM-ASX,JAGU UA,JAGUAR URANIUM CORP,,,493137.0,1080271.66,0.35579355,AUD,Energy,Canada,Equities,equity,web_csv
2026-07-30,URNM-ASX,EL8 AT,ELEVATE URANIUM LTD,,,4411603.0,992610.68,0.32692191,AUD,Energy,Australia,Equities,equity,web_csv
2026-07-30,URNM-ASX,PEN AT,PENINSULA ENERGY LTD,,,4396870.0,989295.75,0.32583013,AUD,Energy,Australia,Equities,equity,web_csv
2026-07-30,URNM-ASX,AEE AT,AURA ENERGY LTD,,,9651661.0,965166.1,0.31788289,AUD,Energy,Australia,Equities,equity,web_csv
2026-07-30,URNM-ASX,FUU CV,F3 URANIUM CORP,,,6219485.0,948381.37,0.31235474,AUD,Energy,Canada,Equities,equity,web_csv
2026-07-30,URNM-ASX,SYH CV,SKYHARBOUR RESOURCES LTD,,,2392110.0,936222.78,0.30835024,AUD,Energy,Canada,Equities,equity,web_csv
2026-07-30,URNM-ASX,PUR CV,PREMIER AMERICAN URANIUM INC,,,1624492.0,891761.39,0.29370663,AUD,,Canada,Equities,equity,web_csv
2026-07-30,URNM-ASX,AEC CV,ANFIELD ENERGY INC,,,150198.0,848938.58,0.2796027,AUD,Energy,Canada,Equities,equity,web_csv
2026-07-30,URNM-ASX,CVV CV,CANALASKA URANIUM LTD,,,2082164.0,825499.6,0.27188294,AUD,Energy,Canada,Equities,equity,web_csv
2026-07-30,URNM-ASX,STUD CV,STALLION URANIUM CORP,,,3400508.0,795076.59,0.26186295,AUD,Energy,Canada,Equities,equity,web_csv
2026-07-30,URNM-ASX,WUC CF,WESTERN URANIUM & VANADIUM COR,,,1624492.0,776162.69,0.25563355,AUD,Energy,Canada,Equities,equity,web_csv
2026-07-30,URNM-ASX,FNUC UR,FRONTIER NUCLEAR AND MINERALS,,,315060.0,690174.11,0.22731273,AUD,Materials,Australia,Equities,equity,web_csv
2026-07-30,URNM-ASX,USD,USD - UNITED STATES DOLLAR,CASH,,1320179.01,1877921.78,0.61850411,AUD,,,Cash,cash,web_csv
2026-07-30,URNM-ASX,HKD,HKD - HONG KONG DOLLAR,CASH,,366321.52,66445.65,0.02188425,AUD,,,Cash,cash,web_csv
2026-07-30,URNM-ASX,CAD,CAD - CANADA DOLLAR,CASH,,13521.84,13745.9,0.00452729,AUD,,,Cash,cash,web_csv
2026-07-30,URNM-ASX,GBP,GBP - BRITISH POUND,CASH,,2745.56,5261.51,0.00173291,AUD,,,Cash,cash,web_csv
2026-07-30,URNM-ASX,EUR,EUR - EURO,CASH,,12.05,19.76,6.51e-06,AUD,,,Cash,cash,web_csv
2026-07-30,URNM-ASX,AUD,AUD - AUSTRALIA DOLLAR,CASH,,-566691.8200000001,-566691.8200000001,-0.18664315,AUD,,,Cash,cash,web_csv
2026-07-30,URNM-ASX,JPY,JPY - JAPANESE YEN,CASH,,-103000000.0,-921502.32,-0.30350198,AUD,,,Cash,cash,web_csv
2026-07-30,URNM-ASX,"Total weights may not add up to 100% due to rounding or immateriality. Holdings, weights and values are subject to change.",,,,,,,AUD,,,,derivative,web_csv
2026-07-30,URNM-ASX,"Betashares makes no representation or warranty of any kind, either express or implied, with respect to the holdings data,",,,,,,,AUD,,,,derivative,web_csv
2026-07-30,URNM-ASX,"its timeliness, the information's use or any other matter.",,,,,,,AUD,,,,derivative,web_csv
2026-07-31,URNM-ASX,KAP LI,NAC KAZATOMPROM JSC,,,513674.0,46325066.53,15.32667164,AUD,Energy,Kazakhstan,Equities,equity,web_csv
2026-07-31,URNM-ASX,CCJ UN,CAMECO CORP,,,359277.0,44214770.28,14.62847906,AUD,Energy,Canada,Equities,equity,web_csv
2026-07-31,URNM-ASX,U-U CT,SPROTT PHYSICAL URANIUM TRUST,,,1675696.0,43453422.52,14.37658677,AUD,,,Equities,equity,web_csv
2026-07-31,URNM-ASX,PDN AT,PALADIN ENERGY LTD,,,1572072.0,14808918.24,4.89953807,AUD,Energy,Australia,Equities,equity,web_csv
2026-07-31,URNM-ASX,NXE UN,NEXGEN ENERGY LTD,,,1051441.0,13706632.21,4.53484618,AUD,Energy,Canada,Equities,equity,web_csv
2026-07-31,URNM-ASX,DNN UA,DENISON MINES CORP,,,3383882.0,13547098.48,4.48206437,AUD,Energy,Canada,Equities,equity,web_csv
2026-07-31,URNM-ASX,YCA LN,YELLOW CAKE PLC,,,1277663.0,13414395.7,4.43815959,AUD,Industrials,Britain,Equities,equity,web_csv
2026-07-31,URNM-ASX,DYL AT,DEEP YELLOW LTD,,,9317579.0,12299204.28,4.06919794,AUD,Energy,Australia,Equities,equity,web_csv
2026-07-31,URNM-ASX,UEC UA,URANIUM ENERGY CORP,,,897370.0,12273474.85,4.06068535,AUD,Energy,United States,Equities,equity,web_csv
2026-07-31,URNM-ASX,1164 HK,CGN MINING CO LTD,,,24113438.0,10593733.2,3.50494197,AUD,Energy,China,Equities,equity,web_csv
2026-07-31,URNM-ASX,UUUU UA,ENERGY FUELS INC/CANADA,,,649803.0,10590890.9,3.5040016,AUD,Energy,United States,Equities,equity,web_csv
2026-07-31,URNM-ASX,ISO CT,ISOENERGY LTD,,,657765.0,8702079.35,2.87908734,AUD,Energy,Canada,Equities,equity,web_csv
2026-07-31,URNM-ASX,URG UA,UR-ENERGY INC,,,3792660.0,6592171.53,2.18102328,AUD,Energy,United States,Equities,equity,web_csv
2026-07-31,URNM-ASX,BMN AT,BANNERMAN ENERGY LTD,,,1984421.0,6131860.89,2.02872927,AUD,Energy,Australia,Equities,equity,web_csv
2026-07-31,URNM-ASX,CXU AT,CAULDRON ENERGY LTD,,,46986440.0,5873305.0,1.94318592,AUD,Energy,Australia,Equities,equity,web_csv
2026-07-31,URNM-ASX,BOE AT,BOSS ENERGY LTD,,,3966768.0,4839456.96,1.60113678,AUD,Energy,Australia,Equities,equity,web_csv
2026-07-31,URNM-ASX,UROY UR,URANIUM ROYALTY CORP,,,740907.0,3588949.71,1.18740582,AUD,,United States,Equities,equity,web_csv
2026-07-31,URNM-ASX,SASK CV,ATHA ENERGY CORP,,,3022248.0,3007211.94,0.99493759,AUD,Energy,Canada,Equities,equity,web_csv
2026-07-31,URNM-ASX,EU CV,ENCORE ENERGY CORP,,,1787780.0,2759087.83,0.9128456,AUD,Energy,Canada,Equities,equity,web_csv
2026-07-31,URNM-ASX,AGE AT,ALLIGATOR ENERGY LTD,,,42398629.0,2204728.71,0.72943561,AUD,Energy,Australia,Equities,equity,web_csv
2026-07-31,URNM-ASX,GLO CT,GLOBAL ATOMIC CORP,,,3893501.0,2134724.89,0.70627481,AUD,Materials,Canada,Equities,equity,web_csv
2026-07-31,URNM-ASX,BKY LN,BERKELEY ENERGIA LTD,,,4112505.0,2034683.28,0.67317599,AUD,Energy,Australia,Equities,equity,web_csv
2026-07-31,URNM-ASX,MGA CT,MEGA URANIUM LTD,,,3638111.0,1920822.13,0.63550497,AUD,Energy,Canada,Equities,equity,web_csv
2026-07-31,URNM-ASX,AEU AT,ATOMIC EAGLE LTD,,,3698395.0,1756737.62,0.58121753,AUD,Energy,Australia,Equities,equity,web_csv
2026-07-31,URNM-ASX,FSY CT,FORSYS METALS CORP,,,3094446.0,1539525.37,0.50935275,AUD,Energy,Canada,Equities,equity,web_csv
2026-07-31,URNM-ASX,NUCL UR,EAGLE NUCLEAR ENERGY CORP,,,165907.0,1347300.04,0.4457549,AUD,Energy,United States,Equities,equity,web_csv
2026-07-31,URNM-ASX,LAM CT,LARAMIDE RESOURCES LTD,,,2707888.0,1347207.96,0.44572443,AUD,Energy,Canada,Equities,equity,web_csv
2026-07-31,URNM-ASX,LOT AT,LOTUS RESOURCES LTD,,,5221543.0,1253170.32,0.41461203,AUD,Energy,Australia,Equities,equity,web_csv
2026-07-31,URNM-ASX,PEN AT,PENINSULA ENERGY LTD,,,4451566.0,1224180.65,0.40502079,AUD,Energy,Australia,Equities,equity,web_csv
2026-07-31,URNM-ASX,JAGU UA,JAGUAR URANIUM CORP,,,497722.0,1198390.34,0.39648805,AUD,Energy,Canada,Equities,equity,web_csv
2026-07-31,URNM-ASX,AEE AT,AURA ENERGY LTD,,,9741389.0,1168966.68,0.38675322,AUD,Energy,Australia,Equities,equity,web_csv
2026-07-31,URNM-ASX,EL8 AT,ELEVATE URANIUM LTD,,,4452616.0,957312.44,0.3167273,AUD,Energy,Australia,Equities,equity,web_csv
2026-07-31,URNM-ASX,PUR CV,PREMIER AMERICAN URANIUM INC,,,1639595.0,932250.18,0.30843544,AUD,,Canada,Equities,equity,web_csv
2026-07-31,URNM-ASX,SYH CV,SKYHARBOUR RESOURCES LTD,,,2414348.0,907004.53,0.30008291,AUD,Energy,Canada,Equities,equity,web_csv
2026-07-31,URNM-ASX,AEC CV,ANFIELD ENERGY INC,,,151594.0,849628.27,0.28109994,AUD,Energy,Canada,Equities,equity,web_csv
2026-07-31,URNM-ASX,FUU CV,F3 URANIUM CORP,,,6277306.0,828561.05,0.27412984,AUD,Energy,Canada,Equities,equity,web_csv
2026-07-31,URNM-ASX,CVV CV,CANALASKA URANIUM LTD,,,2101521.0,810821.38,0.26826066,AUD,Energy,Canada,Equities,equity,web_csv
2026-07-31,URNM-ASX,STUD CV,STALLION URANIUM CORP,,,3432121.0,766642.93,0.2536442,AUD,Energy,Canada,Equities,equity,web_csv
2026-07-31,URNM-ASX,FNUC UR,FRONTIER NUCLEAR AND MINERALS,,,317989.0,697682.09,0.23082847,AUD,Materials,Australia,Equities,equity,web_csv
2026-07-31,URNM-ASX,WUC CF,WESTERN URANIUM & VANADIUM COR,,,1639595.0,649245.66,0.21480325,AUD,Energy,Canada,Equities,equity,web_csv
2026-07-31,URNM-ASX,USD,USD - UNITED STATES DOLLAR,CASH,,1322162.4600000002,1883690.63,0.62321999,AUD,,,Cash,cash,web_csv
2026-07-31,URNM-ASX,CAD,CAD - CANADA DOLLAR,CASH,,10759.690000000002,10924.650000000023,0.003614430000000002,AUD,,,Cash,cash,web_csv
2026-07-31,URNM-ASX,GBP,GBP - BRITISH POUND,CASH,,898.0999999999985,1722.25,0.0005698100000000005,AUD,,,Cash,cash,web_csv
2026-07-31,URNM-ASX,HKD,HKD - HONG KONG DOLLAR,CASH,,2493.100000000035,452.6100000000006,0.0001497399999999989,AUD,,,Cash,cash,web_csv
2026-07-31,URNM-ASX,EUR,EUR - EURO,CASH,,12.05,19.78,6.55e-06,AUD,,,Cash,cash,web_csv
2026-07-31,URNM-ASX,JPY,JPY - JAPANESE YEN,CASH,,-113000000.0,-1023662.0,-0.33867908999999996,AUD,,,Cash,cash,web_csv
2026-07-31,URNM-ASX,AUD,AUD - AUSTRALIA DOLLAR,CASH,,-1873150.1,-1873150.1,-0.61973265,AUD,,,Cash,cash,web_csv
2026-07-31,URNM-ASX,"Total weights may not add up to 100% due to rounding or immateriality. Holdings, weights and values are subject to change.",,,,,,,AUD,,,,derivative,web_csv
2026-07-31,URNM-ASX,"Betashares makes no representation or warranty of any kind, either express or implied, with respect to the holdings data,",,,,,,,AUD,,,,derivative,web_csv
2026-07-31,URNM-ASX,"its timeliness, the information's use or any other matter.",,,,,,,AUD,,,,derivative,web_csv
2026-08-03,URNM-ASX,KAP LI,NAC KAZATOMPROM JSC,,,513674.0,49369125.86,15.86625662,AUD,Energy,Kazakhstan,Equities,equity,web_csv
2026-08-03,URNM-ASX,CCJ UN,CAMECO CORP,,,359277.0,46101734.04,14.81618177,AUD,Energy,Canada,Equities,equity,web_csv
2026-08-03,URNM-ASX,U-U CT,SPROTT PHYSICAL URANIUM TRUST,,,1675696.0,43559568.28,13.99918019,AUD,,,Equities,equity,web_csv
2026-08-03,URNM-ASX,PDN AT,PALADIN ENERGY LTD,,,1572072.0,14793197.52,4.7542399,AUD,Energy,Australia,Equities,equity,web_csv
2026-08-03,URNM-ASX,NXE UN,NEXGEN ENERGY LTD,,,1051441.0,14391147.55,4.62502903,AUD,Energy,Canada,Equities,equity,web_csv
2026-08-03,URNM-ASX,DNN UA,DENISON MINES CORP,,,3383882.0,13938186.73,4.47945641,AUD,Energy,Canada,Equities,equity,web_csv
2026-08-03,URNM-ASX,YCA LN,YELLOW CAKE PLC,,,1277663.0,13571552.75,4.36162753,AUD,Industrials,Britain,Equities,equity,web_csv
2026-08-03,URNM-ASX,UEC UA,URANIUM ENERGY CORP,,,897370.0,12795736.41,4.11229557,AUD,Energy,United States,Equities,equity,web_csv
2026-08-03,URNM-ASX,DYL AT,DEEP YELLOW LTD,,,9317579.0,12392380.07,3.98266485,AUD,Energy,Australia,Equities,equity,web_csv
2026-08-03,URNM-ASX,UUUU UA,ENERGY FUELS INC/CANADA,,,649803.0,11291628.22,3.62890507,AUD,Energy,United States,Equities,equity,web_csv
2026-08-03,URNM-ASX,1164 HK,CGN MINING CO LTD,,,24113438.0,10928071.31,3.5120651,AUD,Energy,China,Equities,equity,web_csv
2026-08-03,URNM-ASX,ISO CT,ISOENERGY LTD,,,657765.0,8723336.34,2.80350706,AUD,Energy,Canada,Equities,equity,web_csv
2026-08-03,URNM-ASX,URG UA,UR-ENERGY INC,,,3792660.0,6834598.97,2.19650438,AUD,Energy,United States,Equities,equity,web_csv
2026-08-03,URNM-ASX,BMN AT,BANNERMAN ENERGY LTD,,,1984421.0,6409679.83,2.05994381,AUD,Energy,Australia,Equities,equity,web_csv
2026-08-03,URNM-ASX,BOE AT,BOSS ENERGY LTD,,,3966768.0,4839456.96,1.55530536,AUD,Energy,Australia,Equities,equity,web_csv
2026-08-03,URNM-ASX,CXU AT,CAULDRON ENERGY LTD,,,46986440.0,4510698.24,1.44964884,AUD,Energy,Australia,Equities,equity,web_csv
2026-08-03,URNM-ASX,UROY UR,URANIUM ROYALTY CORP,,,740907.0,3613405.13,1.16127665,AUD,,United States,Equities,equity,web_csv
2026-08-03,URNM-ASX,SASK CV,ATHA ENERGY CORP,,,3022248.0,3014557.8,0.96881901,AUD,Energy,Canada,Equities,equity,web_csv
2026-08-03,URNM-ASX,EU CV,ENCORE ENERGY CORP,,,1787780.0,2765827.58,0.88888206,AUD,Energy,Canada,Equities,equity,web_csv
2026-08-03,URNM-ASX,AGE AT,ALLIGATOR ENERGY LTD,,,42398629.0,2247127.34,0.7221821,AUD,Energy,Australia,Equities,equity,web_csv
2026-08-03,URNM-ASX,GLO CT,GLOBAL ATOMIC CORP,,,3893501.0,2139939.48,0.68773405,AUD,Materials,Canada,Equities,equity,web_csv
2026-08-03,URNM-ASX,BKY LN,BERKELEY ENERGIA LTD,,,4112505.0,1973067.96,0.63410486,AUD,Energy,Australia,Equities,equity,web_csv
2026-08-03,URNM-ASX,MGA CT,MEGA URANIUM LTD,,,3638111.0,1925514.22,0.61882203,AUD,Energy,Canada,Equities,equity,web_csv
2026-08-03,URNM-ASX,AEU AT,ATOMIC EAGLE LTD,,,3698395.0,1590309.85,0.511094,AUD,Energy,Australia,Equities,equity,web_csv
2026-08-03,URNM-ASX,FSY CT,FORSYS METALS CORP,,,3094446.0,1543286.05,0.49598149,AUD,Energy,Canada,Equities,equity,web_csv
2026-08-03,URNM-ASX,NUCL UR,EAGLE NUCLEAR ENERGY CORP,,,165907.0,1464024.87,0.47050852,AUD,Energy,United States,Equities,equity,web_csv
2026-08-03,URNM-ASX,LAM CT,LARAMIDE RESOURCES LTD,,,2707888.0,1350498.85,0.43402351,AUD,Energy,Canada,Equities,equity,web_csv
2026-08-03,URNM-ASX,LOT AT,LOTUS RESOURCES LTD,,,5221543.0,1227062.6,0.39435355,AUD,Energy,Australia,Equities,equity,web_csv
2026-08-03,URNM-ASX,PEN AT,PENINSULA ENERGY LTD,,,4451566.0,1201922.82,0.38627412,AUD,Energy,Australia,Equities,equity,web_csv
2026-08-03,URNM-ASX,JAGU UA,JAGUAR URANIUM CORP,,,497722.0,1160307.29,0.37289972,AUD,Energy,Canada,Equities,equity,web_csv
2026-08-03,URNM-ASX,AEE AT,AURA ENERGY LTD,,,9741389.0,1120259.74,0.36002923,AUD,Energy,Australia,Equities,equity,web_csv
2026-08-03,URNM-ASX,EL8 AT,ELEVATE URANIUM LTD,,,4452616.0,1001838.6,0.32197103,AUD,Energy,Australia,Equities,equity,web_csv
2026-08-03,URNM-ASX,PUR CV,PREMIER AMERICAN URANIUM INC,,,1639595.0,934527.43,0.30033856,AUD,,Canada,Equities,equity,web_csv
2026-08-03,URNM-ASX,SYH CV,SKYHARBOUR RESOURCES LTD,,,2414348.0,909220.11,0.29220529,AUD,Energy,Canada,Equities,equity,web_csv
2026-08-03,URNM-ASX,AEC CV,ANFIELD ENERGY INC,,,151594.0,851703.69,0.27372065,AUD,Energy,Canada,Equities,equity,web_csv
2026-08-03,URNM-ASX,FUU CV,F3 URANIUM CORP,,,6277306.0,830585.02,0.26693353,AUD,Energy,Canada,Equities,equity,web_csv
2026-08-03,URNM-ASX,CVV CV,CANALASKA URANIUM LTD,,,2101521.0,812802.02,0.26121843,AUD,Energy,Canada,Equities,equity,web_csv
2026-08-03,URNM-ASX,STUD CV,STALLION URANIUM CORP,,,3432121.0,768515.64,0.24698567,AUD,Energy,Canada,Equities,equity,web_csv
2026-08-03,URNM-ASX,FNUC UR,FRONTIER NUCLEAR AND MINERALS,,,317989.0,732211.51,0.23531824,AUD,Materials,Australia,Equities,equity,web_csv
2026-08-03,URNM-ASX,WUC CF,WESTERN URANIUM & VANADIUM COR,,,1639595.0,650831.6,0.20916435,AUD,Energy,Canada,Equities,equity,web_csv
2026-08-03,URNM-ASX,USD,USD - UNITED STATES DOLLAR,CASH,,1322162.4600000002,1890964.61,0.60771848,AUD,,,Cash,cash,web_csv
2026-08-03,URNM-ASX,CAD,CAD - CANADA DOLLAR,CASH,,10759.69,10951.34,0.00351954,AUD,,,Cash,cash,web_csv
2026-08-03,URNM-ASX,AUD,AUD - AUSTRALIA DOLLAR,CASH,,3596.6699999999255,3596.6699999999255,0.0011558999999999875,AUD,,,Cash,cash,web_csv
2026-08-03,URNM-ASX,GBP,GBP - BRITISH POUND,CASH,,898.1,1723.54,0.00055391,AUD,,,Cash,cash,web_csv
2026-08-03,URNM-ASX,HKD,HKD - HONG KONG DOLLAR,CASH,,2493.1,454.67,0.00014612,AUD,,,Cash,cash,web_csv
2026-08-03,URNM-ASX,EUR,EUR - EURO,CASH,,12.05,19.82,6.37e-06,AUD,,,Cash,cash,web_csv
2026-08-03,URNM-ASX,JPY,JPY - JAPANESE YEN,CASH,,-113000000.0,-1029162.64,-0.33075244,AUD,,,Cash,cash,web_csv
2026-08-03,URNM-ASX,"Total weights may not add up to 100% due to rounding or immateriality. Holdings, weights and values are subject to change.",,,,,,,AUD,,,,derivative,web_csv
2026-08-03,URNM-ASX,"Betashares makes no representation or warranty of any kind, either express or implied, with respect to the holdings data,",,,,,,,AUD,,,,derivative,web_csv
2026-08-03,URNM-ASX,"its timeliness, the information's use or any other matter.",,,,,,,AUD,,,,derivative,web_csv
2026-08-04,URNM-ASX,KAP LI,NAC KAZATOMPROM JSC,,,513674.0,49835133.81,15.66169095,AUD,Energy,Kazakhstan,Equities,equity,web_csv
2026-08-04,URNM-ASX,CCJ UN,CAMECO CORP,,,359277.0,47507238.54,14.93010314,AUD,Energy,Canada,Equities,equity,web_csv
2026-08-04,URNM-ASX,U-U CT,SPROTT PHYSICAL URANIUM TRUST,,,1675696.0,44083018.13,13.85397316,AUD,,,Equities,equity,web_csv
2026-08-04,URNM-ASX,PDN AT,PALADIN ENERGY LTD,,,1572072.0,15076170.48,4.73798914,AUD,Energy,Australia,Equities,equity,web_csv
2026-08-04,URNM-ASX,NXE UN,NEXGEN ENERGY LTD,,,1051441.0,14576795.68,4.58105059,AUD,Energy,Canada,Equities,equity,web_csv
2026-08-04,URNM-ASX,DNN UA,DENISON MINES CORP,,,3383882.0,14323818.69,4.50154749,AUD,Energy,Canada,Equities,equity,web_csv
2026-08-04,URNM-ASX,YCA LN,YELLOW CAKE PLC,,,1277663.0,13517403.22,4.24811524,AUD,Industrials,Britain,Equities,equity,web_csv
2026-08-04,URNM-ASX,UEC UA,URANIUM ENERGY CORP,,,897370.0,13384069.6,4.20621248,AUD,Energy,United States,Equities,equity,web_csv
2026-08-04,URNM-ASX,DYL AT,DEEP YELLOW LTD,,,9317579.0,12625319.54,3.96776005,AUD,Energy,Australia,Equities,equity,web_csv
2026-08-04,URNM-ASX,UUUU UA,ENERGY FUELS INC/CANADA,,,649803.0,11869980.94,3.73037973,AUD,Energy,United States,Equities,equity,web_csv
2026-08-04,URNM-ASX,1164 HK,CGN MINING CO LTD,,,24113438.0,11507544.89,3.61647693,AUD,Energy,China,Equities,equity,web_csv
2026-08-04,URNM-ASX,ISO CT,ISOENERGY LTD,,,657765.0,8804728.35,2.76706259,AUD,Energy,Canada,Equities,equity,web_csv
2026-08-04,URNM-ASX,URG UA,UR-ENERGY INC,,,3792660.0,7003491.48,2.20098775,AUD,Energy,United States,Equities,equity,web_csv
2026-08-04,URNM-ASX,BMN AT,BANNERMAN ENERGY LTD,,,1984421.0,6727187.19,2.11415358,AUD,Energy,Australia,Equities,equity,web_csv
2026-08-04,URNM-ASX,BOE AT,BOSS ENERGY LTD,,,3966768.0,5156798.4,1.62062739,AUD,Energy,Australia,Equities,equity,web_csv
2026-08-04,URNM-ASX,CXU AT,CAULDRON ENERGY LTD,,,46986440.0,4087820.28,1.28467956,AUD,Energy,Australia,Equities,equity,web_csv
2026-08-04,URNM-ASX,UROY UR,URANIUM ROYALTY CORP,,,740907.0,3536147.05,1.11130518,AUD,Energy,United States,Equities,equity,web_csv
2026-08-04,URNM-ASX,SASK CV,ATHA ENERGY CORP,,,3022248.0,3172963.78,0.99716755,AUD,Energy,Canada,Equities,equity,web_csv
2026-08-04,URNM-ASX,EU CV,ENCORE ENERGY CORP,,,1787780.0,2977828.59,0.9358424,AUD,Energy,Canada,Equities,equity,web_csv
2026-08-04,URNM-ASX,GLO CT,GLOBAL ATOMIC CORP,,,3893501.0,2358268.32,0.74113315,AUD,Materials,Canada,Equities,equity,web_csv
2026-08-04,URNM-ASX,AGE AT,ALLIGATOR ENERGY LTD,,,42398629.0,2247127.34,0.70620486,AUD,Energy,Australia,Equities,equity,web_csv
2026-08-04,URNM-ASX,MGA CT,MEGA URANIUM LTD,,,3638111.0,2056674.9,0.64635136,AUD,Energy,Canada,Equities,equity,web_csv
2026-08-04,URNM-ASX,BKY LN,BERKELEY ENERGIA LTD,,,4112505.0,1884885.04,0.59236295,AUD,Energy,Australia,Equities,equity,web_csv
2026-08-04,URNM-ASX,AEU AT,ATOMIC EAGLE LTD,,,3698395.0,1627293.8,0.51140974,AUD,Energy,Australia,Equities,equity,web_csv
2026-08-04,URNM-ASX,NUCL UR,EAGLE NUCLEAR ENERGY CORP,,,165907.0,1578944.46,0.49621498,AUD,Energy,United States,Equities,equity,web_csv
2026-08-04,URNM-ASX,FSY CT,FORSYS METALS CORP,,,3094446.0,1530666.81,0.48104276,AUD,Energy,Canada,Equities,equity,web_csv
2026-08-04,URNM-ASX,LAM CT,LARAMIDE RESOURCES LTD,,,2707888.0,1448799.35,0.45531427,AUD,Energy,Canada,Equities,equity,web_csv
2026-08-04,URNM-ASX,PEN AT,PENINSULA ENERGY LTD,,,4451566.0,1268696.31,0.39871328,AUD,Energy,Australia,Equities,equity,web_csv
2026-08-04,URNM-ASX,LOT AT,LOTUS RESOURCES LTD,,,5221543.0,1253170.32,0.39383392,AUD,Energy,Australia,Equities,equity,web_csv
2026-08-04,URNM-ASX,JAGU UA,JAGUAR URANIUM CORP,,,497722.0,1152396.11,0.3621636,AUD,Energy,Canada,Equities,equity,web_csv
2026-08-04,URNM-ASX,EL8 AT,ELEVATE URANIUM LTD,,,4452616.0,1090890.92,0.34283436,AUD,Energy,Australia,Equities,equity,web_csv
2026-08-04,URNM-ASX,AEE AT,AURA ENERGY LTD,,,9741389.0,1071552.79,0.33675697,AUD,Energy,Australia,Equities,equity,web_csv
2026-08-04,URNM-ASX,SYH CV,SKYHARBOUR RESOURCES LTD,,,2414348.0,999275.87,0.3140425,AUD,Energy,Canada,Equities,equity,web_csv
2026-08-04,URNM-ASX,FUU CV,F3 URANIUM CORP,,,6277306.0,950530.89,0.29872341,AUD,Energy,Canada,Equities,equity,web_csv
2026-08-04,URNM-ASX,CVV CV,CANALASKA URANIUM LTD,,,2101521.0,912228.98,0.28668627,AUD,Energy,Canada,Equities,equity,web_csv
2026-08-04,URNM-ASX,PUR CV,PREMIER AMERICAN URANIUM INC,,,1639595.0,910334.39,0.28609085,AUD,,Canada,Equities,equity,web_csv
2026-08-04,URNM-ASX,AEC CV,ANFIELD ENERGY INC,,,151594.0,870754.96,0.27365222,AUD,Energy,Canada,Equities,equity,web_csv
2026-08-04,URNM-ASX,WUC CF,WESTERN URANIUM & VANADIUM COR,,,1639595.0,844128.26,0.26528425,AUD,Energy,Canada,Equities,equity,web_csv
2026-08-04,URNM-ASX,FNUC UR,FRONTIER NUCLEAR AND MINERALS,,,317989.0,754320.5,0.23706035,AUD,Materials,Australia,Equities,equity,web_csv
2026-08-04,URNM-ASX,STUD CV,STALLION URANIUM CORP,,,3432121.0,727584.71,0.2286581,AUD,Energy,Canada,Equities,equity,web_csv
2026-08-04,URNM-ASX,USD,USD - UNITED STATES DOLLAR,CASH,,1321975.3900000001,1877805.95,0.59013821,AUD,,,Cash,cash,web_csv
2026-08-04,URNM-ASX,AUD,AUD - AUSTRALIA DOLLAR,CASH,,14057.359999999986,14057.359999999986,0.004417809999999994,AUD,,,Cash,cash,web_csv
2026-08-04,URNM-ASX,CAD,CAD - CANADA DOLLAR,CASH,,10759.69,10861.79,0.00341354,AUD,,,Cash,cash,web_csv
2026-08-04,URNM-ASX,GBP,GBP - BRITISH POUND,CASH,,898.1,1715.11,0.00053901,AUD,,,Cash,cash,web_csv
2026-08-04,URNM-ASX,HKD,HKD - HONG KONG DOLLAR,CASH,,2493.15,451.53,0.0001419,AUD,,,Cash,cash,web_csv
2026-08-04,URNM-ASX,EUR,EUR - EURO,CASH,,12.05,19.73,6.2e-06,AUD,,,Cash,cash,web_csv
2026-08-04,URNM-ASX,JPY,JPY - JAPANESE YEN,CASH,,-113084355.0,-1019237.09,-0.32031571,AUD,,,Cash,cash,web_csv
2026-08-04,URNM-ASX,"Total weights may not add up to 100% due to rounding or immateriality. Holdings, weights and values are subject to change.",,,,,,,AUD,,,,derivative,web_csv
2026-08-04,URNM-ASX,"Betashares makes no representation or warranty of any kind, either express or implied, with respect to the holdings data,",,,,,,,AUD,,,,derivative,web_csv
2026-08-04,URNM-ASX,"its timeliness, the information's use or any other matter.",,,,,,,AUD,,,,derivative,web_csv
2026-08-06,URNM-ASX,KAP LI,NAC KAZATOMPROM JSC,,,512063.0,50601988.48,15.55718554,AUD,Energy,Kazakhstan,Equities,equity,web_csv
2026-08-06,URNM-ASX,CCJ UN,CAMECO CORP,,,358150.0,47675249.54,14.65738255,AUD,Energy,Canada,Equities,equity,web_csv
2026-08-06,URNM-ASX,U-U CT,SPROTT PHYSICAL URANIUM TRUST,,,1670438.0,46281487.04,14.22888117,AUD,,,Equities,equity,web_csv
2026-08-06,URNM-ASX,PDN AT,PALADIN ENERGY LTD,,,1567139.0,15404976.37,4.73613948,AUD,Energy,Australia,Equities,equity,web_csv
2026-08-06,URNM-ASX,NXE UN,NEXGEN ENERGY LTD,,,1048142.0,15245972.79,4.68725508,AUD,Energy,Canada,Equities,equity,web_csv
2026-08-06,URNM-ASX,DNN UA,DENISON MINES CORP,,,3373264.0,15012535.65,4.61548665,AUD,Energy,Canada,Equities,equity,web_csv
2026-08-06,URNM-ASX,UEC UA,URANIUM ENERGY CORP,,,894554.0,13686052.95,4.20766992,AUD,Energy,United States,Equities,equity,web_csv
2026-08-06,URNM-ASX,YCA LN,YELLOW CAKE PLC,,,1273654.0,13561176.5,4.16927764,AUD,Industrials,Britain,Equities,equity,web_csv
2026-08-06,URNM-ASX,DYL AT,DEEP YELLOW LTD,,,9288342.0,12771470.25,3.92648863,AUD,Energy,Australia,Equities,equity,web_csv
2026-08-06,URNM-ASX,UUUU UA,ENERGY FUELS INC/CANADA,,,647765.0,11881371.39,3.6528347,AUD,Energy,United States,Equities,equity,web_csv
2026-08-06,URNM-ASX,1164 HK,CGN MINING CO LTD,,,24037776.0,11480169.6,3.52948834,AUD,Energy,China,Equities,equity,web_csv
2026-08-06,URNM-ASX,ISO CT,ISOENERGY LTD,,,655701.0,9492597.41,2.91842482,AUD,Energy,Canada,Equities,equity,web_csv
2026-08-06,URNM-ASX,URG UA,UR-ENERGY INC,,,3780760.0,7042223.23,2.16507645,AUD,Energy,United States,Equities,equity,web_csv
2026-08-06,URNM-ASX,BMN AT,BANNERMAN ENERGY LTD,,,1978195.0,6626953.25,2.03740494,AUD,Energy,Australia,Equities,equity,web_csv
2026-08-06,URNM-ASX,BOE AT,BOSS ENERGY LTD,,,3954321.0,5259246.93,1.61691433,AUD,Energy,Australia,Equities,equity,web_csv
2026-08-06,URNM-ASX,CXU AT,CAULDRON ENERGY LTD,,,46839008.0,4496544.77,1.38242752,AUD,Energy,Australia,Equities,equity,web_csv
2026-08-06,URNM-ASX,UROY UR,URANIUM ROYALTY CORP,,,738582.0,4158658.78,1.27854711,AUD,Energy,United States,Equities,equity,web_csv
2026-08-06,URNM-ASX,SASK CV,ATHA ENERGY CORP,,,3012765.0,3178731.46,0.97727612,AUD,Energy,Canada,Equities,equity,web_csv
2026-08-06,URNM-ASX,EU CV,ENCORE ENERGY CORP,,,1782170.0,2929000.1,0.90049817,AUD,Energy,Canada,Equities,equity,web_csv
2026-08-06,URNM-ASX,GLO CT,GLOBAL ATOMIC CORP,,,3881284.0,2401930.85,0.73845485,AUD,Materials,Canada,Equities,equity,web_csv
2026-08-06,URNM-ASX,MGA CT,MEGA URANIUM LTD,,,3626696.0,2060413.68,0.63345807,AUD,Energy,Canada,Equities,equity,web_csv
2026-08-06,URNM-ASX,AGE AT,ALLIGATOR ENERGY LTD,,,42398629.0,1992735.56,0.61265096,AUD,Energy,Australia,Equities,equity,web_csv
2026-08-06,URNM-ASX,BKY LN,BERKELEY ENERGIA LTD,,,4099601.0,1960931.1,0.60287293,AUD,Energy,Australia,Equities,equity,web_csv
2026-08-06,URNM-ASX,AEU AT,ATOMIC EAGLE LTD,,,3721065.0,1655873.92,0.50908549,AUD,Energy,Australia,Equities,equity,web_csv
2026-08-06,URNM-ASX,NUCL UR,EAGLE NUCLEAR ENERGY CORP,,,165387.0,1648461.35,0.50680655,AUD,Energy,United States,Equities,equity,web_csv
2026-08-06,URNM-ASX,FSY CT,FORSYS METALS CORP,,,3084737.0,1627334.12,0.50031115,AUD,Energy,Canada,Equities,equity,web_csv
2026-08-06,URNM-ASX,LAM CT,LARAMIDE RESOURCES LTD,,,2699391.0,1533589.29,0.47149003,AUD,Energy,Canada,Equities,equity,web_csv
2026-08-06,URNM-ASX,LOT AT,LOTUS RESOURCES LTD,,,5205159.0,1223212.36,0.37606707,AUD,Energy,Australia,Equities,equity,web_csv
2026-08-06,URNM-ASX,PEN AT,PENINSULA ENERGY LTD,,,4437598.0,1220339.45,0.37518382,AUD,Energy,Australia,Equities,equity,web_csv
2026-08-06,URNM-ASX,JAGU UA,JAGUAR URANIUM CORP,,,496160.0,1206360.87,0.37088621,AUD,Energy,Canada,Equities,equity,web_csv
2026-08-06,URNM-ASX,EL8 AT,ELEVATE URANIUM LTD,,,4438645.0,1109661.25,0.34115667,AUD,Energy,Australia,Equities,equity,web_csv
2026-08-06,URNM-ASX,AEE AT,AURA ENERGY LTD,,,9710823.0,1019636.42,0.31347924,AUD,Energy,Australia,Equities,equity,web_csv
2026-08-06,URNM-ASX,SYH CV,SKYHARBOUR RESOURCES LTD,,,2406773.0,1001092.55,0.30777807,AUD,Energy,Canada,Equities,equity,web_csv
2026-08-06,URNM-ASX,FUU CV,F3 URANIUM CORP,,,6257609.0,952258.65,0.29276447,AUD,Energy,Canada,Equities,equity,web_csv
2026-08-06,URNM-ASX,PUR CV,PREMIER AMERICAN URANIUM INC,,,1634450.0,928570.56,0.28548175,AUD,,Canada,Equities,equity,web_csv
2026-08-06,URNM-ASX,AEC CV,ANFIELD ENERGY INC,,,151119.0,887672.73,0.27290804,AUD,Energy,Canada,Equities,equity,web_csv
2026-08-06,URNM-ASX,WUC CF,WESTERN URANIUM & VANADIUM COR,,,1634450.0,845662.47,0.25999231,AUD,Energy,Canada,Equities,equity,web_csv
2026-08-06,URNM-ASX,CVV CV,CANALASKA URANIUM LTD,,,2094927.0,828874.43,0.25483096,AUD,Energy,Canada,Equities,equity,web_csv
2026-08-06,URNM-ASX,FNUC UR,FRONTIER NUCLEAR AND MINERALS,,,316991.0,739179.92,0.22725509,AUD,Materials,Australia,Equities,equity,web_csv
2026-08-06,URNM-ASX,STUD CV,STALLION URANIUM CORP,,,3421352.0,676842.49,0.20808993,AUD,Energy,Canada,Equities,equity,web_csv
2026-08-06,URNM-ASX,USD,USD - UNITED STATES DOLLAR,CASH,,1384608.0,1968730.27,0.60527072,AUD,,,Cash,cash,web_csv
2026-08-06,URNM-ASX,CAD,CAD - CANADA DOLLAR,CASH,,18336.03,18602.04,0.00571905,AUD,,,Cash,cash,web_csv
2026-08-06,URNM-ASX,HKD,HKD - HONG KONG DOLLAR,CASH,,13565.77,2458.77,0.00075593,AUD,,,Cash,cash,web_csv
2026-08-06,URNM-ASX,GBP,GBP - BRITISH POUND,CASH,,782.36,1496.88,0.0004602,AUD,,,Cash,cash,web_csv
2026-08-06,URNM-ASX,EUR,EUR - EURO,CASH,,12.05,19.74,6.07e-06,AUD,,,Cash,cash,web_csv
2026-08-06,URNM-ASX,AUD,AUD - AUSTRALIA DOLLAR,CASH,,-18877.51000000001,-18877.51000000001,-0.005803749999999996,AUD,,,Cash,cash,web_csv
2026-08-06,URNM-ASX,JPY,JPY - JAPANESE YEN,CASH,,-113084355.0,-1015056.1,-0.31207106,AUD,,,Cash,cash,web_csv
2026-08-06,URNM-ASX,"Total weights may not add up to 100% due to rounding or immateriality. Holdings, weights and values are subject to change.",,,,,,,AUD,,,,derivative,web_csv
2026-08-06,URNM-ASX,"Betashares makes no representation or warranty of any kind, either express or implied, with respect to the holdings data,",,,,,,,AUD,,,,derivative,web_csv
2026-08-06,URNM-ASX,"its timeliness, the information's use or any other matter.",,,,,,,AUD,,,,derivative,web_csv
2026-08-07,URNM-ASX,KAP LI,NAC KAZATOMPROM JSC,,,515807.0,50361798.5,15.14938059,AUD,Energy,Kazakhstan,Equities,equity,web_csv
2026-08-07,URNM-ASX,CCJ UN,CAMECO CORP,,,360769.0,49717408.96,14.95554116,AUD,Energy,Canada,Equities,equity,web_csv
2026-08-07,URNM-ASX,U-U CT,SPROTT PHYSICAL URANIUM TRUST,,,1682651.0,46048805.14,13.85198495,AUD,,,Equities,equity,web_csv
2026-08-07,URNM-ASX,PDN AT,PALADIN ENERGY LTD,,,1578597.0,16022759.55,4.81982157,AUD,Energy,Australia,Equities,equity,web_csv
2026-08-07,URNM-ASX,NXE UN,NEXGEN ENERGY LTD,,,1055805.0,15582349.16,4.6873413,AUD,Energy,Canada,Equities,equity,web_csv
2026-08-07,URNM-ASX,DNN UA,DENISON MINES CORP,,,3397928.0,15482281.25,4.65723978,AUD,Energy,Canada,Equities,equity,web_csv
2026-08-07,URNM-ASX,UEC UA,URANIUM ENERGY CORP,,,901094.0,14357320.56,4.31883928,AUD,Energy,United States,Equities,equity,web_csv
2026-08-07,URNM-ASX,YCA LN,YELLOW CAKE PLC,,,1282967.0,13757965.46,4.1385467,AUD,Industrials,Britain,Equities,equity,web_csv
2026-08-07,URNM-ASX,UUUU UA,ENERGY FUELS INC/CANADA,,,652501.0,13055559.84,3.9272554,AUD,Energy,United States,Equities,equity,web_csv
2026-08-07,URNM-ASX,DYL AT,DEEP YELLOW LTD,,,9356254.0,13005193.06,3.91210452,AUD,Energy,Australia,Equities,equity,web_csv
2026-08-07,URNM-ASX,1164 HK,CGN MINING CO LTD,,,24213527.0,12008945.18,3.61242224,AUD,Energy,China,Equities,equity,web_csv
2026-08-07,URNM-ASX,ISO CT,ISOENERGY LTD,,,660496.0,9838743.05,2.95960167,AUD,Energy,Canada,Equities,equity,web_csv
2026-08-07,URNM-ASX,URG UA,UR-ENERGY INC,,,3808403.0,7544593.46,2.26949635,AUD,Energy,United States,Equities,equity,web_csv
2026-08-07,URNM-ASX,BMN AT,BANNERMAN ENERGY LTD,,,1992658.0,6755110.62,2.03201126,AUD,Energy,Australia,Equities,equity,web_csv
2026-08-07,URNM-ASX,BOE AT,BOSS ENERGY LTD,,,3983233.0,5317616.06,1.59959715,AUD,Energy,Australia,Equities,equity,web_csv
2026-08-07,URNM-ASX,UROY UR,URANIUM ROYALTY CORP,,,743982.0,4368933.49,1.31422305,AUD,Energy,United States,Equities,equity,web_csv
2026-08-07,URNM-ASX,CXU AT,CAULDRON ENERGY LTD,,,47181470.0,4199150.83,1.26315056,AUD,Energy,Australia,Equities,equity,web_csv
2026-08-07,URNM-ASX,SASK CV,ATHA ENERGY CORP,,,3034793.0,3295006.1,0.99117392,AUD,Energy,Canada,Equities,equity,web_csv
2026-08-07,URNM-ASX,EU CV,ENCORE ENERGY CORP,,,1795200.0,3133175.04,0.94249337,AUD,Energy,Canada,Equities,equity,web_csv
2026-08-07,URNM-ASX,GLO CT,GLOBAL ATOMIC CORP,,,3909662.0,2499327.31,0.75182503,AUD,Materials,Canada,Equities,equity,web_csv
2026-08-07,URNM-ASX,MGA CT,MEGA URANIUM LTD,,,3653212.0,2112968.89,0.63560418,AUD,Energy,Canada,Equities,equity,web_csv
2026-08-07,URNM-ASX,BKY LN,BERKELEY ENERGIA LTD,,,4129575.0,1969916.33,0.59257241,AUD,Energy,Australia,Equities,equity,web_csv
2026-08-07,URNM-ASX,AGE AT,ALLIGATOR ENERGY LTD,,,42574616.0,1873283.1,0.56350408,AUD,Energy,Australia,Equities,equity,web_csv
2026-08-07,URNM-ASX,NUCL UR,EAGLE NUCLEAR ENERGY CORP,,,166596.0,1831683.77,0.55099054,AUD,Energy,United States,Equities,equity,web_csv
2026-08-07,URNM-ASX,FSY CT,FORSYS METALS CORP,,,3107291.0,1702625.21,0.51216831,AUD,Energy,Canada,Equities,equity,web_csv
2026-08-07,URNM-ASX,AEU AT,ATOMIC EAGLE LTD,,,3748272.0,1649239.68,0.49610936,AUD,Energy,Australia,Equities,equity,web_csv
2026-08-07,URNM-ASX,LAM CT,LARAMIDE RESOURCES LTD,,,2719127.0,1545115.29,0.4647876,AUD,Energy,Canada,Equities,equity,web_csv
2026-08-07,URNM-ASX,PEN AT,PENINSULA ENERGY LTD,,,4470043.0,1229261.83,0.36977542,AUD,Energy,Australia,Equities,equity,web_csv
2026-08-07,URNM-ASX,LOT AT,LOTUS RESOURCES LTD,,,5243217.0,1205939.91,0.36275993,AUD,Energy,Australia,Equities,equity,web_csv
2026-08-07,URNM-ASX,JAGU UA,JAGUAR URANIUM CORP,,,499788.0,1202263.48,0.36165402,AUD,Energy,Canada,Equities,equity,web_csv
2026-08-07,URNM-ASX,EL8 AT,ELEVATE URANIUM LTD,,,4471098.0,1117774.5,0.33623881,AUD,Energy,Australia,Equities,equity,web_csv
2026-08-07,URNM-ASX,AEE AT,AURA ENERGY LTD,,,9781824.0,1027091.52,0.30896038,AUD,Energy,Australia,Equities,equity,web_csv
2026-08-07,URNM-ASX,SYH CV,SKYHARBOUR RESOURCES LTD,,,2424370.0,1020916.84,0.30710297,AUD,Energy,Canada,Equities,equity,web_csv
2026-08-07,URNM-ASX,FUU CV,F3 URANIUM CORP,,,6303361.0,959415.68,0.28860274,AUD,Energy,Canada,Equities,equity,web_csv
2026-08-07,URNM-ASX,PUR CV,PREMIER AMERICAN URANIUM INC,,,1646400.0,952255.71,0.28644895,AUD,,Canada,Equities,equity,web_csv
2026-08-07,URNM-ASX,AEC CV,ANFIELD ENERGY INC,,,152223.0,911329.98,0.27413804,AUD,Energy,Canada,Equities,equity,web_csv
2026-08-07,URNM-ASX,WUC CF,WESTERN URANIUM & VANADIUM COR,,,1646400.0,868724.51,0.26132185,AUD,Energy,Canada,Equities,equity,web_csv
2026-08-07,URNM-ASX,CVV CV,CANALASKA URANIUM LTD,,,2110244.0,813691.24,0.24476724,AUD,Energy,Canada,Equities,equity,web_csv
2026-08-07,URNM-ASX,FNUC UR,FRONTIER NUCLEAR AND MINERALS,,,319309.0,768112.78,0.23105674,AUD,Materials,Australia,Equities,equity,web_csv
2026-08-07,URNM-ASX,STUD CV,STALLION URANIUM CORP,,,3446367.0,716900.29,0.21565146,AUD,Energy,Canada,Equities,equity,web_csv
2026-08-07,URNM-ASX,AUD,AUD - AUSTRALIA DOLLAR,CASH,,568685.3999999999,568685.3999999999,0.1710668,AUD,,,Cash,cash,web_csv
2026-08-07,URNM-ASX,USD,USD - UNITED STATES DOLLAR,CASH,,15965.0,22590.92,0.00679559,AUD,,,Cash,cash,web_csv
2026-08-07,URNM-ASX,HKD,HKD - HONG KONG DOLLAR,CASH,,41043.59,7402.18,0.00222666,AUD,,,Cash,cash,web_csv
2026-08-07,URNM-ASX,GBP,GBP - BRITISH POUND,CASH,,1837.64,3506.41,0.00105477,AUD,,,Cash,cash,web_csv
2026-08-07,URNM-ASX,CAD,CAD - CANADA DOLLAR,CASH,,1917.78,1946.0,0.00058538,AUD,,,Cash,cash,web_csv
2026-08-07,URNM-ASX,EUR,EUR - EURO,CASH,,12.05,19.71,5.93e-06,AUD,,,Cash,cash,web_csv
2026-08-07,URNM-ASX,"Total weights may not add up to 100% due to rounding or immateriality. Holdings, weights and values are subject to change.",,,,,,,AUD,,,,derivative,web_csv
2026-08-07,URNM-ASX,"Betashares makes no representation or warranty of any kind, either express or implied, with respect to the holdings data,",,,,,,,AUD,,,,derivative,web_csv
2026-08-07,URNM-ASX,"its timeliness, the information's use or any other matter.",,,,,,,AUD,,,,derivative,web_csv
2026-08-10,URNM-ASX,KAP LI,NAC KAZATOMPROM JSC,,,515807.0,52713940.04,15.60081606,AUD,Energy,Kazakhstan,Equities,equity,web_csv
2026-08-10,URNM-ASX,CCJ UN,CAMECO CORP,,,360769.0,49761065.05,14.72690568,AUD,Energy,Canada,Equities,equity,web_csv
2026-08-10,URNM-ASX,U-U CT,SPROTT PHYSICAL URANIUM TRUST,,,1682651.0,46248102.3,13.68723599,AUD,,,Equities,equity,web_csv
2026-08-10,URNM-ASX,PDN AT,PALADIN ENERGY LTD,,,1578597.0,16385836.86,4.84942743,AUD,Energy,Australia,Equities,equity,web_csv
2026-08-10,URNM-ASX,DNN UA,DENISON MINES CORP,,,3397928.0,15701269.0,4.64682794,AUD,Energy,Canada,Equities,equity,web_csv
2026-08-10,URNM-ASX,NXE UN,NEXGEN ENERGY LTD,,,1055805.0,15414304.04,4.56189998,AUD,Energy,Canada,Equities,equity,web_csv
2026-08-10,URNM-ASX,UEC UA,URANIUM ENERGY CORP,,,901094.0,14535010.23,4.30167089,AUD,Energy,United States,Equities,equity,web_csv
2026-08-10,URNM-ASX,YCA LN,YELLOW CAKE PLC,,,1282967.0,13607560.7,4.02718999,AUD,Industrials,Britain,Equities,equity,web_csv
2026-08-10,URNM-ASX,DYL AT,DEEP YELLOW LTD,,,9356254.0,13473005.76,3.98736813,AUD,Energy,Australia,Equities,equity,web_csv
2026-08-10,URNM-ASX,UUUU UA,ENERGY FUELS INC/CANADA,,,652501.0,13216497.93,3.91145403,AUD,Energy,United States,Equities,equity,web_csv
2026-08-10,URNM-ASX,1164 HK,CGN MINING CO LTD,,,24213527.0,12008551.49,3.5539594,AUD,Energy,China,Equities,equity,web_csv
2026-08-10,URNM-ASX,ISO CT,ISOENERGY LTD,,,660496.0,10070583.45,2.98041315,AUD,Energy,Canada,Equities,equity,web_csv
2026-08-10,URNM-ASX,URG UA,UR-ENERGY INC,,,3808403.0,7665389.45,2.26859026,AUD,Energy,United States,Equities,equity,web_csv
2026-08-10,URNM-ASX,BMN AT,BANNERMAN ENERGY LTD,,,1992658.0,7034082.74,2.08175353,AUD,Energy,Australia,Equities,equity,web_csv
2026-08-10,URNM-ASX,BOE AT,BOSS ENERGY LTD,,,3983233.0,5616358.53,1.66217468,AUD,Energy,Australia,Equities,equity,web_csv
2026-08-10,URNM-ASX,UROY UR,URANIUM ROYALTY CORP,,,743982.0,4355273.79,1.28895365,AUD,Energy,United States,Equities,equity,web_csv
2026-08-10,URNM-ASX,CXU AT,CAULDRON ENERGY LTD,,,47181470.0,4293513.77,1.27067562,AUD,Energy,Australia,Equities,equity,web_csv
2026-08-10,URNM-ASX,SASK CV,ATHA ENERGY CORP,,,3034793.0,3516633.48,1.04075605,AUD,Energy,Canada,Equities,equity,web_csv
2026-08-10,URNM-ASX,EU CV,ENCORE ENERGY CORP,,,1795200.0,3375808.09,0.99907844,AUD,Energy,Canada,Equities,equity,web_csv
2026-08-10,URNM-ASX,GLO CT,GLOBAL ATOMIC CORP,,,3909662.0,2543386.54,0.7527213,AUD,Materials,Canada,Equities,equity,web_csv
2026-08-10,URNM-ASX,MGA CT,MEGA URANIUM LTD,,,3653212.0,2190887.46,0.64839836,AUD,Energy,Canada,Equities,equity,web_csv
2026-08-10,URNM-ASX,AGE AT,ALLIGATOR ENERGY LTD,,,42574616.0,1958432.34,0.57960271,AUD,Energy,Australia,Equities,equity,web_csv
2026-08-10,URNM-ASX,BKY LN,BERKELEY ENERGIA LTD,,,4129575.0,1936985.96,0.57325561,AUD,Energy,Australia,Equities,equity,web_csv
2026-08-10,URNM-ASX,NUCL UR,EAGLE NUCLEAR ENERGY CORP,,,166596.0,1841883.49,0.5451098,AUD,Energy,United States,Equities,equity,web_csv
2026-08-10,URNM-ASX,FSY CT,FORSYS METALS CORP,,,3107291.0,1800321.07,0.53280931,AUD,Energy,Canada,Equities,equity,web_csv
2026-08-10,URNM-ASX,AEU AT,ATOMIC EAGLE LTD,,,3748272.0,1611756.96,0.47700331,AUD,Energy,Australia,Equities,equity,web_csv
2026-08-10,URNM-ASX,LAM CT,LARAMIDE RESOURCES LTD,,,2719127.0,1575424.26,0.46625056,AUD,Energy,Canada,Equities,equity,web_csv
2026-08-10,URNM-ASX,PEN AT,PENINSULA ENERGY LTD,,,4470043.0,1296312.47,0.38364676,AUD,Energy,Australia,Equities,equity,web_csv
2026-08-10,URNM-ASX,JAGU UA,JAGUAR URANIUM CORP,,,499788.0,1218476.77,0.3606111,AUD,Energy,Canada,Equities,equity,web_csv
2026-08-10,URNM-ASX,LOT AT,LOTUS RESOURCES LTD,,,5243217.0,1205939.91,0.35690079,AUD,Energy,Australia,Equities,equity,web_csv
2026-08-10,URNM-ASX,EL8 AT,ELEVATE URANIUM LTD,,,4471098.0,1095419.01,0.32419186,AUD,Energy,Australia,Equities,equity,web_csv
2026-08-10,URNM-ASX,SYH CV,SKYHARBOUR RESOURCES LTD,,,2424370.0,1022680.98,0.30266487,AUD,Energy,Canada,Equities,equity,web_csv
2026-08-10,URNM-ASX,AEE AT,AURA ENERGY LTD,,,9781824.0,978182.4,0.28949541,AUD,Energy,Australia,Equities,equity,web_csv
2026-08-10,URNM-ASX,WUC CF,WESTERN URANIUM & VANADIUM COR,,,1646400.0,970636.31,0.28726213,AUD,Energy,Canada,Equities,equity,web_csv
2026-08-10,URNM-ASX,AEC CV,ANFIELD ENERGY INC,,,152223.0,928377.72,0.2747556,AUD,Energy,Canada,Equities,equity,web_csv
2026-08-10,URNM-ASX,PUR CV,PREMIER AMERICAN URANIUM INC,,,1646400.0,920430.98,0.27240374,AUD,,Canada,Equities,equity,web_csv
2026-08-10,URNM-ASX,FUU CV,F3 URANIUM CORP,,,6303361.0,897001.97,0.26546987,AUD,Energy,Canada,Equities,equity,web_csv
2026-08-10,URNM-ASX,CVV CV,CANALASKA URANIUM LTD,,,2110244.0,815097.3,0.24122999,AUD,Energy,Canada,Equities,equity,web_csv
2026-08-10,URNM-ASX,FNUC UR,FRONTIER NUCLEAR AND MINERALS,,,319309.0,769419.28,0.22771147,AUD,Materials,Australia,Equities,equity,web_csv
2026-08-10,URNM-ASX,STUD CV,STALLION URANIUM CORP,,,3446367.0,718139.09,0.21253497,AUD,Energy,Canada,Equities,equity,web_csv
2026-08-10,URNM-ASX,AUD,AUD - AUSTRALIA DOLLAR,CASH,,568685.3999999999,568685.3999999999,0.16830379000000004,AUD,,,Cash,cash,web_csv
2026-08-10,URNM-ASX,USD,USD - UNITED STATES DOLLAR,CASH,,15965.0,22629.34,0.00669721,AUD,,,Cash,cash,web_csv
2026-08-10,URNM-ASX,HKD,HKD - HONG KONG DOLLAR,CASH,,41043.59,7415.42,0.00219461,AUD,,,Cash,cash,web_csv
2026-08-10,URNM-ASX,GBP,GBP - BRITISH POUND,CASH,,1837.64,3518.16,0.00104121,AUD,,,Cash,cash,web_csv
2026-08-10,URNM-ASX,CAD,CAD - CANADA DOLLAR,CASH,,1917.78,1949.36,0.00057692,AUD,,,Cash,cash,web_csv
2026-08-10,URNM-ASX,EUR,EUR - EURO,CASH,,12.05,19.72,5.83e-06,AUD,,,Cash,cash,web_csv
2026-08-10,URNM-ASX,"Total weights may not add up to 100% due to rounding or immateriality. Holdings, weights and values are subject to change.",,,,,,,AUD,,,,derivative,web_csv
2026-08-10,URNM-ASX,"Betashares makes no representation or warranty of any kind, either express or implied, with respect to the holdings data,",,,,,,,AUD,,,,derivative,web_csv
2026-08-10,URNM-ASX,"its timeliness, the information's use or any other matter.",,,,,,,AUD,,,,derivative,web_csv
2026-08-11,URNM-ASX,KAP LI,NAC KAZATOMPROM JSC,,,515807.0,52976352.88,15.482556,AUD,Energy,Kazakhstan,Equities,equity,web_csv
2026-08-11,URNM-ASX,CCJ UN,CAMECO CORP,,,360769.0,50458596.64,14.74673143,AUD,Energy,Canada,Equities,equity,web_csv
2026-08-11,URNM-ASX,U-U CT,SPROTT PHYSICAL URANIUM TRUST,,,1682651.0,46488220.87,13.58637286,AUD,,,Equities,equity,web_csv
2026-08-11,URNM-ASX,PDN AT,PALADIN ENERGY LTD,,,1578597.0,16812058.05,4.91339279,AUD,Energy,Australia,Equities,equity,web_csv
2026-08-11,URNM-ASX,DNN UA,DENISON MINES CORP,,,3397928.0,15933052.39,4.65649979,AUD,Energy,Canada,Equities,equity,web_csv
2026-08-11,URNM-ASX,NXE UN,NEXGEN ENERGY LTD,,,1055805.0,15794447.94,4.61599207,AUD,Energy,Canada,Equities,equity,web_csv
2026-08-11,URNM-ASX,UEC UA,URANIUM ENERGY CORP,,,901094.0,14628895.37,4.27535456,AUD,Energy,United States,Equities,equity,web_csv
2026-08-11,URNM-ASX,DYL AT,DEEP YELLOW LTD,,,9356254.0,13847255.92,4.04691723,AUD,Energy,Australia,Equities,equity,web_csv
2026-08-11,URNM-ASX,YCA LN,YELLOW CAKE PLC,,,1282967.0,13705758.79,4.00556411,AUD,Industrials,Britain,Equities,equity,web_csv
2026-08-11,URNM-ASX,UUUU UA,ENERGY FUELS INC/CANADA,,,652501.0,13661941.89,3.99275845,AUD,Energy,United States,Equities,equity,web_csv
2026-08-11,URNM-ASX,1164 HK,CGN MINING CO LTD,,,24213527.0,11496529.46,3.3599078,AUD,Energy,China,Equities,equity,web_csv
2026-08-11,URNM-ASX,ISO CT,ISOENERGY LTD,,,660496.0,10243165.81,2.99360714,AUD,Energy,Canada,Equities,equity,web_csv
2026-08-11,URNM-ASX,URG UA,UR-ENERGY INC,,,3808403.0,7499192.76,2.19166978,AUD,Energy,United States,Equities,equity,web_csv
2026-08-11,URNM-ASX,BMN AT,BANNERMAN ENERGY LTD,,,1992658.0,7213421.96,2.1081521,AUD,Energy,Australia,Equities,equity,web_csv
2026-08-11,URNM-ASX,BOE AT,BOSS ENERGY LTD,,,3983233.0,5835436.35,1.70543016,AUD,Energy,Australia,Equities,equity,web_csv
2026-08-11,URNM-ASX,UROY UR,URANIUM ROYALTY CORP,,,743982.0,4394963.79,1.28444616,AUD,Energy,United States,Equities,equity,web_csv
2026-08-11,URNM-ASX,CXU AT,CAULDRON ENERGY LTD,,,47181470.0,4293513.77,1.25479698,AUD,Energy,Australia,Equities,equity,web_csv
2026-08-11,URNM-ASX,EU CV,ENCORE ENERGY CORP,,,1795200.0,3525731.15,1.03040936,AUD,Energy,Canada,Equities,equity,web_csv
2026-08-11,URNM-ASX,SASK CV,ATHA ENERGY CORP,,,3034793.0,3397041.11,0.99279917,AUD,Energy,Canada,Equities,equity,web_csv
2026-08-11,URNM-ASX,GLO CT,GLOBAL ATOMIC CORP,,,3909662.0,2546233.52,0.74414717,AUD,Materials,Canada,Equities,equity,web_csv
2026-08-11,URNM-ASX,MGA CT,MEGA URANIUM LTD,,,3653212.0,2267690.36,0.66274179,AUD,Energy,Canada,Equities,equity,web_csv
2026-08-11,URNM-ASX,AGE AT,ALLIGATOR ENERGY LTD,,,42574616.0,2001006.95,0.58480247,AUD,Energy,Australia,Equities,equity,web_csv
2026-08-11,URNM-ASX,BKY LN,BERKELEY ENERGIA LTD,,,4129575.0,1935244.6,0.56558316,AUD,Energy,Australia,Equities,equity,web_csv
2026-08-11,URNM-ASX,NUCL UR,EAGLE NUCLEAR ENERGY CORP,,,166596.0,1850279.98,0.5407519,AUD,Energy,United States,Equities,equity,web_csv
2026-08-11,URNM-ASX,FSY CT,FORSYS METALS CORP,,,3107291.0,1833956.22,0.53598121,AUD,Energy,Canada,Equities,equity,web_csv
2026-08-11,URNM-ASX,AEU AT,ATOMIC EAGLE LTD,,,3748272.0,1724205.12,0.503906,AUD,Energy,Australia,Equities,equity,web_csv
2026-08-11,URNM-ASX,LAM CT,LARAMIDE RESOURCES LTD,,,2719127.0,1687867.58,0.49328621,AUD,Energy,Canada,Equities,equity,web_csv
2026-08-11,URNM-ASX,PEN AT,PENINSULA ENERGY LTD,,,4470043.0,1430413.76,0.41804428,AUD,Energy,Australia,Equities,equity,web_csv
2026-08-11,URNM-ASX,LOT AT,LOTUS RESOURCES LTD,,,5243217.0,1284588.16,0.37542615,AUD,Energy,Australia,Equities,equity,web_csv
2026-08-11,URNM-ASX,JAGU UA,JAGUAR URANIUM CORP,,,499788.0,1217786.32,0.35590304,AUD,Energy,Canada,Equities,equity,web_csv
2026-08-11,URNM-ASX,EL8 AT,ELEVATE URANIUM LTD,,,4471098.0,1184840.97,0.34627462,AUD,Energy,Australia,Equities,equity,web_csv
2026-08-11,URNM-ASX,AEE AT,AURA ENERGY LTD,,,9781824.0,1076000.64,0.31446559,AUD,Energy,Australia,Equities,equity,web_csv
2026-08-11,URNM-ASX,SYH CV,SKYHARBOUR RESOURCES LTD,,,2424370.0,1060831.48,0.31003234,AUD,Energy,Canada,Equities,equity,web_csv
2026-08-11,URNM-ASX,AEC CV,ANFIELD ENERGY INC,,,152223.0,994476.1,0.29063971,AUD,Energy,Canada,Equities,equity,web_csv
2026-08-11,URNM-ASX,PUR CV,PREMIER AMERICAN URANIUM INC,,,1646400.0,988476.65,0.28888635,AUD,,Canada,Equities,equity,web_csv
2026-08-11,URNM-ASX,WUC CF,WESTERN URANIUM & VANADIUM COR,,,1646400.0,988476.65,0.28888635,AUD,Energy,Canada,Equities,equity,web_csv
2026-08-11,URNM-ASX,FUU CV,F3 URANIUM CORP,,,6303361.0,962149.33,0.28119208,AUD,Energy,Canada,Equities,equity,web_csv
2026-08-11,URNM-ASX,FNUC UR,FRONTIER NUCLEAR AND MINERALS,,,319309.0,841358.18,0.24589037,AUD,Materials,Australia,Equities,equity,web_csv
2026-08-11,URNM-ASX,CVV CV,CANALASKA URANIUM LTD,,,2110244.0,816009.69,0.23848217,AUD,Energy,Canada,Equities,equity,web_csv
2026-08-11,URNM-ASX,STUD CV,STALLION URANIUM CORP,,,3446367.0,666337.37,0.19473982,AUD,Energy,Canada,Equities,equity,web_csv
2026-08-11,URNM-ASX,AUD,AUD - AUSTRALIA DOLLAR,CASH,,568685.3999999999,568685.3999999999,0.16620063000000002,AUD,,,Cash,cash,web_csv
2026-08-11,URNM-ASX,USD,USD - UNITED STATES DOLLAR,CASH,,15965.0,22616.52,0.00660977,AUD,,,Cash,cash,web_csv
2026-08-11,URNM-ASX,HKD,HKD - HONG KONG DOLLAR,CASH,,41043.59,7409.66,0.0021655,AUD,,,Cash,cash,web_csv
2026-08-11,URNM-ASX,GBP,GBP - BRITISH POUND,CASH,,1837.64,3515.0,0.00102727,AUD,,,Cash,cash,web_csv
2026-08-11,URNM-ASX,CAD,CAD - CANADA DOLLAR,CASH,,1917.78,1951.54,0.00057035,AUD,,,Cash,cash,web_csv
2026-08-11,URNM-ASX,EUR,EUR - EURO,CASH,,12.05,19.7,5.76e-06,AUD,,,Cash,cash,web_csv
2026-08-11,URNM-ASX,"Total weights may not add up to 100% due to rounding or immateriality. Holdings, weights and values are subject to change.",,,,,,,AUD,,,,derivative,web_csv
2026-08-11,URNM-ASX,"Betashares makes no representation or warranty of any kind, either express or implied, with respect to the holdings data,",,,,,,,AUD,,,,derivative,web_csv
2026-08-11,URNM-ASX,"its timeliness, the information's use or any other matter.",,,,,,,AUD,,,,derivative,web_csv
2026-08-12,URNM-ASX,KAP LI,NAC KAZATOMPROM JSC,,,518985.0,53434654.44,15.62451099,AUD,Energy,Kazakhstan,Equities,equity,web_csv
2026-08-12,URNM-ASX,CCJ UN,CAMECO CORP,,,362992.0,50909358.11,14.88610404,AUD,Energy,Canada,Equities,equity,web_csv
2026-08-12,URNM-ASX,U-U CT,SPROTT PHYSICAL URANIUM TRUST,,,1693019.0,46593698.49,13.62418756,AUD,,,Equities,equity,web_csv
2026-08-12,URNM-ASX,PDN AT,PALADIN ENERGY LTD,,,1588324.0,17138015.96,5.0112258,AUD,Energy,Australia,Equities,equity,web_csv
2026-08-12,URNM-ASX,DNN UA,DENISON MINES CORP,,,3418865.0,15929848.25,4.65795263,AUD,Energy,Canada,Equities,equity,web_csv
2026-08-12,URNM-ASX,NXE UN,NEXGEN ENERGY LTD,,,1062311.0,15872229.22,4.64110459,AUD,Energy,Canada,Equities,equity,web_csv
2026-08-12,URNM-ASX,UEC UA,URANIUM ENERGY CORP,,,906647.0,14586474.89,4.26514478,AUD,Energy,United States,Equities,equity,web_csv
2026-08-12,URNM-ASX,DYL AT,DEEP YELLOW LTD,,,9413904.0,14356203.6,4.19781251,AUD,Energy,Australia,Equities,equity,web_csv
2026-08-12,URNM-ASX,YCA LN,YELLOW CAKE PLC,,,1290872.0,13910843.34,4.06758736,AUD,Industrials,Britain,Equities,equity,web_csv
2026-08-12,URNM-ASX,UUUU UA,ENERGY FUELS INC/CANADA,,,656521.0,13453985.09,3.93400014,AUD,Energy,United States,Equities,equity,web_csv
2026-08-12,URNM-ASX,1164 HK,CGN MINING CO LTD,,,24362723.0,11694669.79,3.41956917,AUD,Energy,China,Equities,equity,web_csv
2026-08-12,URNM-ASX,ISO CT,ISOENERGY LTD,,,664565.0,9873652.84,2.88709638,AUD,Energy,Canada,Equities,equity,web_csv
2026-08-12,URNM-ASX,URG UA,UR-ENERGY INC,,,3831869.0,7326190.55,2.14220801,AUD,Energy,United States,Equities,equity,web_csv
2026-08-12,URNM-ASX,BMN AT,BANNERMAN ENERGY LTD,,,2004936.0,7277917.68,2.12809283,AUD,Energy,Australia,Equities,equity,web_csv
2026-08-12,URNM-ASX,BOE AT,BOSS ENERGY LTD,,,4007776.0,6091819.52,1.78127288,AUD,Energy,Australia,Equities,equity,web_csv
2026-08-12,URNM-ASX,CXU AT,CAULDRON ENERGY LTD,,,47472187.0,4367441.2,1.27705763,AUD,Energy,Australia,Equities,equity,web_csv
2026-08-12,URNM-ASX,UROY UR,URANIUM ROYALTY CORP,,,748566.0,4335979.24,1.26785802,AUD,Energy,United States,Equities,equity,web_csv
2026-08-12,URNM-ASX,EU CV,ENCORE ENERGY CORP,,,1806262.0,3540251.51,1.03518399,AUD,Energy,Canada,Equities,equity,web_csv
2026-08-12,URNM-ASX,SASK CV,ATHA ENERGY CORP,,,3053492.0,3504058.05,1.02460087,AUD,Energy,Canada,Equities,equity,web_csv
2026-08-12,URNM-ASX,GLO CT,GLOBAL ATOMIC CORP,,,3933752.0,2556719.08,0.74759509,AUD,Materials,Canada,Equities,equity,web_csv
2026-08-12,URNM-ASX,MGA CT,MEGA URANIUM LTD,,,3675722.0,2277028.96,0.66581256,AUD,Energy,Canada,Equities,equity,web_csv
2026-08-12,URNM-ASX,AGE AT,ALLIGATOR ENERGY LTD,,,42836947.0,1927662.62,0.56365641,AUD,Energy,Australia,Equities,equity,web_csv
2026-08-12,URNM-ASX,BKY LN,BERKELEY ENERGIA LTD,,,4155021.0,1905353.84,0.55713324,AUD,Energy,Australia,Equities,equity,web_csv
2026-08-12,URNM-ASX,NUCL UR,EAGLE NUCLEAR ENERGY CORP,,,167622.0,1844530.43,0.53934823,AUD,Energy,United States,Equities,equity,web_csv
2026-08-12,URNM-ASX,FSY CT,FORSYS METALS CORP,,,3126437.0,1841508.54,0.53846461,AUD,Energy,Canada,Equities,equity,web_csv
2026-08-12,URNM-ASX,LAM CT,LARAMIDE RESOURCES LTD,,,2735882.0,1778170.49,0.51994431,AUD,Energy,Canada,Equities,equity,web_csv
2026-08-12,URNM-ASX,AEU AT,ATOMIC EAGLE LTD,,,3771367.0,1659401.48,0.48521576,AUD,Energy,Australia,Equities,equity,web_csv
2026-08-12,URNM-ASX,PEN AT,PENINSULA ENERGY LTD,,,4497586.0,1439227.52,0.420836,AUD,Energy,Australia,Equities,equity,web_csv
2026-08-12,URNM-ASX,LOT AT,LOTUS RESOURCES LTD,,,5275524.0,1266125.76,0.37022034,AUD,Energy,Australia,Equities,equity,web_csv
2026-08-12,URNM-ASX,JAGU UA,JAGUAR URANIUM CORP,,,502867.0,1232063.32,0.36026034,AUD,Energy,Canada,Equities,equity,web_csv
2026-08-12,URNM-ASX,EL8 AT,ELEVATE URANIUM LTD,,,4498647.0,1169648.22,0.34200991,AUD,Energy,Australia,Equities,equity,web_csv
2026-08-12,URNM-ASX,AEE AT,AURA ENERGY LTD,,,9842096.0,1082630.56,0.31656559,AUD,Energy,Australia,Equities,equity,web_csv
2026-08-12,URNM-ASX,SYH CV,SKYHARBOUR RESOURCES LTD,,,2439308.0,1052813.95,0.3078471,AUD,Energy,Canada,Equities,equity,web_csv
2026-08-12,URNM-ASX,PUR CV,PREMIER AMERICAN URANIUM INC,,,1656545.0,992547.53,0.29022495,AUD,,Canada,Equities,equity,web_csv
2026-08-12,URNM-ASX,WUC CF,WESTERN URANIUM & VANADIUM COR,,,1656545.0,992547.53,0.29022495,AUD,Energy,Canada,Equities,equity,web_csv
2026-08-12,URNM-ASX,AEC CV,ANFIELD ENERGY INC,,,153161.0,986128.51,0.288348,AUD,Energy,Canada,Equities,equity,web_csv
2026-08-12,URNM-ASX,FUU CV,F3 URANIUM CORP,,,6342201.0,966111.66,0.28249499,AUD,Energy,Canada,Equities,equity,web_csv
2026-08-12,URNM-ASX,FNUC UR,FRONTIER NUCLEAR AND MINERALS,,,321276.0,839476.31,0.2454663,AUD,Materials,Australia,Equities,equity,web_csv
2026-08-12,URNM-ASX,CVV CV,CANALASKA URANIUM LTD,,,2123247.0,797807.85,0.23328227,AUD,Energy,Canada,Equities,equity,web_csv
2026-08-12,URNM-ASX,STUD CV,STALLION URANIUM CORP,,,3467602.0,686688.73,0.20079059,AUD,Energy,Canada,Equities,equity,web_csv
2026-08-12,URNM-ASX,USD,USD - UNITED STATES DOLLAR,CASH,,18222.899999999994,25807.820000000007,0.0075463100000000005,AUD,,,Cash,cash,web_csv
2026-08-12,URNM-ASX,HKD,HKD - HONG KONG DOLLAR,CASH,,36032.369999999995,6502.389999999999,0.0019013200000000015,AUD,,,Cash,cash,web_csv
2026-08-12,URNM-ASX,CAD,CAD - CANADA DOLLAR,CASH,,3632.05,3688.48,0.00107853,AUD,,,Cash,cash,web_csv
2026-08-12,URNM-ASX,GBP,GBP - BRITISH POUND,CASH,,1264.25,2415.5899999999965,0.0007063299999999981,AUD,,,Cash,cash,web_csv
2026-08-12,URNM-ASX,EUR,EUR - EURO,CASH,,12.05,19.66,5.75e-06,AUD,,,Cash,cash,web_csv
2026-08-12,URNM-ASX,AUD,AUD - AUSTRALIA DOLLAR,CASH,,-1537427.05,-1537427.05,-0.44954994,AUD,,,Cash,cash,web_csv
2026-08-12,URNM-ASX,"Total weights may not add up to 100% due to rounding or immateriality. Holdings, weights and values are subject to change.",,,,,,,AUD,,,,derivative,web_csv
2026-08-12,URNM-ASX,"Betashares makes no representation or warranty of any kind, either express or implied, with respect to the holdings data,",,,,,,,AUD,,,,derivative,web_csv
2026-08-12,URNM-ASX,"its timeliness, the information's use or any other matter.",,,,,,,AUD,,,,derivative,web_csv
2026-08-13,URNM-ASX,KAP LI,NAC KAZATOMPROM JSC,,,518985.0,53472519.13,15.62465625,AUD,Energy,Kazakhstan,Equities,equity,web_csv
2026-08-13,URNM-ASX,CCJ UN,CAMECO CORP,,,362992.0,50945433.33,14.88624244,AUD,Energy,Canada,Equities,equity,web_csv
2026-08-13,URNM-ASX,U-U CT,SPROTT PHYSICAL URANIUM TRUST,,,1693019.0,46655292.76,13.63266447,AUD,,,Equities,equity,web_csv
2026-08-13,URNM-ASX,PDN AT,PALADIN ENERGY LTD,,,1588324.0,17138015.96,5.00772383,AUD,Energy,Australia,Equities,equity,web_csv
2026-08-13,URNM-ASX,DNN UA,DENISON MINES CORP,,,3418865.0,15941136.41,4.65799593,AUD,Energy,Canada,Equities,equity,web_csv
2026-08-13,URNM-ASX,NXE UN,NEXGEN ENERGY LTD,,,1062311.0,15883476.54,4.64114774,AUD,Energy,Canada,Equities,equity,web_csv
2026-08-13,URNM-ASX,UEC UA,URANIUM ENERGY CORP,,,906647.0,14596811.11,4.26518443,AUD,Energy,United States,Equities,equity,web_csv
2026-08-13,URNM-ASX,DYL AT,DEEP YELLOW LTD,,,9413904.0,14356203.6,4.19487898,AUD,Energy,Australia,Equities,equity,web_csv
2026-08-13,URNM-ASX,YCA LN,YELLOW CAKE PLC,,,1290872.0,13910311.78,4.0645895,AUD,Industrials,Britain,Equities,equity,web_csv
2026-08-13,URNM-ASX,UUUU UA,ENERGY FUELS INC/CANADA,,,656521.0,13463518.81,3.93403671,AUD,Energy,United States,Equities,equity,web_csv
2026-08-13,URNM-ASX,1164 HK,CGN MINING CO LTD,,,24362723.0,11703328.91,3.41970968,AUD,Energy,China,Equities,equity,web_csv
2026-08-13,URNM-ASX,ISO CT,ISOENERGY LTD,,,664565.0,9886705.26,2.88889272,AUD,Energy,Canada,Equities,equity,web_csv
2026-08-13,URNM-ASX,URG UA,UR-ENERGY INC,,,3831869.0,7331382.02,2.14222793,AUD,Energy,United States,Equities,equity,web_csv
2026-08-13,URNM-ASX,BMN AT,BANNERMAN ENERGY LTD,,,2004936.0,7277917.68,2.12660566,AUD,Energy,Australia,Equities,equity,web_csv
2026-08-13,URNM-ASX,BOE AT,BOSS ENERGY LTD,,,4007776.0,6091819.52,1.78002809,AUD,Energy,Australia,Equities,equity,web_csv
2026-08-13,URNM-ASX,CXU AT,CAULDRON ENERGY LTD,,,47472187.0,4367441.2,1.27616519,AUD,Energy,Australia,Equities,equity,web_csv
2026-08-13,URNM-ASX,UROY UR,URANIUM ROYALTY CORP,,,748566.0,4339051.79,1.26786981,AUD,Energy,United States,Equities,equity,web_csv
2026-08-13,URNM-ASX,EU CV,ENCORE ENERGY CORP,,,1806262.0,3544931.52,1.03582807,AUD,Energy,Canada,Equities,equity,web_csv
2026-08-13,URNM-ASX,SASK CV,ATHA ENERGY CORP,,,3053492.0,3508690.22,1.02523837,AUD,Energy,Canada,Equities,equity,web_csv
2026-08-13,URNM-ASX,GLO CT,GLOBAL ATOMIC CORP,,,3933752.0,2560098.92,0.74806024,AUD,Materials,Canada,Equities,equity,web_csv
2026-08-13,URNM-ASX,MGA CT,MEGA URANIUM LTD,,,3675722.0,2280039.07,0.66622683,AUD,Energy,Canada,Equities,equity,web_csv
2026-08-13,URNM-ASX,AGE AT,ALLIGATOR ENERGY LTD,,,42836947.0,1927662.62,0.56326252,AUD,Energy,Australia,Equities,equity,web_csv
2026-08-13,URNM-ASX,BKY LN,BERKELEY ENERGIA LTD,,,4155021.0,1905281.03,0.55672262,AUD,Energy,Australia,Equities,equity,web_csv
2026-08-13,URNM-ASX,NUCL UR,EAGLE NUCLEAR ENERGY CORP,,,167622.0,1845837.5,0.53935324,AUD,Energy,United States,Equities,equity,web_csv
2026-08-13,URNM-ASX,FSY CT,FORSYS METALS CORP,,,3126437.0,1843942.91,0.53879964,AUD,Energy,Canada,Equities,equity,web_csv
2026-08-13,URNM-ASX,LAM CT,LARAMIDE RESOURCES LTD,,,2735882.0,1780521.13,0.52026781,AUD,Energy,Canada,Equities,equity,web_csv
2026-08-13,URNM-ASX,AEU AT,ATOMIC EAGLE LTD,,,3771367.0,1659401.48,0.48487668,AUD,Energy,Australia,Equities,equity,web_csv
2026-08-13,URNM-ASX,PEN AT,PENINSULA ENERGY LTD,,,4497586.0,1439227.52,0.42054191,AUD,Energy,Australia,Equities,equity,web_csv
2026-08-13,URNM-ASX,LOT AT,LOTUS RESOURCES LTD,,,5275524.0,1266125.76,0.36996162,AUD,Energy,Australia,Equities,equity,web_csv
2026-08-13,URNM-ASX,JAGU UA,JAGUAR URANIUM CORP,,,502867.0,1232936.38,0.36026369,AUD,Energy,Canada,Equities,equity,web_csv
2026-08-13,URNM-ASX,EL8 AT,ELEVATE URANIUM LTD,,,4498647.0,1169648.22,0.34177091,AUD,Energy,Australia,Equities,equity,web_csv
2026-08-13,URNM-ASX,AEE AT,AURA ENERGY LTD,,,9842096.0,1082630.56,0.31634437,AUD,Energy,Australia,Equities,equity,web_csv
2026-08-13,URNM-ASX,SYH CV,SKYHARBOUR RESOURCES LTD,,,2439308.0,1054205.71,0.30803864,AUD,Energy,Canada,Equities,equity,web_csv
2026-08-13,URNM-ASX,PUR CV,PREMIER AMERICAN URANIUM INC,,,1656545.0,993859.62,0.29040552,AUD,,Canada,Equities,equity,web_csv
2026-08-13,URNM-ASX,WUC CF,WESTERN URANIUM & VANADIUM COR,,,1656545.0,993859.62,0.29040552,AUD,Energy,Canada,Equities,equity,web_csv
2026-08-13,URNM-ASX,AEC CV,ANFIELD ENERGY INC,,,153161.0,987432.11,0.28852741,AUD,Energy,Canada,Equities,equity,web_csv
2026-08-13,URNM-ASX,FUU CV,F3 URANIUM CORP,,,6342201.0,967388.8,0.28267076,AUD,Energy,Canada,Equities,equity,web_csv
2026-08-13,URNM-ASX,FNUC UR,FRONTIER NUCLEAR AND MINERALS,,,321276.0,840071.17,0.24546858,AUD,Materials,Australia,Equities,equity,web_csv
2026-08-13,URNM-ASX,CVV CV,CANALASKA URANIUM LTD,,,2123247.0,798862.51,0.23342742,AUD,Energy,Canada,Equities,equity,web_csv
2026-08-13,URNM-ASX,STUD CV,STALLION URANIUM CORP,,,3467602.0,687596.49,0.20091552,AUD,Energy,Canada,Equities,equity,web_csv
2026-08-13,URNM-ASX,USD,USD - UNITED STATES DOLLAR,CASH,,18222.899999999994,25826.110000000044,0.007546379999999991,AUD,,,Cash,cash,web_csv
2026-08-13,URNM-ASX,HKD,HKD - HONG KONG DOLLAR,CASH,,36032.369999999995,6507.199999999997,0.0019013999999999975,AUD,,,Cash,cash,web_csv
2026-08-13,URNM-ASX,CAD,CAD - CANADA DOLLAR,CASH,,3632.05,3693.36,0.0010792,AUD,,,Cash,cash,web_csv
2026-08-13,URNM-ASX,GBP,GBP - BRITISH POUND,CASH,,1264.25,2415.5,0.0007058099999999977,AUD,,,Cash,cash,web_csv
2026-08-13,URNM-ASX,EUR,EUR - EURO,CASH,,12.05,19.68,5.75e-06,AUD,,,Cash,cash,web_csv
2026-08-13,URNM-ASX,AUD,AUD - AUSTRALIA DOLLAR,CASH,,-1537427.05,-1537427.05,-0.44923579,AUD,,,Cash,cash,web_csv
2026-08-13,URNM-ASX,"Total weights may not add up to 100% due to rounding or immateriality. Holdings, weights and values are subject to change.",,,,,,,AUD,,,,derivative,web_csv
2026-08-13,URNM-ASX,"Betashares makes no representation or warranty of any kind, either express or implied, with respect to the holdings data,",,,,,,,AUD,,,,derivative,web_csv
2026-08-13,URNM-ASX,"its timeliness, the information's use or any other matter.",,,,,,,AUD,,,,derivative,web_csv
2026-08-14,URNM-ASX,KAP LI,NAC KAZATOMPROM JSC,,,518985.0,53334426.88,15.75101937,AUD,Energy,Kazakhstan,Equities,equity,web_csv
2026-08-14,URNM-ASX,CCJ UN,CAMECO CORP,,,362992.0,50083057.71,14.79080696,AUD,Energy,Canada,Equities,equity,web_csv
2026-08-14,URNM-ASX,U-U CT,SPROTT PHYSICAL URANIUM TRUST,,,1693019.0,46397053.13,13.7022356,AUD,,,Equities,equity,web_csv
2026-08-14,URNM-ASX,PDN AT,PALADIN ENERGY LTD,,,1588324.0,16089722.12,4.75170616,AUD,Energy,Australia,Equities,equity,web_csv
2026-08-14,URNM-ASX,DNN UA,DENISON MINES CORP,,,3418865.0,15588557.24,4.60369936,AUD,Energy,Canada,Equities,equity,web_csv
2026-08-14,URNM-ASX,NXE UN,NEXGEN ENERGY LTD,,,1062311.0,15580761.28,4.60139702,AUD,Energy,Canada,Equities,equity,web_csv
2026-08-14,URNM-ASX,UEC UA,URANIUM ENERGY CORP,,,906647.0,14347138.44,4.23707666,AUD,Energy,United States,Equities,equity,web_csv
2026-08-14,URNM-ASX,UUUU UA,ENERGY FUELS INC/CANADA,,,656521.0,13994165.87,4.13283484,AUD,Energy,United States,Equities,equity,web_csv
2026-08-14,URNM-ASX,YCA LN,YELLOW CAKE PLC,,,1290872.0,13775977.61,4.06839827,AUD,Industrials,Britain,Equities,equity,web_csv
2026-08-14,URNM-ASX,DYL AT,DEEP YELLOW LTD,,,9413904.0,13508952.24,3.98953886,AUD,Energy,Australia,Equities,equity,web_csv
2026-08-14,URNM-ASX,1164 HK,CGN MINING CO LTD,,,24362723.0,11830818.72,3.49394314,AUD,Energy,China,Equities,equity,web_csv
2026-08-14,URNM-ASX,ISO CT,ISOENERGY LTD,,,664565.0,9656939.04,2.85194091,AUD,Energy,Canada,Equities,equity,web_csv
2026-08-14,URNM-ASX,URG UA,UR-ENERGY INC,,,3831869.0,7302404.22,2.1565866,AUD,Energy,United States,Equities,equity,web_csv
2026-08-14,URNM-ASX,BMN AT,BANNERMAN ENERGY LTD,,,2004936.0,6917029.2,2.04277551,AUD,Energy,Australia,Equities,equity,web_csv
2026-08-14,URNM-ASX,BOE AT,BOSS ENERGY LTD,,,4007776.0,5811275.2,1.71621809,AUD,Energy,Australia,Equities,equity,web_csv
2026-08-14,URNM-ASX,CXU AT,CAULDRON ENERGY LTD,,,47472187.0,4652274.33,1.37393551,AUD,Energy,Australia,Equities,equity,web_csv
2026-08-14,URNM-ASX,UROY UR,URANIUM ROYALTY CORP,,,748566.0,4353602.37,1.28573005,AUD,Energy,United States,Equities,equity,web_csv
2026-08-14,URNM-ASX,SASK CV,ATHA ENERGY CORP,,,3053492.0,3291337.73,0.97201615,AUD,Energy,Canada,Equities,equity,web_csv
2026-08-14,URNM-ASX,EU CV,ENCORE ENERGY CORP,,,1806262.0,3067375.98,0.90587452,AUD,Energy,Canada,Equities,equity,web_csv
2026-08-14,URNM-ASX,GLO CT,GLOBAL ATOMIC CORP,,,3933752.0,2360091.19,0.69699525,AUD,Materials,Canada,Equities,equity,web_csv
2026-08-14,URNM-ASX,MGA CT,MEGA URANIUM LTD,,,3675722.0,2280039.07,0.67335381,AUD,Energy,Canada,Equities,equity,web_csv
2026-08-14,URNM-ASX,BKY LN,BERKELEY ENERGIA LTD,,,4155021.0,2024554.51,0.59790269,AUD,Energy,Australia,Equities,equity,web_csv
2026-08-14,URNM-ASX,NUCL UR,EAGLE NUCLEAR ENERGY CORP,,,167622.0,1892964.43,0.55904078,AUD,Energy,United States,Equities,equity,web_csv
2026-08-14,URNM-ASX,AGE AT,ALLIGATOR ENERGY LTD,,,42836947.0,1884825.67,0.55663719,AUD,Energy,Australia,Equities,equity,web_csv
2026-08-14,URNM-ASX,AEU AT,ATOMIC EAGLE LTD,,,3771367.0,1697115.15,0.50120148,AUD,Energy,Australia,Equities,equity,web_csv
2026-08-14,URNM-ASX,LAM CT,LARAMIDE RESOURCES LTD,,,2735882.0,1697059.2,0.50118496,AUD,Energy,Canada,Equities,equity,web_csv
2026-08-14,URNM-ASX,ARN CT,ASARIAN ENERGY LTD,,,3126437.0,1653190.2,0.48822932,AUD,Energy,Canada,Equities,equity,web_csv
2026-08-14,URNM-ASX,PEN AT,PENINSULA ENERGY LTD,,,4497586.0,1304299.94,0.38519311,AUD,Energy,Australia,Equities,equity,web_csv
2026-08-14,URNM-ASX,LOT AT,LOTUS RESOURCES LTD,,,5275524.0,1213370.52,0.35833933,AUD,Energy,Australia,Equities,equity,web_csv
2026-08-14,URNM-ASX,EL8 AT,ELEVATE URANIUM LTD,,,4498647.0,1169648.22,0.34542701,AUD,Energy,Australia,Equities,equity,web_csv
2026-08-14,URNM-ASX,JAGU UA,JAGUAR URANIUM CORP,,,502867.0,1157076.81,0.34171435,AUD,Energy,Canada,Equities,equity,web_csv
2026-08-14,URNM-ASX,AEE AT,AURA ENERGY LTD,,,9842096.0,1082630.56,0.31972847,AUD,Energy,Australia,Equities,equity,web_csv
2026-08-14,URNM-ASX,SYH CV,SKYHARBOUR RESOURCES LTD,,,2439308.0,1029400.87,0.30400839,AUD,Energy,Canada,Equities,equity,web_csv
2026-08-14,URNM-ASX,PUR CV,PREMIER AMERICAN URANIUM INC,,,1656545.0,993859.62,0.29351215,AUD,,Canada,Equities,equity,web_csv
2026-08-14,URNM-ASX,WUC CF,WESTERN URANIUM & VANADIUM COR,,,1656545.0,943324.38,0.2785878,AUD,Energy,Canada,Equities,equity,web_csv
2026-08-14,URNM-ASX,FUU CV,F3 URANIUM CORP,,,6342201.0,935142.51,0.27617148,AUD,Energy,Canada,Equities,equity,web_csv
2026-08-14,URNM-ASX,AEC CV,ANFIELD ENERGY INC,,,153161.0,928248.48,0.2741355,AUD,Energy,Canada,Equities,equity,web_csv
2026-08-14,URNM-ASX,FNUC UR,FRONTIER NUCLEAR AND MINERALS,,,321276.0,825412.65,0.24376545,AUD,Materials,Australia,Equities,equity,web_csv
2026-08-14,URNM-ASX,CVV CV,CANALASKA URANIUM LTD,,,2123247.0,820453.39,0.24230085,AUD,Energy,Canada,Equities,equity,web_csv
2026-08-14,URNM-ASX,STUD CV,STALLION URANIUM CORP,,,3467602.0,528920.38,0.15620371,AUD,Energy,Canada,Equities,equity,web_csv
2026-08-14,URNM-ASX,AUD,AUD - AUSTRALIA DOLLAR,CASH,,566535.77,566535.77,0.16731248999999998,AUD,,,Cash,cash,web_csv
2026-08-14,URNM-ASX,USD,USD - UNITED STATES DOLLAR,CASH,,18222.9,25724.03,0.00759696,AUD,,,Cash,cash,web_csv
2026-08-14,URNM-ASX,HKD,HKD - HONG KONG DOLLAR,CASH,,36032.37,6480.64,0.0019139,AUD,,,Cash,cash,web_csv
2026-08-14,URNM-ASX,CAD,CAD - CANADA DOLLAR,CASH,,3632.05,3693.36,0.00109074,AUD,,,Cash,cash,web_csv
2026-08-14,URNM-ASX,GBP,GBP - BRITISH POUND,CASH,,1264.25,2415.73,0.00071343,AUD,,,Cash,cash,web_csv
2026-08-14,URNM-ASX,EUR,EUR - EURO,CASH,,12.05,19.68,5.81e-06,AUD,,,Cash,cash,web_csv
2026-08-14,URNM-ASX,"Total weights may not add up to 100% due to rounding or immateriality. Holdings, weights and values are subject to change.",,,,,,,AUD,,,,derivative,web_csv
2026-08-14,URNM-ASX,"Betashares makes no representation or warranty of any kind, either express or implied, with respect to the holdings data,",,,,,,,AUD,,,,derivative,web_csv
2026-08-14,URNM-ASX,"its timeliness, the information's use or any other matter.",,,,,,,AUD,,,,derivative,web_csv
2026-08-17,URNM-ASX,KAP LI,NAC KAZATOMPROM JSC,,,520574.0,53559408.02,15.61231636,AUD,Energy,Kazakhstan,Equities,equity,web_csv
2026-08-17,URNM-ASX,CCJ UN,CAMECO CORP,,,364103.0,50518330.39,14.72585648,AUD,Energy,Canada,Equities,equity,web_csv
2026-08-17,URNM-ASX,U-U CT,SPROTT PHYSICAL URANIUM TRUST,,,1698203.0,46823803.03,13.64891908,AUD,,,Equities,equity,web_csv
2026-08-17,URNM-ASX,PDN AT,PALADIN ENERGY LTD,,,1593187.0,16808122.85,4.89948902,AUD,Energy,Australia,Equities,equity,web_csv
2026-08-17,URNM-ASX,NXE UN,NEXGEN ENERGY LTD,,,1065563.0,16122170.65,4.69953717,AUD,Energy,Canada,Equities,equity,web_csv
2026-08-17,URNM-ASX,DNN UA,DENISON MINES CORP,,,3429333.0,15397005.31,4.48815487,AUD,Energy,Canada,Equities,equity,web_csv
2026-08-17,URNM-ASX,UEC UA,URANIUM ENERGY CORP,,,909423.0,14297332.74,4.16760547,AUD,Energy,United States,Equities,equity,web_csv
2026-08-17,URNM-ASX,YCA LN,YELLOW CAKE PLC,,,1294824.0,14193301.05,4.13728072,AUD,Industrials,Britain,Equities,equity,web_csv
2026-08-17,URNM-ASX,DYL AT,DEEP YELLOW LTD,,,9442728.0,13975237.44,4.0737162,AUD,Energy,Australia,Equities,equity,web_csv
2026-08-17,URNM-ASX,UUUU UA,ENERGY FUELS INC/CANADA,,,658531.0,13708196.33,3.99587497,AUD,Energy,United States,Equities,equity,web_csv
2026-08-17,URNM-ASX,1164 HK,CGN MINING CO LTD,,,24437319.0,12342744.64,3.5978522,AUD,Energy,China,Equities,equity,web_csv
2026-08-17,URNM-ASX,ISO CT,ISOENERGY LTD,,,666600.0,10214796.02,2.97756515,AUD,Energy,Canada,Equities,equity,web_csv
2026-08-17,URNM-ASX,URG UA,UR-ENERGY INC,,,3843602.0,7357211.43,2.14459264,AUD,Energy,United States,Equities,equity,web_csv
2026-08-17,URNM-ASX,BMN AT,BANNERMAN ENERGY LTD,,,2011075.0,7239870.0,2.11038817,AUD,Energy,Australia,Equities,equity,web_csv
2026-08-17,URNM-ASX,BOE AT,BOSS ENERGY LTD,,,4020048.0,6110472.96,1.78117422,AUD,Energy,Australia,Equities,equity,web_csv
2026-08-17,URNM-ASX,CXU AT,CAULDRON ENERGY LTD,,,47617542.0,4476048.95,1.30474729,AUD,Energy,Australia,Equities,equity,web_csv
2026-08-17,URNM-ASX,UROY UR,URANIUM ROYALTY CORP,,,750858.0,4396297.37,1.28150007,AUD,Energy,United States,Equities,equity,web_csv
2026-08-17,URNM-ASX,SASK CV,ATHA ENERGY CORP,,,3062842.0,3512290.91,1.02381633,AUD,Energy,Canada,Equities,equity,web_csv
2026-08-17,URNM-ASX,EU CV,ENCORE ENERGY CORP,,,1811793.0,2905046.62,0.84680747,AUD,Energy,Canada,Equities,equity,web_csv
2026-08-17,URNM-ASX,GLO CT,GLOBAL ATOMIC CORP,,,3945797.0,2322470.33,0.67698921,AUD,Materials,Canada,Equities,equity,web_csv
2026-08-17,URNM-ASX,MGA CT,MEGA URANIUM LTD,,,3686977.0,2319794.74,0.67620929,AUD,Energy,Canada,Equities,equity,web_csv
2026-08-17,URNM-ASX,BKY LN,BERKELEY ENERGIA LTD,,,4167743.0,2065756.41,0.60215831,AUD,Energy,Australia,Equities,equity,web_csv
2026-08-17,URNM-ASX,AGE AT,ALLIGATOR ENERGY LTD,,,42968110.0,1847628.73,0.53857511,AUD,Energy,Australia,Equities,equity,web_csv
2026-08-17,URNM-ASX,NUCL UR,EAGLE NUCLEAR ENERGY CORP,,,168136.0,1803231.98,0.52563367,AUD,Energy,United States,Equities,equity,web_csv
2026-08-17,URNM-ASX,LAM CT,LARAMIDE RESOURCES LTD,,,2744259.0,1782348.04,0.5195461,AUD,Energy,Canada,Equities,equity,web_csv
2026-08-17,URNM-ASX,ARN CT,ASARIAN ENERGY LTD,,,3136010.0,1750360.77,0.51022196,AUD,Energy,Canada,Equities,equity,web_csv
2026-08-17,URNM-ASX,AEU AT,ATOMIC EAGLE LTD,,,3782915.0,1721226.32,0.5017294,AUD,Energy,Australia,Equities,equity,web_csv
2026-08-17,URNM-ASX,PEN AT,PENINSULA ENERGY LTD,,,4511357.0,1308293.53,0.38136143,AUD,Energy,Australia,Equities,equity,web_csv
2026-08-17,URNM-ASX,LOT AT,LOTUS RESOURCES LTD,,,5291677.0,1296460.86,0.37791226,AUD,Energy,Australia,Equities,equity,web_csv
2026-08-17,URNM-ASX,EL8 AT,ELEVATE URANIUM LTD,,,4512422.0,1173229.72,0.34199096,AUD,Energy,Australia,Equities,equity,web_csv
2026-08-17,URNM-ASX,AEE AT,AURA ENERGY LTD,,,9872231.0,1085945.41,0.316548,AUD,Energy,Australia,Equities,equity,web_csv
2026-08-17,URNM-ASX,JAGU UA,JAGUAR URANIUM CORP,,,504407.0,1079097.31,0.31455181,AUD,Energy,Canada,Equities,equity,web_csv
2026-08-17,URNM-ASX,SYH CV,SKYHARBOUR RESOURCES LTD,,,2446777.0,1018041.98,0.29675447,AUD,Energy,Canada,Equities,equity,web_csv
2026-08-17,URNM-ASX,WUC CF,WESTERN URANIUM & VANADIUM COR,,,1661617.0,1011741.63,0.29491794,AUD,Energy,Canada,Equities,equity,web_csv
2026-08-17,URNM-ASX,AEC CV,ANFIELD ENERGY INC,,,153630.0,955705.2,0.27858358,AUD,Energy,Canada,Equities,equity,web_csv
2026-08-17,URNM-ASX,FUU CV,F3 URANIUM CORP,,,6361620.0,936101.99,0.27286934,AUD,Energy,Canada,Equities,equity,web_csv
2026-08-17,URNM-ASX,PUR CV,PREMIER AMERICAN URANIUM INC,,,1661617.0,927429.83,0.27034145,AUD,,Canada,Equities,equity,web_csv
2026-08-17,URNM-ASX,FNUC UR,FRONTIER NUCLEAR AND MINERALS,,,322260.0,811886.56,0.23666113,AUD,Materials,Australia,Equities,equity,web_csv
2026-08-17,URNM-ASX,CVV CV,CANALASKA URANIUM LTD,,,2129748.0,767262.57,0.22365344,AUD,Energy,Canada,Equities,equity,web_csv
2026-08-17,URNM-ASX,STUD CV,STALLION URANIUM CORP,,,3478220.0,511814.39,0.1491915,AUD,Energy,Canada,Equities,equity,web_csv
2026-08-17,URNM-ASX,AUD,AUD - AUSTRALIA DOLLAR,CASH,,568592.04,568592.04,0.16574190999999996,AUD,,,Cash,cash,web_csv
2026-08-17,URNM-ASX,USD,USD - UNITED STATES DOLLAR,CASH,,17447.74,24556.99,0.00715825,AUD,,,Cash,cash,web_csv
2026-08-17,URNM-ASX,HKD,HKD - HONG KONG DOLLAR,CASH,,28248.85,5068.51,0.00147745,AUD,,,Cash,cash,web_csv
2026-08-17,URNM-ASX,CAD,CAD - CANADA DOLLAR,CASH,,4111.72,4172.64,0.00121631,AUD,,,Cash,cash,web_csv
2026-08-17,URNM-ASX,GBP,GBP - BRITISH POUND,CASH,,1450.66,2765.48,0.00080612,AUD,,,Cash,cash,web_csv
2026-08-17,URNM-ASX,EUR,EUR - EURO,CASH,,12.05,19.64,5.72e-06,AUD,,,Cash,cash,web_csv
2026-08-17,URNM-ASX,"Total weights may not add up to 100% due to rounding or immateriality. Holdings, weights and values are subject to change.",,,,,,,AUD,,,,derivative,web_csv
2026-08-17,URNM-ASX,"Betashares makes no representation or warranty of any kind, either express or implied, with respect to the holdings data,",,,,,,,AUD,,,,derivative,web_csv
2026-08-17,URNM-ASX,"its timeliness, the information's use or any other matter.",,,,,,,AUD,,,,derivative,web_csv
2026-08-18,URNM-ASX,KAP LI,NAC KAZATOMPROM JSC,,,522132.0,53200579.17,15.72254336,AUD,Energy,Kazakhstan,Equities,equity,web_csv
2026-08-18,URNM-ASX,CCJ UN,CAMECO CORP,,,365193.0,49491227.48,14.62630637,AUD,Energy,Canada,Equities,equity,web_csv
2026-08-18,URNM-ASX,U-U CT,SPROTT PHYSICAL URANIUM TRUST,,,1703286.0,46264650.18,13.67274529,AUD,,,Equities,equity,web_csv
2026-08-18,URNM-ASX,PDN AT,PALADIN ENERGY LTD,,,1597956.0,17162047.44,5.07195672,AUD,Energy,Australia,Equities,equity,web_csv
2026-08-18,URNM-ASX,NXE UN,NEXGEN ENERGY LTD,,,1068753.0,15474747.08,4.57330326,AUD,Energy,Canada,Equities,equity,web_csv
2026-08-18,URNM-ASX,DNN UA,DENISON MINES CORP,,,3439598.0,15290338.27,4.51880431,AUD,Energy,Canada,Equities,equity,web_csv
2026-08-18,URNM-ASX,DYL AT,DEEP YELLOW LTD,,,9470993.0,14159134.54,4.18449592,AUD,Energy,Australia,Equities,equity,web_csv
2026-08-18,URNM-ASX,UEC UA,URANIUM ENERGY CORP,,,912145.0,14108254.59,4.1694592,AUD,Energy,United States,Equities,equity,web_csv
2026-08-18,URNM-ASX,YCA LN,YELLOW CAKE PLC,,,1298700.0,13729404.86,4.05749649,AUD,Industrials,Britain,Equities,equity,web_csv
2026-08-18,URNM-ASX,UUUU UA,ENERGY FUELS INC/CANADA,,,660502.0,13133605.96,3.88141807,AUD,Energy,United States,Equities,equity,web_csv
2026-08-18,URNM-ASX,1164 HK,CGN MINING CO LTD,,,24510467.0,11994183.62,3.54468081,AUD,Energy,China,Equities,equity,web_csv
2026-08-18,URNM-ASX,ISO CT,ISOENERGY LTD,,,668596.0,9684190.95,2.86200102,AUD,Energy,Canada,Equities,equity,web_csv
2026-08-18,URNM-ASX,BMN AT,BANNERMAN ENERGY LTD,,,2017095.0,7604448.15,2.24736775,AUD,Energy,Australia,Equities,equity,web_csv
2026-08-18,URNM-ASX,URG UA,UR-ENERGY INC,,,3855107.0,7290210.81,2.15450015,AUD,Energy,United States,Equities,equity,web_csv
2026-08-18,URNM-ASX,BOE AT,BOSS ENERGY LTD,,,4032081.0,6169083.93,1.82316981,AUD,Energy,Australia,Equities,equity,web_csv
2026-08-18,URNM-ASX,UROY UR,URANIUM ROYALTY CORP,,,753106.0,4293745.75,1.2689449,AUD,Energy,United States,Equities,equity,web_csv
2026-08-18,URNM-ASX,CXU AT,CAULDRON ENERGY LTD,,,47760075.0,4250646.68,1.25620769,AUD,Energy,Australia,Equities,equity,web_csv
2026-08-18,URNM-ASX,SASK CV,ATHA ENERGY CORP,,,3072010.0,3398793.04,1.00445656,AUD,Energy,Canada,Equities,equity,web_csv
2026-08-18,URNM-ASX,EU CV,ENCORE ENERGY CORP,,,1817216.0,2766772.23,0.81767336,AUD,Energy,Canada,Equities,equity,web_csv
2026-08-18,URNM-ASX,MGA CT,MEGA URANIUM LTD,,,3698013.0,2214603.81,0.6544892,AUD,Energy,Canada,Equities,equity,web_csv
2026-08-18,URNM-ASX,GLO CT,GLOBAL ATOMIC CORP,,,3957608.0,2169212.67,0.6410746,AUD,Materials,Canada,Equities,equity,web_csv
2026-08-18,URNM-ASX,BKY LN,BERKELEY ENERGIA LTD,,,4180218.0,2035937.1,0.60168724,AUD,Energy,Australia,Equities,equity,web_csv
2026-08-18,URNM-ASX,AGE AT,ALLIGATOR ENERGY LTD,,,43096725.0,1896255.9,0.56040679,AUD,Energy,Australia,Equities,equity,web_csv
2026-08-18,URNM-ASX,NUCL UR,EAGLE NUCLEAR ENERGY CORP,,,168639.0,1856314.14,0.54860267,AUD,Energy,United States,Equities,equity,web_csv
2026-08-18,URNM-ASX,ARN CT,ASARIAN ENERGY LTD,,,3145397.0,1819809.47,0.53781432,AUD,Energy,Canada,Equities,equity,web_csv
2026-08-18,URNM-ASX,LAM CT,LARAMIDE RESOURCES LTD,,,2752473.0,1788045.8,0.5284271,AUD,Energy,Canada,Equities,equity,web_csv
2026-08-18,URNM-ASX,AEU AT,ATOMIC EAGLE LTD,,,3794238.0,1707407.1,0.50459568,AUD,Energy,Australia,Equities,equity,web_csv
2026-08-18,URNM-ASX,LOT AT,LOTUS RESOURCES LTD,,,5307516.0,1300341.42,0.38429421,AUD,Energy,Australia,Equities,equity,web_csv
2026-08-18,URNM-ASX,PEN AT,PENINSULA ENERGY LTD,,,4524861.0,1289585.38,0.38111544,AUD,Energy,Australia,Equities,equity,web_csv
2026-08-18,URNM-ASX,EL8 AT,ELEVATE URANIUM LTD,,,4525929.0,1267260.12,0.37451758,AUD,Energy,Australia,Equities,equity,web_csv
2026-08-18,URNM-ASX,JAGU UA,JAGUAR URANIUM CORP,,,505917.0,1142347.16,0.33760164,AUD,Energy,Canada,Equities,equity,web_csv
2026-08-18,URNM-ASX,AEE AT,AURA ENERGY LTD,,,9901782.0,1138704.93,0.33652524,AUD,Energy,Australia,Equities,equity,web_csv
2026-08-18,URNM-ASX,SYH CV,SKYHARBOUR RESOURCES LTD,,,2454101.0,1021296.6,0.30182717,AUD,Energy,Canada,Equities,equity,web_csv
2026-08-18,URNM-ASX,WUC CF,WESTERN URANIUM & VANADIUM COR,,,1666591.0,1014976.25,0.29995929,AUD,Energy,Canada,Equities,equity,web_csv
2026-08-18,URNM-ASX,FUU CV,F3 URANIUM CORP,,,6380662.0,939094.59,0.27753373,AUD,Energy,Canada,Equities,equity,web_csv
2026-08-18,URNM-ASX,AEC CV,ANFIELD ENERGY INC,,,154090.0,930608.51,0.27502581,AUD,Energy,Canada,Equities,equity,web_csv
2026-08-18,URNM-ASX,PUR CV,PREMIER AMERICAN URANIUM INC,,,1666591.0,896562.35,0.26496404,AUD,,Canada,Equities,equity,web_csv
2026-08-18,URNM-ASX,FNUC UR,FRONTIER NUCLEAR AND MINERALS,,,323225.0,770886.61,0.22782267,AUD,Materials,Australia,Equities,equity,web_csv
2026-08-18,URNM-ASX,CVV CV,CANALASKA URANIUM LTD,,,2136123.0,748033.33,0.22106877,AUD,Energy,Canada,Equities,equity,web_csv
2026-08-18,URNM-ASX,STUD CV,STALLION URANIUM CORP,,,3488631.0,531155.76,0.15697422,AUD,Energy,Canada,Equities,equity,web_csv
2026-08-18,URNM-ASX,AUD,AUD - AUSTRALIA DOLLAR,CASH,,398188.82999999996,398188.82999999996,0.11767807,AUD,,,Cash,cash,web_csv
2026-08-18,URNM-ASX,USD,USD - UNITED STATES DOLLAR,CASH,,16178.7,22831.92,0.00674759,AUD,,,Cash,cash,web_csv
2026-08-18,URNM-ASX,HKD,HKD - HONG KONG DOLLAR,CASH,,19486.1,3505.7,0.00103605,AUD,,,Cash,cash,web_csv
2026-08-18,URNM-ASX,GBP,GBP - BRITISH POUND,CASH,,742.55,1418.24,0.00041914,AUD,,,Cash,cash,web_csv
2026-08-18,URNM-ASX,CAD,CAD - CANADA DOLLAR,CASH,,849.81,862.58,0.00025492,AUD,,,Cash,cash,web_csv
2026-08-18,URNM-ASX,EUR,EUR - EURO,CASH,,12.05,19.68,5.82e-06,AUD,,,Cash,cash,web_csv
2026-08-18,URNM-ASX,"Total weights may not add up to 100% due to rounding or immateriality. Holdings, weights and values are subject to change.",,,,,,,AUD,,,,derivative,web_csv
2026-08-18,URNM-ASX,"Betashares makes no representation or warranty of any kind, either express or implied, with respect to the holdings data,",,,,,,,AUD,,,,derivative,web_csv
2026-08-18,URNM-ASX,"its timeliness, the information's use or any other matter.",,,,,,,AUD,,,,derivative,web_csv
2026-08-19,URNM-ASX,KAP LI,NAC KAZATOMPROM JSC,,,523645.0,52636886.69,15.40451007,AUD,Energy,Kazakhstan,Equities,equity,web_csv
2026-08-19,URNM-ASX,CCJ UN,CAMECO CORP,,,366251.0,50450264.28,14.76458151,AUD,Energy,Canada,Equities,equity,web_csv
2026-08-19,URNM-ASX,U-U CT,SPROTT PHYSICAL URANIUM TRUST,,,1708221.0,46801051.3,13.69661679,AUD,,,Equities,equity,web_csv
2026-08-19,URNM-ASX,PDN AT,PALADIN ENERGY LTD,,,1602586.0,16570739.24,4.84952921,AUD,Energy,Australia,Equities,equity,web_csv
2026-08-19,URNM-ASX,NXE UN,NEXGEN ENERGY LTD,,,1071849.0,15912730.83,4.65695898,AUD,Energy,Canada,Equities,equity,web_csv
2026-08-19,URNM-ASX,DNN UA,DENISON MINES CORP,,,3449564.0,15615909.01,4.57009225,AUD,Energy,Canada,Equities,equity,web_csv
2026-08-19,URNM-ASX,UEC UA,URANIUM ENERGY CORP,,,914788.0,14957098.89,4.37728739,AUD,Energy,United States,Equities,equity,web_csv
2026-08-19,URNM-ASX,DYL AT,DEEP YELLOW LTD,,,9498434.0,14200158.83,4.15576421,AUD,Energy,Australia,Equities,equity,web_csv
2026-08-19,URNM-ASX,YCA LN,YELLOW CAKE PLC,,,1302463.0,13972735.47,4.08920736,AUD,Industrials,Britain,Equities,equity,web_csv
2026-08-19,URNM-ASX,UUUU UA,ENERGY FUELS INC/CANADA,,,662416.0,13829435.68,4.04726979,AUD,Energy,United States,Equities,equity,web_csv
2026-08-19,URNM-ASX,1164 HK,CGN MINING CO LTD,,,24581484.0,11701900.6,3.4246335,AUD,Energy,China,Equities,equity,web_csv
2026-08-19,URNM-ASX,ISO CT,ISOENERGY LTD,,,670533.0,9928770.95,2.90571616,AUD,Energy,Canada,Equities,equity,web_csv
2026-08-19,URNM-ASX,URG UA,UR-ENERGY INC,,,3866277.0,7609711.51,2.22702909,AUD,Energy,United States,Equities,equity,web_csv
2026-08-19,URNM-ASX,BMN AT,BANNERMAN ENERGY LTD,,,2022939.0,7586021.25,2.22009598,AUD,Energy,Australia,Equities,equity,web_csv
2026-08-19,URNM-ASX,BOE AT,BOSS ENERGY LTD,,,4043763.0,6025206.87,1.76331401,AUD,Energy,Australia,Equities,equity,web_csv
2026-08-19,URNM-ASX,UROY UR,URANIUM ROYALTY CORP,,,755288.0,4449116.72,1.30206149,AUD,Energy,United States,Equities,equity,web_csv
2026-08-19,URNM-ASX,CXU AT,CAULDRON ENERGY LTD,,,47898454.0,4071368.59,1.19151117,AUD,Energy,Australia,Equities,equity,web_csv
2026-08-19,URNM-ASX,SASK CV,ATHA ENERGY CORP,,,3080911.0,3477892.01,1.01782658,AUD,Energy,Canada,Equities,equity,web_csv
2026-08-19,URNM-ASX,EU CV,ENCORE ENERGY CORP,,,1822481.0,2835753.01,0.82990064,AUD,Energy,Canada,Equities,equity,web_csv
2026-08-19,URNM-ASX,MGA CT,MEGA URANIUM LTD,,,3708728.0,2338463.7,0.68436585,AUD,Energy,Canada,Equities,equity,web_csv
2026-08-19,URNM-ASX,GLO CT,GLOBAL ATOMIC CORP,,,3969075.0,2260431.2,0.66152916,AUD,Materials,Canada,Equities,equity,web_csv
2026-08-19,URNM-ASX,BKY LN,BERKELEY ENERGIA LTD,,,4192330.0,2042499.33,0.59775005,AUD,Energy,Australia,Equities,equity,web_csv
2026-08-19,URNM-ASX,AGE AT,ALLIGATOR ENERGY LTD,,,43221593.0,1858528.5,0.54390985,AUD,Energy,Australia,Equities,equity,web_csv
2026-08-19,URNM-ASX,LAM CT,LARAMIDE RESOURCES LTD,,,2760448.0,1852838.08,0.54224451,AUD,Energy,Canada,Equities,equity,web_csv
2026-08-19,URNM-ASX,NUCL UR,EAGLE NUCLEAR ENERGY CORP,,,169128.0,1804697.76,0.52815595,AUD,Energy,United States,Equities,equity,web_csv
2026-08-19,URNM-ASX,ARN CT,ASARIAN ENERGY LTD,,,3154510.0,1796527.61,0.5257649,AUD,Energy,Canada,Equities,equity,web_csv
2026-08-19,URNM-ASX,AEU AT,ATOMIC EAGLE LTD,,,3805232.0,1769432.88,0.51783546,AUD,Energy,Australia,Equities,equity,web_csv
2026-08-19,URNM-ASX,LOT AT,LOTUS RESOURCES LTD,,,5322894.0,1304109.03,0.38165556,AUD,Energy,Australia,Equities,equity,web_csv
2026-08-19,URNM-ASX,PEN AT,PENINSULA ENERGY LTD,,,4537971.0,1270631.88,0.37185827,AUD,Energy,Australia,Equities,equity,web_csv
2026-08-19,URNM-ASX,EL8 AT,ELEVATE URANIUM LTD,,,4539042.0,1248236.55,0.36530414,AUD,Energy,Australia,Equities,equity,web_csv
2026-08-19,URNM-ASX,JAGU UA,JAGUAR URANIUM CORP,,,507383.0,1148441.77,0.33609858,AUD,Energy,Canada,Equities,equity,web_csv
2026-08-19,URNM-ASX,AEE AT,AURA ENERGY LTD,,,9930471.0,1092351.81,0.31968351,AUD,Energy,Australia,Equities,equity,web_csv
2026-08-19,URNM-ASX,SYH CV,SKYHARBOUR RESOURCES LTD,,,2461211.0,1076294.85,0.31498434,AUD,Energy,Canada,Equities,equity,web_csv
2026-08-19,URNM-ASX,AEC CV,ANFIELD ENERGY INC,,,154537.0,950827.67,0.27826559,AUD,Energy,Canada,Equities,equity,web_csv
2026-08-19,URNM-ASX,FUU CV,F3 URANIUM CORP,,,6399149.0,943635.31,0.2761607,AUD,Energy,Canada,Equities,equity,web_csv
2026-08-19,URNM-ASX,WUC CF,WESTERN URANIUM & VANADIUM COR,,,1671420.0,934893.73,0.27360242,AUD,Energy,Canada,Equities,equity,web_csv
2026-08-19,URNM-ASX,PUR CV,PREMIER AMERICAN URANIUM INC,,,1671420.0,866901.45,0.25370407,AUD,,Canada,Equities,equity,web_csv
2026-08-19,URNM-ASX,FNUC UR,FRONTIER NUCLEAR AND MINERALS,,,324161.0,779298.9,0.22806664,AUD,Materials,Australia,Equities,equity,web_csv
2026-08-19,URNM-ASX,CVV CV,CANALASKA URANIUM LTD,,,2142312.0,751650.2,0.21997507,AUD,Energy,Canada,Equities,equity,web_csv
2026-08-19,URNM-ASX,STUD CV,STALLION URANIUM CORP,,,3498739.0,498142.44,0.14578446,AUD,Energy,Canada,Equities,equity,web_csv
2026-08-19,URNM-ASX,AUD,AUD - AUSTRALIA DOLLAR,CASH,,428173.83,428173.83,0.12530772,AUD,,,Cash,cash,web_csv
2026-08-19,URNM-ASX,USD,USD - UNITED STATES DOLLAR,CASH,,24375.16,34268.47,0.01002888,AUD,,,Cash,cash,web_csv
2026-08-19,URNM-ASX,CAD,CAD - CANADA DOLLAR,CASH,,6022.89,6125.18,0.00179257,AUD,,,Cash,cash,web_csv
2026-08-19,URNM-ASX,HKD,HKD - HONG KONG DOLLAR,CASH,,25957.39,4654.2,0.00136208,AUD,,,Cash,cash,web_csv
2026-08-19,URNM-ASX,GBP,GBP - BRITISH POUND,CASH,,1605.49,3067.42,0.0008977,AUD,,,Cash,cash,web_csv
2026-08-19,URNM-ASX,EUR,EUR - EURO,CASH,,12.05,19.75,5.78e-06,AUD,,,Cash,cash,web_csv
2026-08-19,URNM-ASX,"Total weights may not add up to 100% due to rounding or immateriality. Holdings, weights and values are subject to change.",,,,,,,AUD,,,,derivative,web_csv
2026-08-19,URNM-ASX,"Betashares makes no representation or warranty of any kind, either express or implied, with respect to the holdings data,",,,,,,,AUD,,,,derivative,web_csv
2026-08-19,URNM-ASX,"its timeliness, the information's use or any other matter.",,,,,,,AUD,,,,derivative,web_csv
2026-08-20,URNM-ASX,KAP LI,NAC KAZATOMPROM JSC,,,523645.0,51238144.24,15.27373475,AUD,Energy,Kazakhstan,Equities,equity,web_csv
2026-08-20,URNM-ASX,CCJ UN,CAMECO CORP,,,366251.0,49219644.44,14.67203399,AUD,Energy,Canada,Equities,equity,web_csv
2026-08-20,URNM-ASX,U-U CT,SPROTT PHYSICAL URANIUM TRUST,,,1708221.0,46098447.38,13.74162683,AUD,,,Equities,equity,web_csv
2026-08-20,URNM-ASX,PDN AT,PALADIN ENERGY LTD,,,1602586.0,16666894.4,4.9682854,AUD,Energy,Australia,Equities,equity,web_csv
2026-08-20,URNM-ASX,NXE UN,NEXGEN ENERGY LTD,,,1071849.0,15400389.12,4.59074898,AUD,Energy,Canada,Equities,equity,web_csv
2026-08-20,URNM-ASX,DNN UA,DENISON MINES CORP,,,3449564.0,15227936.12,4.53934194,AUD,Energy,Canada,Equities,equity,web_csv
2026-08-20,URNM-ASX,DYL AT,DEEP YELLOW LTD,,,9498434.0,14485111.85,4.31791119,AUD,Energy,Australia,Equities,equity,web_csv
2026-08-20,URNM-ASX,UEC UA,URANIUM ENERGY CORP,,,914788.0,14339780.96,4.27458906,AUD,Energy,United States,Equities,equity,web_csv
2026-08-20,URNM-ASX,YCA LN,YELLOW CAKE PLC,,,1302463.0,14012357.73,4.17698647,AUD,Industrials,Britain,Equities,equity,web_csv
2026-08-20,URNM-ASX,UUUU UA,ENERGY FUELS INC/CANADA,,,662416.0,12944724.31,3.85873236,AUD,Energy,United States,Equities,equity,web_csv
2026-08-20,URNM-ASX,1164 HK,CGN MINING CO LTD,,,24581484.0,11985379.21,3.57275826,AUD,Energy,China,Equities,equity,web_csv
2026-08-20,URNM-ASX,ISO CT,ISOENERGY LTD,,,670533.0,9649383.61,2.8764142,AUD,Energy,Canada,Equities,equity,web_csv
2026-08-20,URNM-ASX,BMN AT,BANNERMAN ENERGY LTD,,,2022939.0,7687168.2,2.29149142,AUD,Energy,Australia,Equities,equity,web_csv
2026-08-20,URNM-ASX,URG UA,UR-ENERGY INC,,,3866277.0,7229225.94,2.15498202,AUD,Energy,United States,Equities,equity,web_csv
2026-08-20,URNM-ASX,BOE AT,BOSS ENERGY LTD,,,4043763.0,6106082.13,1.82018065,AUD,Energy,Australia,Equities,equity,web_csv
2026-08-20,URNM-ASX,UROY UR,URANIUM ROYALTY CORP,,,755288.0,4406643.05,1.31358967,AUD,Energy,United States,Equities,equity,web_csv
2026-08-20,URNM-ASX,CXU AT,CAULDRON ENERGY LTD,,,47898454.0,4215063.95,1.25648127,AUD,Energy,Australia,Equities,equity,web_csv
2026-08-20,URNM-ASX,SASK CV,ATHA ENERGY CORP,,,3080911.0,3456401.94,1.0303294,AUD,Energy,Canada,Equities,equity,web_csv
2026-08-20,URNM-ASX,EU CV,ENCORE ENERGY CORP,,,1822481.0,2713740.19,0.80894709,AUD,Energy,Canada,Equities,equity,web_csv
2026-08-20,URNM-ASX,MGA CT,MEGA URANIUM LTD,,,3708728.0,2307316.76,0.68779509,AUD,Energy,Canada,Equities,equity,web_csv
2026-08-20,URNM-ASX,GLO CT,GLOBAL ATOMIC CORP,,,3969075.0,2185926.06,0.65160937,AUD,Materials,Canada,Equities,equity,web_csv
2026-08-20,URNM-ASX,BKY LN,BERKELEY ENERGIA LTD,,,4192330.0,2008128.64,0.59860919,AUD,Energy,Australia,Equities,equity,web_csv
2026-08-20,URNM-ASX,AGE AT,ALLIGATOR ENERGY LTD,,,43221593.0,1815306.91,0.54113037,AUD,Energy,Australia,Equities,equity,web_csv
2026-08-20,URNM-ASX,NUCL UR,EAGLE NUCLEAR ENERGY CORP,,,169128.0,1754765.42,0.52308338,AUD,Energy,United States,Equities,equity,web_csv
2026-08-20,URNM-ASX,AEU AT,ATOMIC EAGLE LTD,,,3805232.0,1731380.56,0.51611251,AUD,Energy,Australia,Equities,equity,web_csv
2026-08-20,URNM-ASX,LAM CT,LARAMIDE RESOURCES LTD,,,2760448.0,1717361.84,0.51193363,AUD,Energy,Canada,Equities,equity,web_csv
2026-08-20,URNM-ASX,ARN CT,ASARIAN ENERGY LTD,,,3154510.0,1705140.54,0.50829055,AUD,Energy,Canada,Equities,equity,web_csv
2026-08-20,URNM-ASX,LOT AT,LOTUS RESOURCES LTD,,,5322894.0,1330723.5,0.39667943,AUD,Energy,Australia,Equities,equity,web_csv
2026-08-20,URNM-ASX,PEN AT,PENINSULA ENERGY LTD,,,4537971.0,1270631.88,0.37876653,AUD,Energy,Australia,Equities,equity,web_csv
2026-08-20,URNM-ASX,EL8 AT,ELEVATE URANIUM LTD,,,4539042.0,1180150.92,0.35179479,AUD,Energy,Australia,Equities,equity,web_csv
2026-08-20,URNM-ASX,JAGU UA,JAGUAR URANIUM CORP,,,507383.0,1141308.59,0.34021616,AUD,Energy,Canada,Equities,equity,web_csv
2026-08-20,URNM-ASX,AEE AT,AURA ENERGY LTD,,,9930471.0,1092351.81,0.32562248,AUD,Energy,Australia,Equities,equity,web_csv
2026-08-20,URNM-ASX,SYH CV,SKYHARBOUR RESOURCES LTD,,,2461211.0,1004063.64,0.29930439,AUD,Energy,Canada,Equities,equity,web_csv
2026-08-20,URNM-ASX,FUU CV,F3 URANIUM CORP,,,6399149.0,946330.04,0.28209441,AUD,Energy,Canada,Equities,equity,web_csv
2026-08-20,URNM-ASX,AEC CV,ANFIELD ENERGY INC,,,154537.0,926749.17,0.27625749,AUD,Energy,Canada,Equities,equity,web_csv
2026-08-20,URNM-ASX,WUC CF,WESTERN URANIUM & VANADIUM COR,,,1671420.0,920516.88,0.27439969,AUD,Energy,Canada,Equities,equity,web_csv
2026-08-20,URNM-ASX,PUR CV,PREMIER AMERICAN URANIUM INC,,,1671420.0,869377.05,0.25915526,AUD,,Canada,Equities,equity,web_csv
2026-08-20,URNM-ASX,FNUC UR,FRONTIER NUCLEAR AND MINERALS,,,324161.0,774741.6,0.23094509,AUD,Materials,Australia,Equities,equity,web_csv
2026-08-20,URNM-ASX,CVV CV,CANALASKA URANIUM LTD,,,2142312.0,742872.09,0.22144501,AUD,Energy,Canada,Equities,equity,web_csv
2026-08-20,URNM-ASX,STUD CV,STALLION URANIUM CORP,,,3498739.0,481723.37,0.14359839,AUD,Energy,Canada,Equities,equity,web_csv
2026-08-20,URNM-ASX,AUD,AUD - AUSTRALIA DOLLAR,CASH,,428173.83,428173.83,0.12763564,AUD,,,Cash,cash,web_csv
2026-08-20,URNM-ASX,USD,USD - UNITED STATES DOLLAR,CASH,,24375.16,34268.47,0.01021519,AUD,,,Cash,cash,web_csv
2026-08-20,URNM-ASX,CAD,CAD - CANADA DOLLAR,CASH,,6022.89,6142.67,0.00183109,AUD,,,Cash,cash,web_csv
2026-08-20,URNM-ASX,HKD,HKD - HONG KONG DOLLAR,CASH,,25957.39,4653.03,0.00138704,AUD,,,Cash,cash,web_csv
2026-08-20,URNM-ASX,GBP,GBP - BRITISH POUND,CASH,,1605.49,3076.12,0.00091697,AUD,,,Cash,cash,web_csv
2026-08-20,URNM-ASX,EUR,EUR - EURO,CASH,,12.05,19.78,5.9e-06,AUD,,,Cash,cash,web_csv
2026-08-20,URNM-ASX,"Total weights may not add up to 100% due to rounding or immateriality. Holdings, weights and values are subject to change.",,,,,,,AUD,,,,derivative,web_csv
2026-08-20,URNM-ASX,"Betashares makes no representation or warranty of any kind, either express or implied, with respect to the holdings data,",,,,,,,AUD,,,,derivative,web_csv
2026-08-20,URNM-ASX,"its timeliness, the information's use or any other matter.",,,,,,,AUD,,,,derivative,web_csv
2026-08-21,URNM-ASX,CCJ UN,CAMECO CORP,,,368473.0,52673500.53,14.93437319,AUD,Energy,Canada,Equities,equity,web_csv
2026-08-21,URNM-ASX,KAP LI,NAC KAZATOMPROM JSC,,,526822.0,51572869.06,14.62231416,AUD,Energy,Kazakhstan,Equities,equity,web_csv
2026-08-21,URNM-ASX,U-U CT,SPROTT PHYSICAL URANIUM TRUST,,,1718586.0,48445235.04,13.73554467,AUD,,,Equities,equity,web_csv
2026-08-21,URNM-ASX,PDN AT,PALADIN ENERGY LTD,,,1612310.0,17058239.8,4.83647596,AUD,Energy,Australia,Equities,equity,web_csv
2026-08-21,URNM-ASX,DNN UA,DENISON MINES CORP,,,3470494.0,16938682.19,4.80257812,AUD,Energy,Canada,Equities,equity,web_csv
2026-08-21,URNM-ASX,UEC UA,URANIUM ENERGY CORP,,,920338.0,16376395.04,4.64315438,AUD,Energy,United States,Equities,equity,web_csv
2026-08-21,URNM-ASX,NXE UN,NEXGEN ENERGY LTD,,,1078353.0,16330935.13,4.63026526,AUD,Energy,Canada,Equities,equity,web_csv
2026-08-21,URNM-ASX,YCA LN,YELLOW CAKE PLC,,,1310366.0,14592049.0,4.13724364,AUD,Industrials,Britain,Equities,equity,web_csv
2026-08-21,URNM-ASX,DYL AT,DEEP YELLOW LTD,,,9556067.0,14477441.5,4.1047493,AUD,Energy,Australia,Equities,equity,web_csv
2026-08-21,URNM-ASX,UUUU UA,ENERGY FUELS INC/CANADA,,,666436.0,14070340.32,3.98932501,AUD,Energy,United States,Equities,equity,web_csv
2026-08-21,URNM-ASX,1164 HK,CGN MINING CO LTD,,,24730635.0,13065672.75,3.70447437,AUD,Energy,China,Equities,equity,web_csv
2026-08-21,URNM-ASX,ISO CT,ISOENERGY LTD,,,674601.0,11156704.84,3.16322993,AUD,Energy,Canada,Equities,equity,web_csv
2026-08-21,URNM-ASX,BMN AT,BANNERMAN ENERGY LTD,,,2035214.0,7774517.48,2.20428762,AUD,Energy,Australia,Equities,equity,web_csv
2026-08-21,URNM-ASX,URG UA,UR-ENERGY INC,,,3889736.0,7702447.52,2.18385383,AUD,Energy,United States,Equities,equity,web_csv
2026-08-21,URNM-ASX,BOE AT,BOSS ENERGY LTD,,,4068299.0,6183814.48,1.75327996,AUD,Energy,Australia,Equities,equity,web_csv
2026-08-21,URNM-ASX,UROY UR,URANIUM ROYALTY CORP,,,759871.0,4641242.48,1.31591875,AUD,Energy,United States,Equities,equity,web_csv
2026-08-21,URNM-ASX,CXU AT,CAULDRON ENERGY LTD,,,48189085.0,4096072.22,1.16134813,AUD,Energy,Australia,Equities,equity,web_csv
2026-08-21,URNM-ASX,SASK CV,ATHA ENERGY CORP,,,3099605.0,3708714.16,1.05152156,AUD,Energy,Canada,Equities,equity,web_csv
2026-08-21,URNM-ASX,EU CV,ENCORE ENERGY CORP,,,1833539.0,3067673.24,0.86976898,AUD,Energy,Canada,Equities,equity,web_csv
2026-08-21,URNM-ASX,MGA CT,MEGA URANIUM LTD,,,3731231.0,2383568.78,0.67580672,AUD,Energy,Canada,Equities,equity,web_csv
2026-08-21,URNM-ASX,GLO CT,GLOBAL ATOMIC CORP,,,3993157.0,2226968.52,0.63140628,AUD,Materials,Canada,Equities,equity,web_csv
2026-08-21,URNM-ASX,BKY LN,BERKELEY ENERGIA LTD,,,4217767.0,2007198.81,0.56909557,AUD,Energy,Australia,Equities,equity,web_csv
2026-08-21,URNM-ASX,LAM CT,LARAMIDE RESOURCES LTD,,,2777198.0,1830438.75,0.51897928,AUD,Energy,Canada,Equities,equity,web_csv
2026-08-21,URNM-ASX,AGE AT,ALLIGATOR ENERGY LTD,,,43483847.0,1826321.57,0.51781195,AUD,Energy,Australia,Equities,equity,web_csv
2026-08-21,URNM-ASX,ARN CT,ASARIAN ENERGY LTD,,,3173651.0,1802113.73,0.51094836,AUD,Energy,Canada,Equities,equity,web_csv
2026-08-21,URNM-ASX,AEU AT,ATOMIC EAGLE LTD,,,3828321.0,1761027.66,0.49929934,AUD,Energy,Australia,Equities,equity,web_csv
2026-08-21,URNM-ASX,NUCL UR,EAGLE NUCLEAR ENERGY CORP,,,170154.0,1729776.4,0.49043876,AUD,Energy,United States,Equities,equity,web_csv
2026-08-21,URNM-ASX,LOT AT,LOTUS RESOURCES LTD,,,5355192.0,1285246.08,0.3644023,AUD,Energy,Australia,Equities,equity,web_csv
2026-08-21,URNM-ASX,PEN AT,PENINSULA ENERGY LTD,,,4565506.0,1278341.68,0.36244471,AUD,Energy,Australia,Equities,equity,web_csv
2026-08-21,URNM-ASX,EL8 AT,ELEVATE URANIUM LTD,,,4566583.0,1141645.75,0.32368769,AUD,Energy,Australia,Equities,equity,web_csv
2026-08-21,URNM-ASX,JAGU UA,JAGUAR URANIUM CORP,,,510461.0,1103353.16,0.3128307,AUD,Energy,Canada,Equities,equity,web_csv
2026-08-21,URNM-ASX,AEE AT,AURA ENERGY LTD,,,9990726.0,1098979.86,0.31159075,AUD,Energy,Australia,Equities,equity,web_csv
2026-08-21,URNM-ASX,SYH CV,SKYHARBOUR RESOURCES LTD,,,2476145.0,1092195.37,0.30966716,AUD,Energy,Canada,Equities,equity,web_csv
2026-08-21,URNM-ASX,AEC CV,ANFIELD ENERGY INC,,,155474.0,1010533.71,0.28651385,AUD,Energy,Canada,Equities,equity,web_csv
2026-08-21,URNM-ASX,PUR CV,PREMIER AMERICAN URANIUM INC,,,1681561.0,1006003.84,0.28522951,AUD,,Canada,Equities,equity,web_csv
2026-08-21,URNM-ASX,FUU CV,F3 URANIUM CORP,,,6437977.0,979209.64,0.27763263,AUD,Energy,Canada,Equities,equity,web_csv
2026-08-21,URNM-ASX,WUC CF,WESTERN URANIUM & VANADIUM COR,,,1681561.0,920749.28,0.26105752,AUD,Energy,Canada,Equities,equity,web_csv
2026-08-21,URNM-ASX,FNUC UR,FRONTIER NUCLEAR AND MINERALS,,,326128.0,850452.32,0.24112642,AUD,Materials,Australia,Equities,equity,web_csv
2026-08-21,URNM-ASX,CVV CV,CANALASKA URANIUM LTD,,,2155311.0,819551.43,0.23236517,AUD,Energy,Canada,Equities,equity,web_csv
2026-08-21,URNM-ASX,STUD CV,STALLION URANIUM CORP,,,3519968.0,499691.26,0.14167609,AUD,Energy,Canada,Equities,equity,web_csv
2026-08-21,URNM-ASX,USD,USD - UNITED STATES DOLLAR,CASH,,48084.84,67054.58,0.0190118,AUD,,,Cash,cash,web_csv
2026-08-21,URNM-ASX,AUD,AUD - AUSTRALIA DOLLAR,CASH,,23738.93,23738.93,0.00673063,AUD,,,Cash,cash,web_csv
2026-08-21,URNM-ASX,CAD,CAD - CANADA DOLLAR,CASH,,16743.19,16977.48,0.00481358,AUD,,,Cash,cash,web_csv
2026-08-21,URNM-ASX,GBP,GBP - BRITISH POUND,CASH,,1721.24,3276.49,0.00092898,AUD,,,Cash,cash,web_csv
2026-08-21,URNM-ASX,HKD,HKD - HONG KONG DOLLAR,CASH,,15700.48,2792.88,0.00079186,AUD,,,Cash,cash,web_csv
2026-08-21,URNM-ASX,EUR,EUR - EURO,CASH,,12.05,19.62,5.56e-06,AUD,,,Cash,cash,web_csv
2026-08-21,URNM-ASX,"Total weights may not add up to 100% due to rounding or immateriality. Holdings, weights and values are subject to change.",,,,,,,AUD,,,,derivative,web_csv
2026-08-21,URNM-ASX,"Betashares makes no representation or warranty of any kind, either express or implied, with respect to the holdings data,",,,,,,,AUD,,,,derivative,web_csv
2026-08-21,URNM-ASX,"its timeliness, the information's use or any other matter.",,,,,,,AUD,,,,derivative,web_csv
2026-08-24,URNM-ASX,CCJ UN,CAMECO CORP,,,368473.0,52756172.07,14.58058611,AUD,Energy,Canada,Equities,equity,web_csv
2026-08-24,URNM-ASX,KAP LI,NAC KAZATOMPROM JSC,,,526822.0,52733827.52,14.5744106,AUD,Energy,Kazakhstan,Equities,equity,web_csv
2026-08-24,URNM-ASX,U-U CT,SPROTT PHYSICAL URANIUM TRUST,,,1718586.0,49067731.22,13.56118635,AUD,,,Equities,equity,web_csv
2026-08-24,URNM-ASX,PDN AT,PALADIN ENERGY LTD,,,1612310.0,18864027.0,5.21358088,AUD,Energy,Australia,Equities,equity,web_csv
2026-08-24,URNM-ASX,DNN UA,DENISON MINES CORP,,,3470494.0,17199424.28,4.75352318,AUD,Energy,Canada,Equities,equity,web_csv
2026-08-24,URNM-ASX,NXE UN,NEXGEN ENERGY LTD,,,1078353.0,16500627.59,4.56039193,AUD,Energy,Canada,Equities,equity,web_csv
2026-08-24,URNM-ASX,DYL AT,DEEP YELLOW LTD,,,9556067.0,16149753.23,4.46341837,AUD,Energy,Australia,Equities,equity,web_csv
2026-08-24,URNM-ASX,UEC UA,URANIUM ENERGY CORP,,,920338.0,16118477.36,4.45477445,AUD,Energy,United States,Equities,equity,web_csv
2026-08-24,URNM-ASX,YCA LN,YELLOW CAKE PLC,,,1310366.0,14901319.14,4.11838006,AUD,Industrials,Britain,Equities,equity,web_csv
2026-08-24,URNM-ASX,UUUU UA,ENERGY FUELS INC/CANADA,,,666436.0,13882917.09,3.83691728,AUD,Energy,United States,Equities,equity,web_csv
2026-08-24,URNM-ASX,1164 HK,CGN MINING CO LTD,,,24730635.0,12879388.46,3.55956517,AUD,Energy,China,Equities,equity,web_csv
2026-08-24,URNM-ASX,ISO CT,ISOENERGY LTD,,,674601.0,11000262.82,3.04021829,AUD,Energy,Canada,Equities,equity,web_csv
2026-08-24,URNM-ASX,BMN AT,BANNERMAN ENERGY LTD,,,2035214.0,8608955.22,2.37931616,AUD,Energy,Australia,Equities,equity,web_csv
2026-08-24,URNM-ASX,URG UA,UR-ENERGY INC,,,3889736.0,7787095.73,2.1521732,AUD,Energy,United States,Equities,equity,web_csv
2026-08-24,URNM-ASX,BOE AT,BOSS ENERGY LTD,,,4068299.0,6916108.3,1.91145242,AUD,Energy,Australia,Equities,equity,web_csv
2026-08-24,URNM-ASX,UROY UR,URANIUM ROYALTY CORP,,,759871.0,4648797.8,1.28482022,AUD,Energy,United States,Equities,equity,web_csv
2026-08-24,URNM-ASX,CXU AT,CAULDRON ENERGY LTD,,,48189085.0,4577963.08,1.26524314,AUD,Energy,Australia,Equities,equity,web_csv
2026-08-24,URNM-ASX,SASK CV,ATHA ENERGY CORP,,,3099605.0,3789171.6,1.04723942,AUD,Energy,Canada,Equities,equity,web_csv
2026-08-24,URNM-ASX,EU CV,ENCORE ENERGY CORP,,,1833539.0,3167661.84,0.87546849,AUD,Energy,Canada,Equities,equity,web_csv
2026-08-24,URNM-ASX,MGA CT,MEGA URANIUM LTD,,,3731231.0,2412596.32,0.66678584,AUD,Energy,Canada,Equities,equity,web_csv
2026-08-24,URNM-ASX,GLO CT,GLOBAL ATOMIC CORP,,,3993157.0,2380241.09,0.6578436,AUD,Materials,Canada,Equities,equity,web_csv
2026-08-24,URNM-ASX,AEU AT,ATOMIC EAGLE LTD,,,3828321.0,2105576.55,0.58193267,AUD,Energy,Australia,Equities,equity,web_csv
2026-08-24,URNM-ASX,BKY LN,BERKELEY ENERGIA LTD,,,4217767.0,2092385.84,0.57828707,AUD,Energy,Australia,Equities,equity,web_csv
2026-08-24,URNM-ASX,AGE AT,ALLIGATOR ENERGY LTD,,,43483847.0,2000256.96,0.55282477,AUD,Energy,Australia,Equities,equity,web_csv
2026-08-24,URNM-ASX,LAM CT,LARAMIDE RESOURCES LTD,,,2777198.0,1936013.96,0.53506949,AUD,Energy,Canada,Equities,equity,web_csv
2026-08-24,URNM-ASX,ARN CT,ASARIAN ENERGY LTD,,,3173651.0,1859686.38,0.51397432,AUD,Energy,Canada,Equities,equity,web_csv
2026-08-24,URNM-ASX,NUCL UR,EAGLE NUCLEAR ENERGY CORP,,,170154.0,1684150.61,0.46546029,AUD,Energy,United States,Equities,equity,web_csv
2026-08-24,URNM-ASX,LOT AT,LOTUS RESOURCES LTD,,,5355192.0,1499453.76,0.41441435,AUD,Energy,Australia,Equities,equity,web_csv
2026-08-24,URNM-ASX,PEN AT,PENINSULA ENERGY LTD,,,4565506.0,1369651.8,0.37854009,AUD,Energy,Australia,Equities,equity,web_csv
2026-08-24,URNM-ASX,EL8 AT,ELEVATE URANIUM LTD,,,4566583.0,1301476.15,0.35969792,AUD,Energy,Australia,Equities,equity,web_csv
2026-08-24,URNM-ASX,AEE AT,AURA ENERGY LTD,,,9990726.0,1198887.12,0.33134468,AUD,Energy,Australia,Equities,equity,web_csv
2026-08-24,URNM-ASX,SYH CV,SKYHARBOUR RESOURCES LTD,,,2476145.0,1125747.88,0.31113068,AUD,Energy,Canada,Equities,equity,web_csv
2026-08-24,URNM-ASX,JAGU UA,JAGUAR URANIUM CORP,,,510461.0,1121970.84,0.3100868,AUD,Energy,Canada,Equities,equity,web_csv
2026-08-24,URNM-ASX,PUR CV,PREMIER AMERICAN URANIUM INC,,,1681561.0,1036322.7,0.28641563,AUD,,Canada,Equities,equity,web_csv
2026-08-24,URNM-ASX,FUU CV,F3 URANIUM CORP,,,6437977.0,1008169.77,0.27863481,AUD,Energy,Canada,Equities,equity,web_csv
2026-08-24,URNM-ASX,WUC CF,WESTERN URANIUM & VANADIUM COR,,,1681561.0,968367.11,0.26763428,AUD,Energy,Canada,Equities,equity,web_csv
2026-08-24,URNM-ASX,AEC CV,ANFIELD ENERGY INC,,,155474.0,959735.44,0.26524868,AUD,Energy,Canada,Equities,equity,web_csv
2026-08-24,URNM-ASX,CVV CV,CANALASKA URANIUM LTD,,,2155311.0,794795.43,0.21966308,AUD,Energy,Canada,Equities,equity,web_csv
2026-08-24,URNM-ASX,FNUC UR,FRONTIER NUCLEAR AND MINERALS,,,326128.0,789866.22,0.21830076,AUD,Materials,Australia,Equities,equity,web_csv
2026-08-24,URNM-ASX,STUD CV,STALLION URANIUM CORP,,,3519968.0,515655.04,0.14251513,AUD,Energy,Canada,Equities,equity,web_csv
2026-08-24,URNM-ASX,USD,USD - UNITED STATES DOLLAR,CASH,,48084.84,67317.43,0.01860498,AUD,,,Cash,cash,web_csv
2026-08-24,URNM-ASX,AUD,AUD - AUSTRALIA DOLLAR,CASH,,23738.93,23738.93,0.00656089,AUD,,,Cash,cash,web_csv
2026-08-24,URNM-ASX,CAD,CAD - CANADA DOLLAR,CASH,,16743.19,16915.73,0.00467512,AUD,,,Cash,cash,web_csv
2026-08-24,URNM-ASX,GBP,GBP - BRITISH POUND,CASH,,1721.24,3284.18,0.00090767,AUD,,,Cash,cash,web_csv
2026-08-24,URNM-ASX,HKD,HKD - HONG KONG DOLLAR,CASH,,15700.48,2805.01,0.00077524,AUD,,,Cash,cash,web_csv
2026-08-24,URNM-ASX,EUR,EUR - EURO,CASH,,12.05,19.67,5.44e-06,AUD,,,Cash,cash,web_csv
2026-08-24,URNM-ASX,"Total weights may not add up to 100% due to rounding or immateriality. Holdings, weights and values are subject to change.",,,,,,,AUD,,,,derivative,web_csv
2026-08-24,URNM-ASX,"Betashares makes no representation or warranty of any kind, either express or implied, with respect to the holdings data,",,,,,,,AUD,,,,derivative,web_csv
2026-08-24,URNM-ASX,"its timeliness, the information's use or any other matter.",,,,,,,AUD,,,,derivative,web_csv
2026-08-26,URNM-ASX,CCJ UN,CAMECO CORP,,,373978.0,55974178.28,14.65996874,AUD,Energy,Canada,Equities,equity,web_csv
2026-08-26,URNM-ASX,KAP LI,NAC KAZATOMPROM JSC,,,534693.0,54490531.58,14.27139289,AUD,Energy,Kazakhstan,Equities,equity,web_csv
2026-08-26,URNM-ASX,U-U CT,SPROTT PHYSICAL URANIUM TRUST,,,1744261.0,50985281.84,13.35334722,AUD,,,Equities,equity,web_csv
2026-08-26,URNM-ASX,PDN AT,PALADIN ENERGY LTD,,,1636397.0,20569510.29,5.38727655,AUD,Energy,Australia,Equities,equity,web_csv
2026-08-26,URNM-ASX,DNN UA,DENISON MINES CORP,,,3522341.0,17825314.14,4.66855533,AUD,Energy,Canada,Equities,equity,web_csv
2026-08-26,URNM-ASX,DYL AT,DEEP YELLOW LTD,,,9698829.0,17457892.2,4.57232534,AUD,Energy,Australia,Equities,equity,web_csv
2026-08-26,URNM-ASX,UEC UA,URANIUM ENERGY CORP,,,934088.0,17098251.0,4.47813318,AUD,Energy,United States,Equities,equity,web_csv
2026-08-26,URNM-ASX,NXE UN,NEXGEN ENERGY LTD,,,1094463.0,16890708.78,4.42377665,AUD,Energy,Canada,Equities,equity,web_csv
2026-08-26,URNM-ASX,YCA LN,YELLOW CAKE PLC,,,1329942.0,15210354.7,3.98368197,AUD,Industrials,Britain,Equities,equity,web_csv
2026-08-26,URNM-ASX,UUUU UA,ENERGY FUELS INC/CANADA,,,676392.0,14804620.66,3.87741782,AUD,Energy,United States,Equities,equity,web_csv
2026-08-26,URNM-ASX,1164 HK,CGN MINING CO LTD,,,25100095.0,13547712.67,3.54822617,AUD,Energy,China,Equities,equity,web_csv
2026-08-26,URNM-ASX,ISO CT,ISOENERGY LTD,,,684679.0,11668163.02,3.05596099,AUD,Energy,Canada,Equities,equity,web_csv
2026-08-26,URNM-ASX,BMN AT,BANNERMAN ENERGY LTD,,,2065619.0,9811690.25,2.56973978,AUD,Energy,Australia,Equities,equity,web_csv
2026-08-26,URNM-ASX,URG UA,UR-ENERGY INC,,,3947846.0,8365712.98,2.19102977,AUD,Energy,United States,Equities,equity,web_csv
2026-08-26,URNM-ASX,BOE AT,BOSS ENERGY LTD,,,4129077.0,7494274.76,1.96279494,AUD,Energy,Australia,Equities,equity,web_csv
2026-08-26,URNM-ASX,CXU AT,CAULDRON ENERGY LTD,,,48908998.0,5135444.79,1.3450034,AUD,Energy,Australia,Equities,equity,web_csv
2026-08-26,URNM-ASX,UROY UR,URANIUM ROYALTY CORP,,,771223.0,4558741.84,1.19396148,AUD,Energy,United States,Equities,equity,web_csv
2026-08-26,URNM-ASX,SASK CV,ATHA ENERGY CORP,,,3145911.0,4077798.62,1.06799961,AUD,Energy,Canada,Equities,equity,web_csv
2026-08-26,URNM-ASX,EU CV,ENCORE ENERGY CORP,,,1860931.0,3552822.45,0.93050524,AUD,Energy,Canada,Equities,equity,web_csv
2026-08-26,URNM-ASX,MGA CT,MEGA URANIUM LTD,,,3786973.0,2663666.7,0.69763008,AUD,Energy,Canada,Equities,equity,web_csv
2026-08-26,URNM-ASX,GLO CT,GLOBAL ATOMIC CORP,,,4052813.0,2484139.8,0.65061092,AUD,Materials,Canada,Equities,equity,web_csv
2026-08-26,URNM-ASX,AEU AT,ATOMIC EAGLE LTD,,,3885513.0,2234169.98,0.58514235,AUD,Energy,Australia,Equities,equity,web_csv
2026-08-26,URNM-ASX,BKY LN,BERKELEY ENERGIA LTD,,,4280778.0,2125462.09,0.55667111,AUD,Energy,Australia,Equities,equity,web_csv
2026-08-26,URNM-ASX,LAM CT,LARAMIDE RESOURCES LTD,,,2818687.0,2095888.65,0.54892565,AUD,Energy,Canada,Equities,equity,web_csv
2026-08-26,URNM-ASX,AGE AT,ALLIGATOR ENERGY LTD,,,44133466.0,2074272.9,0.54326436,AUD,Energy,Australia,Equities,equity,web_csv
2026-08-26,URNM-ASX,ARN CT,ASARIAN ENERGY LTD,,,3221063.0,1941959.2,0.50861061,AUD,Energy,Canada,Equities,equity,web_csv
2026-08-26,URNM-ASX,NUCL UR,EAGLE NUCLEAR ENERGY CORP,,,172696.0,1687716.38,0.44202291,AUD,Energy,United States,Equities,equity,web_csv
2026-08-26,URNM-ASX,LOT AT,LOTUS RESOURCES LTD,,,5435195.0,1549030.58,0.40570028,AUD,Energy,Australia,Equities,equity,web_csv
2026-08-26,URNM-ASX,PEN AT,PENINSULA ENERGY LTD,,,4633712.0,1436450.72,0.37621495,AUD,Energy,Australia,Equities,equity,web_csv
2026-08-26,URNM-ASX,EL8 AT,ELEVATE URANIUM LTD,,,4634805.0,1390441.5,0.36416486,AUD,Energy,Australia,Equities,equity,web_csv
2026-08-26,URNM-ASX,WUC CF,WESTERN URANIUM & VANADIUM COR,,,1706683.0,1269036.8,0.33236825,AUD,Energy,Canada,Equities,equity,web_csv
2026-08-26,URNM-ASX,AEE AT,AURA ENERGY LTD,,,10139981.0,1267497.62,0.33196513,AUD,Energy,Australia,Equities,equity,web_csv
2026-08-26,URNM-ASX,JAGU UA,JAGUAR URANIUM CORP,,,518087.0,1242310.94,0.32536859,AUD,Energy,Canada,Equities,equity,web_csv
2026-08-26,URNM-ASX,SYH CV,SKYHARBOUR RESOURCES LTD,,,2513137.0,1199497.66,0.31415554,AUD,Energy,Canada,Equities,equity,web_csv
2026-08-26,URNM-ASX,FUU CV,F3 URANIUM CORP,,,6534156.0,1116164.11,0.29232999,AUD,Energy,Canada,Equities,equity,web_csv
2026-08-26,URNM-ASX,PUR CV,PREMIER AMERICAN URANIUM INC,,,1706683.0,1097545.34,0.28745362,AUD,,Canada,Equities,equity,web_csv
2026-08-26,URNM-ASX,AEC CV,ANFIELD ENERGY INC,,,157797.0,1027456.35,0.2690969,AUD,Energy,Canada,Equities,equity,web_csv
2026-08-26,URNM-ASX,CVV CV,CANALASKA URANIUM LTD,,,2187510.0,868233.97,0.22739562,AUD,Energy,Canada,Equities,equity,web_csv
2026-08-26,URNM-ASX,FNUC UR,FRONTIER NUCLEAR AND MINERALS,,,331000.0,766011.43,0.20062293,AUD,Materials,Australia,Equities,equity,web_csv
2026-08-26,URNM-ASX,STUD CV,STALLION URANIUM CORP,,,3572554.0,592314.52,0.15513068,AUD,Energy,Canada,Equities,equity,web_csv
2026-08-26,URNM-ASX,AUD,AUD - AUSTRALIA DOLLAR,CASH,,148185.74,148185.74,0.03881072,AUD,,,Cash,cash,web_csv
2026-08-26,URNM-ASX,CAD,CAD - CANADA DOLLAR,CASH,,8031.62,8070.36,0.00211367,AUD,,,Cash,cash,web_csv
2026-08-26,URNM-ASX,HKD,HKD - HONG KONG DOLLAR,CASH,,29044.81,5165.36,0.00135284,AUD,,,Cash,cash,web_csv
2026-08-26,URNM-ASX,USD,USD - UNITED STATES DOLLAR,CASH,,2799.93,3903.43,0.00102233,AUD,,,Cash,cash,web_csv
2026-08-26,URNM-ASX,GBP,GBP - BRITISH POUND,CASH,,1516.94,2874.73,0.00075291,AUD,,,Cash,cash,web_csv
2026-08-26,URNM-ASX,EUR,EUR - EURO,CASH,,12.05,19.58,5.13e-06,AUD,,,Cash,cash,web_csv
2026-08-26,URNM-ASX,"Total weights may not add up to 100% due to rounding or immateriality. Holdings, weights and values are subject to change.",,,,,,,AUD,,,,derivative,web_csv
2026-08-26,URNM-ASX,"Betashares makes no representation or warranty of any kind, either express or implied, with respect to the holdings data,",,,,,,,AUD,,,,derivative,web_csv
2026-08-26,URNM-ASX,"its timeliness, the information's use or any other matter.",,,,,,,AUD,,,,derivative,web_csv
2026-08-27,URNM-ASX,KAP LI,NAC KAZATOMPROM JSC,,,536281.0,57011529.32,14.8807036,AUD,Energy,Kazakhstan,Equities,equity,web_csv
2026-08-27,URNM-ASX,CCJ UN,CAMECO CORP,,,375089.0,55424143.09,14.46637646,AUD,Energy,Canada,Equities,equity,web_csv
2026-08-27,URNM-ASX,U-U CT,SPROTT PHYSICAL URANIUM TRUST,,,1749443.0,50811221.82,13.26234781,AUD,,,Equities,equity,web_csv
2026-08-27,URNM-ASX,PDN AT,PALADIN ENERGY LTD,,,1641258.0,19826396.64,5.17493102,AUD,Energy,Australia,Equities,equity,web_csv
2026-08-27,URNM-ASX,DNN UA,DENISON MINES CORP,,,3532806.0,18017506.98,4.70278879,AUD,Energy,Canada,Equities,equity,web_csv
2026-08-27,URNM-ASX,UEC UA,URANIUM ENERGY CORP,,,936863.0,17732176.29,4.628314,AUD,Energy,United States,Equities,equity,web_csv
2026-08-27,URNM-ASX,NXE UN,NEXGEN ENERGY LTD,,,1097714.0,17069788.3,4.45542267,AUD,Energy,Canada,Equities,equity,web_csv
2026-08-27,URNM-ASX,DYL AT,DEEP YELLOW LTD,,,9727643.0,16974737.04,4.43061313,AUD,Energy,Australia,Equities,equity,web_csv
2026-08-27,URNM-ASX,YCA LN,YELLOW CAKE PLC,,,1333893.0,15288965.8,3.99060631,AUD,Industrials,Britain,Equities,equity,web_csv
2026-08-27,URNM-ASX,UUUU UA,ENERGY FUELS INC/CANADA,,,678401.0,14838843.44,3.87311889,AUD,Energy,United States,Equities,equity,web_csv
2026-08-27,URNM-ASX,1164 HK,CGN MINING CO LTD,,,25174664.0,13655204.71,3.56417476,AUD,Energy,China,Equities,equity,web_csv
2026-08-27,URNM-ASX,ISO CT,ISOENERGY LTD,,,686713.0,11721848.62,3.05954527,AUD,Energy,Canada,Equities,equity,web_csv
2026-08-27,URNM-ASX,BMN AT,BANNERMAN ENERGY LTD,,,2071755.0,9737248.5,2.54154047,AUD,Energy,Australia,Equities,equity,web_csv
2026-08-27,URNM-ASX,URG UA,UR-ENERGY INC,,,3959574.0,8418771.85,2.197402,AUD,Energy,United States,Equities,equity,web_csv
2026-08-27,URNM-ASX,BOE AT,BOSS ENERGY LTD,,,4141344.0,6274136.16,1.63762596,AUD,Energy,Australia,Equities,equity,web_csv
2026-08-27,URNM-ASX,CXU AT,CAULDRON ENERGY LTD,,,49054301.0,5395973.11,1.40841471,AUD,Energy,Australia,Equities,equity,web_csv
2026-08-27,URNM-ASX,UROY UR,URANIUM ROYALTY CORP,,,773514.0,4654413.04,1.2148585,AUD,Energy,United States,Equities,equity,web_csv
2026-08-27,URNM-ASX,SASK CV,ATHA ENERGY CORP,,,3155257.0,4430207.4,1.1563381,AUD,Energy,Canada,Equities,equity,web_csv
2026-08-27,URNM-ASX,EU CV,ENCORE ENERGY CORP,,,1866460.0,3594025.88,0.93808453,AUD,Energy,Canada,Equities,equity,web_csv
2026-08-27,URNM-ASX,MGA CT,MEGA URANIUM LTD,,,3798224.0,2666489.62,0.69598627,AUD,Energy,Canada,Equities,equity,web_csv
2026-08-27,URNM-ASX,GLO CT,GLOBAL ATOMIC CORP,,,4064853.0,2527538.72,0.65971839,AUD,Materials,Canada,Equities,equity,web_csv
2026-08-27,URNM-ASX,AGE AT,ALLIGATOR ENERGY LTD,,,44264582.0,2213229.1,0.57767975,AUD,Energy,Australia,Equities,equity,web_csv
2026-08-27,URNM-ASX,LAM CT,LARAMIDE RESOURCES LTD,,,2827061.0,2154815.32,0.56243305,AUD,Energy,Canada,Equities,equity,web_csv
2026-08-27,URNM-ASX,AEU AT,ATOMIC EAGLE LTD,,,3897057.0,2143381.35,0.55944864,AUD,Energy,Australia,Equities,equity,web_csv
2026-08-27,URNM-ASX,BKY LN,BERKELEY ENERGIA LTD,,,4280778.0,2020836.32,0.5274629,AUD,Energy,Australia,Equities,equity,web_csv
2026-08-27,URNM-ASX,ARN CT,ASARIAN ENERGY LTD,,,3230632.0,2008817.41,0.52432581,AUD,Energy,Canada,Equities,equity,web_csv
2026-08-27,URNM-ASX,NUCL UR,EAGLE NUCLEAR ENERGY CORP,,,173209.0,1725831.75,0.45046311,AUD,Energy,United States,Equities,equity,web_csv
2026-08-27,URNM-ASX,LOT AT,LOTUS RESOURCES LTD,,,5451342.0,1444605.63,0.37705967,AUD,Energy,Australia,Equities,equity,web_csv
2026-08-27,URNM-ASX,EL8 AT,ELEVATE URANIUM LTD,,,4648575.0,1417815.38,0.37006708,AUD,Energy,Australia,Equities,equity,web_csv
2026-08-27,URNM-ASX,PEN AT,PENINSULA ENERGY LTD,,,4647478.0,1394243.4,0.36391451,AUD,Energy,Australia,Equities,equity,web_csv
2026-08-27,URNM-ASX,AEE AT,AURA ENERGY LTD,,,10170105.0,1271263.12,0.33181516,AUD,Energy,Australia,Equities,equity,web_csv
2026-08-27,URNM-ASX,WUC CF,WESTERN URANIUM & VANADIUM COR,,,1711753.0,1253214.01,0.32710412,AUD,Energy,Canada,Equities,equity,web_csv
2026-08-27,URNM-ASX,SYH CV,SKYHARBOUR RESOURCES LTD,,,2520603.0,1251327.33,0.32661168,AUD,Energy,Canada,Equities,equity,web_csv
2026-08-27,URNM-ASX,JAGU UA,JAGUAR URANIUM CORP,,,519626.0,1169808.39,0.30533424,AUD,Energy,Canada,Equities,equity,web_csv
2026-08-27,URNM-ASX,FUU CV,F3 URANIUM CORP,,,6553568.0,1117346.87,0.29164114,AUD,Energy,Canada,Equities,equity,web_csv
2026-08-27,URNM-ASX,PUR CV,PREMIER AMERICAN URANIUM INC,,,1711753.0,1064373.54,0.27781446,AUD,,Canada,Equities,equity,web_csv
2026-08-27,URNM-ASX,AEC CV,ANFIELD ENERGY INC,,,158266.0,1030133.73,0.26887745,AUD,Energy,Canada,Equities,equity,web_csv
2026-08-27,URNM-ASX,CVV CV,CANALASKA URANIUM LTD,,,2194008.0,891157.6,0.23260299,AUD,Energy,Canada,Equities,equity,web_csv
2026-08-27,URNM-ASX,FNUC UR,FRONTIER NUCLEAR AND MINERALS,,,331984.0,784286.83,0.20470841,AUD,Materials,Australia,Equities,equity,web_csv
2026-08-27,URNM-ASX,STUD CV,STALLION URANIUM CORP,,,3583168.0,521070.46,0.13600574,AUD,Energy,Canada,Equities,equity,web_csv
2026-08-27,URNM-ASX,AUD,AUD - AUSTRALIA DOLLAR,CASH,,152629.43,152629.43,0.03983814,AUD,,,Cash,cash,web_csv
2026-08-27,URNM-ASX,GBP,GBP - BRITISH POUND,CASH,,4876.38,9208.01,0.0024034,AUD,,,Cash,cash,web_csv
2026-08-27,URNM-ASX,CAD,CAD - CANADA DOLLAR,CASH,,5426.16,5441.94,0.00142041,AUD,,,Cash,cash,web_csv
2026-08-27,URNM-ASX,USD,USD - UNITED STATES DOLLAR,CASH,,3415.68,4746.64,0.00123893,AUD,,,Cash,cash,web_csv
2026-08-27,URNM-ASX,HKD,HKD - HONG KONG DOLLAR,CASH,,17560.68,3112.82,0.00081248,AUD,,,Cash,cash,web_csv
2026-08-27,URNM-ASX,EUR,EUR - EURO,CASH,,12.05,19.51,5.09e-06,AUD,,,Cash,cash,web_csv
2026-08-27,URNM-ASX,"Total weights may not add up to 100% due to rounding or immateriality. Holdings, weights and values are subject to change.",,,,,,,AUD,,,,derivative,web_csv
2026-08-27,URNM-ASX,"Betashares makes no representation or warranty of any kind, either express or implied, with respect to the holdings data,",,,,,,,AUD,,,,derivative,web_csv
2026-08-27,URNM-ASX,"its timeliness, the information's use or any other matter.",,,,,,,AUD,,,,derivative,web_csv
2026-08-31,URNM-ASX,KAP LI,NAC KAZATOMPROM JSC,,,537861.0,55917728.86,15.38733306,AUD,Energy,Kazakhstan,Equities,equity,web_csv
2026-08-31,URNM-ASX,CCJ UN,CAMECO CORP,,,376194.0,51846105.83,14.26691167,AUD,Energy,Canada,Equities,equity,web_csv
2026-08-31,URNM-ASX,U-U CT,SPROTT PHYSICAL URANIUM TRUST,,,1754597.0,49179609.74,13.5331504,AUD,,,Equities,equity,web_csv
2026-08-31,URNM-ASX,PDN AT,PALADIN ENERGY LTD,,,1646094.0,19111151.34,5.25896986,AUD,Energy,Australia,Equities,equity,web_csv
2026-08-31,URNM-ASX,DNN UA,DENISON MINES CORP,,,3543214.0,16761785.46,4.61247588,AUD,Energy,Canada,Equities,equity,web_csv
2026-08-31,URNM-ASX,NXE UN,NEXGEN ENERGY LTD,,,1100948.0,16085578.51,4.42639855,AUD,Energy,Canada,Equities,equity,web_csv
2026-08-31,URNM-ASX,UEC UA,URANIUM ENERGY CORP,,,939623.0,16049379.74,4.41643744,AUD,Energy,United States,Equities,equity,web_csv
2026-08-31,URNM-ASX,DYL AT,DEEP YELLOW LTD,,,9756302.0,16000335.28,4.40294148,AUD,Energy,Australia,Equities,equity,web_csv
2026-08-31,URNM-ASX,YCA LN,YELLOW CAKE PLC,,,1337823.0,14798647.16,4.07226326,AUD,Industrials,Britain,Equities,equity,web_csv
2026-08-31,URNM-ASX,UUUU UA,ENERGY FUELS INC/CANADA,,,680400.0,14004884.18,3.85383709,AUD,Energy,United States,Equities,equity,web_csv
2026-08-31,URNM-ASX,1164 HK,CGN MINING CO LTD,,,25248832.0,11799359.81,3.24692513,AUD,Energy,China,Equities,equity,web_csv
2026-08-31,URNM-ASX,ISO CT,ISOENERGY LTD,,,688737.0,10758697.62,2.96055772,AUD,Energy,Canada,Equities,equity,web_csv
2026-08-31,URNM-ASX,BMN AT,BANNERMAN ENERGY LTD,,,2077859.0,9246472.55,2.54442653,AUD,Energy,Australia,Equities,equity,web_csv
2026-08-31,URNM-ASX,URG UA,UR-ENERGY INC,,,3971240.0,7869328.5,2.16546668,AUD,Energy,United States,Equities,equity,web_csv
2026-08-31,URNM-ASX,BOE AT,BOSS ENERGY LTD,,,4153545.0,5898033.9,1.62300962,AUD,Energy,Australia,Equities,equity,web_csv
2026-08-31,URNM-ASX,CXU AT,CAULDRON ENERGY LTD,,,49198821.0,5411870.31,1.48922806,AUD,Energy,Australia,Equities,equity,web_csv
2026-08-31,URNM-ASX,UROY UR,URANIUM ROYALTY CORP,,,775793.0,4557756.81,1.25419475,AUD,Energy,United States,Equities,equity,web_csv
2026-08-31,URNM-ASX,SASK CV,ATHA ENERGY CORP,,,3164553.0,4302695.69,1.18400752,AUD,Energy,Canada,Equities,equity,web_csv
2026-08-31,URNM-ASX,EU CV,ENCORE ENERGY CORP,,,1871958.0,3280498.46,0.90272126,AUD,Energy,Canada,Equities,equity,web_csv
2026-08-31,URNM-ASX,MGA CT,MEGA URANIUM LTD,,,3809414.0,2455458.72,0.67568841,AUD,Energy,Canada,Equities,equity,web_csv
2026-08-31,URNM-ASX,GLO CT,GLOBAL ATOMIC CORP,,,4076829.0,2299349.62,0.63273061,AUD,Materials,Canada,Equities,equity,web_csv
2026-08-31,URNM-ASX,BKY LN,BERKELEY ENERGIA LTD,,,4306145.0,2117042.07,0.58256356,AUD,Energy,Australia,Equities,equity,web_csv
2026-08-31,URNM-ASX,AEU AT,ATOMIC EAGLE LTD,,,3908538.0,2110610.52,0.58079374,AUD,Energy,Australia,Equities,equity,web_csv
2026-08-31,URNM-ASX,AGE AT,ALLIGATOR ENERGY LTD,,,44394991.0,2042169.59,0.5619603,AUD,Energy,Australia,Equities,equity,web_csv
2026-08-31,URNM-ASX,LAM CT,LARAMIDE RESOURCES LTD,,,2835390.0,1941852.35,0.53435519,AUD,Energy,Canada,Equities,equity,web_csv
2026-08-31,URNM-ASX,ARN CT,ASARIAN ENERGY LTD,,,3240150.0,1925358.55,0.52981646,AUD,Energy,Canada,Equities,equity,web_csv
2026-08-31,URNM-ASX,NUCL UR,EAGLE NUCLEAR ENERGY CORP,,,173719.0,1694523.88,0.46629582,AUD,Energy,United States,Equities,equity,web_csv
2026-08-31,URNM-ASX,LOT AT,LOTUS RESOURCES LTD,,,5467402.0,1394187.51,0.38364984,AUD,Energy,Australia,Equities,equity,web_csv
2026-08-31,URNM-ASX,PEN AT,PENINSULA ENERGY LTD,,,4661170.0,1351739.3,0.37196902,AUD,Energy,Australia,Equities,equity,web_csv
2026-08-31,URNM-ASX,EL8 AT,ELEVATE URANIUM LTD,,,4662270.0,1258812.9,0.34639771,AUD,Energy,Australia,Equities,equity,web_csv
2026-08-31,URNM-ASX,JAGU UA,JAGUAR URANIUM CORP,,,521157.0,1185439.45,0.32620695,AUD,Energy,Canada,Equities,equity,web_csv
2026-08-31,URNM-ASX,AEE AT,AURA ENERGY LTD,,,10200068.0,1173007.82,0.32278604,AUD,Energy,Australia,Equities,equity,web_csv
2026-08-31,URNM-ASX,WUC CF,WESTERN URANIUM & VANADIUM COR,,,1716796.0,1158478.52,0.31878789,AUD,Energy,Canada,Equities,equity,web_csv
2026-08-31,URNM-ASX,SYH CV,SKYHARBOUR RESOURCES LTD,,,2528029.0,1158478.39,0.31878786,AUD,Energy,Canada,Equities,equity,web_csv
2026-08-31,URNM-ASX,FUU CV,F3 URANIUM CORP,,,6572876.0,1026080.95,0.28235498,AUD,Energy,Canada,Equities,equity,web_csv
2026-08-31,URNM-ASX,AEC CV,ANFIELD ENERGY INC,,,158732.0,995971.76,0.27406959,AUD,Energy,Canada,Equities,equity,web_csv
2026-08-31,URNM-ASX,PUR CV,PREMIER AMERICAN URANIUM INC,,,1716796.0,985571.28,0.27120761,AUD,,Canada,Equities,equity,web_csv
2026-08-31,URNM-ASX,CVV CV,CANALASKA URANIUM LTD,,,2200472.0,831077.65,0.22869435,AUD,Energy,Canada,Equities,equity,web_csv
2026-08-31,URNM-ASX,FNUC UR,FRONTIER NUCLEAR AND MINERALS,,,332962.0,715547.7,0.19690304,AUD,Materials,Australia,Equities,equity,web_csv
2026-08-31,URNM-ASX,STUD CV,STALLION URANIUM CORP,,,3593724.0,524816.17,0.14441791,AUD,Energy,Canada,Equities,equity,web_csv
2026-08-31,URNM-ASX,AUD,AUD - AUSTRALIA DOLLAR,CASH,,106797.40999999999,106797.40999999999,0.02938831,AUD,,,Cash,cash,web_csv
2026-08-31,URNM-ASX,USD,USD - UNITED STATES DOLLAR,CASH,,26357.720000000016,36781.639999999985,0.010121499999999999,AUD,,,Cash,cash,web_csv
2026-08-31,URNM-ASX,CAD,CAD - CANADA DOLLAR,CASH,,15763.8,15876.52,0.00436887,AUD,,,Cash,cash,web_csv
2026-08-31,URNM-ASX,GBP,GBP - BRITISH POUND,CASH,,5530.7800000000025,10458.130000000005,0.0028778399999999996,AUD,,,Cash,cash,web_csv
2026-08-31,URNM-ASX,HKD,HKD - HONG KONG DOLLAR,CASH,,31543.06,5615.54,0.00154527,AUD,,,Cash,cash,web_csv
2026-08-31,URNM-ASX,EUR,EUR - EURO,CASH,,12.05,19.53,5.37e-06,AUD,,,Cash,cash,web_csv
2026-08-31,URNM-ASX,"Total weights may not add up to 100% due to rounding or immateriality. Holdings, weights and values are subject to change.",,,,,,,AUD,,,,derivative,web_csv
2026-08-31,URNM-ASX,"Betashares makes no representation or warranty of any kind, either express or implied, with respect to the holdings data,",,,,,,,AUD,,,,derivative,web_csv
2026-08-31,URNM-ASX,"its timeliness, the information's use or any other matter.",,,,,,,AUD,,,,derivative,web_csv
2026-09-01,URNM-ASX,KAP LI,NAC KAZATOMPROM JSC,,,537861.0,55840613.12,15.74345023,AUD,Energy,Kazakhstan,Equities,equity,web_csv
2026-09-01,URNM-ASX,CCJ UN,CAMECO CORP,,,376194.0,50668020.76,14.2851129,AUD,Energy,Canada,Equities,equity,web_csv
2026-09-01,URNM-ASX,U-U CT,SPROTT PHYSICAL URANIUM TRUST,,,1754597.0,48216989.4,13.59408019,AUD,,,Equities,equity,web_csv
2026-09-01,URNM-ASX,PDN AT,PALADIN ENERGY LTD,,,1646094.0,19111151.34,5.38811168,AUD,Energy,Australia,Equities,equity,web_csv
2026-09-01,URNM-ASX,DYL AT,DEEP YELLOW LTD,,,9756302.0,15951553.77,4.49730902,AUD,Energy,Australia,Equities,equity,web_csv
2026-09-01,URNM-ASX,DNN UA,DENISON MINES CORP,,,3543214.0,15864397.37,4.47273653,AUD,Energy,Canada,Equities,equity,web_csv
2026-09-01,URNM-ASX,NXE UN,NEXGEN ENERGY LTD,,,1100948.0,15296507.12,4.31262812,AUD,Energy,Canada,Equities,equity,web_csv
2026-09-01,URNM-ASX,UEC UA,URANIUM ENERGY CORP,,,939623.0,15237485.06,4.29598771,AUD,Energy,United States,Equities,equity,web_csv
2026-09-01,URNM-ASX,YCA LN,YELLOW CAKE PLC,,,1337823.0,14330113.82,4.04016756,AUD,Industrials,Britain,Equities,equity,web_csv
2026-09-01,URNM-ASX,UUUU UA,ENERGY FUELS INC/CANADA,,,680400.0,13537551.42,3.8167161,AUD,Energy,United States,Equities,equity,web_csv
2026-09-01,URNM-ASX,1164 HK,CGN MINING CO LTD,,,25248832.0,11376798.03,3.20752305,AUD,Energy,China,Equities,equity,web_csv
2026-09-01,URNM-ASX,ISO CT,ISOENERGY LTD,,,688737.0,10333134.1,2.91327715,AUD,Energy,Canada,Equities,equity,web_csv
2026-09-01,URNM-ASX,BMN AT,BANNERMAN ENERGY LTD,,,2077859.0,9121801.01,2.57175937,AUD,Energy,Australia,Equities,equity,web_csv
2026-09-01,URNM-ASX,URG UA,UR-ENERGY INC,,,3971240.0,7445727.72,2.09921484,AUD,Energy,United States,Equities,equity,web_csv
2026-09-01,URNM-ASX,BOE AT,BOSS ENERGY LTD,,,4153545.0,6084943.43,1.71556146,AUD,Energy,Australia,Equities,equity,web_csv
2026-09-01,URNM-ASX,CXU AT,CAULDRON ENERGY LTD,,,49198821.0,4919882.1,1.38708934,AUD,Energy,Australia,Equities,equity,web_csv
2026-09-01,URNM-ASX,UROY UR,URANIUM ROYALTY CORP,,,775793.0,4493889.77,1.26698698,AUD,Energy,United States,Equities,equity,web_csv
2026-09-01,URNM-ASX,SASK CV,ATHA ENERGY CORP,,,3164553.0,4044055.45,1.14016273,AUD,Energy,Canada,Equities,equity,web_csv
2026-09-01,URNM-ASX,EU CV,ENCORE ENERGY CORP,,,1871958.0,3108000.3,0.87625557,AUD,Energy,Canada,Equities,equity,web_csv
2026-09-01,URNM-ASX,MGA CT,MEGA URANIUM LTD,,,3809414.0,2261576.03,0.63761853,AUD,Energy,Canada,Equities,equity,web_csv
2026-09-01,URNM-ASX,GLO CT,GLOBAL ATOMIC CORP,,,4076829.0,2215222.04,0.62454969,AUD,Materials,Canada,Equities,equity,web_csv
2026-09-01,URNM-ASX,BKY LN,BERKELEY ENERGIA LTD,,,4306145.0,2116962.01,0.59684671,AUD,Energy,Australia,Equities,equity,web_csv
2026-09-01,URNM-ASX,AEU AT,ATOMIC EAGLE LTD,,,3908538.0,2032439.76,0.57301689,AUD,Energy,Australia,Equities,equity,web_csv
2026-09-01,URNM-ASX,AGE AT,ALLIGATOR ENERGY LTD,,,44394991.0,1997774.6,0.56324355,AUD,Energy,Australia,Equities,equity,web_csv
2026-09-01,URNM-ASX,LAM CT,LARAMIDE RESOURCES LTD,,,2835390.0,1854501.41,0.52284975,AUD,Energy,Canada,Equities,equity,web_csv
2026-09-01,URNM-ASX,ARN CT,ASARIAN ENERGY LTD,,,3240150.0,1793200.34,0.5055668,AUD,Energy,Canada,Equities,equity,web_csv
2026-09-01,URNM-ASX,NUCL UR,EAGLE NUCLEAR ENERGY CORP,,,173719.0,1616386.39,0.45571668,AUD,Energy,United States,Equities,equity,web_csv
2026-09-01,URNM-ASX,LOT AT,LOTUS RESOURCES LTD,,,5467402.0,1421524.52,0.4007782,AUD,Energy,Australia,Equities,equity,web_csv
2026-09-01,URNM-ASX,PEN AT,PENINSULA ENERGY LTD,,,4661170.0,1375045.15,0.38767402,AUD,Energy,Australia,Equities,equity,web_csv
2026-09-01,URNM-ASX,EL8 AT,ELEVATE URANIUM LTD,,,4662270.0,1328746.95,0.37462091,AUD,Energy,Australia,Equities,equity,web_csv
2026-09-01,URNM-ASX,JAGU UA,JAGUAR URANIUM CORP,,,521157.0,1174006.95,0.33099422,AUD,Energy,Canada,Equities,equity,web_csv
2026-09-01,URNM-ASX,AEE AT,AURA ENERGY LTD,,,10200068.0,1173007.82,0.33071253,AUD,Energy,Australia,Equities,equity,web_csv
2026-09-01,URNM-ASX,WUC CF,WESTERN URANIUM & VANADIUM COR,,,1716796.0,1157429.38,0.32632041,AUD,Energy,Canada,Equities,equity,web_csv
2026-09-01,URNM-ASX,SYH CV,SKYHARBOUR RESOURCES LTD,,,2528029.0,1119272.25,0.31556256,AUD,Energy,Canada,Equities,equity,web_csv
2026-09-01,URNM-ASX,FUU CV,F3 URANIUM CORP,,,6572876.0,992082.31,0.27970321,AUD,Energy,Canada,Equities,equity,web_csv
2026-09-01,URNM-ASX,AEC CV,ANFIELD ENERGY INC,,,158732.0,934375.33,0.26343356,AUD,Energy,Canada,Equities,equity,web_csv
2026-09-01,URNM-ASX,PUR CV,PREMIER AMERICAN URANIUM INC,,,1716796.0,898303.4,0.2532636,AUD,,Canada,Equities,equity,web_csv
2026-09-01,URNM-ASX,CVV CV,CANALASKA URANIUM LTD,,,2200472.0,797112.01,0.22473416,AUD,Energy,Canada,Equities,equity,web_csv
2026-09-01,URNM-ASX,FNUC UR,FRONTIER NUCLEAR AND MINERALS,,,332962.0,731426.25,0.20621501,AUD,Materials,Australia,Equities,equity,web_csv
2026-09-01,URNM-ASX,STUD CV,STALLION URANIUM CORP,,,3593724.0,542421.61,0.1529279,AUD,Energy,Canada,Equities,equity,web_csv
2026-09-01,URNM-ASX,AUD,AUD - AUSTRALIA DOLLAR,CASH,,106797.41,106797.41,0.03010998,AUD,,,Cash,cash,web_csv
2026-09-01,URNM-ASX,USD,USD - UNITED STATES DOLLAR,CASH,,26357.72,36879.42,0.01039762,AUD,,,Cash,cash,web_csv
2026-09-01,URNM-ASX,CAD,CAD - CANADA DOLLAR,CASH,,15763.8,15862.15,0.0044721,AUD,,,Cash,cash,web_csv
2026-09-01,URNM-ASX,GBP,GBP - BRITISH POUND,CASH,,5530.78,10457.73,0.00294841,AUD,,,Cash,cash,web_csv
2026-09-01,URNM-ASX,HKD,HKD - HONG KONG DOLLAR,CASH,,31543.06,5628.87,0.00158698,AUD,,,Cash,cash,web_csv
2026-09-01,URNM-ASX,EUR,EUR - EURO,CASH,,12.05,19.54,5.51e-06,AUD,,,Cash,cash,web_csv
2026-09-01,URNM-ASX,"Total weights may not add up to 100% due to rounding or immateriality. Holdings, weights and values are subject to change.",,,,,,,AUD,,,,derivative,web_csv
2026-09-01,URNM-ASX,"Betashares makes no representation or warranty of any kind, either express or implied, with respect to the holdings data,",,,,,,,AUD,,,,derivative,web_csv
2026-09-01,URNM-ASX,"its timeliness, the information's use or any other matter.",,,,,,,AUD,,,,derivative,web_csv
